part,scenario,stagger_delay,run,client_id,group,total_duration_s,total_bytes,layer_digest_short,layer_duration_s,layer_size,layer_status,layer_cache_status
stagger,A,0,1,0,1,34.447,410464994,sha256:299c82f5afaa,0.1776,6525,200,unknown
stagger,A,0,1,0,1,34.447,410464994,sha256:866771c43bf5,14.6682,49293124,200,unknown
stagger,A,0,1,0,1,34.447,410464994,sha256:ed881fbf1b07,10.1518,25614562,200,unknown
stagger,A,0,1,0,1,34.447,410464994,sha256:9da421ddeb65,20.9475,67778971,200,unknown
stagger,A,0,1,0,1,34.447,410464994,sha256:a793e3c6bce8,34.4427,236030458,200,unknown
stagger,A,0,1,0,1,34.447,410464994,sha256:10c3183ecaa6,4.2301,6085049,200,unknown
stagger,A,0,1,0,1,34.447,410464994,sha256:15991188a884,6.0337,25656055,200,unknown
stagger,A,0,1,0,1,34.447,410464994,sha256:5142ad1c6011,0.1897,250,200,unknown
stagger,A,0,1,1,1,34.447,410464994,sha256:299c82f5afaa,0.1757,6525,200,unknown
stagger,A,0,1,1,1,34.447,410464994,sha256:866771c43bf5,14.6644,49293124,200,unknown
stagger,A,0,1,1,1,34.447,410464994,sha256:ed881fbf1b07,10.1497,25614562,200,unknown
stagger,A,0,1,1,1,34.447,410464994,sha256:9da421ddeb65,20.9465,67778971,200,unknown
stagger,A,0,1,1,1,34.447,410464994,sha256:a793e3c6bce8,34.4407,236030458,200,unknown
stagger,A,0,1,1,1,34.447,410464994,sha256:10c3183ecaa6,4.2248,6085049,200,unknown
stagger,A,0,1,1,1,34.447,410464994,sha256:15991188a884,6.0319,25656055,200,unknown
stagger,A,0,1,1,1,34.447,410464994,sha256:5142ad1c6011,0.2026,250,200,unknown
stagger,A,0,1,2,1,34.447,410464994,sha256:299c82f5afaa,0.1734,6525,200,unknown
stagger,A,0,1,2,1,34.447,410464994,sha256:866771c43bf5,14.6641,49293124,200,unknown
stagger,A,0,1,2,1,34.447,410464994,sha256:ed881fbf1b07,10.1466,25614562,200,unknown
stagger,A,0,1,2,1,34.447,410464994,sha256:9da421ddeb65,20.9437,67778971,200,unknown
stagger,A,0,1,2,1,34.447,410464994,sha256:a793e3c6bce8,34.4361,236030458,200,unknown
stagger,A,0,1,2,1,34.447,410464994,sha256:10c3183ecaa6,4.2219,6085049,200,unknown
stagger,A,0,1,2,1,34.447,410464994,sha256:15991188a884,6.0248,25656055,200,unknown
stagger,A,0,1,2,1,34.447,410464994,sha256:5142ad1c6011,0.1986,250,200,unknown
stagger,A,0,1,3,1,34.447,410464994,sha256:299c82f5afaa,0.1725,6525,200,unknown
stagger,A,0,1,3,1,34.447,410464994,sha256:866771c43bf5,14.6630,49293124,200,unknown
stagger,A,0,1,3,1,34.447,410464994,sha256:ed881fbf1b07,10.1447,25614562,200,unknown
stagger,A,0,1,3,1,34.447,410464994,sha256:9da421ddeb65,20.9411,67778971,200,unknown
stagger,A,0,1,3,1,34.447,410464994,sha256:a793e3c6bce8,34.4366,236030458,200,unknown
stagger,A,0,1,3,1,34.447,410464994,sha256:10c3183ecaa6,4.2207,6085049,200,unknown
stagger,A,0,1,3,1,34.447,410464994,sha256:15991188a884,6.0270,25656055,200,unknown
stagger,A,0,1,3,1,34.447,410464994,sha256:5142ad1c6011,0.1971,250,200,unknown
stagger,A,0,1,4,1,34.447,410464994,sha256:299c82f5afaa,0.1704,6525,200,unknown
stagger,A,0,1,4,1,34.447,410464994,sha256:866771c43bf5,14.6571,49293124,200,unknown
stagger,A,0,1,4,1,34.447,410464994,sha256:ed881fbf1b07,10.1461,25614562,200,unknown
stagger,A,0,1,4,1,34.447,410464994,sha256:9da421ddeb65,20.9408,67778971,200,unknown
stagger,A,0,1,4,1,34.447,410464994,sha256:a793e3c6bce8,34.4352,236030458,200,unknown
stagger,A,0,1,4,1,34.447,410464994,sha256:10c3183ecaa6,4.2190,6085049,200,unknown
stagger,A,0,1,4,1,34.447,410464994,sha256:15991188a884,6.0257,25656055,200,unknown
stagger,A,0,1,4,1,34.447,410464994,sha256:5142ad1c6011,0.1960,250,200,unknown
stagger,A,0,1,5,1,34.447,410464994,sha256:299c82f5afaa,0.1692,6525,200,unknown
stagger,A,0,1,5,1,34.447,410464994,sha256:866771c43bf5,14.6584,49293124,200,unknown
stagger,A,0,1,5,1,34.447,410464994,sha256:ed881fbf1b07,10.1421,25614562,200,unknown
stagger,A,0,1,5,1,34.447,410464994,sha256:9da421ddeb65,20.9400,67778971,200,unknown
stagger,A,0,1,5,1,34.447,410464994,sha256:a793e3c6bce8,34.4333,236030458,200,unknown
stagger,A,0,1,5,1,34.447,410464994,sha256:10c3183ecaa6,4.2208,6085049,200,unknown
stagger,A,0,1,5,1,34.447,410464994,sha256:15991188a884,6.0241,25656055,200,unknown
stagger,A,0,1,5,1,34.447,410464994,sha256:5142ad1c6011,0.1941,250,200,unknown
stagger,A,0,1,6,1,34.447,410464994,sha256:299c82f5afaa,0.1679,6525,200,unknown
stagger,A,0,1,6,1,34.447,410464994,sha256:866771c43bf5,14.6570,49293124,200,unknown
stagger,A,0,1,6,1,34.447,410464994,sha256:ed881fbf1b07,10.1406,25614562,200,unknown
stagger,A,0,1,6,1,34.447,410464994,sha256:9da421ddeb65,20.9358,67778971,200,unknown
stagger,A,0,1,6,1,34.447,410464994,sha256:a793e3c6bce8,34.4327,236030458,200,unknown
stagger,A,0,1,6,1,34.447,410464994,sha256:10c3183ecaa6,4.2156,6085049,200,unknown
stagger,A,0,1,6,1,34.447,410464994,sha256:15991188a884,6.0230,25656055,200,unknown
stagger,A,0,1,6,1,34.447,410464994,sha256:5142ad1c6011,0.1791,250,200,unknown
stagger,A,0,1,7,1,34.447,410464994,sha256:299c82f5afaa,0.1647,6525,200,unknown
stagger,A,0,1,7,1,34.447,410464994,sha256:866771c43bf5,14.6554,49293124,200,unknown
stagger,A,0,1,7,1,34.447,410464994,sha256:ed881fbf1b07,10.1390,25614562,200,unknown
stagger,A,0,1,7,1,34.447,410464994,sha256:9da421ddeb65,20.9362,67778971,200,unknown
stagger,A,0,1,7,1,34.447,410464994,sha256:a793e3c6bce8,34.4304,236030458,200,unknown
stagger,A,0,1,7,1,34.447,410464994,sha256:10c3183ecaa6,4.2143,6085049,200,unknown
stagger,A,0,1,7,1,34.447,410464994,sha256:15991188a884,6.0214,25656055,200,unknown
stagger,A,0,1,7,1,34.447,410464994,sha256:5142ad1c6011,0.1781,250,200,unknown
stagger,A,0,1,8,1,34.447,410464994,sha256:299c82f5afaa,0.1632,6525,200,unknown
stagger,A,0,1,8,1,34.447,410464994,sha256:866771c43bf5,14.6523,49293124,200,unknown
stagger,A,0,1,8,1,34.447,410464994,sha256:ed881fbf1b07,10.1374,25614562,200,unknown
stagger,A,0,1,8,1,34.447,410464994,sha256:9da421ddeb65,20.9345,67778971,200,unknown
stagger,A,0,1,8,1,34.447,410464994,sha256:a793e3c6bce8,34.4286,236030458,200,unknown
stagger,A,0,1,8,1,34.447,410464994,sha256:10c3183ecaa6,4.2129,6085049,200,unknown
stagger,A,0,1,8,1,34.447,410464994,sha256:15991188a884,6.0155,25656055,200,unknown
stagger,A,0,1,8,1,34.447,410464994,sha256:5142ad1c6011,0.1759,250,200,unknown
stagger,A,0,1,9,1,34.447,410464994,sha256:299c82f5afaa,0.1633,6525,200,unknown
stagger,A,0,1,9,1,34.447,410464994,sha256:866771c43bf5,14.6506,49293124,200,unknown
stagger,A,0,1,9,1,34.447,410464994,sha256:ed881fbf1b07,10.1361,25614562,200,unknown
stagger,A,0,1,9,1,34.447,410464994,sha256:9da421ddeb65,20.9318,67778971,200,unknown
stagger,A,0,1,9,1,34.447,410464994,sha256:a793e3c6bce8,34.4273,236030458,200,unknown
stagger,A,0,1,9,1,34.447,410464994,sha256:10c3183ecaa6,4.2113,6085049,200,unknown
stagger,A,0,1,9,1,34.447,410464994,sha256:15991188a884,6.0140,25656055,200,unknown
stagger,A,0,1,9,1,34.447,410464994,sha256:5142ad1c6011,0.1745,250,200,unknown
stagger,A,0,1,10,1,34.447,410464994,sha256:299c82f5afaa,0.1601,6525,200,unknown
stagger,A,0,1,10,1,34.447,410464994,sha256:866771c43bf5,14.6507,49293124,200,unknown
stagger,A,0,1,10,1,34.447,410464994,sha256:ed881fbf1b07,10.1343,25614562,200,unknown
stagger,A,0,1,10,1,34.447,410464994,sha256:9da421ddeb65,20.9303,67778971,200,unknown
stagger,A,0,1,10,1,34.447,410464994,sha256:a793e3c6bce8,34.4255,236030458,200,unknown
stagger,A,0,1,10,1,34.447,410464994,sha256:10c3183ecaa6,4.2095,6085049,200,unknown
stagger,A,0,1,10,1,34.447,410464994,sha256:15991188a884,6.0201,25656055,200,unknown
stagger,A,0,1,10,1,34.447,410464994,sha256:5142ad1c6011,0.1730,250,200,unknown
stagger,A,0,1,11,1,34.447,410464994,sha256:299c82f5afaa,0.1603,6525,200,unknown
stagger,A,0,1,11,1,34.447,410464994,sha256:866771c43bf5,14.6460,49293124,200,unknown
stagger,A,0,1,11,1,34.447,410464994,sha256:ed881fbf1b07,10.1350,25614562,200,unknown
stagger,A,0,1,11,1,34.447,410464994,sha256:9da421ddeb65,20.9279,67778971,200,unknown
stagger,A,0,1,11,1,34.447,410464994,sha256:a793e3c6bce8,34.4248,236030458,200,unknown
stagger,A,0,1,11,1,34.447,410464994,sha256:10c3183ecaa6,4.2082,6085049,200,unknown
stagger,A,0,1,11,1,34.447,410464994,sha256:15991188a884,6.0108,25656055,200,unknown
stagger,A,0,1,11,1,34.447,410464994,sha256:5142ad1c6011,0.1716,250,200,unknown
stagger,A,0,1,12,1,34.447,410464994,sha256:299c82f5afaa,0.1583,6525,200,unknown
stagger,A,0,1,12,1,34.447,410464994,sha256:866771c43bf5,14.6458,49293124,200,unknown
stagger,A,0,1,12,1,34.447,410464994,sha256:ed881fbf1b07,10.1314,25614562,200,unknown
stagger,A,0,1,12,1,34.447,410464994,sha256:9da421ddeb65,20.9289,67778971,200,unknown
stagger,A,0,1,12,1,34.447,410464994,sha256:a793e3c6bce8,34.4227,236030458,200,unknown
stagger,A,0,1,12,1,34.447,410464994,sha256:10c3183ecaa6,4.2064,6085049,200,unknown
stagger,A,0,1,12,1,34.447,410464994,sha256:15991188a884,6.0132,25656055,200,unknown
stagger,A,0,1,12,1,34.447,410464994,sha256:5142ad1c6011,0.1693,250,200,unknown
stagger,A,0,1,13,1,34.447,410464994,sha256:299c82f5afaa,0.1552,6525,200,unknown
stagger,A,0,1,13,1,34.447,410464994,sha256:866771c43bf5,14.6457,49293124,200,unknown
stagger,A,0,1,13,1,34.447,410464994,sha256:ed881fbf1b07,10.1292,25614562,200,unknown
stagger,A,0,1,13,1,34.447,410464994,sha256:9da421ddeb65,20.9249,67778971,200,unknown
stagger,A,0,1,13,1,34.447,410464994,sha256:a793e3c6bce8,34.4205,236030458,200,unknown
stagger,A,0,1,13,1,34.447,410464994,sha256:10c3183ecaa6,4.2046,6085049,200,unknown
stagger,A,0,1,13,1,34.447,410464994,sha256:15991188a884,6.0114,25656055,200,unknown
stagger,A,0,1,13,1,34.447,410464994,sha256:5142ad1c6011,0.1677,250,200,unknown
stagger,A,0,1,14,1,34.447,410464994,sha256:299c82f5afaa,0.1535,6525,200,unknown
stagger,A,0,1,14,1,34.447,410464994,sha256:866771c43bf5,14.6402,49293124,200,unknown
stagger,A,0,1,14,1,34.447,410464994,sha256:ed881fbf1b07,10.1299,25614562,200,unknown
stagger,A,0,1,14,1,34.447,410464994,sha256:9da421ddeb65,20.9255,67778971,200,unknown
stagger,A,0,1,14,1,34.447,410464994,sha256:a793e3c6bce8,34.4191,236030458,200,unknown
stagger,A,0,1,14,1,34.447,410464994,sha256:10c3183ecaa6,4.2064,6085049,200,unknown
stagger,A,0,1,14,1,34.447,410464994,sha256:15991188a884,6.0100,25656055,200,unknown
stagger,A,0,1,14,1,34.447,410464994,sha256:5142ad1c6011,0.1671,250,200,unknown
stagger,A,0,1,15,1,34.446,410464994,sha256:299c82f5afaa,0.1523,6525,200,unknown
stagger,A,0,1,15,1,34.446,410464994,sha256:866771c43bf5,14.6426,49293124,200,unknown
stagger,A,0,1,15,1,34.446,410464994,sha256:ed881fbf1b07,10.1285,25614562,200,unknown
stagger,A,0,1,15,1,34.446,410464994,sha256:9da421ddeb65,20.9232,67778971,200,unknown
stagger,A,0,1,15,1,34.446,410464994,sha256:a793e3c6bce8,34.4173,236030458,200,unknown
stagger,A,0,1,15,1,34.446,410464994,sha256:10c3183ecaa6,4.2014,6085049,200,unknown
stagger,A,0,1,15,1,34.446,410464994,sha256:15991188a884,6.0084,25656055,200,unknown
stagger,A,0,1,15,1,34.446,410464994,sha256:5142ad1c6011,0.1655,250,200,unknown
stagger,A,0,1,16,1,34.447,410464994,sha256:299c82f5afaa,0.1519,6525,200,unknown
stagger,A,0,1,16,1,34.447,410464994,sha256:866771c43bf5,14.6379,49293124,200,unknown
stagger,A,0,1,16,1,34.447,410464994,sha256:ed881fbf1b07,10.1245,25614562,200,unknown
stagger,A,0,1,16,1,34.447,410464994,sha256:9da421ddeb65,20.9218,67778971,200,unknown
stagger,A,0,1,16,1,34.447,410464994,sha256:a793e3c6bce8,34.4161,236030458,200,unknown
stagger,A,0,1,16,1,34.447,410464994,sha256:10c3183ecaa6,4.2031,6085049,200,unknown
stagger,A,0,1,16,1,34.447,410464994,sha256:15991188a884,6.0064,25656055,200,unknown
stagger,A,0,1,16,1,34.447,410464994,sha256:5142ad1c6011,0.1635,250,200,unknown
stagger,A,0,1,17,1,34.446,410464994,sha256:299c82f5afaa,0.1504,6525,200,unknown
stagger,A,0,1,17,1,34.446,410464994,sha256:866771c43bf5,14.6365,49293124,200,unknown
stagger,A,0,1,17,1,34.446,410464994,sha256:ed881fbf1b07,10.1231,25614562,200,unknown
stagger,A,0,1,17,1,34.446,410464994,sha256:9da421ddeb65,20.9198,67778971,200,unknown
stagger,A,0,1,17,1,34.446,410464994,sha256:a793e3c6bce8,34.4122,236030458,200,unknown
stagger,A,0,1,17,1,34.446,410464994,sha256:10c3183ecaa6,4.1981,6085049,200,unknown
stagger,A,0,1,17,1,34.446,410464994,sha256:15991188a884,6.0007,25656055,200,unknown
stagger,A,0,1,17,1,34.446,410464994,sha256:5142ad1c6011,0.1614,250,200,unknown
stagger,A,0,1,18,1,34.447,410464994,sha256:299c82f5afaa,0.1470,6525,200,unknown
stagger,A,0,1,18,1,34.447,410464994,sha256:866771c43bf5,14.6374,49293124,200,unknown
stagger,A,0,1,18,1,34.447,410464994,sha256:ed881fbf1b07,10.1165,25614562,200,unknown
stagger,A,0,1,18,1,34.447,410464994,sha256:9da421ddeb65,20.9169,67778971,200,unknown
stagger,A,0,1,18,1,34.447,410464994,sha256:a793e3c6bce8,34.4127,236030458,200,unknown
stagger,A,0,1,18,1,34.447,410464994,sha256:10c3183ecaa6,4.1964,6085049,200,unknown
stagger,A,0,1,18,1,34.447,410464994,sha256:15991188a884,6.0065,25656055,200,unknown
stagger,A,0,1,18,1,34.447,410464994,sha256:5142ad1c6011,0.1625,250,200,unknown
stagger,A,0,1,19,1,34.447,410464994,sha256:299c82f5afaa,0.1457,6525,200,unknown
stagger,A,0,1,19,1,34.447,410464994,sha256:866771c43bf5,14.6345,49293124,200,unknown
stagger,A,0,1,19,1,34.447,410464994,sha256:ed881fbf1b07,10.1223,25614562,200,unknown
stagger,A,0,1,19,1,34.447,410464994,sha256:9da421ddeb65,20.9170,67778971,200,unknown
stagger,A,0,1,19,1,34.447,410464994,sha256:a793e3c6bce8,34.4114,236030458,200,unknown
stagger,A,0,1,19,1,34.447,410464994,sha256:10c3183ecaa6,4.1954,6085049,200,unknown
stagger,A,0,1,19,1,34.447,410464994,sha256:15991188a884,6.0022,25656055,200,unknown
stagger,A,0,1,19,1,34.447,410464994,sha256:5142ad1c6011,0.1595,250,200,unknown
stagger,A,0,1,20,1,34.446,410464994,sha256:299c82f5afaa,0.1455,6525,200,unknown
stagger,A,0,1,20,1,34.446,410464994,sha256:866771c43bf5,14.6349,49293124,200,unknown
stagger,A,0,1,20,1,34.446,410464994,sha256:ed881fbf1b07,10.1208,25614562,200,unknown
stagger,A,0,1,20,1,34.446,410464994,sha256:9da421ddeb65,20.9138,67778971,200,unknown
stagger,A,0,1,20,1,34.446,410464994,sha256:a793e3c6bce8,34.4097,236030458,200,unknown
stagger,A,0,1,20,1,34.446,410464994,sha256:10c3183ecaa6,4.1973,6085049,200,unknown
stagger,A,0,1,20,1,34.446,410464994,sha256:15991188a884,5.9966,25656055,200,unknown
stagger,A,0,1,20,1,34.446,410464994,sha256:5142ad1c6011,0.1579,250,200,unknown
stagger,A,0,1,21,1,34.446,410464994,sha256:299c82f5afaa,0.1439,6525,200,unknown
stagger,A,0,1,21,1,34.446,410464994,sha256:866771c43bf5,14.6307,49293124,200,unknown
stagger,A,0,1,21,1,34.446,410464994,sha256:ed881fbf1b07,10.1171,25614562,200,unknown
stagger,A,0,1,21,1,34.446,410464994,sha256:9da421ddeb65,20.9143,67778971,200,unknown
stagger,A,0,1,21,1,34.446,410464994,sha256:a793e3c6bce8,34.4088,236030458,200,unknown
stagger,A,0,1,21,1,34.446,410464994,sha256:10c3183ecaa6,4.1927,6085049,200,unknown
stagger,A,0,1,21,1,34.446,410464994,sha256:15991188a884,5.9954,25656055,200,unknown
stagger,A,0,1,21,1,34.446,410464994,sha256:5142ad1c6011,0.1564,250,200,unknown
stagger,A,0,1,22,1,34.446,410464994,sha256:299c82f5afaa,0.1431,6525,200,unknown
stagger,A,0,1,22,1,34.446,410464994,sha256:866771c43bf5,14.6323,49293124,200,unknown
stagger,A,0,1,22,1,34.446,410464994,sha256:ed881fbf1b07,10.1155,25614562,200,unknown
stagger,A,0,1,22,1,34.446,410464994,sha256:9da421ddeb65,20.9119,67778971,200,unknown
stagger,A,0,1,22,1,34.446,410464994,sha256:a793e3c6bce8,34.4074,236030458,200,unknown
stagger,A,0,1,22,1,34.446,410464994,sha256:10c3183ecaa6,4.1915,6085049,200,unknown
stagger,A,0,1,22,1,34.446,410464994,sha256:15991188a884,5.9944,25656055,200,unknown
stagger,A,0,1,22,1,34.446,410464994,sha256:5142ad1c6011,0.1549,250,200,unknown
stagger,A,0,1,23,1,34.446,410464994,sha256:299c82f5afaa,0.1415,6525,200,unknown
stagger,A,0,1,23,1,34.446,410464994,sha256:866771c43bf5,14.6280,49293124,200,unknown
stagger,A,0,1,23,1,34.446,410464994,sha256:ed881fbf1b07,10.1149,25614562,200,unknown
stagger,A,0,1,23,1,34.446,410464994,sha256:9da421ddeb65,20.9106,67778971,200,unknown
stagger,A,0,1,23,1,34.446,410464994,sha256:a793e3c6bce8,34.4059,236030458,200,unknown
stagger,A,0,1,23,1,34.446,410464994,sha256:10c3183ecaa6,4.1896,6085049,200,unknown
stagger,A,0,1,23,1,34.446,410464994,sha256:15991188a884,6.0001,25656055,200,unknown
stagger,A,0,1,23,1,34.446,410464994,sha256:5142ad1c6011,0.1664,250,200,unknown
stagger,A,0,1,24,1,34.446,410464994,sha256:299c82f5afaa,0.1398,6525,200,unknown
stagger,A,0,1,24,1,34.446,410464994,sha256:866771c43bf5,14.6262,49293124,200,unknown
stagger,A,0,1,24,1,34.446,410464994,sha256:ed881fbf1b07,10.1128,25614562,200,unknown
stagger,A,0,1,24,1,34.446,410464994,sha256:9da421ddeb65,20.9099,67778971,200,unknown
stagger,A,0,1,24,1,34.446,410464994,sha256:a793e3c6bce8,34.4042,236030458,200,unknown
stagger,A,0,1,24,1,34.446,410464994,sha256:10c3183ecaa6,4.1930,6085049,200,unknown
stagger,A,0,1,24,1,34.446,410464994,sha256:15991188a884,5.9908,25656055,200,unknown
stagger,A,0,1,24,1,34.446,410464994,sha256:5142ad1c6011,0.1650,250,200,unknown
stagger,A,0,1,25,2,34.446,410464994,sha256:299c82f5afaa,0.1387,6525,200,unknown
stagger,A,0,1,25,2,34.446,410464994,sha256:866771c43bf5,14.6279,49293124,200,unknown
stagger,A,0,1,25,2,34.446,410464994,sha256:ed881fbf1b07,10.1117,25614562,200,unknown
stagger,A,0,1,25,2,34.446,410464994,sha256:9da421ddeb65,20.9086,67778971,200,unknown
stagger,A,0,1,25,2,34.446,410464994,sha256:a793e3c6bce8,34.4029,236030458,200,unknown
stagger,A,0,1,25,2,34.446,410464994,sha256:10c3183ecaa6,4.1902,6085049,200,unknown
stagger,A,0,1,25,2,34.446,410464994,sha256:15991188a884,5.9938,25656055,200,unknown
stagger,A,0,1,25,2,34.446,410464994,sha256:5142ad1c6011,0.1637,250,200,unknown
stagger,A,0,1,26,2,34.446,410464994,sha256:299c82f5afaa,0.1371,6525,200,unknown
stagger,A,0,1,26,2,34.446,410464994,sha256:866771c43bf5,14.6278,49293124,200,unknown
stagger,A,0,1,26,2,34.446,410464994,sha256:ed881fbf1b07,10.1100,25614562,200,unknown
stagger,A,0,1,26,2,34.446,410464994,sha256:9da421ddeb65,20.9051,67778971,200,unknown
stagger,A,0,1,26,2,34.446,410464994,sha256:a793e3c6bce8,34.4011,236030458,200,unknown
stagger,A,0,1,26,2,34.446,410464994,sha256:10c3183ecaa6,4.1902,6085049,200,unknown
stagger,A,0,1,26,2,34.446,410464994,sha256:15991188a884,5.9879,25656055,200,unknown
stagger,A,0,1,26,2,34.446,410464994,sha256:5142ad1c6011,0.1622,250,200,unknown
stagger,A,0,1,27,2,34.446,410464994,sha256:299c82f5afaa,0.1356,6525,200,unknown
stagger,A,0,1,27,2,34.446,410464994,sha256:866771c43bf5,14.6221,49293124,200,unknown
stagger,A,0,1,27,2,34.446,410464994,sha256:ed881fbf1b07,10.1081,25614562,200,unknown
stagger,A,0,1,27,2,34.446,410464994,sha256:9da421ddeb65,20.9065,67778971,200,unknown
stagger,A,0,1,27,2,34.446,410464994,sha256:a793e3c6bce8,34.4002,236030458,200,unknown
stagger,A,0,1,27,2,34.446,410464994,sha256:10c3183ecaa6,4.1842,6085049,200,unknown
stagger,A,0,1,27,2,34.446,410464994,sha256:15991188a884,5.9946,25656055,200,unknown
stagger,A,0,1,27,2,34.446,410464994,sha256:5142ad1c6011,0.1481,250,200,unknown
stagger,A,0,1,28,2,34.446,410464994,sha256:299c82f5afaa,0.1338,6525,200,unknown
stagger,A,0,1,28,2,34.446,410464994,sha256:866771c43bf5,14.6206,49293124,200,unknown
stagger,A,0,1,28,2,34.446,410464994,sha256:ed881fbf1b07,10.1099,25614562,200,unknown
stagger,A,0,1,28,2,34.446,410464994,sha256:9da421ddeb65,20.9032,67778971,200,unknown
stagger,A,0,1,28,2,34.446,410464994,sha256:a793e3c6bce8,34.3987,236030458,200,unknown
stagger,A,0,1,28,2,34.446,410464994,sha256:10c3183ecaa6,4.1860,6085049,200,unknown
stagger,A,0,1,28,2,34.446,410464994,sha256:15991188a884,5.9854,25656055,200,unknown
stagger,A,0,1,28,2,34.446,410464994,sha256:5142ad1c6011,0.1467,250,200,unknown
stagger,A,0,1,29,2,34.446,410464994,sha256:299c82f5afaa,0.1319,6525,200,unknown
stagger,A,0,1,29,2,34.446,410464994,sha256:866771c43bf5,14.6191,49293124,200,unknown
stagger,A,0,1,29,2,34.446,410464994,sha256:ed881fbf1b07,10.1053,25614562,200,unknown
stagger,A,0,1,29,2,34.446,410464994,sha256:9da421ddeb65,20.9035,67778971,200,unknown
stagger,A,0,1,29,2,34.446,410464994,sha256:a793e3c6bce8,34.3979,236030458,200,unknown
stagger,A,0,1,29,2,34.446,410464994,sha256:10c3183ecaa6,4.1844,6085049,200,unknown
stagger,A,0,1,29,2,34.446,410464994,sha256:15991188a884,5.9842,25656055,200,unknown
stagger,A,0,1,29,2,34.446,410464994,sha256:5142ad1c6011,0.1468,250,200,unknown
stagger,A,0,1,30,2,34.446,410464994,sha256:299c82f5afaa,0.1311,6525,200,unknown
stagger,A,0,1,30,2,34.446,410464994,sha256:866771c43bf5,14.6208,49293124,200,unknown
stagger,A,0,1,30,2,34.446,410464994,sha256:ed881fbf1b07,10.1041,25614562,200,unknown
stagger,A,0,1,30,2,34.446,410464994,sha256:9da421ddeb65,20.9014,67778971,200,unknown
stagger,A,0,1,30,2,34.446,410464994,sha256:a793e3c6bce8,34.3953,236030458,200,unknown
stagger,A,0,1,30,2,34.446,410464994,sha256:10c3183ecaa6,4.1797,6085049,200,unknown
stagger,A,0,1,30,2,34.446,410464994,sha256:15991188a884,5.9824,25656055,200,unknown
stagger,A,0,1,30,2,34.446,410464994,sha256:5142ad1c6011,0.1566,250,200,unknown
stagger,A,0,1,31,2,34.445,410464994,sha256:299c82f5afaa,0.1297,6525,200,unknown
stagger,A,0,1,31,2,34.445,410464994,sha256:866771c43bf5,14.6162,49293124,200,unknown
stagger,A,0,1,31,2,34.445,410464994,sha256:ed881fbf1b07,10.1029,25614562,200,unknown
stagger,A,0,1,31,2,34.445,410464994,sha256:9da421ddeb65,20.9008,67778971,200,unknown
stagger,A,0,1,31,2,34.445,410464994,sha256:a793e3c6bce8,34.3925,236030458,200,unknown
stagger,A,0,1,31,2,34.445,410464994,sha256:10c3183ecaa6,4.1815,6085049,200,unknown
stagger,A,0,1,31,2,34.445,410464994,sha256:15991188a884,5.9847,25656055,200,unknown
stagger,A,0,1,31,2,34.445,410464994,sha256:5142ad1c6011,0.1436,250,200,unknown
stagger,A,0,1,32,2,34.446,410464994,sha256:299c82f5afaa,0.1276,6525,200,unknown
stagger,A,0,1,32,2,34.446,410464994,sha256:866771c43bf5,14.6194,49293124,200,unknown
stagger,A,0,1,32,2,34.446,410464994,sha256:ed881fbf1b07,10.1018,25614562,200,unknown
stagger,A,0,1,32,2,34.446,410464994,sha256:9da421ddeb65,20.8986,67778971,200,unknown
stagger,A,0,1,32,2,34.446,410464994,sha256:a793e3c6bce8,34.3937,236030458,200,unknown
stagger,A,0,1,32,2,34.446,410464994,sha256:10c3183ecaa6,4.1769,6085049,200,unknown
stagger,A,0,1,32,2,34.446,410464994,sha256:15991188a884,5.9835,25656055,200,unknown
stagger,A,0,1,32,2,34.446,410464994,sha256:5142ad1c6011,0.1539,250,200,unknown
stagger,A,0,1,33,2,34.446,410464994,sha256:299c82f5afaa,0.1274,6525,200,unknown
stagger,A,0,1,33,2,34.446,410464994,sha256:866771c43bf5,14.6165,49293124,200,unknown
stagger,A,0,1,33,2,34.446,410464994,sha256:ed881fbf1b07,10.0999,25614562,200,unknown
stagger,A,0,1,33,2,34.446,410464994,sha256:9da421ddeb65,20.8972,67778971,200,unknown
stagger,A,0,1,33,2,34.446,410464994,sha256:a793e3c6bce8,34.3914,236030458,200,unknown
stagger,A,0,1,33,2,34.446,410464994,sha256:10c3183ecaa6,4.1716,6085049,200,unknown
stagger,A,0,1,33,2,34.446,410464994,sha256:15991188a884,5.9788,25656055,200,unknown
stagger,A,0,1,33,2,34.446,410464994,sha256:5142ad1c6011,0.1528,250,200,unknown
stagger,A,0,1,34,2,34.446,410464994,sha256:299c82f5afaa,0.1249,6525,200,unknown
stagger,A,0,1,34,2,34.446,410464994,sha256:866771c43bf5,14.6155,49293124,200,unknown
stagger,A,0,1,34,2,34.446,410464994,sha256:ed881fbf1b07,10.1013,25614562,200,unknown
stagger,A,0,1,34,2,34.446,410464994,sha256:9da421ddeb65,20.8945,67778971,200,unknown
stagger,A,0,1,34,2,34.446,410464994,sha256:a793e3c6bce8,34.3899,236030458,200,unknown
stagger,A,0,1,34,2,34.446,410464994,sha256:10c3183ecaa6,4.1772,6085049,200,unknown
stagger,A,0,1,34,2,34.446,410464994,sha256:15991188a884,5.9811,25656055,200,unknown
stagger,A,0,1,34,2,34.446,410464994,sha256:5142ad1c6011,0.1393,250,200,unknown
stagger,A,0,1,35,2,34.446,410464994,sha256:299c82f5afaa,0.1234,6525,200,unknown
stagger,A,0,1,35,2,34.446,410464994,sha256:866771c43bf5,14.6118,49293124,200,unknown
stagger,A,0,1,35,2,34.446,410464994,sha256:ed881fbf1b07,10.0967,25614562,200,unknown
stagger,A,0,1,35,2,34.446,410464994,sha256:9da421ddeb65,20.8951,67778971,200,unknown
stagger,A,0,1,35,2,34.446,410464994,sha256:a793e3c6bce8,34.3888,236030458,200,unknown
stagger,A,0,1,35,2,34.446,410464994,sha256:10c3183ecaa6,4.1760,6085049,200,unknown
stagger,A,0,1,35,2,34.446,410464994,sha256:15991188a884,5.9797,25656055,200,unknown
stagger,A,0,1,35,2,34.446,410464994,sha256:5142ad1c6011,0.1367,250,200,unknown
stagger,A,0,1,36,2,34.445,410464994,sha256:299c82f5afaa,0.1223,6525,200,unknown
stagger,A,0,1,36,2,34.445,410464994,sha256:866771c43bf5,14.6123,49293124,200,unknown
stagger,A,0,1,36,2,34.445,410464994,sha256:ed881fbf1b07,10.0961,25614562,200,unknown
stagger,A,0,1,36,2,34.445,410464994,sha256:9da421ddeb65,20.8931,67778971,200,unknown
stagger,A,0,1,36,2,34.445,410464994,sha256:a793e3c6bce8,34.3870,236030458,200,unknown
stagger,A,0,1,36,2,34.445,410464994,sha256:10c3183ecaa6,4.1746,6085049,200,unknown
stagger,A,0,1,36,2,34.445,410464994,sha256:15991188a884,5.9779,25656055,200,unknown
stagger,A,0,1,36,2,34.445,410464994,sha256:5142ad1c6011,0.1372,250,200,unknown
stagger,A,0,1,37,2,34.445,410464994,sha256:299c82f5afaa,0.1220,6525,200,unknown
stagger,A,0,1,37,2,34.445,410464994,sha256:866771c43bf5,14.6112,49293124,200,unknown
stagger,A,0,1,37,2,34.445,410464994,sha256:ed881fbf1b07,10.0946,25614562,200,unknown
stagger,A,0,1,37,2,34.445,410464994,sha256:9da421ddeb65,20.8924,67778971,200,unknown
stagger,A,0,1,37,2,34.445,410464994,sha256:a793e3c6bce8,34.3858,236030458,200,unknown
stagger,A,0,1,37,2,34.445,410464994,sha256:10c3183ecaa6,4.1660,6085049,200,unknown
stagger,A,0,1,37,2,34.445,410464994,sha256:15991188a884,5.9767,25656055,200,unknown
stagger,A,0,1,37,2,34.445,410464994,sha256:5142ad1c6011,0.1338,250,200,unknown
stagger,A,0,1,38,2,34.446,410464994,sha256:299c82f5afaa,0.1196,6525,200,unknown
stagger,A,0,1,38,2,34.446,410464994,sha256:866771c43bf5,14.6068,49293124,200,unknown
stagger,A,0,1,38,2,34.446,410464994,sha256:ed881fbf1b07,10.0957,25614562,200,unknown
stagger,A,0,1,38,2,34.446,410464994,sha256:9da421ddeb65,20.8885,67778971,200,unknown
stagger,A,0,1,38,2,34.446,410464994,sha256:a793e3c6bce8,34.3849,236030458,200,unknown
stagger,A,0,1,38,2,34.446,410464994,sha256:10c3183ecaa6,4.1721,6085049,200,unknown
stagger,A,0,1,38,2,34.446,410464994,sha256:15991188a884,5.9753,25656055,200,unknown
stagger,A,0,1,38,2,34.446,410464994,sha256:5142ad1c6011,0.1461,250,200,unknown
stagger,A,0,1,39,2,34.445,410464994,sha256:299c82f5afaa,0.1182,6525,200,unknown
stagger,A,0,1,39,2,34.445,410464994,sha256:866771c43bf5,14.6086,49293124,200,unknown
stagger,A,0,1,39,2,34.445,410464994,sha256:ed881fbf1b07,10.0920,25614562,200,unknown
stagger,A,0,1,39,2,34.445,410464994,sha256:9da421ddeb65,20.8881,67778971,200,unknown
stagger,A,0,1,39,2,34.445,410464994,sha256:a793e3c6bce8,34.3818,236030458,200,unknown
stagger,A,0,1,39,2,34.445,410464994,sha256:10c3183ecaa6,4.1676,6085049,200,unknown
stagger,A,0,1,39,2,34.445,410464994,sha256:15991188a884,5.9702,25656055,200,unknown
stagger,A,0,1,39,2,34.445,410464994,sha256:5142ad1c6011,0.1453,250,200,unknown
stagger,A,0,1,40,2,34.446,410464994,sha256:299c82f5afaa,0.1175,6525,200,unknown
stagger,A,0,1,40,2,34.446,410464994,sha256:866771c43bf5,14.6055,49293124,200,unknown
stagger,A,0,1,40,2,34.446,410464994,sha256:ed881fbf1b07,10.0911,25614562,200,unknown
stagger,A,0,1,40,2,34.446,410464994,sha256:9da421ddeb65,20.8868,67778971,200,unknown
stagger,A,0,1,40,2,34.446,410464994,sha256:a793e3c6bce8,34.3824,236030458,200,unknown
stagger,A,0,1,40,2,34.446,410464994,sha256:10c3183ecaa6,4.1660,6085049,200,unknown
stagger,A,0,1,40,2,34.446,410464994,sha256:15991188a884,5.9765,25656055,200,unknown
stagger,A,0,1,40,2,34.446,410464994,sha256:5142ad1c6011,0.1302,250,200,unknown
stagger,A,0,1,41,2,34.446,410464994,sha256:299c82f5afaa,0.1158,6525,200,unknown
stagger,A,0,1,41,2,34.446,410464994,sha256:866771c43bf5,14.6021,49293124,200,unknown
stagger,A,0,1,41,2,34.446,410464994,sha256:ed881fbf1b07,10.0890,25614562,200,unknown
stagger,A,0,1,41,2,34.446,410464994,sha256:9da421ddeb65,20.8874,67778971,200,unknown
stagger,A,0,1,41,2,34.446,410464994,sha256:a793e3c6bce8,34.3817,236030458,200,unknown
stagger,A,0,1,41,2,34.446,410464994,sha256:10c3183ecaa6,4.1650,6085049,200,unknown
stagger,A,0,1,41,2,34.446,410464994,sha256:15991188a884,5.9714,25656055,200,unknown
stagger,A,0,1,41,2,34.446,410464994,sha256:5142ad1c6011,0.1395,250,200,unknown
stagger,A,0,1,42,2,34.446,410464994,sha256:299c82f5afaa,0.1146,6525,200,unknown
stagger,A,0,1,42,2,34.446,410464994,sha256:866771c43bf5,14.6047,49293124,200,unknown
stagger,A,0,1,42,2,34.446,410464994,sha256:ed881fbf1b07,10.0879,25614562,200,unknown
stagger,A,0,1,42,2,34.446,410464994,sha256:9da421ddeb65,20.8842,67778971,200,unknown
stagger,A,0,1,42,2,34.446,410464994,sha256:a793e3c6bce8,34.3797,236030458,200,unknown
stagger,A,0,1,42,2,34.446,410464994,sha256:10c3183ecaa6,4.1636,6085049,200,unknown
stagger,A,0,1,42,2,34.446,410464994,sha256:15991188a884,5.9707,25656055,200,unknown
stagger,A,0,1,42,2,34.446,410464994,sha256:5142ad1c6011,0.1276,250,200,unknown
stagger,A,0,1,43,2,34.445,410464994,sha256:299c82f5afaa,0.1134,6525,200,unknown
stagger,A,0,1,43,2,34.445,410464994,sha256:866771c43bf5,14.6034,49293124,200,unknown
stagger,A,0,1,43,2,34.445,410464994,sha256:ed881fbf1b07,10.0865,25614562,200,unknown
stagger,A,0,1,43,2,34.445,410464994,sha256:9da421ddeb65,20.8849,67778971,200,unknown
stagger,A,0,1,43,2,34.445,410464994,sha256:a793e3c6bce8,34.3784,236030458,200,unknown
stagger,A,0,1,43,2,34.445,410464994,sha256:10c3183ecaa6,4.1622,6085049,200,unknown
stagger,A,0,1,43,2,34.445,410464994,sha256:15991188a884,5.9652,25656055,200,unknown
stagger,A,0,1,43,2,34.445,410464994,sha256:5142ad1c6011,0.1267,250,200,unknown
stagger,A,0,1,44,2,34.445,410464994,sha256:299c82f5afaa,0.1123,6525,200,unknown
stagger,A,0,1,44,2,34.445,410464994,sha256:866771c43bf5,14.6020,49293124,200,unknown
stagger,A,0,1,44,2,34.445,410464994,sha256:ed881fbf1b07,10.0852,25614562,200,unknown
stagger,A,0,1,44,2,34.445,410464994,sha256:9da421ddeb65,20.8836,67778971,200,unknown
stagger,A,0,1,44,2,34.445,410464994,sha256:a793e3c6bce8,34.3769,236030458,200,unknown
stagger,A,0,1,44,2,34.445,410464994,sha256:10c3183ecaa6,4.1609,6085049,200,unknown
stagger,A,0,1,44,2,34.445,410464994,sha256:15991188a884,5.9640,25656055,200,unknown
stagger,A,0,1,44,2,34.445,410464994,sha256:5142ad1c6011,0.1389,250,200,unknown
stagger,A,0,1,45,2,34.445,410464994,sha256:299c82f5afaa,0.1104,6525,200,unknown
stagger,A,0,1,45,2,34.445,410464994,sha256:866771c43bf5,14.5986,49293124,200,unknown
stagger,A,0,1,45,2,34.445,410464994,sha256:ed881fbf1b07,10.0840,25614562,200,unknown
stagger,A,0,1,45,2,34.445,410464994,sha256:9da421ddeb65,20.8799,67778971,200,unknown
stagger,A,0,1,45,2,34.445,410464994,sha256:a793e3c6bce8,34.3752,236030458,200,unknown
stagger,A,0,1,45,2,34.445,410464994,sha256:10c3183ecaa6,4.1591,6085049,200,unknown
stagger,A,0,1,45,2,34.445,410464994,sha256:15991188a884,5.9623,25656055,200,unknown
stagger,A,0,1,45,2,34.445,410464994,sha256:5142ad1c6011,0.1368,250,200,unknown
stagger,A,0,1,46,2,34.445,410464994,sha256:299c82f5afaa,0.0997,6525,200,unknown
stagger,A,0,1,46,2,34.445,410464994,sha256:866771c43bf5,14.5882,49293124,200,unknown
stagger,A,0,1,46,2,34.445,410464994,sha256:ed881fbf1b07,10.0733,25614562,200,unknown
stagger,A,0,1,46,2,34.445,410464994,sha256:9da421ddeb65,20.8705,67778971,200,unknown
stagger,A,0,1,46,2,34.445,410464994,sha256:a793e3c6bce8,34.3648,236030458,200,unknown
stagger,A,0,1,46,2,34.445,410464994,sha256:10c3183ecaa6,4.1523,6085049,200,unknown
stagger,A,0,1,46,2,34.445,410464994,sha256:15991188a884,5.9561,25656055,200,unknown
stagger,A,0,1,46,2,34.445,410464994,sha256:5142ad1c6011,0.1263,250,200,unknown
stagger,A,0,1,47,2,34.445,410464994,sha256:299c82f5afaa,0.0988,6525,200,unknown
stagger,A,0,1,47,2,34.445,410464994,sha256:866771c43bf5,14.5871,49293124,200,unknown
stagger,A,0,1,47,2,34.445,410464994,sha256:ed881fbf1b07,10.0723,25614562,200,unknown
stagger,A,0,1,47,2,34.445,410464994,sha256:9da421ddeb65,20.8694,67778971,200,unknown
stagger,A,0,1,47,2,34.445,410464994,sha256:a793e3c6bce8,34.3645,236030458,200,unknown
stagger,A,0,1,47,2,34.445,410464994,sha256:10c3183ecaa6,4.1477,6085049,200,unknown
stagger,A,0,1,47,2,34.445,410464994,sha256:15991188a884,5.9504,25656055,200,unknown
stagger,A,0,1,47,2,34.445,410464994,sha256:5142ad1c6011,0.1257,250,200,unknown
stagger,A,0,1,48,2,34.445,410464994,sha256:299c82f5afaa,0.0978,6525,200,unknown
stagger,A,0,1,48,2,34.445,410464994,sha256:866771c43bf5,14.5844,49293124,200,unknown
stagger,A,0,1,48,2,34.445,410464994,sha256:ed881fbf1b07,10.0711,25614562,200,unknown
stagger,A,0,1,48,2,34.445,410464994,sha256:9da421ddeb65,20.8680,67778971,200,unknown
stagger,A,0,1,48,2,34.445,410464994,sha256:a793e3c6bce8,34.3624,236030458,200,unknown
stagger,A,0,1,48,2,34.445,410464994,sha256:10c3183ecaa6,4.1513,6085049,200,unknown
stagger,A,0,1,48,2,34.445,410464994,sha256:15991188a884,5.9491,25656055,200,unknown
stagger,A,0,1,48,2,34.445,410464994,sha256:5142ad1c6011,0.1241,250,200,unknown
stagger,A,0,1,49,2,34.445,410464994,sha256:299c82f5afaa,0.0962,6525,200,unknown
stagger,A,0,1,49,2,34.445,410464994,sha256:866771c43bf5,14.5861,49293124,200,unknown
stagger,A,0,1,49,2,34.445,410464994,sha256:ed881fbf1b07,10.0700,25614562,200,unknown
stagger,A,0,1,49,2,34.445,410464994,sha256:9da421ddeb65,20.8670,67778971,200,unknown
stagger,A,0,1,49,2,34.445,410464994,sha256:a793e3c6bce8,34.3610,236030458,200,unknown
stagger,A,0,1,49,2,34.445,410464994,sha256:10c3183ecaa6,4.1450,6085049,200,unknown
stagger,A,0,1,49,2,34.445,410464994,sha256:15991188a884,5.9521,25656055,200,unknown
stagger,A,0,1,49,2,34.445,410464994,sha256:5142ad1c6011,0.1227,250,200,unknown
stagger,A,0,2,0,1,34.437,410464994,sha256:299c82f5afaa,0.1490,6525,200,unknown
stagger,A,0,2,0,1,34.437,410464994,sha256:866771c43bf5,15.3976,49293124,200,unknown
stagger,A,0,2,0,1,34.437,410464994,sha256:ed881fbf1b07,14.8227,25614562,200,unknown
stagger,A,0,2,0,1,34.437,410464994,sha256:9da421ddeb65,18.8214,67778971,200,unknown
stagger,A,0,2,0,1,34.437,410464994,sha256:a793e3c6bce8,34.4312,236030458,200,unknown
stagger,A,0,2,0,1,34.437,410464994,sha256:10c3183ecaa6,2.7885,6085049,200,unknown
stagger,A,0,2,0,1,34.437,410464994,sha256:15991188a884,15.2385,25656055,200,unknown
stagger,A,0,2,0,1,34.437,410464994,sha256:5142ad1c6011,0.1648,250,200,unknown
stagger,A,0,2,1,1,34.435,410464994,sha256:299c82f5afaa,0.1522,6525,200,unknown
stagger,A,0,2,1,1,34.435,410464994,sha256:866771c43bf5,15.3952,49293124,200,unknown
stagger,A,0,2,1,1,34.435,410464994,sha256:ed881fbf1b07,14.8200,25614562,200,unknown
stagger,A,0,2,1,1,34.435,410464994,sha256:9da421ddeb65,18.8175,67778971,200,unknown
stagger,A,0,2,1,1,34.435,410464994,sha256:a793e3c6bce8,34.4263,236030458,200,unknown
stagger,A,0,2,1,1,34.435,410464994,sha256:10c3183ecaa6,2.7876,6085049,200,unknown
stagger,A,0,2,1,1,34.435,410464994,sha256:15991188a884,15.2364,25656055,200,unknown
stagger,A,0,2,1,1,34.435,410464994,sha256:5142ad1c6011,0.1621,250,200,unknown
stagger,A,0,2,2,1,34.437,410464994,sha256:299c82f5afaa,0.1439,6525,200,unknown
stagger,A,0,2,2,1,34.437,410464994,sha256:866771c43bf5,15.3899,49293124,200,unknown
stagger,A,0,2,2,1,34.437,410464994,sha256:ed881fbf1b07,14.8173,25614562,200,unknown
stagger,A,0,2,2,1,34.437,410464994,sha256:9da421ddeb65,18.8133,67778971,200,unknown
stagger,A,0,2,2,1,34.437,410464994,sha256:a793e3c6bce8,34.4265,236030458,200,unknown
stagger,A,0,2,2,1,34.437,410464994,sha256:10c3183ecaa6,2.7834,6085049,200,unknown
stagger,A,0,2,2,1,34.437,410464994,sha256:15991188a884,15.2370,25656055,200,unknown
stagger,A,0,2,2,1,34.437,410464994,sha256:5142ad1c6011,0.1652,250,200,unknown
stagger,A,0,2,3,1,34.437,410464994,sha256:299c82f5afaa,0.1422,6525,200,unknown
stagger,A,0,2,3,1,34.437,410464994,sha256:866771c43bf5,15.3899,49293124,200,unknown
stagger,A,0,2,3,1,34.437,410464994,sha256:ed881fbf1b07,14.8142,25614562,200,unknown
stagger,A,0,2,3,1,34.437,410464994,sha256:9da421ddeb65,18.8124,67778971,200,unknown
stagger,A,0,2,3,1,34.437,410464994,sha256:a793e3c6bce8,34.4236,236030458,200,unknown
stagger,A,0,2,3,1,34.437,410464994,sha256:10c3183ecaa6,2.7809,6085049,200,unknown
stagger,A,0,2,3,1,34.437,410464994,sha256:15991188a884,15.2308,25656055,200,unknown
stagger,A,0,2,3,1,34.437,410464994,sha256:5142ad1c6011,0.1626,250,200,unknown
stagger,A,0,2,4,1,34.437,410464994,sha256:299c82f5afaa,0.1397,6525,200,unknown
stagger,A,0,2,4,1,34.437,410464994,sha256:866771c43bf5,15.3849,49293124,200,unknown
stagger,A,0,2,4,1,34.437,410464994,sha256:ed881fbf1b07,14.8125,25614562,200,unknown
stagger,A,0,2,4,1,34.437,410464994,sha256:9da421ddeb65,18.8102,67778971,200,unknown
stagger,A,0,2,4,1,34.437,410464994,sha256:a793e3c6bce8,34.4212,236030458,200,unknown
stagger,A,0,2,4,1,34.437,410464994,sha256:10c3183ecaa6,2.7786,6085049,200,unknown
stagger,A,0,2,4,1,34.437,410464994,sha256:15991188a884,15.2289,25656055,200,unknown
stagger,A,0,2,4,1,34.437,410464994,sha256:5142ad1c6011,0.1602,250,200,unknown
stagger,A,0,2,5,1,34.435,410464994,sha256:299c82f5afaa,0.1431,6525,200,unknown
stagger,A,0,2,5,1,34.435,410464994,sha256:866771c43bf5,15.3851,49293124,200,unknown
stagger,A,0,2,5,1,34.435,410464994,sha256:ed881fbf1b07,14.8103,25614562,200,unknown
stagger,A,0,2,5,1,34.435,410464994,sha256:9da421ddeb65,18.8061,67778971,200,unknown
stagger,A,0,2,5,1,34.435,410464994,sha256:a793e3c6bce8,34.4166,236030458,200,unknown
stagger,A,0,2,5,1,34.435,410464994,sha256:10c3183ecaa6,2.7777,6085049,200,unknown
stagger,A,0,2,5,1,34.435,410464994,sha256:15991188a884,15.2295,25656055,200,unknown
stagger,A,0,2,5,1,34.435,410464994,sha256:5142ad1c6011,0.1590,250,200,unknown
stagger,A,0,2,6,1,34.436,410464994,sha256:299c82f5afaa,0.1403,6525,200,unknown
stagger,A,0,2,6,1,34.436,410464994,sha256:866771c43bf5,15.3814,49293124,200,unknown
stagger,A,0,2,6,1,34.436,410464994,sha256:ed881fbf1b07,14.8023,25614562,200,unknown
stagger,A,0,2,6,1,34.436,410464994,sha256:9da421ddeb65,18.8037,67778971,200,unknown
stagger,A,0,2,6,1,34.436,410464994,sha256:a793e3c6bce8,34.4133,236030458,200,unknown
stagger,A,0,2,6,1,34.436,410464994,sha256:10c3183ecaa6,2.7719,6085049,200,unknown
stagger,A,0,2,6,1,34.436,410464994,sha256:15991188a884,15.2222,25656055,200,unknown
stagger,A,0,2,6,1,34.436,410464994,sha256:5142ad1c6011,0.1538,250,200,unknown
stagger,A,0,2,7,1,34.436,410464994,sha256:299c82f5afaa,0.1300,6525,200,unknown
stagger,A,0,2,7,1,34.436,410464994,sha256:866771c43bf5,15.3787,49293124,200,unknown
stagger,A,0,2,7,1,34.436,410464994,sha256:ed881fbf1b07,14.8035,25614562,200,unknown
stagger,A,0,2,7,1,34.436,410464994,sha256:9da421ddeb65,18.7994,67778971,200,unknown
stagger,A,0,2,7,1,34.436,410464994,sha256:a793e3c6bce8,34.4123,236030458,200,unknown
stagger,A,0,2,7,1,34.436,410464994,sha256:10c3183ecaa6,2.7693,6085049,200,unknown
stagger,A,0,2,7,1,34.436,410464994,sha256:15991188a884,15.2227,25656055,200,unknown
stagger,A,0,2,7,1,34.436,410464994,sha256:5142ad1c6011,0.1460,250,200,unknown
stagger,A,0,2,8,1,34.435,410464994,sha256:299c82f5afaa,0.1339,6525,200,unknown
stagger,A,0,2,8,1,34.435,410464994,sha256:866771c43bf5,15.3764,49293124,200,unknown
stagger,A,0,2,8,1,34.435,410464994,sha256:ed881fbf1b07,14.7972,25614562,200,unknown
stagger,A,0,2,8,1,34.435,410464994,sha256:9da421ddeb65,18.7970,67778971,200,unknown
stagger,A,0,2,8,1,34.435,410464994,sha256:a793e3c6bce8,34.4077,236030458,200,unknown
stagger,A,0,2,8,1,34.435,410464994,sha256:10c3183ecaa6,2.7672,6085049,200,unknown
stagger,A,0,2,8,1,34.435,410464994,sha256:15991188a884,15.2202,25656055,200,unknown
stagger,A,0,2,8,1,34.435,410464994,sha256:5142ad1c6011,0.1437,250,200,unknown
stagger,A,0,2,9,1,34.436,410464994,sha256:299c82f5afaa,0.1318,6525,200,unknown
stagger,A,0,2,9,1,34.436,410464994,sha256:866771c43bf5,15.3715,49293124,200,unknown
stagger,A,0,2,9,1,34.436,410464994,sha256:ed881fbf1b07,14.7984,25614562,200,unknown
stagger,A,0,2,9,1,34.436,410464994,sha256:9da421ddeb65,18.7964,67778971,200,unknown
stagger,A,0,2,9,1,34.436,410464994,sha256:a793e3c6bce8,34.4074,236030458,200,unknown
stagger,A,0,2,9,1,34.436,410464994,sha256:10c3183ecaa6,2.7664,6085049,200,unknown
stagger,A,0,2,9,1,34.436,410464994,sha256:15991188a884,15.2182,25656055,200,unknown
stagger,A,0,2,9,1,34.436,410464994,sha256:5142ad1c6011,0.1474,250,200,unknown
stagger,A,0,2,10,1,34.436,410464994,sha256:299c82f5afaa,0.1230,6525,200,unknown
stagger,A,0,2,10,1,34.436,410464994,sha256:866771c43bf5,15.3716,49293124,200,unknown
stagger,A,0,2,10,1,34.436,410464994,sha256:ed881fbf1b07,14.7964,25614562,200,unknown
stagger,A,0,2,10,1,34.436,410464994,sha256:9da421ddeb65,18.7939,67778971,200,unknown
stagger,A,0,2,10,1,34.436,410464994,sha256:a793e3c6bce8,34.4042,236030458,200,unknown
stagger,A,0,2,10,1,34.436,410464994,sha256:10c3183ecaa6,2.7639,6085049,200,unknown
stagger,A,0,2,10,1,34.436,410464994,sha256:15991188a884,15.2153,25656055,200,unknown
stagger,A,0,2,10,1,34.436,410464994,sha256:5142ad1c6011,0.1429,250,200,unknown
stagger,A,0,2,11,1,34.436,410464994,sha256:299c82f5afaa,0.1203,6525,200,unknown
stagger,A,0,2,11,1,34.436,410464994,sha256:866771c43bf5,15.3692,49293124,200,unknown
stagger,A,0,2,11,1,34.436,410464994,sha256:ed881fbf1b07,14.7941,25614562,200,unknown
stagger,A,0,2,11,1,34.436,410464994,sha256:9da421ddeb65,18.7898,67778971,200,unknown
stagger,A,0,2,11,1,34.436,410464994,sha256:a793e3c6bce8,34.4025,236030458,200,unknown
stagger,A,0,2,11,1,34.436,410464994,sha256:10c3183ecaa6,2.7596,6085049,200,unknown
stagger,A,0,2,11,1,34.436,410464994,sha256:15991188a884,15.2133,25656055,200,unknown
stagger,A,0,2,11,1,34.436,410464994,sha256:5142ad1c6011,0.1414,250,200,unknown
stagger,A,0,2,12,1,34.435,410464994,sha256:299c82f5afaa,0.1178,6525,200,unknown
stagger,A,0,2,12,1,34.435,410464994,sha256:866771c43bf5,15.3668,49293124,200,unknown
stagger,A,0,2,12,1,34.435,410464994,sha256:ed881fbf1b07,14.7917,25614562,200,unknown
stagger,A,0,2,12,1,34.435,410464994,sha256:9da421ddeb65,18.7891,67778971,200,unknown
stagger,A,0,2,12,1,34.435,410464994,sha256:a793e3c6bce8,34.3993,236030458,200,unknown
stagger,A,0,2,12,1,34.435,410464994,sha256:10c3183ecaa6,2.7572,6085049,200,unknown
stagger,A,0,2,12,1,34.435,410464994,sha256:15991188a884,15.2104,25656055,200,unknown
stagger,A,0,2,12,1,34.435,410464994,sha256:5142ad1c6011,0.1389,250,200,unknown
stagger,A,0,2,13,1,34.436,410464994,sha256:299c82f5afaa,0.1147,6525,200,unknown
stagger,A,0,2,13,1,34.436,410464994,sha256:866771c43bf5,15.3642,49293124,200,unknown
stagger,A,0,2,13,1,34.436,410464994,sha256:ed881fbf1b07,14.7893,25614562,200,unknown
stagger,A,0,2,13,1,34.436,410464994,sha256:9da421ddeb65,18.7866,67778971,200,unknown
stagger,A,0,2,13,1,34.436,410464994,sha256:a793e3c6bce8,34.3977,236030458,200,unknown
stagger,A,0,2,13,1,34.436,410464994,sha256:10c3183ecaa6,2.7525,6085049,200,unknown
stagger,A,0,2,13,1,34.436,410464994,sha256:15991188a884,15.2054,25656055,200,unknown
stagger,A,0,2,13,1,34.436,410464994,sha256:5142ad1c6011,0.1363,250,200,unknown
stagger,A,0,2,14,1,34.435,410464994,sha256:299c82f5afaa,0.1126,6525,200,unknown
stagger,A,0,2,14,1,34.435,410464994,sha256:866771c43bf5,15.3617,49293124,200,unknown
stagger,A,0,2,14,1,34.435,410464994,sha256:ed881fbf1b07,14.7861,25614562,200,unknown
stagger,A,0,2,14,1,34.435,410464994,sha256:9da421ddeb65,18.7852,67778971,200,unknown
stagger,A,0,2,14,1,34.435,410464994,sha256:a793e3c6bce8,34.3943,236030458,200,unknown
stagger,A,0,2,14,1,34.435,410464994,sha256:10c3183ecaa6,2.7520,6085049,200,unknown
stagger,A,0,2,14,1,34.435,410464994,sha256:15991188a884,15.2022,25656055,200,unknown
stagger,A,0,2,14,1,34.435,410464994,sha256:5142ad1c6011,0.1336,250,200,unknown
stagger,A,0,2,15,1,34.434,410464994,sha256:299c82f5afaa,0.1174,6525,200,unknown
stagger,A,0,2,15,1,34.434,410464994,sha256:866771c43bf5,15.3591,49293124,200,unknown
stagger,A,0,2,15,1,34.434,410464994,sha256:ed881fbf1b07,14.7840,25614562,200,unknown
stagger,A,0,2,15,1,34.434,410464994,sha256:9da421ddeb65,18.7819,67778971,200,unknown
stagger,A,0,2,15,1,34.434,410464994,sha256:a793e3c6bce8,34.3909,236030458,200,unknown
stagger,A,0,2,15,1,34.434,410464994,sha256:10c3183ecaa6,2.7522,6085049,200,unknown
stagger,A,0,2,15,1,34.434,410464994,sha256:15991188a884,15.2008,25656055,200,unknown
stagger,A,0,2,15,1,34.434,410464994,sha256:5142ad1c6011,0.1271,250,200,unknown
stagger,A,0,2,16,1,34.435,410464994,sha256:299c82f5afaa,0.1156,6525,200,unknown
stagger,A,0,2,16,1,34.435,410464994,sha256:866771c43bf5,15.3575,49293124,200,unknown
stagger,A,0,2,16,1,34.435,410464994,sha256:ed881fbf1b07,14.7824,25614562,200,unknown
stagger,A,0,2,16,1,34.435,410464994,sha256:9da421ddeb65,18.7805,67778971,200,unknown
stagger,A,0,2,16,1,34.435,410464994,sha256:a793e3c6bce8,34.3906,236030458,200,unknown
stagger,A,0,2,16,1,34.435,410464994,sha256:10c3183ecaa6,2.7485,6085049,200,unknown
stagger,A,0,2,16,1,34.435,410464994,sha256:15991188a884,15.2022,25656055,200,unknown
stagger,A,0,2,16,1,34.435,410464994,sha256:5142ad1c6011,0.1302,250,200,unknown
stagger,A,0,2,17,1,34.435,410464994,sha256:299c82f5afaa,0.1135,6525,200,unknown
stagger,A,0,2,17,1,34.435,410464994,sha256:866771c43bf5,15.3560,49293124,200,unknown
stagger,A,0,2,17,1,34.435,410464994,sha256:ed881fbf1b07,14.7769,25614562,200,unknown
stagger,A,0,2,17,1,34.435,410464994,sha256:9da421ddeb65,18.7787,67778971,200,unknown
stagger,A,0,2,17,1,34.435,410464994,sha256:a793e3c6bce8,34.3881,236030458,200,unknown
stagger,A,0,2,17,1,34.435,410464994,sha256:10c3183ecaa6,2.7466,6085049,200,unknown
stagger,A,0,2,17,1,34.435,410464994,sha256:15991188a884,15.2003,25656055,200,unknown
stagger,A,0,2,17,1,34.435,410464994,sha256:5142ad1c6011,0.1302,250,200,unknown
stagger,A,0,2,18,1,34.435,410464994,sha256:299c82f5afaa,0.1116,6525,200,unknown
stagger,A,0,2,18,1,34.435,410464994,sha256:866771c43bf5,15.3491,49293124,200,unknown
stagger,A,0,2,18,1,34.435,410464994,sha256:ed881fbf1b07,14.7751,25614562,200,unknown
stagger,A,0,2,18,1,34.435,410464994,sha256:9da421ddeb65,18.7787,67778971,200,unknown
stagger,A,0,2,18,1,34.435,410464994,sha256:a793e3c6bce8,34.3852,236030458,200,unknown
stagger,A,0,2,18,1,34.435,410464994,sha256:10c3183ecaa6,2.7439,6085049,200,unknown
stagger,A,0,2,18,1,34.435,410464994,sha256:15991188a884,15.1940,25656055,200,unknown
stagger,A,0,2,18,1,34.435,410464994,sha256:5142ad1c6011,0.1275,250,200,unknown
stagger,A,0,2,19,1,34.435,410464994,sha256:299c82f5afaa,0.1027,6525,200,unknown
stagger,A,0,2,19,1,34.435,410464994,sha256:866771c43bf5,15.3463,49293124,200,unknown
stagger,A,0,2,19,1,34.435,410464994,sha256:ed881fbf1b07,14.7764,25614562,200,unknown
stagger,A,0,2,19,1,34.435,410464994,sha256:9da421ddeb65,18.7738,67778971,200,unknown
stagger,A,0,2,19,1,34.435,410464994,sha256:a793e3c6bce8,34.3837,236030458,200,unknown
stagger,A,0,2,19,1,34.435,410464994,sha256:10c3183ecaa6,2.7424,6085049,200,unknown
stagger,A,0,2,19,1,34.435,410464994,sha256:15991188a884,15.1952,25656055,200,unknown
stagger,A,0,2,19,1,34.435,410464994,sha256:5142ad1c6011,0.1246,250,200,unknown
stagger,A,0,2,20,1,34.435,410464994,sha256:299c82f5afaa,0.1011,6525,200,unknown
stagger,A,0,2,20,1,34.435,410464994,sha256:866771c43bf5,15.3467,49293124,200,unknown
stagger,A,0,2,20,1,34.435,410464994,sha256:ed881fbf1b07,14.7747,25614562,200,unknown
stagger,A,0,2,20,1,34.435,410464994,sha256:9da421ddeb65,18.7718,67778971,200,unknown
stagger,A,0,2,20,1,34.435,410464994,sha256:a793e3c6bce8,34.3825,236030458,200,unknown
stagger,A,0,2,20,1,34.435,410464994,sha256:10c3183ecaa6,2.7405,6085049,200,unknown
stagger,A,0,2,20,1,34.435,410464994,sha256:15991188a884,15.1905,25656055,200,unknown
stagger,A,0,2,20,1,34.435,410464994,sha256:5142ad1c6011,0.1171,250,200,unknown
stagger,A,0,2,21,1,34.435,410464994,sha256:299c82f5afaa,0.0990,6525,200,unknown
stagger,A,0,2,21,1,34.435,410464994,sha256:866771c43bf5,15.3474,49293124,200,unknown
stagger,A,0,2,21,1,34.435,410464994,sha256:ed881fbf1b07,14.7725,25614562,200,unknown
stagger,A,0,2,21,1,34.435,410464994,sha256:9da421ddeb65,18.7705,67778971,200,unknown
stagger,A,0,2,21,1,34.435,410464994,sha256:a793e3c6bce8,34.3808,236030458,200,unknown
stagger,A,0,2,21,1,34.435,410464994,sha256:10c3183ecaa6,2.7389,6085049,200,unknown
stagger,A,0,2,21,1,34.435,410464994,sha256:15991188a884,15.1921,25656055,200,unknown
stagger,A,0,2,21,1,34.435,410464994,sha256:5142ad1c6011,0.1225,250,200,unknown
stagger,A,0,2,22,1,34.434,410464994,sha256:299c82f5afaa,0.1036,6525,200,unknown
stagger,A,0,2,22,1,34.434,410464994,sha256:866771c43bf5,15.3461,49293124,200,unknown
stagger,A,0,2,22,1,34.434,410464994,sha256:ed881fbf1b07,14.7711,25614562,200,unknown
stagger,A,0,2,22,1,34.434,410464994,sha256:9da421ddeb65,18.7691,67778971,200,unknown
stagger,A,0,2,22,1,34.434,410464994,sha256:a793e3c6bce8,34.3781,236030458,200,unknown
stagger,A,0,2,22,1,34.434,410464994,sha256:10c3183ecaa6,2.7377,6085049,200,unknown
stagger,A,0,2,22,1,34.434,410464994,sha256:15991188a884,15.1916,25656055,200,unknown
stagger,A,0,2,22,1,34.434,410464994,sha256:5142ad1c6011,0.1199,250,200,unknown
stagger,A,0,2,23,1,34.434,410464994,sha256:299c82f5afaa,0.1026,6525,200,unknown
stagger,A,0,2,23,1,34.434,410464994,sha256:866771c43bf5,15.3452,49293124,200,unknown
stagger,A,0,2,23,1,34.434,410464994,sha256:ed881fbf1b07,14.7659,25614562,200,unknown
stagger,A,0,2,23,1,34.434,410464994,sha256:9da421ddeb65,18.7681,67778971,200,unknown
stagger,A,0,2,23,1,34.434,410464994,sha256:a793e3c6bce8,34.3771,236030458,200,unknown
stagger,A,0,2,23,1,34.434,410464994,sha256:10c3183ecaa6,2.7368,6085049,200,unknown
stagger,A,0,2,23,1,34.434,410464994,sha256:15991188a884,15.1904,25656055,200,unknown
stagger,A,0,2,23,1,34.434,410464994,sha256:5142ad1c6011,0.1189,250,200,unknown
stagger,A,0,2,24,1,34.435,410464994,sha256:299c82f5afaa,0.1012,6525,200,unknown
stagger,A,0,2,24,1,34.435,410464994,sha256:866771c43bf5,15.3414,49293124,200,unknown
stagger,A,0,2,24,1,34.435,410464994,sha256:ed881fbf1b07,14.7687,25614562,200,unknown
stagger,A,0,2,24,1,34.435,410464994,sha256:9da421ddeb65,18.7653,67778971,200,unknown
stagger,A,0,2,24,1,34.435,410464994,sha256:a793e3c6bce8,34.3775,236030458,200,unknown
stagger,A,0,2,24,1,34.435,410464994,sha256:10c3183ecaa6,2.7353,6085049,200,unknown
stagger,A,0,2,24,1,34.435,410464994,sha256:15991188a884,15.1888,25656055,200,unknown
stagger,A,0,2,24,1,34.435,410464994,sha256:5142ad1c6011,0.1173,250,200,unknown
stagger,A,0,2,25,2,34.434,410464994,sha256:299c82f5afaa,0.0935,6525,200,unknown
stagger,A,0,2,25,2,34.434,410464994,sha256:866771c43bf5,15.3404,49293124,200,unknown
stagger,A,0,2,25,2,34.434,410464994,sha256:ed881fbf1b07,14.7676,25614562,200,unknown
stagger,A,0,2,25,2,34.434,410464994,sha256:9da421ddeb65,18.7658,67778971,200,unknown
stagger,A,0,2,25,2,34.434,410464994,sha256:a793e3c6bce8,34.3756,236030458,200,unknown
stagger,A,0,2,25,2,34.434,410464994,sha256:10c3183ecaa6,2.7344,6085049,200,unknown
stagger,A,0,2,25,2,34.434,410464994,sha256:15991188a884,15.1877,25656055,200,unknown
stagger,A,0,2,25,2,34.434,410464994,sha256:5142ad1c6011,0.1167,250,200,unknown
stagger,A,0,2,26,2,34.433,410464994,sha256:299c82f5afaa,0.0934,6525,200,unknown
stagger,A,0,2,26,2,34.433,410464994,sha256:866771c43bf5,15.3393,49293124,200,unknown
stagger,A,0,2,26,2,34.433,410464994,sha256:ed881fbf1b07,14.7668,25614562,200,unknown
stagger,A,0,2,26,2,34.433,410464994,sha256:9da421ddeb65,18.7668,67778971,200,unknown
stagger,A,0,2,26,2,34.433,410464994,sha256:a793e3c6bce8,34.3738,236030458,200,unknown
stagger,A,0,2,26,2,34.433,410464994,sha256:10c3183ecaa6,2.7335,6085049,200,unknown
stagger,A,0,2,26,2,34.433,410464994,sha256:15991188a884,15.1866,25656055,200,unknown
stagger,A,0,2,26,2,34.433,410464994,sha256:5142ad1c6011,0.1158,250,200,unknown
stagger,A,0,2,27,2,34.434,410464994,sha256:299c82f5afaa,0.0915,6525,200,unknown
stagger,A,0,2,27,2,34.434,410464994,sha256:866771c43bf5,15.3384,49293124,200,unknown
stagger,A,0,2,27,2,34.434,410464994,sha256:ed881fbf1b07,14.7660,25614562,200,unknown
stagger,A,0,2,27,2,34.434,410464994,sha256:9da421ddeb65,18.7648,67778971,200,unknown
stagger,A,0,2,27,2,34.434,410464994,sha256:a793e3c6bce8,34.3734,236030458,200,unknown
stagger,A,0,2,27,2,34.434,410464994,sha256:10c3183ecaa6,2.7319,6085049,200,unknown
stagger,A,0,2,27,2,34.434,410464994,sha256:15991188a884,15.1856,25656055,200,unknown
stagger,A,0,2,27,2,34.434,410464994,sha256:5142ad1c6011,0.1155,250,200,unknown
stagger,A,0,2,28,2,34.434,410464994,sha256:299c82f5afaa,0.0903,6525,200,unknown
stagger,A,0,2,28,2,34.434,410464994,sha256:866771c43bf5,15.3372,49293124,200,unknown
stagger,A,0,2,28,2,34.434,410464994,sha256:ed881fbf1b07,14.7650,25614562,200,unknown
stagger,A,0,2,28,2,34.434,410464994,sha256:9da421ddeb65,18.7627,67778971,200,unknown
stagger,A,0,2,28,2,34.434,410464994,sha256:a793e3c6bce8,34.3722,236030458,200,unknown
stagger,A,0,2,28,2,34.434,410464994,sha256:10c3183ecaa6,2.7312,6085049,200,unknown
stagger,A,0,2,28,2,34.434,410464994,sha256:15991188a884,15.1848,25656055,200,unknown
stagger,A,0,2,28,2,34.434,410464994,sha256:5142ad1c6011,0.1135,250,200,unknown
stagger,A,0,2,29,2,34.434,410464994,sha256:299c82f5afaa,0.0894,6525,200,unknown
stagger,A,0,2,29,2,34.434,410464994,sha256:866771c43bf5,15.3386,49293124,200,unknown
stagger,A,0,2,29,2,34.434,410464994,sha256:ed881fbf1b07,14.7635,25614562,200,unknown
stagger,A,0,2,29,2,34.434,410464994,sha256:9da421ddeb65,18.7617,67778971,200,unknown
stagger,A,0,2,29,2,34.434,410464994,sha256:a793e3c6bce8,34.3711,236030458,200,unknown
stagger,A,0,2,29,2,34.434,410464994,sha256:10c3183ecaa6,2.7301,6085049,200,unknown
stagger,A,0,2,29,2,34.434,410464994,sha256:15991188a884,15.1833,25656055,200,unknown
stagger,A,0,2,29,2,34.434,410464994,sha256:5142ad1c6011,0.1130,250,200,unknown
stagger,A,0,2,30,2,34.434,410464994,sha256:299c82f5afaa,0.0885,6525,200,unknown
stagger,A,0,2,30,2,34.434,410464994,sha256:866771c43bf5,15.3349,49293124,200,unknown
stagger,A,0,2,30,2,34.434,410464994,sha256:ed881fbf1b07,14.7623,25614562,200,unknown
stagger,A,0,2,30,2,34.434,410464994,sha256:9da421ddeb65,18.7606,67778971,200,unknown
stagger,A,0,2,30,2,34.434,410464994,sha256:a793e3c6bce8,34.3716,236030458,200,unknown
stagger,A,0,2,30,2,34.434,410464994,sha256:10c3183ecaa6,2.7290,6085049,200,unknown
stagger,A,0,2,30,2,34.434,410464994,sha256:15991188a884,15.1792,25656055,200,unknown
stagger,A,0,2,30,2,34.434,410464994,sha256:5142ad1c6011,0.1114,250,200,unknown
stagger,A,0,2,31,2,34.434,410464994,sha256:299c82f5afaa,0.0860,6525,200,unknown
stagger,A,0,2,31,2,34.434,410464994,sha256:866771c43bf5,15.3331,49293124,200,unknown
stagger,A,0,2,31,2,34.434,410464994,sha256:ed881fbf1b07,14.7609,25614562,200,unknown
stagger,A,0,2,31,2,34.434,410464994,sha256:9da421ddeb65,18.7584,67778971,200,unknown
stagger,A,0,2,31,2,34.434,410464994,sha256:a793e3c6bce8,34.3690,236030458,200,unknown
stagger,A,0,2,31,2,34.434,410464994,sha256:10c3183ecaa6,2.7289,6085049,200,unknown
stagger,A,0,2,31,2,34.434,410464994,sha256:15991188a884,15.1806,25656055,200,unknown
stagger,A,0,2,31,2,34.434,410464994,sha256:5142ad1c6011,0.1101,250,200,unknown
stagger,A,0,2,32,2,34.434,410464994,sha256:299c82f5afaa,0.0866,6525,200,unknown
stagger,A,0,2,32,2,34.434,410464994,sha256:866771c43bf5,15.3321,49293124,200,unknown
stagger,A,0,2,32,2,34.434,410464994,sha256:ed881fbf1b07,14.7594,25614562,200,unknown
stagger,A,0,2,32,2,34.434,410464994,sha256:9da421ddeb65,18.7594,67778971,200,unknown
stagger,A,0,2,32,2,34.434,410464994,sha256:a793e3c6bce8,34.3680,236030458,200,unknown
stagger,A,0,2,32,2,34.434,410464994,sha256:10c3183ecaa6,2.7259,6085049,200,unknown
stagger,A,0,2,32,2,34.434,410464994,sha256:15991188a884,15.1796,25656055,200,unknown
stagger,A,0,2,32,2,34.434,410464994,sha256:5142ad1c6011,0.1077,250,200,unknown
stagger,A,0,2,33,2,34.434,410464994,sha256:299c82f5afaa,0.0850,6525,200,unknown
stagger,A,0,2,33,2,34.434,410464994,sha256:866771c43bf5,15.3333,49293124,200,unknown
stagger,A,0,2,33,2,34.434,410464994,sha256:ed881fbf1b07,14.7585,25614562,200,unknown
stagger,A,0,2,33,2,34.434,410464994,sha256:9da421ddeb65,18.7583,67778971,200,unknown
stagger,A,0,2,33,2,34.434,410464994,sha256:a793e3c6bce8,34.3669,236030458,200,unknown
stagger,A,0,2,33,2,34.434,410464994,sha256:10c3183ecaa6,2.7248,6085049,200,unknown
stagger,A,0,2,33,2,34.434,410464994,sha256:15991188a884,15.1781,25656055,200,unknown
stagger,A,0,2,33,2,34.434,410464994,sha256:5142ad1c6011,0.1068,250,200,unknown
stagger,A,0,2,34,2,34.434,410464994,sha256:299c82f5afaa,0.0896,6525,200,unknown
stagger,A,0,2,34,2,34.434,410464994,sha256:866771c43bf5,15.3323,49293124,200,unknown
stagger,A,0,2,34,2,34.434,410464994,sha256:ed881fbf1b07,14.7575,25614562,200,unknown
stagger,A,0,2,34,2,34.434,410464994,sha256:9da421ddeb65,18.7552,67778971,200,unknown
stagger,A,0,2,34,2,34.434,410464994,sha256:a793e3c6bce8,34.3665,236030458,200,unknown
stagger,A,0,2,34,2,34.434,410464994,sha256:10c3183ecaa6,2.7241,6085049,200,unknown
stagger,A,0,2,34,2,34.434,410464994,sha256:15991188a884,15.1776,25656055,200,unknown
stagger,A,0,2,34,2,34.434,410464994,sha256:5142ad1c6011,0.1067,250,200,unknown
stagger,A,0,2,35,2,34.434,410464994,sha256:299c82f5afaa,0.0825,6525,200,unknown
stagger,A,0,2,35,2,34.434,410464994,sha256:866771c43bf5,15.3287,49293124,200,unknown
stagger,A,0,2,35,2,34.434,410464994,sha256:ed881fbf1b07,14.7563,25614562,200,unknown
stagger,A,0,2,35,2,34.434,410464994,sha256:9da421ddeb65,18.7544,67778971,200,unknown
stagger,A,0,2,35,2,34.434,410464994,sha256:a793e3c6bce8,34.3655,236030458,200,unknown
stagger,A,0,2,35,2,34.434,410464994,sha256:10c3183ecaa6,2.7225,6085049,200,unknown
stagger,A,0,2,35,2,34.434,410464994,sha256:15991188a884,15.1765,25656055,200,unknown
stagger,A,0,2,35,2,34.434,410464994,sha256:5142ad1c6011,0.1055,250,200,unknown
stagger,A,0,2,36,2,34.433,410464994,sha256:299c82f5afaa,0.0812,6525,200,unknown
stagger,A,0,2,36,2,34.433,410464994,sha256:866771c43bf5,15.3302,49293124,200,unknown
stagger,A,0,2,36,2,34.433,410464994,sha256:ed881fbf1b07,14.7551,25614562,200,unknown
stagger,A,0,2,36,2,34.433,410464994,sha256:9da421ddeb65,18.7531,67778971,200,unknown
stagger,A,0,2,36,2,34.433,410464994,sha256:a793e3c6bce8,34.3621,236030458,200,unknown
stagger,A,0,2,36,2,34.433,410464994,sha256:10c3183ecaa6,2.7220,6085049,200,unknown
stagger,A,0,2,36,2,34.433,410464994,sha256:15991188a884,15.1719,25656055,200,unknown
stagger,A,0,2,36,2,34.433,410464994,sha256:5142ad1c6011,0.1044,250,200,unknown
stagger,A,0,2,37,2,34.434,410464994,sha256:299c82f5afaa,0.0798,6525,200,unknown
stagger,A,0,2,37,2,34.434,410464994,sha256:866771c43bf5,15.3293,49293124,200,unknown
stagger,A,0,2,37,2,34.434,410464994,sha256:ed881fbf1b07,14.7544,25614562,200,unknown
stagger,A,0,2,37,2,34.434,410464994,sha256:9da421ddeb65,18.7523,67778971,200,unknown
stagger,A,0,2,37,2,34.434,410464994,sha256:a793e3c6bce8,34.3632,236030458,200,unknown
stagger,A,0,2,37,2,34.434,410464994,sha256:10c3183ecaa6,2.7207,6085049,200,unknown
stagger,A,0,2,37,2,34.434,410464994,sha256:15991188a884,15.1740,25656055,200,unknown
stagger,A,0,2,37,2,34.434,410464994,sha256:5142ad1c6011,0.1032,250,200,unknown
stagger,A,0,2,38,2,34.433,410464994,sha256:299c82f5afaa,0.0785,6525,200,unknown
stagger,A,0,2,38,2,34.433,410464994,sha256:866771c43bf5,15.3256,49293124,200,unknown
stagger,A,0,2,38,2,34.433,410464994,sha256:ed881fbf1b07,14.7531,25614562,200,unknown
stagger,A,0,2,38,2,34.433,410464994,sha256:9da421ddeb65,18.7513,67778971,200,unknown
stagger,A,0,2,38,2,34.433,410464994,sha256:a793e3c6bce8,34.3606,236030458,200,unknown
stagger,A,0,2,38,2,34.433,410464994,sha256:10c3183ecaa6,2.7196,6085049,200,unknown
stagger,A,0,2,38,2,34.433,410464994,sha256:15991188a884,15.1699,25656055,200,unknown
stagger,A,0,2,38,2,34.433,410464994,sha256:5142ad1c6011,0.1028,250,200,unknown
stagger,A,0,2,39,2,34.433,410464994,sha256:299c82f5afaa,0.0770,6525,200,unknown
stagger,A,0,2,39,2,34.433,410464994,sha256:866771c43bf5,15.3271,49293124,200,unknown
stagger,A,0,2,39,2,34.433,410464994,sha256:ed881fbf1b07,14.7482,25614562,200,unknown
stagger,A,0,2,39,2,34.433,410464994,sha256:9da421ddeb65,18.7482,67778971,200,unknown
stagger,A,0,2,39,2,34.433,410464994,sha256:a793e3c6bce8,34.3589,236030458,200,unknown
stagger,A,0,2,39,2,34.433,410464994,sha256:10c3183ecaa6,2.7182,6085049,200,unknown
stagger,A,0,2,39,2,34.433,410464994,sha256:15991188a884,15.1721,25656055,200,unknown
stagger,A,0,2,39,2,34.433,410464994,sha256:5142ad1c6011,0.1005,250,200,unknown
stagger,A,0,2,40,2,34.433,410464994,sha256:299c82f5afaa,0.0772,6525,200,unknown
stagger,A,0,2,40,2,34.433,410464994,sha256:866771c43bf5,15.3260,49293124,200,unknown
stagger,A,0,2,40,2,34.433,410464994,sha256:ed881fbf1b07,14.7508,25614562,200,unknown
stagger,A,0,2,40,2,34.433,410464994,sha256:9da421ddeb65,18.7524,67778971,200,unknown
stagger,A,0,2,40,2,34.433,410464994,sha256:a793e3c6bce8,34.3584,236030458,200,unknown
stagger,A,0,2,40,2,34.433,410464994,sha256:10c3183ecaa6,2.7192,6085049,200,unknown
stagger,A,0,2,40,2,34.433,410464994,sha256:15991188a884,15.1709,25656055,200,unknown
stagger,A,0,2,40,2,34.433,410464994,sha256:5142ad1c6011,0.1002,250,200,unknown
stagger,A,0,2,41,2,34.434,410464994,sha256:299c82f5afaa,0.0750,6525,200,unknown
stagger,A,0,2,41,2,34.434,410464994,sha256:866771c43bf5,15.3200,49293124,200,unknown
stagger,A,0,2,41,2,34.434,410464994,sha256:ed881fbf1b07,14.7497,25614562,200,unknown
stagger,A,0,2,41,2,34.434,410464994,sha256:9da421ddeb65,18.7478,67778971,200,unknown
stagger,A,0,2,41,2,34.434,410464994,sha256:a793e3c6bce8,34.3582,236030458,200,unknown
stagger,A,0,2,41,2,34.434,410464994,sha256:10c3183ecaa6,2.7165,6085049,200,unknown
stagger,A,0,2,41,2,34.434,410464994,sha256:15991188a884,15.1698,25656055,200,unknown
stagger,A,0,2,41,2,34.434,410464994,sha256:5142ad1c6011,0.0993,250,200,unknown
stagger,A,0,2,42,2,34.433,410464994,sha256:299c82f5afaa,0.0818,6525,200,unknown
stagger,A,0,2,42,2,34.433,410464994,sha256:866771c43bf5,15.3212,49293124,200,unknown
stagger,A,0,2,42,2,34.433,410464994,sha256:ed881fbf1b07,14.7485,25614562,200,unknown
stagger,A,0,2,42,2,34.433,410464994,sha256:9da421ddeb65,18.7467,67778971,200,unknown
stagger,A,0,2,42,2,34.433,410464994,sha256:a793e3c6bce8,34.3572,236030458,200,unknown
stagger,A,0,2,42,2,34.433,410464994,sha256:10c3183ecaa6,2.7150,6085049,200,unknown
stagger,A,0,2,42,2,34.433,410464994,sha256:15991188a884,15.1630,25656055,200,unknown
stagger,A,0,2,42,2,34.433,410464994,sha256:5142ad1c6011,0.0980,250,200,unknown
stagger,A,0,2,43,2,34.433,410464994,sha256:299c82f5afaa,0.0800,6525,200,unknown
stagger,A,0,2,43,2,34.433,410464994,sha256:866771c43bf5,15.3171,49293124,200,unknown
stagger,A,0,2,43,2,34.433,410464994,sha256:ed881fbf1b07,14.7428,25614562,200,unknown
stagger,A,0,2,43,2,34.433,410464994,sha256:9da421ddeb65,18.7468,67778971,200,unknown
stagger,A,0,2,43,2,34.433,410464994,sha256:a793e3c6bce8,34.3545,236030458,200,unknown
stagger,A,0,2,43,2,34.433,410464994,sha256:10c3183ecaa6,2.7137,6085049,200,unknown
stagger,A,0,2,43,2,34.433,410464994,sha256:15991188a884,15.1635,25656055,200,unknown
stagger,A,0,2,43,2,34.433,410464994,sha256:5142ad1c6011,0.0960,250,200,unknown
stagger,A,0,2,44,2,34.432,410464994,sha256:299c82f5afaa,0.0782,6525,200,unknown
stagger,A,0,2,44,2,34.432,410464994,sha256:866771c43bf5,15.3211,49293124,200,unknown
stagger,A,0,2,44,2,34.432,410464994,sha256:ed881fbf1b07,14.7458,25614562,200,unknown
stagger,A,0,2,44,2,34.432,410464994,sha256:9da421ddeb65,18.7440,67778971,200,unknown
stagger,A,0,2,44,2,34.432,410464994,sha256:a793e3c6bce8,34.3527,236030458,200,unknown
stagger,A,0,2,44,2,34.432,410464994,sha256:10c3183ecaa6,2.7122,6085049,200,unknown
stagger,A,0,2,44,2,34.432,410464994,sha256:15991188a884,15.1660,25656055,200,unknown
stagger,A,0,2,44,2,34.432,410464994,sha256:5142ad1c6011,0.0951,250,200,unknown
stagger,A,0,2,45,2,34.433,410464994,sha256:299c82f5afaa,0.0773,6525,200,unknown
stagger,A,0,2,45,2,34.433,410464994,sha256:866771c43bf5,15.3200,49293124,200,unknown
stagger,A,0,2,45,2,34.433,410464994,sha256:ed881fbf1b07,14.7443,25614562,200,unknown
stagger,A,0,2,45,2,34.433,410464994,sha256:9da421ddeb65,18.7438,67778971,200,unknown
stagger,A,0,2,45,2,34.433,410464994,sha256:a793e3c6bce8,34.3524,236030458,200,unknown
stagger,A,0,2,45,2,34.433,410464994,sha256:10c3183ecaa6,2.7110,6085049,200,unknown
stagger,A,0,2,45,2,34.433,410464994,sha256:15991188a884,15.1647,25656055,200,unknown
stagger,A,0,2,45,2,34.433,410464994,sha256:5142ad1c6011,0.0942,250,200,unknown
stagger,A,0,2,46,2,34.433,410464994,sha256:299c82f5afaa,0.0688,6525,200,unknown
stagger,A,0,2,46,2,34.433,410464994,sha256:866771c43bf5,15.3186,49293124,200,unknown
stagger,A,0,2,46,2,34.433,410464994,sha256:ed881fbf1b07,14.7438,25614562,200,unknown
stagger,A,0,2,46,2,34.433,410464994,sha256:9da421ddeb65,18.7399,67778971,200,unknown
stagger,A,0,2,46,2,34.433,410464994,sha256:a793e3c6bce8,34.3528,236030458,200,unknown
stagger,A,0,2,46,2,34.433,410464994,sha256:10c3183ecaa6,2.7102,6085049,200,unknown
stagger,A,0,2,46,2,34.433,410464994,sha256:15991188a884,15.1639,25656055,200,unknown
stagger,A,0,2,46,2,34.433,410464994,sha256:5142ad1c6011,0.0931,250,200,unknown
stagger,A,0,2,47,2,34.433,410464994,sha256:299c82f5afaa,0.0689,6525,200,unknown
stagger,A,0,2,47,2,34.433,410464994,sha256:866771c43bf5,15.3151,49293124,200,unknown
stagger,A,0,2,47,2,34.433,410464994,sha256:ed881fbf1b07,14.7427,25614562,200,unknown
stagger,A,0,2,47,2,34.433,410464994,sha256:9da421ddeb65,18.7404,67778971,200,unknown
stagger,A,0,2,47,2,34.433,410464994,sha256:a793e3c6bce8,34.3502,236030458,200,unknown
stagger,A,0,2,47,2,34.433,410464994,sha256:10c3183ecaa6,2.7090,6085049,200,unknown
stagger,A,0,2,47,2,34.433,410464994,sha256:15991188a884,15.1623,25656055,200,unknown
stagger,A,0,2,47,2,34.433,410464994,sha256:5142ad1c6011,0.0917,250,200,unknown
stagger,A,0,2,48,2,34.433,410464994,sha256:299c82f5afaa,0.0670,6525,200,unknown
stagger,A,0,2,48,2,34.433,410464994,sha256:866771c43bf5,15.3139,49293124,200,unknown
stagger,A,0,2,48,2,34.433,410464994,sha256:ed881fbf1b07,14.7418,25614562,200,unknown
stagger,A,0,2,48,2,34.433,410464994,sha256:9da421ddeb65,18.7393,67778971,200,unknown
stagger,A,0,2,48,2,34.433,410464994,sha256:a793e3c6bce8,34.3492,236030458,200,unknown
stagger,A,0,2,48,2,34.433,410464994,sha256:10c3183ecaa6,2.7078,6085049,200,unknown
stagger,A,0,2,48,2,34.433,410464994,sha256:15991188a884,15.1581,25656055,200,unknown
stagger,A,0,2,48,2,34.433,410464994,sha256:5142ad1c6011,0.0906,250,200,unknown
stagger,A,0,2,49,2,34.433,410464994,sha256:299c82f5afaa,0.0662,6525,200,unknown
stagger,A,0,2,49,2,34.433,410464994,sha256:866771c43bf5,15.3152,49293124,200,unknown
stagger,A,0,2,49,2,34.433,410464994,sha256:ed881fbf1b07,14.7402,25614562,200,unknown
stagger,A,0,2,49,2,34.433,410464994,sha256:9da421ddeb65,18.7366,67778971,200,unknown
stagger,A,0,2,49,2,34.433,410464994,sha256:a793e3c6bce8,34.3481,236030458,200,unknown
stagger,A,0,2,49,2,34.433,410464994,sha256:10c3183ecaa6,2.7065,6085049,200,unknown
stagger,A,0,2,49,2,34.433,410464994,sha256:15991188a884,15.1602,25656055,200,unknown
stagger,A,0,2,49,2,34.433,410464994,sha256:5142ad1c6011,0.0897,250,200,unknown
stagger,A,0,3,0,1,34.468,410464994,sha256:299c82f5afaa,0.1780,6525,200,unknown
stagger,A,0,3,0,1,34.468,410464994,sha256:866771c43bf5,19.2858,49293124,200,unknown
stagger,A,0,3,0,1,34.468,410464994,sha256:ed881fbf1b07,12.2779,25614562,200,unknown
stagger,A,0,3,0,1,34.468,410464994,sha256:9da421ddeb65,24.8690,67778971,200,unknown
stagger,A,0,3,0,1,34.468,410464994,sha256:a793e3c6bce8,34.4614,236030458,200,unknown
stagger,A,0,3,0,1,34.468,410464994,sha256:10c3183ecaa6,3.5276,6085049,200,unknown
stagger,A,0,3,0,1,34.468,410464994,sha256:15991188a884,11.6117,25656055,200,unknown
stagger,A,0,3,0,1,34.468,410464994,sha256:5142ad1c6011,0.1790,250,200,unknown
stagger,A,0,3,1,1,34.469,410464994,sha256:299c82f5afaa,0.1722,6525,200,unknown
stagger,A,0,3,1,1,34.469,410464994,sha256:866771c43bf5,19.2833,49293124,200,unknown
stagger,A,0,3,1,1,34.469,410464994,sha256:ed881fbf1b07,12.2753,25614562,200,unknown
stagger,A,0,3,1,1,34.469,410464994,sha256:9da421ddeb65,24.8669,67778971,200,unknown
stagger,A,0,3,1,1,34.469,410464994,sha256:a793e3c6bce8,34.4597,236030458,200,unknown
stagger,A,0,3,1,1,34.469,410464994,sha256:10c3183ecaa6,3.5222,6085049,200,unknown
stagger,A,0,3,1,1,34.469,410464994,sha256:15991188a884,11.6149,25656055,200,unknown
stagger,A,0,3,1,1,34.469,410464994,sha256:5142ad1c6011,0.1808,250,200,unknown
stagger,A,0,3,2,1,34.466,410464994,sha256:299c82f5afaa,0.1699,6525,200,unknown
stagger,A,0,3,2,1,34.466,410464994,sha256:866771c43bf5,19.2820,49293124,200,unknown
stagger,A,0,3,2,1,34.466,410464994,sha256:ed881fbf1b07,12.2731,25614562,200,unknown
stagger,A,0,3,2,1,34.466,410464994,sha256:9da421ddeb65,24.8649,67778971,200,unknown
stagger,A,0,3,2,1,34.466,410464994,sha256:a793e3c6bce8,34.4561,236030458,200,unknown
stagger,A,0,3,2,1,34.466,410464994,sha256:10c3183ecaa6,3.5234,6085049,200,unknown
stagger,A,0,3,2,1,34.466,410464994,sha256:15991188a884,11.6069,25656055,200,unknown
stagger,A,0,3,2,1,34.466,410464994,sha256:5142ad1c6011,0.1742,250,200,unknown
stagger,A,0,3,3,1,34.468,410464994,sha256:299c82f5afaa,0.1778,6525,200,unknown
stagger,A,0,3,3,1,34.468,410464994,sha256:866771c43bf5,19.2792,49293124,200,unknown
stagger,A,0,3,3,1,34.468,410464994,sha256:ed881fbf1b07,12.2707,25614562,200,unknown
stagger,A,0,3,3,1,34.468,410464994,sha256:9da421ddeb65,24.8624,67778971,200,unknown
stagger,A,0,3,3,1,34.468,410464994,sha256:a793e3c6bce8,34.4553,236030458,200,unknown
stagger,A,0,3,3,1,34.468,410464994,sha256:10c3183ecaa6,3.5206,6085049,200,unknown
stagger,A,0,3,3,1,34.468,410464994,sha256:15991188a884,11.6077,25656055,200,unknown
stagger,A,0,3,3,1,34.468,410464994,sha256:5142ad1c6011,0.1806,250,200,unknown
stagger,A,0,3,4,1,34.468,410464994,sha256:299c82f5afaa,0.1755,6525,200,unknown
stagger,A,0,3,4,1,34.468,410464994,sha256:866771c43bf5,19.2768,49293124,200,unknown
stagger,A,0,3,4,1,34.468,410464994,sha256:ed881fbf1b07,12.2707,25614562,200,unknown
stagger,A,0,3,4,1,34.468,410464994,sha256:9da421ddeb65,24.8604,67778971,200,unknown
stagger,A,0,3,4,1,34.468,410464994,sha256:a793e3c6bce8,34.4530,236030458,200,unknown
stagger,A,0,3,4,1,34.468,410464994,sha256:10c3183ecaa6,3.5155,6085049,200,unknown
stagger,A,0,3,4,1,34.468,410464994,sha256:15991188a884,11.6082,25656055,200,unknown
stagger,A,0,3,4,1,34.468,410464994,sha256:5142ad1c6011,0.1698,250,200,unknown
stagger,A,0,3,5,1,34.468,410464994,sha256:299c82f5afaa,0.1733,6525,200,unknown
stagger,A,0,3,5,1,34.468,410464994,sha256:866771c43bf5,19.2732,49293124,200,unknown
stagger,A,0,3,5,1,34.468,410464994,sha256:ed881fbf1b07,12.2668,25614562,200,unknown
stagger,A,0,3,5,1,34.468,410464994,sha256:9da421ddeb65,24.8581,67778971,200,unknown
stagger,A,0,3,5,1,34.468,410464994,sha256:a793e3c6bce8,34.4508,236030458,200,unknown
stagger,A,0,3,5,1,34.468,410464994,sha256:10c3183ecaa6,3.5165,6085049,200,unknown
stagger,A,0,3,5,1,34.468,410464994,sha256:15991188a884,11.6059,25656055,200,unknown
stagger,A,0,3,5,1,34.468,410464994,sha256:5142ad1c6011,0.1677,250,200,unknown
stagger,A,0,3,6,1,34.466,410464994,sha256:299c82f5afaa,0.1641,6525,200,unknown
stagger,A,0,3,6,1,34.466,410464994,sha256:866771c43bf5,19.2733,49293124,200,unknown
stagger,A,0,3,6,1,34.466,410464994,sha256:ed881fbf1b07,12.2664,25614562,200,unknown
stagger,A,0,3,6,1,34.466,410464994,sha256:9da421ddeb65,24.8560,67778971,200,unknown
stagger,A,0,3,6,1,34.466,410464994,sha256:a793e3c6bce8,34.4473,236030458,200,unknown
stagger,A,0,3,6,1,34.466,410464994,sha256:10c3183ecaa6,3.5141,6085049,200,unknown
stagger,A,0,3,6,1,34.466,410464994,sha256:15991188a884,11.6006,25656055,200,unknown
stagger,A,0,3,6,1,34.466,410464994,sha256:5142ad1c6011,0.1654,250,200,unknown
stagger,A,0,3,7,1,34.468,410464994,sha256:299c82f5afaa,0.1663,6525,200,unknown
stagger,A,0,3,7,1,34.468,410464994,sha256:866771c43bf5,19.2704,49293124,200,unknown
stagger,A,0,3,7,1,34.468,410464994,sha256:ed881fbf1b07,12.2618,25614562,200,unknown
stagger,A,0,3,7,1,34.468,410464994,sha256:9da421ddeb65,24.8519,67778971,200,unknown
stagger,A,0,3,7,1,34.468,410464994,sha256:a793e3c6bce8,34.4464,236030458,200,unknown
stagger,A,0,3,7,1,34.468,410464994,sha256:10c3183ecaa6,3.5121,6085049,200,unknown
stagger,A,0,3,7,1,34.468,410464994,sha256:15991188a884,11.5985,25656055,200,unknown
stagger,A,0,3,7,1,34.468,410464994,sha256:5142ad1c6011,0.1633,250,200,unknown
stagger,A,0,3,8,1,34.468,410464994,sha256:299c82f5afaa,0.1637,6525,200,unknown
stagger,A,0,3,8,1,34.468,410464994,sha256:866771c43bf5,19.2689,49293124,200,unknown
stagger,A,0,3,8,1,34.468,410464994,sha256:ed881fbf1b07,12.2583,25614562,200,unknown
stagger,A,0,3,8,1,34.468,410464994,sha256:9da421ddeb65,24.8500,67778971,200,unknown
stagger,A,0,3,8,1,34.468,410464994,sha256:a793e3c6bce8,34.4429,236030458,200,unknown
stagger,A,0,3,8,1,34.468,410464994,sha256:10c3183ecaa6,3.5087,6085049,200,unknown
stagger,A,0,3,8,1,34.468,410464994,sha256:15991188a884,11.5978,25656055,200,unknown
stagger,A,0,3,8,1,34.468,410464994,sha256:5142ad1c6011,0.1598,250,200,unknown
stagger,A,0,3,9,1,34.467,410464994,sha256:299c82f5afaa,0.1562,6525,200,unknown
stagger,A,0,3,9,1,34.467,410464994,sha256:866771c43bf5,19.2632,49293124,200,unknown
stagger,A,0,3,9,1,34.467,410464994,sha256:ed881fbf1b07,12.2560,25614562,200,unknown
stagger,A,0,3,9,1,34.467,410464994,sha256:9da421ddeb65,24.8479,67778971,200,unknown
stagger,A,0,3,9,1,34.467,410464994,sha256:a793e3c6bce8,34.4400,236030458,200,unknown
stagger,A,0,3,9,1,34.467,410464994,sha256:10c3183ecaa6,3.5059,6085049,200,unknown
stagger,A,0,3,9,1,34.467,410464994,sha256:15991188a884,11.5927,25656055,200,unknown
stagger,A,0,3,9,1,34.467,410464994,sha256:5142ad1c6011,0.1577,250,200,unknown
stagger,A,0,3,10,1,34.468,410464994,sha256:299c82f5afaa,0.1543,6525,200,unknown
stagger,A,0,3,10,1,34.468,410464994,sha256:866771c43bf5,19.2622,49293124,200,unknown
stagger,A,0,3,10,1,34.468,410464994,sha256:ed881fbf1b07,12.2544,25614562,200,unknown
stagger,A,0,3,10,1,34.468,410464994,sha256:9da421ddeb65,24.8457,67778971,200,unknown
stagger,A,0,3,10,1,34.468,410464994,sha256:a793e3c6bce8,34.4389,236030458,200,unknown
stagger,A,0,3,10,1,34.468,410464994,sha256:10c3183ecaa6,3.5035,6085049,200,unknown
stagger,A,0,3,10,1,34.468,410464994,sha256:15991188a884,11.5879,25656055,200,unknown
stagger,A,0,3,10,1,34.468,410464994,sha256:5142ad1c6011,0.1557,250,200,unknown
stagger,A,0,3,11,1,34.468,410464994,sha256:299c82f5afaa,0.1521,6525,200,unknown
stagger,A,0,3,11,1,34.468,410464994,sha256:866771c43bf5,19.2602,49293124,200,unknown
stagger,A,0,3,11,1,34.468,410464994,sha256:ed881fbf1b07,12.2516,25614562,200,unknown
stagger,A,0,3,11,1,34.468,410464994,sha256:9da421ddeb65,24.8433,67778971,200,unknown
stagger,A,0,3,11,1,34.468,410464994,sha256:a793e3c6bce8,34.4369,236030458,200,unknown
stagger,A,0,3,11,1,34.468,410464994,sha256:10c3183ecaa6,3.5018,6085049,200,unknown
stagger,A,0,3,11,1,34.468,410464994,sha256:15991188a884,11.5912,25656055,200,unknown
stagger,A,0,3,11,1,34.468,410464994,sha256:5142ad1c6011,0.1530,250,200,unknown
stagger,A,0,3,12,1,34.466,410464994,sha256:299c82f5afaa,0.1497,6525,200,unknown
stagger,A,0,3,12,1,34.466,410464994,sha256:866771c43bf5,19.2579,49293124,200,unknown
stagger,A,0,3,12,1,34.466,410464994,sha256:ed881fbf1b07,12.2466,25614562,200,unknown
stagger,A,0,3,12,1,34.466,410464994,sha256:9da421ddeb65,24.8394,67778971,200,unknown
stagger,A,0,3,12,1,34.466,410464994,sha256:a793e3c6bce8,34.4327,236030458,200,unknown
stagger,A,0,3,12,1,34.466,410464994,sha256:10c3183ecaa6,3.4995,6085049,200,unknown
stagger,A,0,3,12,1,34.466,410464994,sha256:15991188a884,11.5861,25656055,200,unknown
stagger,A,0,3,12,1,34.466,410464994,sha256:5142ad1c6011,0.1508,250,200,unknown
stagger,A,0,3,13,1,34.467,410464994,sha256:299c82f5afaa,0.1473,6525,200,unknown
stagger,A,0,3,13,1,34.467,410464994,sha256:866771c43bf5,19.2544,49293124,200,unknown
stagger,A,0,3,13,1,34.467,410464994,sha256:ed881fbf1b07,12.2478,25614562,200,unknown
stagger,A,0,3,13,1,34.467,410464994,sha256:9da421ddeb65,24.8371,67778971,200,unknown
stagger,A,0,3,13,1,34.467,410464994,sha256:a793e3c6bce8,34.4311,236030458,200,unknown
stagger,A,0,3,13,1,34.467,410464994,sha256:10c3183ecaa6,3.4972,6085049,200,unknown
stagger,A,0,3,13,1,34.467,410464994,sha256:15991188a884,11.5837,25656055,200,unknown
stagger,A,0,3,13,1,34.467,410464994,sha256:5142ad1c6011,0.1499,250,200,unknown
stagger,A,0,3,14,1,34.468,410464994,sha256:299c82f5afaa,0.1452,6525,200,unknown
stagger,A,0,3,14,1,34.468,410464994,sha256:866771c43bf5,19.2534,49293124,200,unknown
stagger,A,0,3,14,1,34.468,410464994,sha256:ed881fbf1b07,12.2453,25614562,200,unknown
stagger,A,0,3,14,1,34.468,410464994,sha256:9da421ddeb65,24.8384,67778971,200,unknown
stagger,A,0,3,14,1,34.468,410464994,sha256:a793e3c6bce8,34.4307,236030458,200,unknown
stagger,A,0,3,14,1,34.468,410464994,sha256:10c3183ecaa6,3.4950,6085049,200,unknown
stagger,A,0,3,14,1,34.468,410464994,sha256:15991188a884,11.5847,25656055,200,unknown
stagger,A,0,3,14,1,34.468,410464994,sha256:5142ad1c6011,0.1477,250,200,unknown
stagger,A,0,3,15,1,34.467,410464994,sha256:299c82f5afaa,0.1434,6525,200,unknown
stagger,A,0,3,15,1,34.467,410464994,sha256:866771c43bf5,19.2520,49293124,200,unknown
stagger,A,0,3,15,1,34.467,410464994,sha256:ed881fbf1b07,12.2435,25614562,200,unknown
stagger,A,0,3,15,1,34.467,410464994,sha256:9da421ddeb65,24.8344,67778971,200,unknown
stagger,A,0,3,15,1,34.467,410464994,sha256:a793e3c6bce8,34.4274,236030458,200,unknown
stagger,A,0,3,15,1,34.467,410464994,sha256:10c3183ecaa6,3.4931,6085049,200,unknown
stagger,A,0,3,15,1,34.467,410464994,sha256:15991188a884,11.5768,25656055,200,unknown
stagger,A,0,3,15,1,34.467,410464994,sha256:5142ad1c6011,0.1450,250,200,unknown
stagger,A,0,3,16,1,34.467,410464994,sha256:299c82f5afaa,0.1451,6525,200,unknown
stagger,A,0,3,16,1,34.467,410464994,sha256:866771c43bf5,19.2475,49293124,200,unknown
stagger,A,0,3,16,1,34.467,410464994,sha256:ed881fbf1b07,12.2405,25614562,200,unknown
stagger,A,0,3,16,1,34.467,410464994,sha256:9da421ddeb65,24.8308,67778971,200,unknown
stagger,A,0,3,16,1,34.467,410464994,sha256:a793e3c6bce8,34.4265,236030458,200,unknown
stagger,A,0,3,16,1,34.467,410464994,sha256:10c3183ecaa6,3.4907,6085049,200,unknown
stagger,A,0,3,16,1,34.467,410464994,sha256:15991188a884,11.5748,25656055,200,unknown
stagger,A,0,3,16,1,34.467,410464994,sha256:5142ad1c6011,0.1435,250,200,unknown
stagger,A,0,3,17,1,34.467,410464994,sha256:299c82f5afaa,0.1428,6525,200,unknown
stagger,A,0,3,17,1,34.467,410464994,sha256:866771c43bf5,19.2460,49293124,200,unknown
stagger,A,0,3,17,1,34.467,410464994,sha256:ed881fbf1b07,12.2389,25614562,200,unknown
stagger,A,0,3,17,1,34.467,410464994,sha256:9da421ddeb65,24.8309,67778971,200,unknown
stagger,A,0,3,17,1,34.467,410464994,sha256:a793e3c6bce8,34.4244,236030458,200,unknown
stagger,A,0,3,17,1,34.467,410464994,sha256:10c3183ecaa6,3.4892,6085049,200,unknown
stagger,A,0,3,17,1,34.467,410464994,sha256:15991188a884,11.5790,25656055,200,unknown
stagger,A,0,3,17,1,34.467,410464994,sha256:5142ad1c6011,0.1491,250,200,unknown
stagger,A,0,3,18,1,34.467,410464994,sha256:299c82f5afaa,0.1412,6525,200,unknown
stagger,A,0,3,18,1,34.467,410464994,sha256:866771c43bf5,19.2456,49293124,200,unknown
stagger,A,0,3,18,1,34.467,410464994,sha256:ed881fbf1b07,12.2375,25614562,200,unknown
stagger,A,0,3,18,1,34.467,410464994,sha256:9da421ddeb65,24.8293,67778971,200,unknown
stagger,A,0,3,18,1,34.467,410464994,sha256:a793e3c6bce8,34.4227,236030458,200,unknown
stagger,A,0,3,18,1,34.467,410464994,sha256:10c3183ecaa6,3.4846,6085049,200,unknown
stagger,A,0,3,18,1,34.467,410464994,sha256:15991188a884,11.5771,25656055,200,unknown
stagger,A,0,3,18,1,34.467,410464994,sha256:5142ad1c6011,0.1475,250,200,unknown
stagger,A,0,3,19,1,34.467,410464994,sha256:299c82f5afaa,0.1358,6525,200,unknown
stagger,A,0,3,19,1,34.467,410464994,sha256:866771c43bf5,19.2450,49293124,200,unknown
stagger,A,0,3,19,1,34.467,410464994,sha256:ed881fbf1b07,12.2364,25614562,200,unknown
stagger,A,0,3,19,1,34.467,410464994,sha256:9da421ddeb65,24.8259,67778971,200,unknown
stagger,A,0,3,19,1,34.467,410464994,sha256:a793e3c6bce8,34.4212,236030458,200,unknown
stagger,A,0,3,19,1,34.467,410464994,sha256:10c3183ecaa6,3.4862,6085049,200,unknown
stagger,A,0,3,19,1,34.467,410464994,sha256:15991188a884,11.5726,25656055,200,unknown
stagger,A,0,3,19,1,34.467,410464994,sha256:5142ad1c6011,0.1376,250,200,unknown
stagger,A,0,3,20,1,34.465,410464994,sha256:299c82f5afaa,0.1380,6525,200,unknown
stagger,A,0,3,20,1,34.465,410464994,sha256:866771c43bf5,19.2433,49293124,200,unknown
stagger,A,0,3,20,1,34.465,410464994,sha256:ed881fbf1b07,12.2341,25614562,200,unknown
stagger,A,0,3,20,1,34.465,410464994,sha256:9da421ddeb65,24.8243,67778971,200,unknown
stagger,A,0,3,20,1,34.465,410464994,sha256:a793e3c6bce8,34.4176,236030458,200,unknown
stagger,A,0,3,20,1,34.465,410464994,sha256:10c3183ecaa6,3.4833,6085049,200,unknown
stagger,A,0,3,20,1,34.465,410464994,sha256:15991188a884,11.5697,25656055,200,unknown
stagger,A,0,3,20,1,34.465,410464994,sha256:5142ad1c6011,0.1348,250,200,unknown
stagger,A,0,3,21,1,34.466,410464994,sha256:299c82f5afaa,0.1313,6525,200,unknown
stagger,A,0,3,21,1,34.466,410464994,sha256:866771c43bf5,19.2404,49293124,200,unknown
stagger,A,0,3,21,1,34.466,410464994,sha256:ed881fbf1b07,12.2334,25614562,200,unknown
stagger,A,0,3,21,1,34.466,410464994,sha256:9da421ddeb65,24.8229,67778971,200,unknown
stagger,A,0,3,21,1,34.466,410464994,sha256:a793e3c6bce8,34.4153,236030458,200,unknown
stagger,A,0,3,21,1,34.466,410464994,sha256:10c3183ecaa6,3.4815,6085049,200,unknown
stagger,A,0,3,21,1,34.466,410464994,sha256:15991188a884,11.5711,25656055,200,unknown
stagger,A,0,3,21,1,34.466,410464994,sha256:5142ad1c6011,0.1343,250,200,unknown
stagger,A,0,3,22,1,34.467,410464994,sha256:299c82f5afaa,0.1334,6525,200,unknown
stagger,A,0,3,22,1,34.467,410464994,sha256:866771c43bf5,19.2386,49293124,200,unknown
stagger,A,0,3,22,1,34.467,410464994,sha256:ed881fbf1b07,12.2292,25614562,200,unknown
stagger,A,0,3,22,1,34.467,410464994,sha256:9da421ddeb65,24.8212,67778971,200,unknown
stagger,A,0,3,22,1,34.467,410464994,sha256:a793e3c6bce8,34.4148,236030458,200,unknown
stagger,A,0,3,22,1,34.467,410464994,sha256:10c3183ecaa6,3.4792,6085049,200,unknown
stagger,A,0,3,22,1,34.467,410464994,sha256:15991188a884,11.5696,25656055,200,unknown
stagger,A,0,3,22,1,34.467,410464994,sha256:5142ad1c6011,0.1346,250,200,unknown
stagger,A,0,3,23,1,34.465,410464994,sha256:299c82f5afaa,0.1318,6525,200,unknown
stagger,A,0,3,23,1,34.465,410464994,sha256:866771c43bf5,19.2360,49293124,200,unknown
stagger,A,0,3,23,1,34.465,410464994,sha256:ed881fbf1b07,12.2278,25614562,200,unknown
stagger,A,0,3,23,1,34.465,410464994,sha256:9da421ddeb65,24.8198,67778971,200,unknown
stagger,A,0,3,23,1,34.465,410464994,sha256:a793e3c6bce8,34.4118,236030458,200,unknown
stagger,A,0,3,23,1,34.465,410464994,sha256:10c3183ecaa6,3.4781,6085049,200,unknown
stagger,A,0,3,23,1,34.465,410464994,sha256:15991188a884,11.5650,25656055,200,unknown
stagger,A,0,3,23,1,34.465,410464994,sha256:5142ad1c6011,0.1305,250,200,unknown
stagger,A,0,3,24,1,34.466,410464994,sha256:299c82f5afaa,0.1308,6525,200,unknown
stagger,A,0,3,24,1,34.466,410464994,sha256:866771c43bf5,19.2338,49293124,200,unknown
stagger,A,0,3,24,1,34.466,410464994,sha256:ed881fbf1b07,12.2274,25614562,200,unknown
stagger,A,0,3,24,1,34.466,410464994,sha256:9da421ddeb65,24.8188,67778971,200,unknown
stagger,A,0,3,24,1,34.466,410464994,sha256:a793e3c6bce8,34.4117,236030458,200,unknown
stagger,A,0,3,24,1,34.466,410464994,sha256:10c3183ecaa6,3.4774,6085049,200,unknown
stagger,A,0,3,24,1,34.466,410464994,sha256:15991188a884,11.5674,25656055,200,unknown
stagger,A,0,3,24,1,34.466,410464994,sha256:5142ad1c6011,0.1296,250,200,unknown
stagger,A,0,3,25,2,34.465,410464994,sha256:299c82f5afaa,0.1283,6525,200,unknown
stagger,A,0,3,25,2,34.465,410464994,sha256:866771c43bf5,19.2339,49293124,200,unknown
stagger,A,0,3,25,2,34.465,410464994,sha256:ed881fbf1b07,12.2263,25614562,200,unknown
stagger,A,0,3,25,2,34.465,410464994,sha256:9da421ddeb65,24.8176,67778971,200,unknown
stagger,A,0,3,25,2,34.465,410464994,sha256:a793e3c6bce8,34.4097,236030458,200,unknown
stagger,A,0,3,25,2,34.465,410464994,sha256:10c3183ecaa6,3.4767,6085049,200,unknown
stagger,A,0,3,25,2,34.465,410464994,sha256:15991188a884,11.5604,25656055,200,unknown
stagger,A,0,3,25,2,34.465,410464994,sha256:5142ad1c6011,0.1314,250,200,unknown
stagger,A,0,3,26,2,34.464,410464994,sha256:299c82f5afaa,0.1286,6525,200,unknown
stagger,A,0,3,26,2,34.464,410464994,sha256:866771c43bf5,19.2329,49293124,200,unknown
stagger,A,0,3,26,2,34.464,410464994,sha256:ed881fbf1b07,12.2246,25614562,200,unknown
stagger,A,0,3,26,2,34.464,410464994,sha256:9da421ddeb65,24.8168,67778971,200,unknown
stagger,A,0,3,26,2,34.464,410464994,sha256:a793e3c6bce8,34.4083,236030458,200,unknown
stagger,A,0,3,26,2,34.464,410464994,sha256:10c3183ecaa6,3.4756,6085049,200,unknown
stagger,A,0,3,26,2,34.464,410464994,sha256:15991188a884,11.5620,25656055,200,unknown
stagger,A,0,3,26,2,34.464,410464994,sha256:5142ad1c6011,0.1279,250,200,unknown
stagger,A,0,3,27,2,34.466,410464994,sha256:299c82f5afaa,0.1264,6525,200,unknown
stagger,A,0,3,27,2,34.466,410464994,sha256:866771c43bf5,19.2321,49293124,200,unknown
stagger,A,0,3,27,2,34.466,410464994,sha256:ed881fbf1b07,12.2237,25614562,200,unknown
stagger,A,0,3,27,2,34.466,410464994,sha256:9da421ddeb65,24.8155,67778971,200,unknown
stagger,A,0,3,27,2,34.466,410464994,sha256:a793e3c6bce8,34.4086,236030458,200,unknown
stagger,A,0,3,27,2,34.466,410464994,sha256:10c3183ecaa6,3.4740,6085049,200,unknown
stagger,A,0,3,27,2,34.466,410464994,sha256:15991188a884,11.5643,25656055,200,unknown
stagger,A,0,3,27,2,34.466,410464994,sha256:5142ad1c6011,0.1260,250,200,unknown
stagger,A,0,3,28,2,34.467,410464994,sha256:299c82f5afaa,0.1253,6525,200,unknown
stagger,A,0,3,28,2,34.467,410464994,sha256:866771c43bf5,19.2294,49293124,200,unknown
stagger,A,0,3,28,2,34.467,410464994,sha256:ed881fbf1b07,12.2198,25614562,200,unknown
stagger,A,0,3,28,2,34.467,410464994,sha256:9da421ddeb65,24.8161,67778971,200,unknown
stagger,A,0,3,28,2,34.467,410464994,sha256:a793e3c6bce8,34.4082,236030458,200,unknown
stagger,A,0,3,28,2,34.467,410464994,sha256:10c3183ecaa6,3.4730,6085049,200,unknown
stagger,A,0,3,28,2,34.467,410464994,sha256:15991188a884,11.5574,25656055,200,unknown
stagger,A,0,3,28,2,34.467,410464994,sha256:5142ad1c6011,0.1285,250,200,unknown
stagger,A,0,3,29,2,34.464,410464994,sha256:299c82f5afaa,0.1241,6525,200,unknown
stagger,A,0,3,29,2,34.464,410464994,sha256:866771c43bf5,19.2296,49293124,200,unknown
stagger,A,0,3,29,2,34.464,410464994,sha256:ed881fbf1b07,12.2220,25614562,200,unknown
stagger,A,0,3,29,2,34.464,410464994,sha256:9da421ddeb65,24.8135,67778971,200,unknown
stagger,A,0,3,29,2,34.464,410464994,sha256:a793e3c6bce8,34.4048,236030458,200,unknown
stagger,A,0,3,29,2,34.464,410464994,sha256:10c3183ecaa6,3.4724,6085049,200,unknown
stagger,A,0,3,29,2,34.464,410464994,sha256:15991188a884,11.5621,25656055,200,unknown
stagger,A,0,3,29,2,34.464,410464994,sha256:5142ad1c6011,0.1240,250,200,unknown
stagger,A,0,3,30,2,34.466,410464994,sha256:299c82f5afaa,0.1233,6525,200,unknown
stagger,A,0,3,30,2,34.466,410464994,sha256:866771c43bf5,19.2274,49293124,200,unknown
stagger,A,0,3,30,2,34.466,410464994,sha256:ed881fbf1b07,12.2228,25614562,200,unknown
stagger,A,0,3,30,2,34.466,410464994,sha256:9da421ddeb65,24.8108,67778971,200,unknown
stagger,A,0,3,30,2,34.466,410464994,sha256:a793e3c6bce8,34.4061,236030458,200,unknown
stagger,A,0,3,30,2,34.466,410464994,sha256:10c3183ecaa6,3.4713,6085049,200,unknown
stagger,A,0,3,30,2,34.466,410464994,sha256:15991188a884,11.5581,25656055,200,unknown
stagger,A,0,3,30,2,34.466,410464994,sha256:5142ad1c6011,0.1231,250,200,unknown
stagger,A,0,3,31,2,34.466,410464994,sha256:299c82f5afaa,0.1222,6525,200,unknown
stagger,A,0,3,31,2,34.466,410464994,sha256:866771c43bf5,19.2277,49293124,200,unknown
stagger,A,0,3,31,2,34.466,410464994,sha256:ed881fbf1b07,12.2199,25614562,200,unknown
stagger,A,0,3,31,2,34.466,410464994,sha256:9da421ddeb65,24.8113,67778971,200,unknown
stagger,A,0,3,31,2,34.466,410464994,sha256:a793e3c6bce8,34.4056,236030458,200,unknown
stagger,A,0,3,31,2,34.466,410464994,sha256:10c3183ecaa6,3.4700,6085049,200,unknown
stagger,A,0,3,31,2,34.466,410464994,sha256:15991188a884,11.5566,25656055,200,unknown
stagger,A,0,3,31,2,34.466,410464994,sha256:5142ad1c6011,0.1228,250,200,unknown
stagger,A,0,3,32,2,34.465,410464994,sha256:299c82f5afaa,0.1210,6525,200,unknown
stagger,A,0,3,32,2,34.465,410464994,sha256:866771c43bf5,19.2255,49293124,200,unknown
stagger,A,0,3,32,2,34.465,410464994,sha256:ed881fbf1b07,12.2189,25614562,200,unknown
stagger,A,0,3,32,2,34.465,410464994,sha256:9da421ddeb65,24.8099,67778971,200,unknown
stagger,A,0,3,32,2,34.465,410464994,sha256:a793e3c6bce8,34.4025,236030458,200,unknown
stagger,A,0,3,32,2,34.465,410464994,sha256:10c3183ecaa6,3.4691,6085049,200,unknown
stagger,A,0,3,32,2,34.465,410464994,sha256:15991188a884,11.5531,25656055,200,unknown
stagger,A,0,3,32,2,34.465,410464994,sha256:5142ad1c6011,0.1205,250,200,unknown
stagger,A,0,3,33,2,34.466,410464994,sha256:299c82f5afaa,0.1192,6525,200,unknown
stagger,A,0,3,33,2,34.466,410464994,sha256:866771c43bf5,19.2248,49293124,200,unknown
stagger,A,0,3,33,2,34.466,410464994,sha256:ed881fbf1b07,12.2164,25614562,200,unknown
stagger,A,0,3,33,2,34.466,410464994,sha256:9da421ddeb65,24.8085,67778971,200,unknown
stagger,A,0,3,33,2,34.466,410464994,sha256:a793e3c6bce8,34.4021,236030458,200,unknown
stagger,A,0,3,33,2,34.466,410464994,sha256:10c3183ecaa6,3.4670,6085049,200,unknown
stagger,A,0,3,33,2,34.466,410464994,sha256:15991188a884,11.5570,25656055,200,unknown
stagger,A,0,3,33,2,34.466,410464994,sha256:5142ad1c6011,0.1052,250,200,unknown
stagger,A,0,3,34,2,34.464,410464994,sha256:299c82f5afaa,0.1032,6525,200,unknown
stagger,A,0,3,34,2,34.464,410464994,sha256:866771c43bf5,19.2087,49293124,200,unknown
stagger,A,0,3,34,2,34.464,410464994,sha256:ed881fbf1b07,12.2005,25614562,200,unknown
stagger,A,0,3,34,2,34.464,410464994,sha256:9da421ddeb65,24.7926,67778971,200,unknown
stagger,A,0,3,34,2,34.464,410464994,sha256:a793e3c6bce8,34.3841,236030458,200,unknown
stagger,A,0,3,34,2,34.464,410464994,sha256:10c3183ecaa6,3.4507,6085049,200,unknown
stagger,A,0,3,34,2,34.464,410464994,sha256:15991188a884,11.5377,25656055,200,unknown
stagger,A,0,3,34,2,34.464,410464994,sha256:5142ad1c6011,0.1042,250,200,unknown
stagger,A,0,3,35,2,34.466,410464994,sha256:299c82f5afaa,0.1022,6525,200,unknown
stagger,A,0,3,35,2,34.466,410464994,sha256:866771c43bf5,19.2080,49293124,200,unknown
stagger,A,0,3,35,2,34.466,410464994,sha256:ed881fbf1b07,12.1996,25614562,200,unknown
stagger,A,0,3,35,2,34.466,410464994,sha256:9da421ddeb65,24.7896,67778971,200,unknown
stagger,A,0,3,35,2,34.466,410464994,sha256:a793e3c6bce8,34.3857,236030458,200,unknown
stagger,A,0,3,35,2,34.466,410464994,sha256:10c3183ecaa6,3.4498,6085049,200,unknown
stagger,A,0,3,35,2,34.466,410464994,sha256:15991188a884,11.5368,25656055,200,unknown
stagger,A,0,3,35,2,34.466,410464994,sha256:5142ad1c6011,0.1058,250,200,unknown
stagger,A,0,3,36,2,34.466,410464994,sha256:299c82f5afaa,0.1012,6525,200,unknown
stagger,A,0,3,36,2,34.466,410464994,sha256:866771c43bf5,19.2054,49293124,200,unknown
stagger,A,0,3,36,2,34.466,410464994,sha256:ed881fbf1b07,12.2009,25614562,200,unknown
stagger,A,0,3,36,2,34.466,410464994,sha256:9da421ddeb65,24.7905,67778971,200,unknown
stagger,A,0,3,36,2,34.466,410464994,sha256:a793e3c6bce8,34.3833,236030458,200,unknown
stagger,A,0,3,36,2,34.466,410464994,sha256:10c3183ecaa6,3.4488,6085049,200,unknown
stagger,A,0,3,36,2,34.466,410464994,sha256:15991188a884,11.5387,25656055,200,unknown
stagger,A,0,3,36,2,34.466,410464994,sha256:5142ad1c6011,0.1021,250,200,unknown
stagger,A,0,3,37,2,34.466,410464994,sha256:299c82f5afaa,0.0975,6525,200,unknown
stagger,A,0,3,37,2,34.466,410464994,sha256:866771c43bf5,19.2056,49293124,200,unknown
stagger,A,0,3,37,2,34.466,410464994,sha256:ed881fbf1b07,12.1982,25614562,200,unknown
stagger,A,0,3,37,2,34.466,410464994,sha256:9da421ddeb65,24.7896,67778971,200,unknown
stagger,A,0,3,37,2,34.466,410464994,sha256:a793e3c6bce8,34.3835,236030458,200,unknown
stagger,A,0,3,37,2,34.466,410464994,sha256:10c3183ecaa6,3.4483,6085049,200,unknown
stagger,A,0,3,37,2,34.466,410464994,sha256:15991188a884,11.5345,25656055,200,unknown
stagger,A,0,3,37,2,34.466,410464994,sha256:5142ad1c6011,0.1038,250,200,unknown
stagger,A,0,3,38,2,34.465,410464994,sha256:299c82f5afaa,0.1004,6525,200,unknown
stagger,A,0,3,38,2,34.465,410464994,sha256:866771c43bf5,19.2048,49293124,200,unknown
stagger,A,0,3,38,2,34.465,410464994,sha256:ed881fbf1b07,12.1989,25614562,200,unknown
stagger,A,0,3,38,2,34.465,410464994,sha256:9da421ddeb65,24.7885,67778971,200,unknown
stagger,A,0,3,38,2,34.465,410464994,sha256:a793e3c6bce8,34.3812,236030458,200,unknown
stagger,A,0,3,38,2,34.465,410464994,sha256:10c3183ecaa6,3.4474,6085049,200,unknown
stagger,A,0,3,38,2,34.465,410464994,sha256:15991188a884,11.5368,25656055,200,unknown
stagger,A,0,3,38,2,34.465,410464994,sha256:5142ad1c6011,0.1025,250,200,unknown
stagger,A,0,3,39,2,34.463,410464994,sha256:299c82f5afaa,0.0956,6525,200,unknown
stagger,A,0,3,39,2,34.463,410464994,sha256:866771c43bf5,19.2037,49293124,200,unknown
stagger,A,0,3,39,2,34.463,410464994,sha256:ed881fbf1b07,12.1976,25614562,200,unknown
stagger,A,0,3,39,2,34.463,410464994,sha256:9da421ddeb65,24.7872,67778971,200,unknown
stagger,A,0,3,39,2,34.463,410464994,sha256:a793e3c6bce8,34.3789,236030458,200,unknown
stagger,A,0,3,39,2,34.463,410464994,sha256:10c3183ecaa6,3.4429,6085049,200,unknown
stagger,A,0,3,39,2,34.463,410464994,sha256:15991188a884,11.5302,25656055,200,unknown
stagger,A,0,3,39,2,34.463,410464994,sha256:5142ad1c6011,0.1011,250,200,unknown
stagger,A,0,3,40,2,34.465,410464994,sha256:299c82f5afaa,0.0983,6525,200,unknown
stagger,A,0,3,40,2,34.465,410464994,sha256:866771c43bf5,19.2034,49293124,200,unknown
stagger,A,0,3,40,2,34.465,410464994,sha256:ed881fbf1b07,12.1966,25614562,200,unknown
stagger,A,0,3,40,2,34.465,410464994,sha256:9da421ddeb65,24.7844,67778971,200,unknown
stagger,A,0,3,40,2,34.465,410464994,sha256:a793e3c6bce8,34.3786,236030458,200,unknown
stagger,A,0,3,40,2,34.465,410464994,sha256:10c3183ecaa6,3.4449,6085049,200,unknown
stagger,A,0,3,40,2,34.465,410464994,sha256:15991188a884,11.5349,25656055,200,unknown
stagger,A,0,3,40,2,34.465,410464994,sha256:5142ad1c6011,0.0970,250,200,unknown
stagger,A,0,3,41,2,34.466,410464994,sha256:299c82f5afaa,0.0933,6525,200,unknown
stagger,A,0,3,41,2,34.466,410464994,sha256:866771c43bf5,19.2000,49293124,200,unknown
stagger,A,0,3,41,2,34.466,410464994,sha256:ed881fbf1b07,12.1932,25614562,200,unknown
stagger,A,0,3,41,2,34.466,410464994,sha256:9da421ddeb65,24.7848,67778971,200,unknown
stagger,A,0,3,41,2,34.466,410464994,sha256:a793e3c6bce8,34.3788,236030458,200,unknown
stagger,A,0,3,41,2,34.466,410464994,sha256:10c3183ecaa6,3.4434,6085049,200,unknown
stagger,A,0,3,41,2,34.466,410464994,sha256:15991188a884,11.5334,25656055,200,unknown
stagger,A,0,3,41,2,34.466,410464994,sha256:5142ad1c6011,0.0963,250,200,unknown
stagger,A,0,3,42,2,34.465,410464994,sha256:299c82f5afaa,0.0923,6525,200,unknown
stagger,A,0,3,42,2,34.465,410464994,sha256:866771c43bf5,19.1989,49293124,200,unknown
stagger,A,0,3,42,2,34.465,410464994,sha256:ed881fbf1b07,12.1923,25614562,200,unknown
stagger,A,0,3,42,2,34.465,410464994,sha256:9da421ddeb65,24.7843,67778971,200,unknown
stagger,A,0,3,42,2,34.465,410464994,sha256:a793e3c6bce8,34.3776,236030458,200,unknown
stagger,A,0,3,42,2,34.465,410464994,sha256:10c3183ecaa6,3.4427,6085049,200,unknown
stagger,A,0,3,42,2,34.465,410464994,sha256:15991188a884,11.5268,25656055,200,unknown
stagger,A,0,3,42,2,34.465,410464994,sha256:5142ad1c6011,0.0978,250,200,unknown
stagger,A,0,3,43,2,34.465,410464994,sha256:299c82f5afaa,0.0951,6525,200,unknown
stagger,A,0,3,43,2,34.465,410464994,sha256:866771c43bf5,19.1994,49293124,200,unknown
stagger,A,0,3,43,2,34.465,410464994,sha256:ed881fbf1b07,12.1913,25614562,200,unknown
stagger,A,0,3,43,2,34.465,410464994,sha256:9da421ddeb65,24.7832,67778971,200,unknown
stagger,A,0,3,43,2,34.465,410464994,sha256:a793e3c6bce8,34.3753,236030458,200,unknown
stagger,A,0,3,43,2,34.465,410464994,sha256:10c3183ecaa6,3.4417,6085049,200,unknown
stagger,A,0,3,43,2,34.465,410464994,sha256:15991188a884,11.5283,25656055,200,unknown
stagger,A,0,3,43,2,34.465,410464994,sha256:5142ad1c6011,0.0969,250,200,unknown
stagger,A,0,3,44,2,34.465,410464994,sha256:299c82f5afaa,0.0929,6525,200,unknown
stagger,A,0,3,44,2,34.465,410464994,sha256:866771c43bf5,19.1990,49293124,200,unknown
stagger,A,0,3,44,2,34.465,410464994,sha256:ed881fbf1b07,12.1901,25614562,200,unknown
stagger,A,0,3,44,2,34.465,410464994,sha256:9da421ddeb65,24.7800,67778971,200,unknown
stagger,A,0,3,44,2,34.465,410464994,sha256:a793e3c6bce8,34.3761,236030458,200,unknown
stagger,A,0,3,44,2,34.465,410464994,sha256:10c3183ecaa6,3.4400,6085049,200,unknown
stagger,A,0,3,44,2,34.465,410464994,sha256:15991188a884,11.5241,25656055,200,unknown
stagger,A,0,3,44,2,34.465,410464994,sha256:5142ad1c6011,0.0954,250,200,unknown
stagger,A,0,3,45,2,34.465,410464994,sha256:299c82f5afaa,0.0915,6525,200,unknown
stagger,A,0,3,45,2,34.465,410464994,sha256:866771c43bf5,19.1966,49293124,200,unknown
stagger,A,0,3,45,2,34.465,410464994,sha256:ed881fbf1b07,12.1884,25614562,200,unknown
stagger,A,0,3,45,2,34.465,410464994,sha256:9da421ddeb65,24.7804,67778971,200,unknown
stagger,A,0,3,45,2,34.465,410464994,sha256:a793e3c6bce8,34.3733,236030458,200,unknown
stagger,A,0,3,45,2,34.465,410464994,sha256:10c3183ecaa6,3.4386,6085049,200,unknown
stagger,A,0,3,45,2,34.465,410464994,sha256:15991188a884,11.5259,25656055,200,unknown
stagger,A,0,3,45,2,34.465,410464994,sha256:5142ad1c6011,0.0919,250,200,unknown
stagger,A,0,3,46,2,34.463,410464994,sha256:299c82f5afaa,0.0914,6525,200,unknown
stagger,A,0,3,46,2,34.463,410464994,sha256:866771c43bf5,19.1964,49293124,200,unknown
stagger,A,0,3,46,2,34.463,410464994,sha256:ed881fbf1b07,12.1895,25614562,200,unknown
stagger,A,0,3,46,2,34.463,410464994,sha256:9da421ddeb65,24.7775,67778971,200,unknown
stagger,A,0,3,46,2,34.463,410464994,sha256:a793e3c6bce8,34.3708,236030458,200,unknown
stagger,A,0,3,46,2,34.463,410464994,sha256:10c3183ecaa6,3.4378,6085049,200,unknown
stagger,A,0,3,46,2,34.463,410464994,sha256:15991188a884,11.5246,25656055,200,unknown
stagger,A,0,3,46,2,34.463,410464994,sha256:5142ad1c6011,0.0908,250,200,unknown
stagger,A,0,3,47,2,34.465,410464994,sha256:299c82f5afaa,0.0865,6525,200,unknown
stagger,A,0,3,47,2,34.465,410464994,sha256:866771c43bf5,19.1944,49293124,200,unknown
stagger,A,0,3,47,2,34.465,410464994,sha256:ed881fbf1b07,12.1886,25614562,200,unknown
stagger,A,0,3,47,2,34.465,410464994,sha256:9da421ddeb65,24.7764,67778971,200,unknown
stagger,A,0,3,47,2,34.465,410464994,sha256:a793e3c6bce8,34.3718,236030458,200,unknown
stagger,A,0,3,47,2,34.465,410464994,sha256:10c3183ecaa6,3.4369,6085049,200,unknown
stagger,A,0,3,47,2,34.465,410464994,sha256:15991188a884,11.5235,25656055,200,unknown
stagger,A,0,3,47,2,34.465,410464994,sha256:5142ad1c6011,0.0896,250,200,unknown
stagger,A,0,3,48,2,34.465,410464994,sha256:299c82f5afaa,0.0855,6525,200,unknown
stagger,A,0,3,48,2,34.465,410464994,sha256:866771c43bf5,19.1942,49293124,200,unknown
stagger,A,0,3,48,2,34.465,410464994,sha256:ed881fbf1b07,12.1857,25614562,200,unknown
stagger,A,0,3,48,2,34.465,410464994,sha256:9da421ddeb65,24.7771,67778971,200,unknown
stagger,A,0,3,48,2,34.465,410464994,sha256:a793e3c6bce8,34.3700,236030458,200,unknown
stagger,A,0,3,48,2,34.465,410464994,sha256:10c3183ecaa6,3.4361,6085049,200,unknown
stagger,A,0,3,48,2,34.465,410464994,sha256:15991188a884,11.5197,25656055,200,unknown
stagger,A,0,3,48,2,34.465,410464994,sha256:5142ad1c6011,0.0913,250,200,unknown
stagger,A,0,3,49,2,34.465,410464994,sha256:299c82f5afaa,0.0872,6525,200,unknown
stagger,A,0,3,49,2,34.465,410464994,sha256:866771c43bf5,19.1926,49293124,200,unknown
stagger,A,0,3,49,2,34.465,410464994,sha256:ed881fbf1b07,12.1841,25614562,200,unknown
stagger,A,0,3,49,2,34.465,410464994,sha256:9da421ddeb65,24.7759,67778971,200,unknown
stagger,A,0,3,49,2,34.465,410464994,sha256:a793e3c6bce8,34.3690,236030458,200,unknown
stagger,A,0,3,49,2,34.465,410464994,sha256:10c3183ecaa6,3.4344,6085049,200,unknown
stagger,A,0,3,49,2,34.465,410464994,sha256:15991188a884,11.5215,25656055,200,unknown
stagger,A,0,3,49,2,34.465,410464994,sha256:5142ad1c6011,0.0876,250,200,unknown
stagger,B,5,1,0,1,34.436,410464994,sha256:299c82f5afaa,0.0783,6525,200,unknown
stagger,B,5,1,0,1,34.436,410464994,sha256:866771c43bf5,17.2831,49293124,200,unknown
stagger,B,5,1,0,1,34.436,410464994,sha256:ed881fbf1b07,6.7419,25614562,200,unknown
stagger,B,5,1,0,1,34.436,410464994,sha256:9da421ddeb65,19.8775,67778971,200,unknown
stagger,B,5,1,0,1,34.436,410464994,sha256:a793e3c6bce8,34.4314,236030458,200,unknown
stagger,B,5,1,0,1,34.436,410464994,sha256:10c3183ecaa6,6.6407,6085049,200,unknown
stagger,B,5,1,0,1,34.436,410464994,sha256:15991188a884,8.8007,25656055,200,unknown
stagger,B,5,1,0,1,34.436,410464994,sha256:5142ad1c6011,0.0812,250,200,unknown
stagger,B,5,1,1,1,34.436,410464994,sha256:299c82f5afaa,0.0805,6525,200,unknown
stagger,B,5,1,1,1,34.436,410464994,sha256:866771c43bf5,17.1094,49293124,200,unknown
stagger,B,5,1,1,1,34.436,410464994,sha256:ed881fbf1b07,9.5312,25614562,200,unknown
stagger,B,5,1,1,1,34.436,410464994,sha256:9da421ddeb65,19.8749,67778971,200,unknown
stagger,B,5,1,1,1,34.436,410464994,sha256:a793e3c6bce8,34.4291,236030458,200,unknown
stagger,B,5,1,1,1,34.436,410464994,sha256:10c3183ecaa6,7.5775,6085049,200,unknown
stagger,B,5,1,1,1,34.436,410464994,sha256:15991188a884,8.6817,25656055,200,unknown
stagger,B,5,1,1,1,34.436,410464994,sha256:5142ad1c6011,0.0807,250,200,unknown
stagger,B,5,1,2,1,34.435,410464994,sha256:299c82f5afaa,0.0784,6525,200,unknown
stagger,B,5,1,2,1,34.435,410464994,sha256:866771c43bf5,17.4117,49293124,200,unknown
stagger,B,5,1,2,1,34.435,410464994,sha256:ed881fbf1b07,6.8156,25614562,200,unknown
stagger,B,5,1,2,1,34.435,410464994,sha256:9da421ddeb65,21.7184,67778971,200,unknown
stagger,B,5,1,2,1,34.435,410464994,sha256:a793e3c6bce8,34.4266,236030458,200,unknown
stagger,B,5,1,2,1,34.435,410464994,sha256:10c3183ecaa6,6.6397,6085049,200,unknown
stagger,B,5,1,2,1,34.435,410464994,sha256:15991188a884,10.9045,25656055,200,unknown
stagger,B,5,1,2,1,34.435,410464994,sha256:5142ad1c6011,0.0766,250,200,unknown
stagger,B,5,1,3,1,34.435,410464994,sha256:299c82f5afaa,0.0720,6525,200,unknown
stagger,B,5,1,3,1,34.435,410464994,sha256:866771c43bf5,20.2271,49293124,200,unknown
stagger,B,5,1,3,1,34.435,410464994,sha256:ed881fbf1b07,7.6909,25614562,200,unknown
stagger,B,5,1,3,1,34.435,410464994,sha256:9da421ddeb65,22.0210,67778971,200,unknown
stagger,B,5,1,3,1,34.435,410464994,sha256:a793e3c6bce8,34.4232,236030458,200,unknown
stagger,B,5,1,3,1,34.435,410464994,sha256:10c3183ecaa6,6.6339,6085049,200,unknown
stagger,B,5,1,3,1,34.435,410464994,sha256:15991188a884,8.7350,25656055,200,unknown
stagger,B,5,1,3,1,34.435,410464994,sha256:5142ad1c6011,0.0755,250,200,unknown
stagger,B,5,1,4,1,34.435,410464994,sha256:299c82f5afaa,0.0737,6525,200,unknown
stagger,B,5,1,4,1,34.435,410464994,sha256:866771c43bf5,21.7890,49293124,200,unknown
stagger,B,5,1,4,1,34.435,410464994,sha256:ed881fbf1b07,6.6858,25614562,200,unknown
stagger,B,5,1,4,1,34.435,410464994,sha256:9da421ddeb65,21.8145,67778971,200,unknown
stagger,B,5,1,4,1,34.435,410464994,sha256:a793e3c6bce8,34.4209,236030458,200,unknown
stagger,B,5,1,4,1,34.435,410464994,sha256:10c3183ecaa6,6.6316,6085049,200,unknown
stagger,B,5,1,4,1,34.435,410464994,sha256:15991188a884,8.5211,25656055,200,unknown
stagger,B,5,1,4,1,34.435,410464994,sha256:5142ad1c6011,0.0742,250,200,unknown
stagger,B,5,1,5,1,34.435,410464994,sha256:299c82f5afaa,0.0680,6525,200,unknown
stagger,B,5,1,5,1,34.435,410464994,sha256:866771c43bf5,17.2447,49293124,200,unknown
stagger,B,5,1,5,1,34.435,410464994,sha256:ed881fbf1b07,8.9755,25614562,200,unknown
stagger,B,5,1,5,1,34.435,410464994,sha256:9da421ddeb65,21.9406,67778971,200,unknown
stagger,B,5,1,5,1,34.435,410464994,sha256:a793e3c6bce8,34.4204,236030458,200,unknown
stagger,B,5,1,5,1,34.435,410464994,sha256:10c3183ecaa6,6.6330,6085049,200,unknown
stagger,B,5,1,5,1,34.435,410464994,sha256:15991188a884,8.1111,25656055,200,unknown
stagger,B,5,1,5,1,34.435,410464994,sha256:5142ad1c6011,0.0700,250,200,unknown
stagger,B,5,1,6,1,34.435,410464994,sha256:299c82f5afaa,0.0682,6525,200,unknown
stagger,B,5,1,6,1,34.435,410464994,sha256:866771c43bf5,17.1286,49293124,200,unknown
stagger,B,5,1,6,1,34.435,410464994,sha256:ed881fbf1b07,7.7419,25614562,200,unknown
stagger,B,5,1,6,1,34.435,410464994,sha256:9da421ddeb65,20.9588,67778971,200,unknown
stagger,B,5,1,6,1,34.435,410464994,sha256:a793e3c6bce8,34.4163,236030458,200,unknown
stagger,B,5,1,6,1,34.435,410464994,sha256:10c3183ecaa6,6.6271,6085049,200,unknown
stagger,B,5,1,6,1,34.435,410464994,sha256:15991188a884,8.6544,25656055,200,unknown
stagger,B,5,1,6,1,34.435,410464994,sha256:5142ad1c6011,0.0694,250,200,unknown
stagger,B,5,1,7,1,34.435,410464994,sha256:299c82f5afaa,0.0632,6525,200,unknown
stagger,B,5,1,7,1,34.435,410464994,sha256:866771c43bf5,17.2491,49293124,200,unknown
stagger,B,5,1,7,1,34.435,410464994,sha256:ed881fbf1b07,9.0934,25614562,200,unknown
stagger,B,5,1,7,1,34.435,410464994,sha256:9da421ddeb65,19.8618,67778971,200,unknown
stagger,B,5,1,7,1,34.435,410464994,sha256:a793e3c6bce8,34.4157,236030458,200,unknown
stagger,B,5,1,7,1,34.435,410464994,sha256:10c3183ecaa6,6.6284,6085049,200,unknown
stagger,B,5,1,7,1,34.435,410464994,sha256:15991188a884,13.1383,25656055,200,unknown
stagger,B,5,1,7,1,34.435,410464994,sha256:5142ad1c6011,0.0657,250,200,unknown
stagger,B,5,1,8,1,34.435,410464994,sha256:299c82f5afaa,0.0616,6525,200,unknown
stagger,B,5,1,8,1,34.435,410464994,sha256:866771c43bf5,17.0864,49293124,200,unknown
stagger,B,5,1,8,1,34.435,410464994,sha256:ed881fbf1b07,8.0711,25614562,200,unknown
stagger,B,5,1,8,1,34.435,410464994,sha256:9da421ddeb65,21.9409,67778971,200,unknown
stagger,B,5,1,8,1,34.435,410464994,sha256:a793e3c6bce8,34.4123,236030458,200,unknown
stagger,B,5,1,8,1,34.435,410464994,sha256:10c3183ecaa6,6.6229,6085049,200,unknown
stagger,B,5,1,8,1,34.435,410464994,sha256:15991188a884,12.9489,25656055,200,unknown
stagger,B,5,1,8,1,34.435,410464994,sha256:5142ad1c6011,0.0642,250,200,unknown
stagger,B,5,1,9,1,34.435,410464994,sha256:299c82f5afaa,0.0629,6525,200,unknown
stagger,B,5,1,9,1,34.435,410464994,sha256:866771c43bf5,21.8364,49293124,200,unknown
stagger,B,5,1,9,1,34.435,410464994,sha256:ed881fbf1b07,6.6213,25614562,200,unknown
stagger,B,5,1,9,1,34.435,410464994,sha256:9da421ddeb65,20.8643,67778971,200,unknown
stagger,B,5,1,9,1,34.435,410464994,sha256:a793e3c6bce8,34.4116,236030458,200,unknown
stagger,B,5,1,9,1,34.435,410464994,sha256:10c3183ecaa6,6.6247,6085049,200,unknown
stagger,B,5,1,9,1,34.435,410464994,sha256:15991188a884,13.7918,25656055,200,unknown
stagger,B,5,1,9,1,34.435,410464994,sha256:5142ad1c6011,0.0633,250,200,unknown
stagger,B,5,1,10,1,34.434,410464994,sha256:299c82f5afaa,0.0596,6525,200,unknown
stagger,B,5,1,10,1,34.434,410464994,sha256:866771c43bf5,17.0795,49293124,200,unknown
stagger,B,5,1,10,1,34.434,410464994,sha256:ed881fbf1b07,8.4012,25614562,200,unknown
stagger,B,5,1,10,1,34.434,410464994,sha256:9da421ddeb65,20.9511,67778971,200,unknown
stagger,B,5,1,10,1,34.434,410464994,sha256:a793e3c6bce8,34.4058,236030458,200,unknown
stagger,B,5,1,10,1,34.434,410464994,sha256:10c3183ecaa6,6.6206,6085049,200,unknown
stagger,B,5,1,10,1,34.434,410464994,sha256:15991188a884,12.9760,25656055,200,unknown
stagger,B,5,1,10,1,34.434,410464994,sha256:5142ad1c6011,0.0593,250,200,unknown
stagger,B,5,1,11,1,34.435,410464994,sha256:299c82f5afaa,0.0534,6525,200,unknown
stagger,B,5,1,11,1,34.435,410464994,sha256:866771c43bf5,17.0755,49293124,200,unknown
stagger,B,5,1,11,1,34.435,410464994,sha256:ed881fbf1b07,8.8987,25614562,200,unknown
stagger,B,5,1,11,1,34.435,410464994,sha256:9da421ddeb65,19.8510,67778971,200,unknown
stagger,B,5,1,11,1,34.435,410464994,sha256:a793e3c6bce8,34.4050,236030458,200,unknown
stagger,B,5,1,11,1,34.435,410464994,sha256:10c3183ecaa6,6.6217,6085049,200,unknown
stagger,B,5,1,11,1,34.435,410464994,sha256:15991188a884,10.7553,25656055,200,unknown
stagger,B,5,1,11,1,34.435,410464994,sha256:5142ad1c6011,0.0562,250,200,unknown
stagger,B,5,1,12,1,34.435,410464994,sha256:299c82f5afaa,0.0512,6525,200,unknown
stagger,B,5,1,12,1,34.435,410464994,sha256:866771c43bf5,17.1866,49293124,200,unknown
stagger,B,5,1,12,1,34.435,410464994,sha256:ed881fbf1b07,8.9072,25614562,200,unknown
stagger,B,5,1,12,1,34.435,410464994,sha256:9da421ddeb65,21.5340,67778971,200,unknown
stagger,B,5,1,12,1,34.435,410464994,sha256:a793e3c6bce8,34.4037,236030458,200,unknown
stagger,B,5,1,12,1,34.435,410464994,sha256:10c3183ecaa6,6.6123,6085049,200,unknown
stagger,B,5,1,12,1,34.435,410464994,sha256:15991188a884,9.0099,25656055,200,unknown
stagger,B,5,1,12,1,34.435,410464994,sha256:5142ad1c6011,0.0537,250,200,unknown
stagger,B,5,1,13,1,34.434,410464994,sha256:299c82f5afaa,0.0512,6525,200,unknown
stagger,B,5,1,13,1,34.434,410464994,sha256:866771c43bf5,17.0853,49293124,200,unknown
stagger,B,5,1,13,1,34.434,410464994,sha256:ed881fbf1b07,9.0408,25614562,200,unknown
stagger,B,5,1,13,1,34.434,410464994,sha256:9da421ddeb65,21.3080,67778971,200,unknown
stagger,B,5,1,13,1,34.434,410464994,sha256:a793e3c6bce8,34.4009,236030458,200,unknown
stagger,B,5,1,13,1,34.434,410464994,sha256:10c3183ecaa6,6.6172,6085049,200,unknown
stagger,B,5,1,13,1,34.434,410464994,sha256:15991188a884,12.0631,25656055,200,unknown
stagger,B,5,1,13,1,34.434,410464994,sha256:5142ad1c6011,0.0516,250,200,unknown
stagger,B,5,1,14,1,34.434,410464994,sha256:299c82f5afaa,0.0467,6525,200,unknown
stagger,B,5,1,14,1,34.434,410464994,sha256:866771c43bf5,17.2764,49293124,200,unknown
stagger,B,5,1,14,1,34.434,410464994,sha256:ed881fbf1b07,8.4303,25614562,200,unknown
stagger,B,5,1,14,1,34.434,410464994,sha256:9da421ddeb65,21.7381,67778971,200,unknown
stagger,B,5,1,14,1,34.434,410464994,sha256:a793e3c6bce8,34.3987,236030458,200,unknown
stagger,B,5,1,14,1,34.434,410464994,sha256:10c3183ecaa6,6.6079,6085049,200,unknown
stagger,B,5,1,14,1,34.434,410464994,sha256:15991188a884,8.5094,25656055,200,unknown
stagger,B,5,1,14,1,34.434,410464994,sha256:5142ad1c6011,0.0498,250,200,unknown
stagger,B,5,1,15,1,34.434,410464994,sha256:299c82f5afaa,0.0471,6525,200,unknown
stagger,B,5,1,15,1,34.434,410464994,sha256:866771c43bf5,21.5114,49293124,200,unknown
stagger,B,5,1,15,1,34.434,410464994,sha256:ed881fbf1b07,9.3112,25614562,200,unknown
stagger,B,5,1,15,1,34.434,410464994,sha256:9da421ddeb65,19.8427,67778971,200,unknown
stagger,B,5,1,15,1,34.434,410464994,sha256:a793e3c6bce8,34.3963,236030458,200,unknown
stagger,B,5,1,15,1,34.434,410464994,sha256:10c3183ecaa6,6.6058,6085049,200,unknown
stagger,B,5,1,15,1,34.434,410464994,sha256:15991188a884,8.3115,25656055,200,unknown
stagger,B,5,1,15,1,34.434,410464994,sha256:5142ad1c6011,0.0474,250,200,unknown
stagger,B,5,1,16,1,34.434,410464994,sha256:299c82f5afaa,0.0456,6525,200,unknown
stagger,B,5,1,16,1,34.434,410464994,sha256:866771c43bf5,20.5769,49293124,200,unknown
stagger,B,5,1,16,1,34.434,410464994,sha256:ed881fbf1b07,7.5093,25614562,200,unknown
stagger,B,5,1,16,1,34.434,410464994,sha256:9da421ddeb65,19.8406,67778971,200,unknown
stagger,B,5,1,16,1,34.434,410464994,sha256:a793e3c6bce8,34.3946,236030458,200,unknown
stagger,B,5,1,16,1,34.434,410464994,sha256:10c3183ecaa6,6.6040,6085049,200,unknown
stagger,B,5,1,16,1,34.434,410464994,sha256:15991188a884,8.8729,25656055,200,unknown
stagger,B,5,1,16,1,34.434,410464994,sha256:5142ad1c6011,0.0449,250,200,unknown
stagger,B,5,1,17,1,34.434,410464994,sha256:299c82f5afaa,0.0412,6525,200,unknown
stagger,B,5,1,17,1,34.434,410464994,sha256:866771c43bf5,17.0615,49293124,200,unknown
stagger,B,5,1,17,1,34.434,410464994,sha256:ed881fbf1b07,6.7417,25614562,200,unknown
stagger,B,5,1,17,1,34.434,410464994,sha256:9da421ddeb65,19.8392,67778971,200,unknown
stagger,B,5,1,17,1,34.434,410464994,sha256:a793e3c6bce8,34.3931,236030458,200,unknown
stagger,B,5,1,17,1,34.434,410464994,sha256:10c3183ecaa6,6.6025,6085049,200,unknown
stagger,B,5,1,17,1,34.434,410464994,sha256:15991188a884,8.9849,25656055,200,unknown
stagger,B,5,1,17,1,34.434,410464994,sha256:5142ad1c6011,0.0442,250,200,unknown
stagger,B,5,1,18,1,34.434,410464994,sha256:299c82f5afaa,0.0400,6525,200,unknown
stagger,B,5,1,18,1,34.434,410464994,sha256:866771c43bf5,20.3289,49293124,200,unknown
stagger,B,5,1,18,1,34.434,410464994,sha256:ed881fbf1b07,8.7358,25614562,200,unknown
stagger,B,5,1,18,1,34.434,410464994,sha256:9da421ddeb65,19.8377,67778971,200,unknown
stagger,B,5,1,18,1,34.434,410464994,sha256:a793e3c6bce8,34.3913,236030458,200,unknown
stagger,B,5,1,18,1,34.434,410464994,sha256:10c3183ecaa6,6.6083,6085049,200,unknown
stagger,B,5,1,18,1,34.434,410464994,sha256:15991188a884,8.5813,25656055,200,unknown
stagger,B,5,1,18,1,34.434,410464994,sha256:5142ad1c6011,0.0423,250,200,unknown
stagger,B,5,1,19,1,34.433,410464994,sha256:299c82f5afaa,0.0410,6525,200,unknown
stagger,B,5,1,19,1,34.433,410464994,sha256:866771c43bf5,19.8478,49293124,200,unknown
stagger,B,5,1,19,1,34.433,410464994,sha256:ed881fbf1b07,8.2291,25614562,200,unknown
stagger,B,5,1,19,1,34.433,410464994,sha256:9da421ddeb65,19.8358,67778971,200,unknown
stagger,B,5,1,19,1,34.433,410464994,sha256:a793e3c6bce8,34.3884,236030458,200,unknown
stagger,B,5,1,19,1,34.433,410464994,sha256:10c3183ecaa6,6.5992,6085049,200,unknown
stagger,B,5,1,19,1,34.433,410464994,sha256:15991188a884,8.2577,25656055,200,unknown
stagger,B,5,1,19,1,34.433,410464994,sha256:5142ad1c6011,0.0409,250,200,unknown
stagger,B,5,1,20,1,34.434,410464994,sha256:299c82f5afaa,0.0396,6525,200,unknown
stagger,B,5,1,20,1,34.434,410464994,sha256:866771c43bf5,20.8453,49293124,200,unknown
stagger,B,5,1,20,1,34.434,410464994,sha256:ed881fbf1b07,7.2841,25614562,200,unknown
stagger,B,5,1,20,1,34.434,410464994,sha256:9da421ddeb65,19.9006,67778971,200,unknown
stagger,B,5,1,20,1,34.434,410464994,sha256:a793e3c6bce8,34.3883,236030458,200,unknown
stagger,B,5,1,20,1,34.434,410464994,sha256:10c3183ecaa6,6.5976,6085049,200,unknown
stagger,B,5,1,20,1,34.434,410464994,sha256:15991188a884,8.2979,25656055,200,unknown
stagger,B,5,1,20,1,34.434,410464994,sha256:5142ad1c6011,0.0402,250,200,unknown
stagger,B,5,1,21,1,34.434,410464994,sha256:299c82f5afaa,0.0364,6525,200,unknown
stagger,B,5,1,21,1,34.434,410464994,sha256:866771c43bf5,17.2112,49293124,200,unknown
stagger,B,5,1,21,1,34.434,410464994,sha256:ed881fbf1b07,7.2734,25614562,200,unknown
stagger,B,5,1,21,1,34.434,410464994,sha256:9da421ddeb65,21.4601,67778971,200,unknown
stagger,B,5,1,21,1,34.434,410464994,sha256:a793e3c6bce8,34.3870,236030458,200,unknown
stagger,B,5,1,21,1,34.434,410464994,sha256:10c3183ecaa6,6.6000,6085049,200,unknown
stagger,B,5,1,21,1,34.434,410464994,sha256:15991188a884,8.3641,25656055,200,unknown
stagger,B,5,1,21,1,34.434,410464994,sha256:5142ad1c6011,0.0376,250,200,unknown
stagger,B,5,1,22,1,34.434,410464994,sha256:299c82f5afaa,0.0347,6525,200,unknown
stagger,B,5,1,22,1,34.434,410464994,sha256:866771c43bf5,17.0551,49293124,200,unknown
stagger,B,5,1,22,1,34.434,410464994,sha256:ed881fbf1b07,6.7896,25614562,200,unknown
stagger,B,5,1,22,1,34.434,410464994,sha256:9da421ddeb65,21.9579,67778971,200,unknown
stagger,B,5,1,22,1,34.434,410464994,sha256:a793e3c6bce8,34.3859,236030458,200,unknown
stagger,B,5,1,22,1,34.434,410464994,sha256:10c3183ecaa6,7.0307,6085049,200,unknown
stagger,B,5,1,22,1,34.434,410464994,sha256:15991188a884,8.7890,25656055,200,unknown
stagger,B,5,1,22,1,34.434,410464994,sha256:5142ad1c6011,0.0360,250,200,unknown
stagger,B,5,1,23,1,34.433,410464994,sha256:299c82f5afaa,0.0306,6525,200,unknown
stagger,B,5,1,23,1,34.433,410464994,sha256:866771c43bf5,17.0525,49293124,200,unknown
stagger,B,5,1,23,1,34.433,410464994,sha256:ed881fbf1b07,7.2535,25614562,200,unknown
stagger,B,5,1,23,1,34.433,410464994,sha256:9da421ddeb65,21.6923,67778971,200,unknown
stagger,B,5,1,23,1,34.433,410464994,sha256:a793e3c6bce8,34.3813,236030458,200,unknown
stagger,B,5,1,23,1,34.433,410464994,sha256:10c3183ecaa6,6.5991,6085049,200,unknown
stagger,B,5,1,23,1,34.433,410464994,sha256:15991188a884,8.3087,25656055,200,unknown
stagger,B,5,1,23,1,34.433,410464994,sha256:5142ad1c6011,0.0334,250,200,unknown
stagger,B,5,1,24,1,34.434,410464994,sha256:299c82f5afaa,0.0308,6525,200,unknown
stagger,B,5,1,24,1,34.434,410464994,sha256:866771c43bf5,19.1542,49293124,200,unknown
stagger,B,5,1,24,1,34.434,410464994,sha256:ed881fbf1b07,6.9391,25614562,200,unknown
stagger,B,5,1,24,1,34.434,410464994,sha256:9da421ddeb65,19.8271,67778971,200,unknown
stagger,B,5,1,24,1,34.434,410464994,sha256:a793e3c6bce8,34.3813,236030458,200,unknown
stagger,B,5,1,24,1,34.434,410464994,sha256:10c3183ecaa6,6.5905,6085049,200,unknown
stagger,B,5,1,24,1,34.434,410464994,sha256:15991188a884,12.6992,25656055,200,unknown
stagger,B,5,1,24,1,34.434,410464994,sha256:5142ad1c6011,0.0324,250,200,unknown
stagger,B,5,1,25,2,29.433,410464994,sha256:299c82f5afaa,0.0575,6525,200,unknown
stagger,B,5,1,25,2,29.433,410464994,sha256:866771c43bf5,16.5848,49293124,200,unknown
stagger,B,5,1,25,2,29.433,410464994,sha256:ed881fbf1b07,8.9676,25614562,200,unknown
stagger,B,5,1,25,2,29.433,410464994,sha256:9da421ddeb65,16.0726,67778971,200,unknown
stagger,B,5,1,25,2,29.433,410464994,sha256:a793e3c6bce8,29.4303,236030458,200,unknown
stagger,B,5,1,25,2,29.433,410464994,sha256:10c3183ecaa6,6.2278,6085049,200,unknown
stagger,B,5,1,25,2,29.433,410464994,sha256:15991188a884,5.7357,25656055,200,unknown
stagger,B,5,1,25,2,29.433,410464994,sha256:5142ad1c6011,0.0564,250,200,unknown
stagger,B,5,1,26,2,29.433,410464994,sha256:299c82f5afaa,0.0576,6525,200,unknown
stagger,B,5,1,26,2,29.433,410464994,sha256:866771c43bf5,15.3763,49293124,200,unknown
stagger,B,5,1,26,2,29.433,410464994,sha256:ed881fbf1b07,16.1502,25614562,200,unknown
stagger,B,5,1,26,2,29.433,410464994,sha256:9da421ddeb65,15.4806,67778971,200,unknown
stagger,B,5,1,26,2,29.433,410464994,sha256:a793e3c6bce8,29.4293,236030458,200,unknown
stagger,B,5,1,26,2,29.433,410464994,sha256:10c3183ecaa6,2.2280,6085049,200,unknown
stagger,B,5,1,26,2,29.433,410464994,sha256:15991188a884,7.7935,25656055,200,unknown
stagger,B,5,1,26,2,29.433,410464994,sha256:5142ad1c6011,0.0603,250,200,unknown
stagger,B,5,1,27,2,29.433,410464994,sha256:299c82f5afaa,0.0555,6525,200,unknown
stagger,B,5,1,27,2,29.433,410464994,sha256:866771c43bf5,16.4170,49293124,200,unknown
stagger,B,5,1,27,2,29.433,410464994,sha256:ed881fbf1b07,6.5410,25614562,200,unknown
stagger,B,5,1,27,2,29.433,410464994,sha256:9da421ddeb65,14.8739,67778971,200,unknown
stagger,B,5,1,27,2,29.433,410464994,sha256:a793e3c6bce8,29.4281,236030458,200,unknown
stagger,B,5,1,27,2,29.433,410464994,sha256:10c3183ecaa6,1.6411,6085049,200,unknown
stagger,B,5,1,27,2,29.433,410464994,sha256:15991188a884,7.1100,25656055,200,unknown
stagger,B,5,1,27,2,29.433,410464994,sha256:5142ad1c6011,0.0587,250,200,unknown
stagger,B,5,1,28,2,29.433,410464994,sha256:299c82f5afaa,0.0979,6525,200,unknown
stagger,B,5,1,28,2,29.433,410464994,sha256:866771c43bf5,14.9013,49293124,200,unknown
stagger,B,5,1,28,2,29.433,410464994,sha256:ed881fbf1b07,13.6121,25614562,200,unknown
stagger,B,5,1,28,2,29.433,410464994,sha256:9da421ddeb65,16.8278,67778971,200,unknown
stagger,B,5,1,28,2,29.433,410464994,sha256:a793e3c6bce8,29.4254,236030458,200,unknown
stagger,B,5,1,28,2,29.433,410464994,sha256:10c3183ecaa6,1.6388,6085049,200,unknown
stagger,B,5,1,28,2,29.433,410464994,sha256:15991188a884,7.9810,25656055,200,unknown
stagger,B,5,1,28,2,29.433,410464994,sha256:5142ad1c6011,0.0521,250,200,unknown
stagger,B,5,1,29,2,29.433,410464994,sha256:299c82f5afaa,0.0517,6525,200,unknown
stagger,B,5,1,29,2,29.433,410464994,sha256:866771c43bf5,16.3155,49293124,200,unknown
stagger,B,5,1,29,2,29.433,410464994,sha256:ed881fbf1b07,14.0825,25614562,200,unknown
stagger,B,5,1,29,2,29.433,410464994,sha256:9da421ddeb65,15.4060,67778971,200,unknown
stagger,B,5,1,29,2,29.433,410464994,sha256:a793e3c6bce8,29.4244,236030458,200,unknown
stagger,B,5,1,29,2,29.433,410464994,sha256:10c3183ecaa6,1.6379,6085049,200,unknown
stagger,B,5,1,29,2,29.433,410464994,sha256:15991188a884,7.6411,25656055,200,unknown
stagger,B,5,1,29,2,29.433,410464994,sha256:5142ad1c6011,0.0539,250,200,unknown
stagger,B,5,1,30,2,29.433,410464994,sha256:299c82f5afaa,0.0508,6525,200,unknown
stagger,B,5,1,30,2,29.433,410464994,sha256:866771c43bf5,14.2381,49293124,200,unknown
stagger,B,5,1,30,2,29.433,410464994,sha256:ed881fbf1b07,16.1528,25614562,200,unknown
stagger,B,5,1,30,2,29.433,410464994,sha256:9da421ddeb65,15.5838,67778971,200,unknown
stagger,B,5,1,30,2,29.433,410464994,sha256:a793e3c6bce8,29.4232,236030458,200,unknown
stagger,B,5,1,30,2,29.433,410464994,sha256:10c3183ecaa6,4.0618,6085049,200,unknown
stagger,B,5,1,30,2,29.433,410464994,sha256:15991188a884,13.9671,25656055,200,unknown
stagger,B,5,1,30,2,29.433,410464994,sha256:5142ad1c6011,0.0561,250,200,unknown
stagger,B,5,1,31,2,29.433,410464994,sha256:299c82f5afaa,0.0499,6525,200,unknown
stagger,B,5,1,31,2,29.433,410464994,sha256:866771c43bf5,15.7516,49293124,200,unknown
stagger,B,5,1,31,2,29.433,410464994,sha256:ed881fbf1b07,8.4940,25614562,200,unknown
stagger,B,5,1,31,2,29.433,410464994,sha256:9da421ddeb65,16.2468,67778971,200,unknown
stagger,B,5,1,31,2,29.433,410464994,sha256:a793e3c6bce8,29.4222,236030458,200,unknown
stagger,B,5,1,31,2,29.433,410464994,sha256:10c3183ecaa6,1.6357,6085049,200,unknown
stagger,B,5,1,31,2,29.433,410464994,sha256:15991188a884,14.2716,25656055,200,unknown
stagger,B,5,1,31,2,29.433,410464994,sha256:5142ad1c6011,0.0578,250,200,unknown
stagger,B,5,1,32,2,29.433,410464994,sha256:299c82f5afaa,0.0580,6525,200,unknown
stagger,B,5,1,32,2,29.433,410464994,sha256:866771c43bf5,16.9473,49293124,200,unknown
stagger,B,5,1,32,2,29.433,410464994,sha256:ed881fbf1b07,9.4354,25614562,200,unknown
stagger,B,5,1,32,2,29.433,410464994,sha256:9da421ddeb65,15.8832,67778971,200,unknown
stagger,B,5,1,32,2,29.433,410464994,sha256:a793e3c6bce8,29.4211,236030458,200,unknown
stagger,B,5,1,32,2,29.433,410464994,sha256:10c3183ecaa6,3.7390,6085049,200,unknown
stagger,B,5,1,32,2,29.433,410464994,sha256:15991188a884,8.5063,25656055,200,unknown
stagger,B,5,1,32,2,29.433,410464994,sha256:5142ad1c6011,0.0566,250,200,unknown
stagger,B,5,1,33,2,29.433,410464994,sha256:299c82f5afaa,0.1006,6525,200,unknown
stagger,B,5,1,33,2,29.433,410464994,sha256:866771c43bf5,15.3898,49293124,200,unknown
stagger,B,5,1,33,2,29.433,410464994,sha256:ed881fbf1b07,11.3808,25614562,200,unknown
stagger,B,5,1,33,2,29.433,410464994,sha256:9da421ddeb65,15.6142,67778971,200,unknown
stagger,B,5,1,33,2,29.433,410464994,sha256:a793e3c6bce8,29.4203,236030458,200,unknown
stagger,B,5,1,33,2,29.433,410464994,sha256:10c3183ecaa6,1.6339,6085049,200,unknown
stagger,B,5,1,33,2,29.433,410464994,sha256:15991188a884,15.2503,25656055,200,unknown
stagger,B,5,1,33,2,29.433,410464994,sha256:5142ad1c6011,0.0829,250,200,unknown
stagger,B,5,1,34,2,29.433,410464994,sha256:299c82f5afaa,0.0828,6525,200,unknown
stagger,B,5,1,34,2,29.433,410464994,sha256:866771c43bf5,15.0304,49293124,200,unknown
stagger,B,5,1,34,2,29.433,410464994,sha256:ed881fbf1b07,11.0098,25614562,200,unknown
stagger,B,5,1,34,2,29.433,410464994,sha256:9da421ddeb65,15.6370,67778971,200,unknown
stagger,B,5,1,34,2,29.433,410464994,sha256:a793e3c6bce8,29.4194,236030458,200,unknown
stagger,B,5,1,34,2,29.433,410464994,sha256:10c3183ecaa6,4.3940,6085049,200,unknown
stagger,B,5,1,34,2,29.433,410464994,sha256:15991188a884,15.7182,25656055,200,unknown
stagger,B,5,1,34,2,29.433,410464994,sha256:5142ad1c6011,0.0901,250,200,unknown
stagger,B,5,1,35,2,29.433,410464994,sha256:299c82f5afaa,0.0612,6525,200,unknown
stagger,B,5,1,35,2,29.433,410464994,sha256:866771c43bf5,13.0608,49293124,200,unknown
stagger,B,5,1,35,2,29.433,410464994,sha256:ed881fbf1b07,8.7528,25614562,200,unknown
stagger,B,5,1,35,2,29.433,410464994,sha256:9da421ddeb65,15.6421,67778971,200,unknown
stagger,B,5,1,35,2,29.433,410464994,sha256:a793e3c6bce8,29.4183,236030458,200,unknown
stagger,B,5,1,35,2,29.433,410464994,sha256:10c3183ecaa6,2.1722,6085049,200,unknown
stagger,B,5,1,35,2,29.433,410464994,sha256:15991188a884,11.5379,25656055,200,unknown
stagger,B,5,1,35,2,29.433,410464994,sha256:5142ad1c6011,0.0488,250,200,unknown
stagger,B,5,1,36,2,29.433,410464994,sha256:299c82f5afaa,0.0487,6525,200,unknown
stagger,B,5,1,36,2,29.433,410464994,sha256:866771c43bf5,16.4109,49293124,200,unknown
stagger,B,5,1,36,2,29.433,410464994,sha256:ed881fbf1b07,7.5228,25614562,200,unknown
stagger,B,5,1,36,2,29.433,410464994,sha256:9da421ddeb65,15.7427,67778971,200,unknown
stagger,B,5,1,36,2,29.433,410464994,sha256:a793e3c6bce8,29.4176,236030458,200,unknown
stagger,B,5,1,36,2,29.433,410464994,sha256:10c3183ecaa6,1.9097,6085049,200,unknown
stagger,B,5,1,36,2,29.433,410464994,sha256:15991188a884,9.1622,25656055,200,unknown
stagger,B,5,1,36,2,29.433,410464994,sha256:5142ad1c6011,0.0484,250,200,unknown
stagger,B,5,1,37,2,29.432,410464994,sha256:299c82f5afaa,0.0862,6525,200,unknown
stagger,B,5,1,37,2,29.432,410464994,sha256:866771c43bf5,16.0742,49293124,200,unknown
stagger,B,5,1,37,2,29.432,410464994,sha256:ed881fbf1b07,11.7843,25614562,200,unknown
stagger,B,5,1,37,2,29.432,410464994,sha256:9da421ddeb65,15.7315,67778971,200,unknown
stagger,B,5,1,37,2,29.432,410464994,sha256:a793e3c6bce8,29.4151,236030458,200,unknown
stagger,B,5,1,37,2,29.432,410464994,sha256:10c3183ecaa6,3.3786,6085049,200,unknown
stagger,B,5,1,37,2,29.432,410464994,sha256:15991188a884,15.2242,25656055,200,unknown
stagger,B,5,1,37,2,29.432,410464994,sha256:5142ad1c6011,0.0488,250,200,unknown
stagger,B,5,1,38,2,29.432,410464994,sha256:299c82f5afaa,0.0535,6525,200,unknown
stagger,B,5,1,38,2,29.432,410464994,sha256:866771c43bf5,13.7516,49293124,200,unknown
stagger,B,5,1,38,2,29.432,410464994,sha256:ed881fbf1b07,7.9198,25614562,200,unknown
stagger,B,5,1,38,2,29.432,410464994,sha256:9da421ddeb65,16.7273,67778971,200,unknown
stagger,B,5,1,38,2,29.432,410464994,sha256:a793e3c6bce8,29.4141,236030458,200,unknown
stagger,B,5,1,38,2,29.432,410464994,sha256:10c3183ecaa6,3.3951,6085049,200,unknown
stagger,B,5,1,38,2,29.432,410464994,sha256:15991188a884,10.7260,25656055,200,unknown
stagger,B,5,1,38,2,29.432,410464994,sha256:5142ad1c6011,0.0914,250,200,unknown
stagger,B,5,1,39,2,29.433,410464994,sha256:299c82f5afaa,0.0622,6525,200,unknown
stagger,B,5,1,39,2,29.433,410464994,sha256:866771c43bf5,13.0876,49293124,200,unknown
stagger,B,5,1,39,2,29.433,410464994,sha256:ed881fbf1b07,14.4327,25614562,200,unknown
stagger,B,5,1,39,2,29.433,410464994,sha256:9da421ddeb65,16.5998,67778971,200,unknown
stagger,B,5,1,39,2,29.433,410464994,sha256:a793e3c6bce8,29.4145,236030458,200,unknown
stagger,B,5,1,39,2,29.433,410464994,sha256:10c3183ecaa6,1.8387,6085049,200,unknown
stagger,B,5,1,39,2,29.433,410464994,sha256:15991188a884,11.0891,25656055,200,unknown
stagger,B,5,1,39,2,29.433,410464994,sha256:5142ad1c6011,0.0602,250,200,unknown
stagger,B,5,1,40,2,29.432,410464994,sha256:299c82f5afaa,0.0601,6525,200,unknown
stagger,B,5,1,40,2,29.432,410464994,sha256:866771c43bf5,14.6589,49293124,200,unknown
stagger,B,5,1,40,2,29.432,410464994,sha256:ed881fbf1b07,13.3787,25614562,200,unknown
stagger,B,5,1,40,2,29.432,410464994,sha256:9da421ddeb65,16.7615,67778971,200,unknown
stagger,B,5,1,40,2,29.432,410464994,sha256:a793e3c6bce8,29.4112,236030458,200,unknown
stagger,B,5,1,40,2,29.432,410464994,sha256:10c3183ecaa6,1.7515,6085049,200,unknown
stagger,B,5,1,40,2,29.432,410464994,sha256:15991188a884,11.6535,25656055,200,unknown
stagger,B,5,1,40,2,29.432,410464994,sha256:5142ad1c6011,0.0885,250,200,unknown
stagger,B,5,1,41,2,29.432,410464994,sha256:299c82f5afaa,0.0462,6525,200,unknown
stagger,B,5,1,41,2,29.432,410464994,sha256:866771c43bf5,16.0477,49293124,200,unknown
stagger,B,5,1,41,2,29.432,410464994,sha256:ed881fbf1b07,7.5570,25614562,200,unknown
stagger,B,5,1,41,2,29.432,410464994,sha256:9da421ddeb65,15.3552,67778971,200,unknown
stagger,B,5,1,41,2,29.432,410464994,sha256:a793e3c6bce8,29.4115,236030458,200,unknown
stagger,B,5,1,41,2,29.432,410464994,sha256:10c3183ecaa6,1.6250,6085049,200,unknown
stagger,B,5,1,41,2,29.432,410464994,sha256:15991188a884,14.3644,25656055,200,unknown
stagger,B,5,1,41,2,29.432,410464994,sha256:5142ad1c6011,0.0864,250,200,unknown
stagger,B,5,1,42,2,29.432,410464994,sha256:299c82f5afaa,0.0496,6525,200,unknown
stagger,B,5,1,42,2,29.432,410464994,sha256:866771c43bf5,16.7209,49293124,200,unknown
stagger,B,5,1,42,2,29.432,410464994,sha256:ed881fbf1b07,11.9078,25614562,200,unknown
stagger,B,5,1,42,2,29.432,410464994,sha256:9da421ddeb65,16.6904,67778971,200,unknown
stagger,B,5,1,42,2,29.432,410464994,sha256:a793e3c6bce8,29.4093,236030458,200,unknown
stagger,B,5,1,42,2,29.432,410464994,sha256:10c3183ecaa6,1.6240,6085049,200,unknown
stagger,B,5,1,42,2,29.432,410464994,sha256:15991188a884,13.9877,25656055,200,unknown
stagger,B,5,1,42,2,29.432,410464994,sha256:5142ad1c6011,0.0514,250,200,unknown
stagger,B,5,1,43,2,29.432,410464994,sha256:299c82f5afaa,0.0521,6525,200,unknown
stagger,B,5,1,43,2,29.432,410464994,sha256:866771c43bf5,15.8503,49293124,200,unknown
stagger,B,5,1,43,2,29.432,410464994,sha256:ed881fbf1b07,10.6673,25614562,200,unknown
stagger,B,5,1,43,2,29.432,410464994,sha256:9da421ddeb65,16.7986,67778971,200,unknown
stagger,B,5,1,43,2,29.432,410464994,sha256:a793e3c6bce8,29.4095,236030458,200,unknown
stagger,B,5,1,43,2,29.432,410464994,sha256:10c3183ecaa6,2.9115,6085049,200,unknown
stagger,B,5,1,43,2,29.432,410464994,sha256:15991188a884,15.4409,25656055,200,unknown
stagger,B,5,1,43,2,29.432,410464994,sha256:5142ad1c6011,0.0564,250,200,unknown
stagger,B,5,1,44,2,29.432,410464994,sha256:299c82f5afaa,0.0552,6525,200,unknown
stagger,B,5,1,44,2,29.432,410464994,sha256:866771c43bf5,16.8110,49293124,200,unknown
stagger,B,5,1,44,2,29.432,410464994,sha256:ed881fbf1b07,16.2185,25614562,200,unknown
stagger,B,5,1,44,2,29.432,410464994,sha256:9da421ddeb65,16.4461,67778971,200,unknown
stagger,B,5,1,44,2,29.432,410464994,sha256:a793e3c6bce8,29.4073,236030458,200,unknown
stagger,B,5,1,44,2,29.432,410464994,sha256:10c3183ecaa6,3.0907,6085049,200,unknown
stagger,B,5,1,44,2,29.432,410464994,sha256:15991188a884,12.6763,25656055,200,unknown
stagger,B,5,1,44,2,29.432,410464994,sha256:5142ad1c6011,0.0586,250,200,unknown
stagger,B,5,1,45,2,29.432,410464994,sha256:299c82f5afaa,0.0611,6525,200,unknown
stagger,B,5,1,45,2,29.432,410464994,sha256:866771c43bf5,15.7344,49293124,200,unknown
stagger,B,5,1,45,2,29.432,410464994,sha256:ed881fbf1b07,8.4321,25614562,200,unknown
stagger,B,5,1,45,2,29.432,410464994,sha256:9da421ddeb65,16.7432,67778971,200,unknown
stagger,B,5,1,45,2,29.432,410464994,sha256:a793e3c6bce8,29.4076,236030458,200,unknown
stagger,B,5,1,45,2,29.432,410464994,sha256:10c3183ecaa6,3.8032,6085049,200,unknown
stagger,B,5,1,45,2,29.432,410464994,sha256:15991188a884,15.3346,25656055,200,unknown
stagger,B,5,1,45,2,29.432,410464994,sha256:5142ad1c6011,0.0519,250,200,unknown
stagger,B,5,1,46,2,29.432,410464994,sha256:299c82f5afaa,0.0518,6525,200,unknown
stagger,B,5,1,46,2,29.432,410464994,sha256:866771c43bf5,16.5495,49293124,200,unknown
stagger,B,5,1,46,2,29.432,410464994,sha256:ed881fbf1b07,7.5260,25614562,200,unknown
stagger,B,5,1,46,2,29.432,410464994,sha256:9da421ddeb65,15.5600,67778971,200,unknown
stagger,B,5,1,46,2,29.432,410464994,sha256:a793e3c6bce8,29.4065,236030458,200,unknown
stagger,B,5,1,46,2,29.432,410464994,sha256:10c3183ecaa6,1.6201,6085049,200,unknown
stagger,B,5,1,46,2,29.432,410464994,sha256:15991188a884,14.9439,25656055,200,unknown
stagger,B,5,1,46,2,29.432,410464994,sha256:5142ad1c6011,0.0580,250,200,unknown
stagger,B,5,1,47,2,29.432,410464994,sha256:299c82f5afaa,0.0579,6525,200,unknown
stagger,B,5,1,47,2,29.432,410464994,sha256:866771c43bf5,14.9218,49293124,200,unknown
stagger,B,5,1,47,2,29.432,410464994,sha256:ed881fbf1b07,14.9681,25614562,200,unknown
stagger,B,5,1,47,2,29.432,410464994,sha256:9da421ddeb65,16.7408,67778971,200,unknown
stagger,B,5,1,47,2,29.432,410464994,sha256:a793e3c6bce8,29.4040,236030458,200,unknown
stagger,B,5,1,47,2,29.432,410464994,sha256:10c3183ecaa6,1.7132,6085049,200,unknown
stagger,B,5,1,47,2,29.432,410464994,sha256:15991188a884,8.8696,25656055,200,unknown
stagger,B,5,1,47,2,29.432,410464994,sha256:5142ad1c6011,0.0597,250,200,unknown
stagger,B,5,1,48,2,29.432,410464994,sha256:299c82f5afaa,0.0538,6525,200,unknown
stagger,B,5,1,48,2,29.432,410464994,sha256:866771c43bf5,13.3927,49293124,200,unknown
stagger,B,5,1,48,2,29.432,410464994,sha256:ed881fbf1b07,7.8751,25614562,200,unknown
stagger,B,5,1,48,2,29.432,410464994,sha256:9da421ddeb65,16.3198,67778971,200,unknown
stagger,B,5,1,48,2,29.432,410464994,sha256:a793e3c6bce8,29.4047,236030458,200,unknown
stagger,B,5,1,48,2,29.432,410464994,sha256:10c3183ecaa6,4.2291,6085049,200,unknown
stagger,B,5,1,48,2,29.432,410464994,sha256:15991188a884,7.9764,25656055,200,unknown
stagger,B,5,1,48,2,29.432,410464994,sha256:5142ad1c6011,0.0546,250,200,unknown
stagger,B,5,1,49,2,29.432,410464994,sha256:299c82f5afaa,0.0545,6525,200,unknown
stagger,B,5,1,49,2,29.432,410464994,sha256:866771c43bf5,14.1699,49293124,200,unknown
stagger,B,5,1,49,2,29.432,410464994,sha256:ed881fbf1b07,10.8210,25614562,200,unknown
stagger,B,5,1,49,2,29.432,410464994,sha256:9da421ddeb65,15.8164,67778971,200,unknown
stagger,B,5,1,49,2,29.432,410464994,sha256:a793e3c6bce8,29.4023,236030458,200,unknown
stagger,B,5,1,49,2,29.432,410464994,sha256:10c3183ecaa6,1.6171,6085049,200,unknown
stagger,B,5,1,49,2,29.432,410464994,sha256:15991188a884,15.0953,25656055,200,unknown
stagger,B,5,1,49,2,29.432,410464994,sha256:5142ad1c6011,0.0582,250,200,unknown
stagger,B,5,2,0,1,34.438,410464994,sha256:299c82f5afaa,0.1398,6525,200,unknown
stagger,B,5,2,0,1,34.438,410464994,sha256:866771c43bf5,15.6851,49293124,200,unknown
stagger,B,5,2,0,1,34.438,410464994,sha256:ed881fbf1b07,11.4048,25614562,200,unknown
stagger,B,5,2,0,1,34.438,410464994,sha256:9da421ddeb65,24.0257,67778971,200,unknown
stagger,B,5,2,0,1,34.438,410464994,sha256:a793e3c6bce8,34.4339,236030458,200,unknown
stagger,B,5,2,0,1,34.438,410464994,sha256:10c3183ecaa6,5.0398,6085049,200,unknown
stagger,B,5,2,0,1,34.438,410464994,sha256:15991188a884,13.7656,25656055,200,unknown
stagger,B,5,2,0,1,34.438,410464994,sha256:5142ad1c6011,0.1398,250,200,unknown
stagger,B,5,2,1,1,34.438,410464994,sha256:299c82f5afaa,0.1368,6525,200,unknown
stagger,B,5,2,1,1,34.438,410464994,sha256:866771c43bf5,11.7778,49293124,200,unknown
stagger,B,5,2,1,1,34.438,410464994,sha256:ed881fbf1b07,11.5095,25614562,200,unknown
stagger,B,5,2,1,1,34.438,410464994,sha256:9da421ddeb65,24.0227,67778971,200,unknown
stagger,B,5,2,1,1,34.438,410464994,sha256:a793e3c6bce8,34.4318,236030458,200,unknown
stagger,B,5,2,1,1,34.438,410464994,sha256:10c3183ecaa6,5.0376,6085049,200,unknown
stagger,B,5,2,1,1,34.438,410464994,sha256:15991188a884,15.1556,25656055,200,unknown
stagger,B,5,2,1,1,34.438,410464994,sha256:5142ad1c6011,0.1374,250,200,unknown
stagger,B,5,2,2,1,34.438,410464994,sha256:299c82f5afaa,0.1346,6525,200,unknown
stagger,B,5,2,2,1,34.438,410464994,sha256:866771c43bf5,14.0835,49293124,200,unknown
stagger,B,5,2,2,1,34.438,410464994,sha256:ed881fbf1b07,11.6379,25614562,200,unknown
stagger,B,5,2,2,1,34.438,410464994,sha256:9da421ddeb65,24.0128,67778971,200,unknown
stagger,B,5,2,2,1,34.438,410464994,sha256:a793e3c6bce8,34.4296,236030458,200,unknown
stagger,B,5,2,2,1,34.438,410464994,sha256:10c3183ecaa6,5.0353,6085049,200,unknown
stagger,B,5,2,2,1,34.438,410464994,sha256:15991188a884,13.8395,25656055,200,unknown
stagger,B,5,2,2,1,34.438,410464994,sha256:5142ad1c6011,0.1353,250,200,unknown
stagger,B,5,2,3,1,34.438,410464994,sha256:299c82f5afaa,0.1326,6525,200,unknown
stagger,B,5,2,3,1,34.438,410464994,sha256:866771c43bf5,14.6080,49293124,200,unknown
stagger,B,5,2,3,1,34.438,410464994,sha256:ed881fbf1b07,14.8640,25614562,200,unknown
stagger,B,5,2,3,1,34.438,410464994,sha256:9da421ddeb65,24.0163,67778971,200,unknown
stagger,B,5,2,3,1,34.438,410464994,sha256:a793e3c6bce8,34.4259,236030458,200,unknown
stagger,B,5,2,3,1,34.438,410464994,sha256:10c3183ecaa6,5.0333,6085049,200,unknown
stagger,B,5,2,3,1,34.438,410464994,sha256:15991188a884,13.4902,25656055,200,unknown
stagger,B,5,2,3,1,34.438,410464994,sha256:5142ad1c6011,0.1335,250,200,unknown
stagger,B,5,2,4,1,34.438,410464994,sha256:299c82f5afaa,0.1303,6525,200,unknown
stagger,B,5,2,4,1,34.438,410464994,sha256:866771c43bf5,14.5345,49293124,200,unknown
stagger,B,5,2,4,1,34.438,410464994,sha256:ed881fbf1b07,11.3181,25614562,200,unknown
stagger,B,5,2,4,1,34.438,410464994,sha256:9da421ddeb65,24.0143,67778971,200,unknown
stagger,B,5,2,4,1,34.438,410464994,sha256:a793e3c6bce8,34.4250,236030458,200,unknown
stagger,B,5,2,4,1,34.438,410464994,sha256:10c3183ecaa6,5.0309,6085049,200,unknown
stagger,B,5,2,4,1,34.438,410464994,sha256:15991188a884,14.4545,25656055,200,unknown
stagger,B,5,2,4,1,34.438,410464994,sha256:5142ad1c6011,0.1319,250,200,unknown
stagger,B,5,2,5,1,34.438,410464994,sha256:299c82f5afaa,0.1284,6525,200,unknown
stagger,B,5,2,5,1,34.438,410464994,sha256:866771c43bf5,13.2232,49293124,200,unknown
stagger,B,5,2,5,1,34.438,410464994,sha256:ed881fbf1b07,12.6693,25614562,200,unknown
stagger,B,5,2,5,1,34.438,410464994,sha256:9da421ddeb65,24.0091,67778971,200,unknown
stagger,B,5,2,5,1,34.438,410464994,sha256:a793e3c6bce8,34.4230,236030458,200,unknown
stagger,B,5,2,5,1,34.438,410464994,sha256:10c3183ecaa6,5.0288,6085049,200,unknown
stagger,B,5,2,5,1,34.438,410464994,sha256:15991188a884,13.6688,25656055,200,unknown
stagger,B,5,2,5,1,34.438,410464994,sha256:5142ad1c6011,0.1287,250,200,unknown
stagger,B,5,2,6,1,34.438,410464994,sha256:299c82f5afaa,0.1259,6525,200,unknown
stagger,B,5,2,6,1,34.438,410464994,sha256:866771c43bf5,10.9925,49293124,200,unknown
stagger,B,5,2,6,1,34.438,410464994,sha256:ed881fbf1b07,15.6496,25614562,200,unknown
stagger,B,5,2,6,1,34.438,410464994,sha256:9da421ddeb65,24.0078,67778971,200,unknown
stagger,B,5,2,6,1,34.438,410464994,sha256:a793e3c6bce8,34.4208,236030458,200,unknown
stagger,B,5,2,6,1,34.438,410464994,sha256:10c3183ecaa6,5.0229,6085049,200,unknown
stagger,B,5,2,6,1,34.438,410464994,sha256:15991188a884,13.7951,25656055,200,unknown
stagger,B,5,2,6,1,34.438,410464994,sha256:5142ad1c6011,0.1265,250,200,unknown
stagger,B,5,2,7,1,34.438,410464994,sha256:299c82f5afaa,0.1239,6525,200,unknown
stagger,B,5,2,7,1,34.438,410464994,sha256:866771c43bf5,14.8760,49293124,200,unknown
stagger,B,5,2,7,1,34.438,410464994,sha256:ed881fbf1b07,11.3077,25614562,200,unknown
stagger,B,5,2,7,1,34.438,410464994,sha256:9da421ddeb65,24.0055,67778971,200,unknown
stagger,B,5,2,7,1,34.438,410464994,sha256:a793e3c6bce8,34.4163,236030458,200,unknown
stagger,B,5,2,7,1,34.438,410464994,sha256:10c3183ecaa6,5.0184,6085049,200,unknown
stagger,B,5,2,7,1,34.438,410464994,sha256:15991188a884,13.5600,25656055,200,unknown
stagger,B,5,2,7,1,34.438,410464994,sha256:5142ad1c6011,0.1225,250,200,unknown
stagger,B,5,2,8,1,34.437,410464994,sha256:299c82f5afaa,0.1196,6525,200,unknown
stagger,B,5,2,8,1,34.437,410464994,sha256:866771c43bf5,15.3459,49293124,200,unknown
stagger,B,5,2,8,1,34.437,410464994,sha256:ed881fbf1b07,11.3057,25614562,200,unknown
stagger,B,5,2,8,1,34.437,410464994,sha256:9da421ddeb65,24.0036,67778971,200,unknown
stagger,B,5,2,8,1,34.437,410464994,sha256:a793e3c6bce8,34.4127,236030458,200,unknown
stagger,B,5,2,8,1,34.437,410464994,sha256:10c3183ecaa6,5.0200,6085049,200,unknown
stagger,B,5,2,8,1,34.437,410464994,sha256:15991188a884,18.7670,25656055,200,unknown
stagger,B,5,2,8,1,34.437,410464994,sha256:5142ad1c6011,0.1203,250,200,unknown
stagger,B,5,2,9,1,34.438,410464994,sha256:299c82f5afaa,0.1178,6525,200,unknown
stagger,B,5,2,9,1,34.438,410464994,sha256:866771c43bf5,15.6414,49293124,200,unknown
stagger,B,5,2,9,1,34.438,410464994,sha256:ed881fbf1b07,11.3051,25614562,200,unknown
stagger,B,5,2,9,1,34.438,410464994,sha256:9da421ddeb65,24.0032,67778971,200,unknown
stagger,B,5,2,9,1,34.438,410464994,sha256:a793e3c6bce8,34.4119,236030458,200,unknown
stagger,B,5,2,9,1,34.438,410464994,sha256:10c3183ecaa6,5.0140,6085049,200,unknown
stagger,B,5,2,9,1,34.438,410464994,sha256:15991188a884,13.5734,25656055,200,unknown
stagger,B,5,2,9,1,34.438,410464994,sha256:5142ad1c6011,0.1180,250,200,unknown
stagger,B,5,2,10,1,34.438,410464994,sha256:299c82f5afaa,0.1159,6525,200,unknown
stagger,B,5,2,10,1,34.438,410464994,sha256:866771c43bf5,10.8009,49293124,200,unknown
stagger,B,5,2,10,1,34.438,410464994,sha256:ed881fbf1b07,11.3029,25614562,200,unknown
stagger,B,5,2,10,1,34.438,410464994,sha256:9da421ddeb65,23.9941,67778971,200,unknown
stagger,B,5,2,10,1,34.438,410464994,sha256:a793e3c6bce8,34.4096,236030458,200,unknown
stagger,B,5,2,10,1,34.438,410464994,sha256:10c3183ecaa6,5.0119,6085049,200,unknown
stagger,B,5,2,10,1,34.438,410464994,sha256:15991188a884,14.3353,25656055,200,unknown
stagger,B,5,2,10,1,34.438,410464994,sha256:5142ad1c6011,0.1158,250,200,unknown
stagger,B,5,2,11,1,34.437,410464994,sha256:299c82f5afaa,0.1137,6525,200,unknown
stagger,B,5,2,11,1,34.437,410464994,sha256:866771c43bf5,14.1367,49293124,200,unknown
stagger,B,5,2,11,1,34.437,410464994,sha256:ed881fbf1b07,11.2994,25614562,200,unknown
stagger,B,5,2,11,1,34.437,410464994,sha256:9da421ddeb65,23.9965,67778971,200,unknown
stagger,B,5,2,11,1,34.437,410464994,sha256:a793e3c6bce8,34.4061,236030458,200,unknown
stagger,B,5,2,11,1,34.437,410464994,sha256:10c3183ecaa6,5.0097,6085049,200,unknown
stagger,B,5,2,11,1,34.437,410464994,sha256:15991188a884,14.3830,25656055,200,unknown
stagger,B,5,2,11,1,34.437,410464994,sha256:5142ad1c6011,0.1138,250,200,unknown
stagger,B,5,2,12,1,34.437,410464994,sha256:299c82f5afaa,0.1117,6525,200,unknown
stagger,B,5,2,12,1,34.437,410464994,sha256:866771c43bf5,15.0514,49293124,200,unknown
stagger,B,5,2,12,1,34.437,410464994,sha256:ed881fbf1b07,11.2973,25614562,200,unknown
stagger,B,5,2,12,1,34.437,410464994,sha256:9da421ddeb65,23.9971,67778971,200,unknown
stagger,B,5,2,12,1,34.437,410464994,sha256:a793e3c6bce8,34.4053,236030458,200,unknown
stagger,B,5,2,12,1,34.437,410464994,sha256:10c3183ecaa6,5.0076,6085049,200,unknown
stagger,B,5,2,12,1,34.437,410464994,sha256:15991188a884,13.4691,25656055,200,unknown
stagger,B,5,2,12,1,34.437,410464994,sha256:5142ad1c6011,0.1117,250,200,unknown
stagger,B,5,2,13,1,34.437,410464994,sha256:299c82f5afaa,0.1097,6525,200,unknown
stagger,B,5,2,13,1,34.437,410464994,sha256:866771c43bf5,16.6324,49293124,200,unknown
stagger,B,5,2,13,1,34.437,410464994,sha256:ed881fbf1b07,11.2965,25614562,200,unknown
stagger,B,5,2,13,1,34.437,410464994,sha256:9da421ddeb65,23.9886,67778971,200,unknown
stagger,B,5,2,13,1,34.437,410464994,sha256:a793e3c6bce8,34.4021,236030458,200,unknown
stagger,B,5,2,13,1,34.437,410464994,sha256:10c3183ecaa6,5.0093,6085049,200,unknown
stagger,B,5,2,13,1,34.437,410464994,sha256:15991188a884,14.0098,25656055,200,unknown
stagger,B,5,2,13,1,34.437,410464994,sha256:5142ad1c6011,0.1096,250,200,unknown
stagger,B,5,2,14,1,34.437,410464994,sha256:299c82f5afaa,0.1076,6525,200,unknown
stagger,B,5,2,14,1,34.437,410464994,sha256:866771c43bf5,11.5631,49293124,200,unknown
stagger,B,5,2,14,1,34.437,410464994,sha256:ed881fbf1b07,15.0913,25614562,200,unknown
stagger,B,5,2,14,1,34.437,410464994,sha256:9da421ddeb65,24.6744,67778971,200,unknown
stagger,B,5,2,14,1,34.437,410464994,sha256:a793e3c6bce8,34.4011,236030458,200,unknown
stagger,B,5,2,14,1,34.437,410464994,sha256:10c3183ecaa6,5.0033,6085049,200,unknown
stagger,B,5,2,14,1,34.437,410464994,sha256:15991188a884,13.7434,25656055,200,unknown
stagger,B,5,2,14,1,34.437,410464994,sha256:5142ad1c6011,0.1074,250,200,unknown
stagger,B,5,2,15,1,34.437,410464994,sha256:299c82f5afaa,0.1054,6525,200,unknown
stagger,B,5,2,15,1,34.437,410464994,sha256:866771c43bf5,13.2614,49293124,200,unknown
stagger,B,5,2,15,1,34.437,410464994,sha256:ed881fbf1b07,11.3511,25614562,200,unknown
stagger,B,5,2,15,1,34.437,410464994,sha256:9da421ddeb65,23.9883,67778971,200,unknown
stagger,B,5,2,15,1,34.437,410464994,sha256:a793e3c6bce8,34.3975,236030458,200,unknown
stagger,B,5,2,15,1,34.437,410464994,sha256:10c3183ecaa6,5.0009,6085049,200,unknown
stagger,B,5,2,15,1,34.437,410464994,sha256:15991188a884,14.0728,25656055,200,unknown
stagger,B,5,2,15,1,34.437,410464994,sha256:5142ad1c6011,0.1052,250,200,unknown
stagger,B,5,2,16,1,34.437,410464994,sha256:299c82f5afaa,0.1032,6525,200,unknown
stagger,B,5,2,16,1,34.437,410464994,sha256:866771c43bf5,14.5376,49293124,200,unknown
stagger,B,5,2,16,1,34.437,410464994,sha256:ed881fbf1b07,11.2898,25614562,200,unknown
stagger,B,5,2,16,1,34.437,410464994,sha256:9da421ddeb65,23.9861,67778971,200,unknown
stagger,B,5,2,16,1,34.437,410464994,sha256:a793e3c6bce8,34.3953,236030458,200,unknown
stagger,B,5,2,16,1,34.437,410464994,sha256:10c3183ecaa6,4.9990,6085049,200,unknown
stagger,B,5,2,16,1,34.437,410464994,sha256:15991188a884,13.5342,25656055,200,unknown
stagger,B,5,2,16,1,34.437,410464994,sha256:5142ad1c6011,0.1033,250,200,unknown
stagger,B,5,2,17,1,34.437,410464994,sha256:299c82f5afaa,0.1014,6525,200,unknown
stagger,B,5,2,17,1,34.437,410464994,sha256:866771c43bf5,15.8911,49293124,200,unknown
stagger,B,5,2,17,1,34.437,410464994,sha256:ed881fbf1b07,11.4740,25614562,200,unknown
stagger,B,5,2,17,1,34.437,410464994,sha256:9da421ddeb65,24.6557,67778971,200,unknown
stagger,B,5,2,17,1,34.437,410464994,sha256:a793e3c6bce8,34.3954,236030458,200,unknown
stagger,B,5,2,17,1,34.437,410464994,sha256:10c3183ecaa6,4.9974,6085049,200,unknown
stagger,B,5,2,17,1,34.437,410464994,sha256:15991188a884,13.5915,25656055,200,unknown
stagger,B,5,2,17,1,34.437,410464994,sha256:5142ad1c6011,0.1020,250,200,unknown
stagger,B,5,2,18,1,34.437,410464994,sha256:299c82f5afaa,0.0999,6525,200,unknown
stagger,B,5,2,18,1,34.437,410464994,sha256:866771c43bf5,14.7565,49293124,200,unknown
stagger,B,5,2,18,1,34.437,410464994,sha256:ed881fbf1b07,11.2847,25614562,200,unknown
stagger,B,5,2,18,1,34.437,410464994,sha256:9da421ddeb65,23.9822,67778971,200,unknown
stagger,B,5,2,18,1,34.437,410464994,sha256:a793e3c6bce8,34.3932,236030458,200,unknown
stagger,B,5,2,18,1,34.437,410464994,sha256:10c3183ecaa6,4.9955,6085049,200,unknown
stagger,B,5,2,18,1,34.437,410464994,sha256:15991188a884,16.5583,25656055,200,unknown
stagger,B,5,2,18,1,34.437,410464994,sha256:5142ad1c6011,0.0997,250,200,unknown
stagger,B,5,2,19,1,34.436,410464994,sha256:299c82f5afaa,0.0983,6525,200,unknown
stagger,B,5,2,19,1,34.436,410464994,sha256:866771c43bf5,13.5114,49293124,200,unknown
stagger,B,5,2,19,1,34.436,410464994,sha256:ed881fbf1b07,14.8150,25614562,200,unknown
stagger,B,5,2,19,1,34.436,410464994,sha256:9da421ddeb65,23.9806,67778971,200,unknown
stagger,B,5,2,19,1,34.436,410464994,sha256:a793e3c6bce8,34.3902,236030458,200,unknown
stagger,B,5,2,19,1,34.436,410464994,sha256:10c3183ecaa6,4.9924,6085049,200,unknown
stagger,B,5,2,19,1,34.436,410464994,sha256:15991188a884,13.5853,25656055,200,unknown
stagger,B,5,2,19,1,34.436,410464994,sha256:5142ad1c6011,0.0968,250,200,unknown
stagger,B,5,2,20,1,34.437,410464994,sha256:299c82f5afaa,0.0969,6525,200,unknown
stagger,B,5,2,20,1,34.437,410464994,sha256:866771c43bf5,14.7521,49293124,200,unknown
stagger,B,5,2,20,1,34.437,410464994,sha256:ed881fbf1b07,11.2788,25614562,200,unknown
stagger,B,5,2,20,1,34.437,410464994,sha256:9da421ddeb65,23.9798,67778971,200,unknown
stagger,B,5,2,20,1,34.437,410464994,sha256:a793e3c6bce8,34.3886,236030458,200,unknown
stagger,B,5,2,20,1,34.437,410464994,sha256:10c3183ecaa6,4.9910,6085049,200,unknown
stagger,B,5,2,20,1,34.437,410464994,sha256:15991188a884,13.8215,25656055,200,unknown
stagger,B,5,2,20,1,34.437,410464994,sha256:5142ad1c6011,0.0957,250,200,unknown
stagger,B,5,2,21,1,34.437,410464994,sha256:299c82f5afaa,0.0955,6525,200,unknown
stagger,B,5,2,21,1,34.437,410464994,sha256:866771c43bf5,13.9147,49293124,200,unknown
stagger,B,5,2,21,1,34.437,410464994,sha256:ed881fbf1b07,11.4182,25614562,200,unknown
stagger,B,5,2,21,1,34.437,410464994,sha256:9da421ddeb65,23.9765,67778971,200,unknown
stagger,B,5,2,21,1,34.437,410464994,sha256:a793e3c6bce8,34.3869,236030458,200,unknown
stagger,B,5,2,21,1,34.437,410464994,sha256:10c3183ecaa6,4.9894,6085049,200,unknown
stagger,B,5,2,21,1,34.437,410464994,sha256:15991188a884,16.8650,25656055,200,unknown
stagger,B,5,2,21,1,34.437,410464994,sha256:5142ad1c6011,0.0942,250,200,unknown
stagger,B,5,2,22,1,34.436,410464994,sha256:299c82f5afaa,0.0942,6525,200,unknown
stagger,B,5,2,22,1,34.436,410464994,sha256:866771c43bf5,11.0356,49293124,200,unknown
stagger,B,5,2,22,1,34.436,410464994,sha256:ed881fbf1b07,11.2769,25614562,200,unknown
stagger,B,5,2,22,1,34.436,410464994,sha256:9da421ddeb65,23.9705,67778971,200,unknown
stagger,B,5,2,22,1,34.436,410464994,sha256:a793e3c6bce8,34.3841,236030458,200,unknown
stagger,B,5,2,22,1,34.436,410464994,sha256:10c3183ecaa6,4.9915,6085049,200,unknown
stagger,B,5,2,22,1,34.436,410464994,sha256:15991188a884,13.6455,25656055,200,unknown
stagger,B,5,2,22,1,34.436,410464994,sha256:5142ad1c6011,0.0928,250,200,unknown
stagger,B,5,2,23,1,34.437,410464994,sha256:299c82f5afaa,0.0926,6525,200,unknown
stagger,B,5,2,23,1,34.437,410464994,sha256:866771c43bf5,11.2630,49293124,200,unknown
stagger,B,5,2,23,1,34.437,410464994,sha256:ed881fbf1b07,11.8171,25614562,200,unknown
stagger,B,5,2,23,1,34.437,410464994,sha256:9da421ddeb65,23.9732,67778971,200,unknown
stagger,B,5,2,23,1,34.437,410464994,sha256:a793e3c6bce8,34.3840,236030458,200,unknown
stagger,B,5,2,23,1,34.437,410464994,sha256:10c3183ecaa6,4.9899,6085049,200,unknown
stagger,B,5,2,23,1,34.437,410464994,sha256:15991188a884,13.4615,25656055,200,unknown
stagger,B,5,2,23,1,34.437,410464994,sha256:5142ad1c6011,0.0914,250,200,unknown
stagger,B,5,2,24,1,34.436,410464994,sha256:299c82f5afaa,0.0912,6525,200,unknown
stagger,B,5,2,24,1,34.436,410464994,sha256:866771c43bf5,14.6783,49293124,200,unknown
stagger,B,5,2,24,1,34.436,410464994,sha256:ed881fbf1b07,11.3670,25614562,200,unknown
stagger,B,5,2,24,1,34.436,410464994,sha256:9da421ddeb65,23.9693,67778971,200,unknown
stagger,B,5,2,24,1,34.436,410464994,sha256:a793e3c6bce8,34.3822,236030458,200,unknown
stagger,B,5,2,24,1,34.436,410464994,sha256:10c3183ecaa6,4.9882,6085049,200,unknown
stagger,B,5,2,24,1,34.436,410464994,sha256:15991188a884,13.8232,25656055,200,unknown
stagger,B,5,2,24,1,34.436,410464994,sha256:5142ad1c6011,0.1073,250,200,unknown
stagger,B,5,2,25,2,29.438,410464994,sha256:299c82f5afaa,0.0619,6525,200,unknown
stagger,B,5,2,25,2,29.438,410464994,sha256:866771c43bf5,14.4867,49293124,200,unknown
stagger,B,5,2,25,2,29.438,410464994,sha256:ed881fbf1b07,10.7194,25614562,200,unknown
stagger,B,5,2,25,2,29.438,410464994,sha256:9da421ddeb65,19.0120,67778971,200,unknown
stagger,B,5,2,25,2,29.438,410464994,sha256:a793e3c6bce8,29.4249,236030458,200,unknown
stagger,B,5,2,25,2,29.438,410464994,sha256:10c3183ecaa6,0.6866,6085049,200,unknown
stagger,B,5,2,25,2,29.438,410464994,sha256:15991188a884,8.4877,25656055,200,unknown
stagger,B,5,2,25,2,29.438,410464994,sha256:5142ad1c6011,0.0611,250,200,unknown
stagger,B,5,2,26,2,29.437,410464994,sha256:299c82f5afaa,0.0629,6525,200,unknown
stagger,B,5,2,26,2,29.437,410464994,sha256:866771c43bf5,17.2223,49293124,200,unknown
stagger,B,5,2,26,2,29.437,410464994,sha256:ed881fbf1b07,10.4272,25614562,200,unknown
stagger,B,5,2,26,2,29.437,410464994,sha256:9da421ddeb65,19.7156,67778971,200,unknown
stagger,B,5,2,26,2,29.437,410464994,sha256:a793e3c6bce8,29.4224,236030458,200,unknown
stagger,B,5,2,26,2,29.437,410464994,sha256:10c3183ecaa6,1.1346,6085049,200,unknown
stagger,B,5,2,26,2,29.437,410464994,sha256:15991188a884,8.4868,25656055,200,unknown
stagger,B,5,2,26,2,29.437,410464994,sha256:5142ad1c6011,0.0613,250,200,unknown
stagger,B,5,2,27,2,29.437,410464994,sha256:299c82f5afaa,0.0598,6525,200,unknown
stagger,B,5,2,27,2,29.437,410464994,sha256:866771c43bf5,16.3690,49293124,200,unknown
stagger,B,5,2,27,2,29.437,410464994,sha256:ed881fbf1b07,10.5403,25614562,200,unknown
stagger,B,5,2,27,2,29.437,410464994,sha256:9da421ddeb65,19.0137,67778971,200,unknown
stagger,B,5,2,27,2,29.437,410464994,sha256:a793e3c6bce8,29.4211,236030458,200,unknown
stagger,B,5,2,27,2,29.437,410464994,sha256:10c3183ecaa6,2.1583,6085049,200,unknown
stagger,B,5,2,27,2,29.437,410464994,sha256:15991188a884,15.3663,25656055,200,unknown
stagger,B,5,2,27,2,29.437,410464994,sha256:5142ad1c6011,0.0644,250,200,unknown
stagger,B,5,2,28,2,29.437,410464994,sha256:299c82f5afaa,0.0833,6525,200,unknown
stagger,B,5,2,28,2,29.437,410464994,sha256:866771c43bf5,14.1453,49293124,200,unknown
stagger,B,5,2,28,2,29.437,410464994,sha256:ed881fbf1b07,11.4818,25614562,200,unknown
stagger,B,5,2,28,2,29.437,410464994,sha256:9da421ddeb65,19.0087,67778971,200,unknown
stagger,B,5,2,28,2,29.437,410464994,sha256:a793e3c6bce8,29.4202,236030458,200,unknown
stagger,B,5,2,28,2,29.437,410464994,sha256:10c3183ecaa6,1.2480,6085049,200,unknown
stagger,B,5,2,28,2,29.437,410464994,sha256:15991188a884,8.5230,25656055,200,unknown
stagger,B,5,2,28,2,29.437,410464994,sha256:5142ad1c6011,0.0956,250,200,unknown
stagger,B,5,2,29,2,29.437,410464994,sha256:299c82f5afaa,0.0926,6525,200,unknown
stagger,B,5,2,29,2,29.437,410464994,sha256:866771c43bf5,17.1757,49293124,200,unknown
stagger,B,5,2,29,2,29.437,410464994,sha256:ed881fbf1b07,12.1136,25614562,200,unknown
stagger,B,5,2,29,2,29.437,410464994,sha256:9da421ddeb65,19.0064,67778971,200,unknown
stagger,B,5,2,29,2,29.437,410464994,sha256:a793e3c6bce8,29.4204,236030458,200,unknown
stagger,B,5,2,29,2,29.437,410464994,sha256:10c3183ecaa6,2.8138,6085049,200,unknown
stagger,B,5,2,29,2,29.437,410464994,sha256:15991188a884,8.4835,25656055,200,unknown
stagger,B,5,2,29,2,29.437,410464994,sha256:5142ad1c6011,0.0570,250,200,unknown
stagger,B,5,2,30,2,29.437,410464994,sha256:299c82f5afaa,0.0569,6525,200,unknown
stagger,B,5,2,30,2,29.437,410464994,sha256:866771c43bf5,15.8623,49293124,200,unknown
stagger,B,5,2,30,2,29.437,410464994,sha256:ed881fbf1b07,9.2443,25614562,200,unknown
stagger,B,5,2,30,2,29.437,410464994,sha256:9da421ddeb65,19.0087,67778971,200,unknown
stagger,B,5,2,30,2,29.437,410464994,sha256:a793e3c6bce8,29.4196,236030458,200,unknown
stagger,B,5,2,30,2,29.437,410464994,sha256:10c3183ecaa6,1.7471,6085049,200,unknown
stagger,B,5,2,30,2,29.437,410464994,sha256:15991188a884,13.5822,25656055,200,unknown
stagger,B,5,2,30,2,29.437,410464994,sha256:5142ad1c6011,0.0680,250,200,unknown
stagger,B,5,2,31,2,29.437,410464994,sha256:299c82f5afaa,0.0678,6525,200,unknown
stagger,B,5,2,31,2,29.437,410464994,sha256:866771c43bf5,17.1379,49293124,200,unknown
stagger,B,5,2,31,2,29.437,410464994,sha256:ed881fbf1b07,13.4440,25614562,200,unknown
stagger,B,5,2,31,2,29.437,410464994,sha256:9da421ddeb65,19.0076,67778971,200,unknown
stagger,B,5,2,31,2,29.437,410464994,sha256:a793e3c6bce8,29.4191,236030458,200,unknown
stagger,B,5,2,31,2,29.437,410464994,sha256:10c3183ecaa6,1.0203,6085049,200,unknown
stagger,B,5,2,31,2,29.437,410464994,sha256:15991188a884,12.5270,25656055,200,unknown
stagger,B,5,2,31,2,29.437,410464994,sha256:5142ad1c6011,0.0568,250,200,unknown
stagger,B,5,2,32,2,29.437,410464994,sha256:299c82f5afaa,0.0549,6525,200,unknown
stagger,B,5,2,32,2,29.437,410464994,sha256:866771c43bf5,15.0189,49293124,200,unknown
stagger,B,5,2,32,2,29.437,410464994,sha256:ed881fbf1b07,12.6156,25614562,200,unknown
stagger,B,5,2,32,2,29.437,410464994,sha256:9da421ddeb65,19.0067,67778971,200,unknown
stagger,B,5,2,32,2,29.437,410464994,sha256:a793e3c6bce8,29.4173,236030458,200,unknown
stagger,B,5,2,32,2,29.437,410464994,sha256:10c3183ecaa6,4.2019,6085049,200,unknown
stagger,B,5,2,32,2,29.437,410464994,sha256:15991188a884,8.4812,25656055,200,unknown
stagger,B,5,2,32,2,29.437,410464994,sha256:5142ad1c6011,0.0651,250,200,unknown
stagger,B,5,2,33,2,29.437,410464994,sha256:299c82f5afaa,0.0598,6525,200,unknown
stagger,B,5,2,33,2,29.437,410464994,sha256:866771c43bf5,15.2134,49293124,200,unknown
stagger,B,5,2,33,2,29.437,410464994,sha256:ed881fbf1b07,15.1406,25614562,200,unknown
stagger,B,5,2,33,2,29.437,410464994,sha256:9da421ddeb65,19.0057,67778971,200,unknown
stagger,B,5,2,33,2,29.437,410464994,sha256:a793e3c6bce8,29.4164,236030458,200,unknown
stagger,B,5,2,33,2,29.437,410464994,sha256:10c3183ecaa6,1.3639,6085049,200,unknown
stagger,B,5,2,33,2,29.437,410464994,sha256:15991188a884,13.9161,25656055,200,unknown
stagger,B,5,2,33,2,29.437,410464994,sha256:5142ad1c6011,0.0606,250,200,unknown
stagger,B,5,2,34,2,29.437,410464994,sha256:299c82f5afaa,0.0641,6525,200,unknown
stagger,B,5,2,34,2,29.437,410464994,sha256:866771c43bf5,14.6582,49293124,200,unknown
stagger,B,5,2,34,2,29.437,410464994,sha256:ed881fbf1b07,10.8809,25614562,200,unknown
stagger,B,5,2,34,2,29.437,410464994,sha256:9da421ddeb65,19.0064,67778971,200,unknown
stagger,B,5,2,34,2,29.437,410464994,sha256:a793e3c6bce8,29.4152,236030458,200,unknown
stagger,B,5,2,34,2,29.437,410464994,sha256:10c3183ecaa6,1.1971,6085049,200,unknown
stagger,B,5,2,34,2,29.437,410464994,sha256:15991188a884,15.2793,25656055,200,unknown
stagger,B,5,2,34,2,29.437,410464994,sha256:5142ad1c6011,0.0641,250,200,unknown
stagger,B,5,2,35,2,29.437,410464994,sha256:299c82f5afaa,0.0640,6525,200,unknown
stagger,B,5,2,35,2,29.437,410464994,sha256:866771c43bf5,16.4581,49293124,200,unknown
stagger,B,5,2,35,2,29.437,410464994,sha256:ed881fbf1b07,10.1854,25614562,200,unknown
stagger,B,5,2,35,2,29.437,410464994,sha256:9da421ddeb65,19.0027,67778971,200,unknown
stagger,B,5,2,35,2,29.437,410464994,sha256:a793e3c6bce8,29.4134,236030458,200,unknown
stagger,B,5,2,35,2,29.437,410464994,sha256:10c3183ecaa6,2.0804,6085049,200,unknown
stagger,B,5,2,35,2,29.437,410464994,sha256:15991188a884,8.6232,25656055,200,unknown
stagger,B,5,2,35,2,29.437,410464994,sha256:5142ad1c6011,0.0781,250,200,unknown
stagger,B,5,2,36,2,29.428,410464994,sha256:299c82f5afaa,0.0683,6525,200,unknown
stagger,B,5,2,36,2,29.428,410464994,sha256:866771c43bf5,16.3541,49293124,200,unknown
stagger,B,5,2,36,2,29.428,410464994,sha256:ed881fbf1b07,12.6041,25614562,200,unknown
stagger,B,5,2,36,2,29.428,410464994,sha256:9da421ddeb65,19.0013,67778971,200,unknown
stagger,B,5,2,36,2,29.428,410464994,sha256:a793e3c6bce8,29.4126,236030458,200,unknown
stagger,B,5,2,36,2,29.428,410464994,sha256:10c3183ecaa6,1.1720,6085049,200,unknown
stagger,B,5,2,36,2,29.428,410464994,sha256:15991188a884,8.4764,25656055,200,unknown
stagger,B,5,2,36,2,29.428,410464994,sha256:5142ad1c6011,0.0664,250,200,unknown
stagger,B,5,2,37,2,29.427,410464994,sha256:299c82f5afaa,0.0677,6525,200,unknown
stagger,B,5,2,37,2,29.427,410464994,sha256:866771c43bf5,15.5039,49293124,200,unknown
stagger,B,5,2,37,2,29.427,410464994,sha256:ed881fbf1b07,9.0621,25614562,200,unknown
stagger,B,5,2,37,2,29.427,410464994,sha256:9da421ddeb65,18.9963,67778971,200,unknown
stagger,B,5,2,37,2,29.427,410464994,sha256:a793e3c6bce8,29.4100,236030458,200,unknown
stagger,B,5,2,37,2,29.427,410464994,sha256:10c3183ecaa6,1.3652,6085049,200,unknown
stagger,B,5,2,37,2,29.427,410464994,sha256:15991188a884,9.7493,25656055,200,unknown
stagger,B,5,2,37,2,29.427,410464994,sha256:5142ad1c6011,0.0678,250,200,unknown
stagger,B,5,2,38,2,29.427,410464994,sha256:299c82f5afaa,0.0687,6525,200,unknown
stagger,B,5,2,38,2,29.427,410464994,sha256:866771c43bf5,14.4924,49293124,200,unknown
stagger,B,5,2,38,2,29.427,410464994,sha256:ed881fbf1b07,11.1722,25614562,200,unknown
stagger,B,5,2,38,2,29.427,410464994,sha256:9da421ddeb65,18.9992,67778971,200,unknown
stagger,B,5,2,38,2,29.427,410464994,sha256:a793e3c6bce8,29.4088,236030458,200,unknown
stagger,B,5,2,38,2,29.427,410464994,sha256:10c3183ecaa6,4.0609,6085049,200,unknown
stagger,B,5,2,38,2,29.427,410464994,sha256:15991188a884,8.4742,25656055,200,unknown
stagger,B,5,2,38,2,29.427,410464994,sha256:5142ad1c6011,0.0707,250,200,unknown
stagger,B,5,2,39,2,29.427,410464994,sha256:299c82f5afaa,0.0708,6525,200,unknown
stagger,B,5,2,39,2,29.427,410464994,sha256:866771c43bf5,17.3982,49293124,200,unknown
stagger,B,5,2,39,2,29.427,410464994,sha256:ed881fbf1b07,9.3215,25614562,200,unknown
stagger,B,5,2,39,2,29.427,410464994,sha256:9da421ddeb65,18.9935,67778971,200,unknown
stagger,B,5,2,39,2,29.427,410464994,sha256:a793e3c6bce8,29.4079,236030458,200,unknown
stagger,B,5,2,39,2,29.427,410464994,sha256:10c3183ecaa6,1.4942,6085049,200,unknown
stagger,B,5,2,39,2,29.427,410464994,sha256:15991188a884,8.6345,25656055,200,unknown
stagger,B,5,2,39,2,29.427,410464994,sha256:5142ad1c6011,0.0711,250,200,unknown
stagger,B,5,2,40,2,29.427,410464994,sha256:299c82f5afaa,0.0710,6525,200,unknown
stagger,B,5,2,40,2,29.427,410464994,sha256:866771c43bf5,15.0927,49293124,200,unknown
stagger,B,5,2,40,2,29.427,410464994,sha256:ed881fbf1b07,14.7394,25614562,200,unknown
stagger,B,5,2,40,2,29.427,410464994,sha256:9da421ddeb65,18.9973,67778971,200,unknown
stagger,B,5,2,40,2,29.427,410464994,sha256:a793e3c6bce8,29.4068,236030458,200,unknown
stagger,B,5,2,40,2,29.427,410464994,sha256:10c3183ecaa6,4.3937,6085049,200,unknown
stagger,B,5,2,40,2,29.427,410464994,sha256:15991188a884,8.4714,25656055,200,unknown
stagger,B,5,2,40,2,29.427,410464994,sha256:5142ad1c6011,0.0677,250,200,unknown
stagger,B,5,2,41,2,29.427,410464994,sha256:299c82f5afaa,0.0673,6525,200,unknown
stagger,B,5,2,41,2,29.427,410464994,sha256:866771c43bf5,17.3002,49293124,200,unknown
stagger,B,5,2,41,2,29.427,410464994,sha256:ed881fbf1b07,11.5264,25614562,200,unknown
stagger,B,5,2,41,2,29.427,410464994,sha256:9da421ddeb65,18.9963,67778971,200,unknown
stagger,B,5,2,41,2,29.427,410464994,sha256:a793e3c6bce8,29.4073,236030458,200,unknown
stagger,B,5,2,41,2,29.427,410464994,sha256:10c3183ecaa6,1.0267,6085049,200,unknown
stagger,B,5,2,41,2,29.427,410464994,sha256:15991188a884,16.3902,25656055,200,unknown
stagger,B,5,2,41,2,29.427,410464994,sha256:5142ad1c6011,0.0665,250,200,unknown
stagger,B,5,2,42,2,29.427,410464994,sha256:299c82f5afaa,0.0772,6525,200,unknown
stagger,B,5,2,42,2,29.427,410464994,sha256:866771c43bf5,15.4485,49293124,200,unknown
stagger,B,5,2,42,2,29.427,410464994,sha256:ed881fbf1b07,9.0757,25614562,200,unknown
stagger,B,5,2,42,2,29.427,410464994,sha256:9da421ddeb65,18.9954,67778971,200,unknown
stagger,B,5,2,42,2,29.427,410464994,sha256:a793e3c6bce8,29.4063,236030458,200,unknown
stagger,B,5,2,42,2,29.427,410464994,sha256:10c3183ecaa6,1.3114,6085049,200,unknown
stagger,B,5,2,42,2,29.427,410464994,sha256:15991188a884,8.6622,25656055,200,unknown
stagger,B,5,2,42,2,29.427,410464994,sha256:5142ad1c6011,0.0766,250,200,unknown
stagger,B,5,2,43,2,29.427,410464994,sha256:299c82f5afaa,0.0654,6525,200,unknown
stagger,B,5,2,43,2,29.427,410464994,sha256:866771c43bf5,15.5443,49293124,200,unknown
stagger,B,5,2,43,2,29.427,410464994,sha256:ed881fbf1b07,16.1489,25614562,200,unknown
stagger,B,5,2,43,2,29.427,410464994,sha256:9da421ddeb65,19.0102,67778971,200,unknown
stagger,B,5,2,43,2,29.427,410464994,sha256:a793e3c6bce8,29.4052,236030458,200,unknown
stagger,B,5,2,43,2,29.427,410464994,sha256:10c3183ecaa6,1.4987,6085049,200,unknown
stagger,B,5,2,43,2,29.427,410464994,sha256:15991188a884,11.2365,25656055,200,unknown
stagger,B,5,2,43,2,29.427,410464994,sha256:5142ad1c6011,0.0721,250,200,unknown
stagger,B,5,2,44,2,29.427,410464994,sha256:299c82f5afaa,0.0720,6525,200,unknown
stagger,B,5,2,44,2,29.427,410464994,sha256:866771c43bf5,16.5231,49293124,200,unknown
stagger,B,5,2,44,2,29.427,410464994,sha256:ed881fbf1b07,12.3810,25614562,200,unknown
stagger,B,5,2,44,2,29.427,410464994,sha256:9da421ddeb65,18.9935,67778971,200,unknown
stagger,B,5,2,44,2,29.427,410464994,sha256:a793e3c6bce8,29.4043,236030458,200,unknown
stagger,B,5,2,44,2,29.427,410464994,sha256:10c3183ecaa6,6.0160,6085049,200,unknown
stagger,B,5,2,44,2,29.427,410464994,sha256:15991188a884,13.6941,25656055,200,unknown
stagger,B,5,2,44,2,29.427,410464994,sha256:5142ad1c6011,0.0649,250,200,unknown
stagger,B,5,2,45,2,29.427,410464994,sha256:299c82f5afaa,0.0649,6525,200,unknown
stagger,B,5,2,45,2,29.427,410464994,sha256:866771c43bf5,14.2523,49293124,200,unknown
stagger,B,5,2,45,2,29.427,410464994,sha256:ed881fbf1b07,13.9966,25614562,200,unknown
stagger,B,5,2,45,2,29.427,410464994,sha256:9da421ddeb65,18.9896,67778971,200,unknown
stagger,B,5,2,45,2,29.427,410464994,sha256:a793e3c6bce8,29.4024,236030458,200,unknown
stagger,B,5,2,45,2,29.427,410464994,sha256:10c3183ecaa6,1.1742,6085049,200,unknown
stagger,B,5,2,45,2,29.427,410464994,sha256:15991188a884,8.4649,25656055,200,unknown
stagger,B,5,2,45,2,29.427,410464994,sha256:5142ad1c6011,0.0671,250,200,unknown
stagger,B,5,2,46,2,29.427,410464994,sha256:299c82f5afaa,0.0437,6525,200,unknown
stagger,B,5,2,46,2,29.427,410464994,sha256:866771c43bf5,13.7918,49293124,200,unknown
stagger,B,5,2,46,2,29.427,410464994,sha256:ed881fbf1b07,11.5149,25614562,200,unknown
stagger,B,5,2,46,2,29.427,410464994,sha256:9da421ddeb65,18.9905,67778971,200,unknown
stagger,B,5,2,46,2,29.427,410464994,sha256:a793e3c6bce8,29.4002,236030458,200,unknown
stagger,B,5,2,46,2,29.427,410464994,sha256:10c3183ecaa6,7.0606,6085049,200,unknown
stagger,B,5,2,46,2,29.427,410464994,sha256:15991188a884,8.5648,25656055,200,unknown
stagger,B,5,2,46,2,29.427,410464994,sha256:5142ad1c6011,0.0457,250,200,unknown
stagger,B,5,2,47,2,29.427,410464994,sha256:299c82f5afaa,0.0735,6525,200,unknown
stagger,B,5,2,47,2,29.427,410464994,sha256:866771c43bf5,15.9441,49293124,200,unknown
stagger,B,5,2,47,2,29.427,410464994,sha256:ed881fbf1b07,9.9261,25614562,200,unknown
stagger,B,5,2,47,2,29.427,410464994,sha256:9da421ddeb65,18.9895,67778971,200,unknown
stagger,B,5,2,47,2,29.427,410464994,sha256:a793e3c6bce8,29.3991,236030458,200,unknown
stagger,B,5,2,47,2,29.427,410464994,sha256:10c3183ecaa6,1.1628,6085049,200,unknown
stagger,B,5,2,47,2,29.427,410464994,sha256:15991188a884,8.6122,25656055,200,unknown
stagger,B,5,2,47,2,29.427,410464994,sha256:5142ad1c6011,0.0651,250,200,unknown
stagger,B,5,2,48,2,29.427,410464994,sha256:299c82f5afaa,0.0720,6525,200,unknown
stagger,B,5,2,48,2,29.427,410464994,sha256:866771c43bf5,14.5070,49293124,200,unknown
stagger,B,5,2,48,2,29.427,410464994,sha256:ed881fbf1b07,12.2480,25614562,200,unknown
stagger,B,5,2,48,2,29.427,410464994,sha256:9da421ddeb65,18.9865,67778971,200,unknown
stagger,B,5,2,48,2,29.427,410464994,sha256:a793e3c6bce8,29.3980,236030458,200,unknown
stagger,B,5,2,48,2,29.427,410464994,sha256:10c3183ecaa6,1.4536,6085049,200,unknown
stagger,B,5,2,48,2,29.427,410464994,sha256:15991188a884,12.5578,25656055,200,unknown
stagger,B,5,2,48,2,29.427,410464994,sha256:5142ad1c6011,0.0648,250,200,unknown
stagger,B,5,2,49,2,29.427,410464994,sha256:299c82f5afaa,0.0712,6525,200,unknown
stagger,B,5,2,49,2,29.427,410464994,sha256:866771c43bf5,13.6037,49293124,200,unknown
stagger,B,5,2,49,2,29.427,410464994,sha256:ed881fbf1b07,10.2049,25614562,200,unknown
stagger,B,5,2,49,2,29.427,410464994,sha256:9da421ddeb65,18.9873,67778971,200,unknown
stagger,B,5,2,49,2,29.427,410464994,sha256:a793e3c6bce8,29.3981,236030458,200,unknown
stagger,B,5,2,49,2,29.427,410464994,sha256:10c3183ecaa6,5.5807,6085049,200,unknown
stagger,B,5,2,49,2,29.427,410464994,sha256:15991188a884,8.9331,25656055,200,unknown
stagger,B,5,2,49,2,29.427,410464994,sha256:5142ad1c6011,0.0718,250,200,unknown
stagger,B,5,3,0,1,34.434,410464994,sha256:299c82f5afaa,0.1034,6525,200,unknown
stagger,B,5,3,0,1,34.434,410464994,sha256:866771c43bf5,18.6327,49293124,200,unknown
stagger,B,5,3,0,1,34.434,410464994,sha256:ed881fbf1b07,12.7546,25614562,200,unknown
stagger,B,5,3,0,1,34.434,410464994,sha256:9da421ddeb65,20.7994,67778971,200,unknown
stagger,B,5,3,0,1,34.434,410464994,sha256:a793e3c6bce8,34.4296,236030458,200,unknown
stagger,B,5,3,0,1,34.434,410464994,sha256:10c3183ecaa6,4.2349,6085049,200,unknown
stagger,B,5,3,0,1,34.434,410464994,sha256:15991188a884,9.2954,25656055,200,unknown
stagger,B,5,3,0,1,34.434,410464994,sha256:5142ad1c6011,0.0927,250,200,unknown
stagger,B,5,3,1,1,34.434,410464994,sha256:299c82f5afaa,0.0984,6525,200,unknown
stagger,B,5,3,1,1,34.434,410464994,sha256:866771c43bf5,18.6856,49293124,200,unknown
stagger,B,5,3,1,1,34.434,410464994,sha256:ed881fbf1b07,20.8127,25614562,200,unknown
stagger,B,5,3,1,1,34.434,410464994,sha256:9da421ddeb65,20.8292,67778971,200,unknown
stagger,B,5,3,1,1,34.434,410464994,sha256:a793e3c6bce8,34.4261,236030458,200,unknown
stagger,B,5,3,1,1,34.434,410464994,sha256:10c3183ecaa6,4.2314,6085049,200,unknown
stagger,B,5,3,1,1,34.434,410464994,sha256:15991188a884,14.1237,25656055,200,unknown
stagger,B,5,3,1,1,34.434,410464994,sha256:5142ad1c6011,0.0896,250,200,unknown
stagger,B,5,3,2,1,34.434,410464994,sha256:299c82f5afaa,0.0967,6525,200,unknown
stagger,B,5,3,2,1,34.434,410464994,sha256:866771c43bf5,21.7522,49293124,200,unknown
stagger,B,5,3,2,1,34.434,410464994,sha256:ed881fbf1b07,12.8046,25614562,200,unknown
stagger,B,5,3,2,1,34.434,410464994,sha256:9da421ddeb65,20.7911,67778971,200,unknown
stagger,B,5,3,2,1,34.434,410464994,sha256:a793e3c6bce8,34.4241,236030458,200,unknown
stagger,B,5,3,2,1,34.434,410464994,sha256:10c3183ecaa6,4.2291,6085049,200,unknown
stagger,B,5,3,2,1,34.434,410464994,sha256:15991188a884,15.0170,25656055,200,unknown
stagger,B,5,3,2,1,34.434,410464994,sha256:5142ad1c6011,0.0870,250,200,unknown
stagger,B,5,3,3,1,34.434,410464994,sha256:299c82f5afaa,0.0953,6525,200,unknown
stagger,B,5,3,3,1,34.434,410464994,sha256:866771c43bf5,18.6215,49293124,200,unknown
stagger,B,5,3,3,1,34.434,410464994,sha256:ed881fbf1b07,16.7355,25614562,200,unknown
stagger,B,5,3,3,1,34.434,410464994,sha256:9da421ddeb65,20.7325,67778971,200,unknown
stagger,B,5,3,3,1,34.434,410464994,sha256:a793e3c6bce8,34.4216,236030458,200,unknown
stagger,B,5,3,3,1,34.434,410464994,sha256:10c3183ecaa6,4.2264,6085049,200,unknown
stagger,B,5,3,3,1,34.434,410464994,sha256:15991188a884,11.0813,25656055,200,unknown
stagger,B,5,3,3,1,34.434,410464994,sha256:5142ad1c6011,0.0838,250,200,unknown
stagger,B,5,3,4,1,34.434,410464994,sha256:299c82f5afaa,0.0931,6525,200,unknown
stagger,B,5,3,4,1,34.434,410464994,sha256:866771c43bf5,18.6193,49293124,200,unknown
stagger,B,5,3,4,1,34.434,410464994,sha256:ed881fbf1b07,15.2818,25614562,200,unknown
stagger,B,5,3,4,1,34.434,410464994,sha256:9da421ddeb65,20.7098,67778971,200,unknown
stagger,B,5,3,4,1,34.434,410464994,sha256:a793e3c6bce8,34.4193,236030458,200,unknown
stagger,B,5,3,4,1,34.434,410464994,sha256:10c3183ecaa6,4.2241,6085049,200,unknown
stagger,B,5,3,4,1,34.434,410464994,sha256:15991188a884,11.3639,25656055,200,unknown
stagger,B,5,3,4,1,34.434,410464994,sha256:5142ad1c6011,0.0834,250,200,unknown
stagger,B,5,3,5,1,34.434,410464994,sha256:299c82f5afaa,0.0897,6525,200,unknown
stagger,B,5,3,5,1,34.434,410464994,sha256:866771c43bf5,18.6205,49293124,200,unknown
stagger,B,5,3,5,1,34.434,410464994,sha256:ed881fbf1b07,19.9771,25614562,200,unknown
stagger,B,5,3,5,1,34.434,410464994,sha256:9da421ddeb65,20.6524,67778971,200,unknown
stagger,B,5,3,5,1,34.434,410464994,sha256:a793e3c6bce8,34.4182,236030458,200,unknown
stagger,B,5,3,5,1,34.434,410464994,sha256:10c3183ecaa6,4.2221,6085049,200,unknown
stagger,B,5,3,5,1,34.434,410464994,sha256:15991188a884,13.2879,25656055,200,unknown
stagger,B,5,3,5,1,34.434,410464994,sha256:5142ad1c6011,0.0808,250,200,unknown
stagger,B,5,3,6,1,34.434,410464994,sha256:299c82f5afaa,0.0873,6525,200,unknown
stagger,B,5,3,6,1,34.434,410464994,sha256:866771c43bf5,21.0390,49293124,200,unknown
stagger,B,5,3,6,1,34.434,410464994,sha256:ed881fbf1b07,12.7428,25614562,200,unknown
stagger,B,5,3,6,1,34.434,410464994,sha256:9da421ddeb65,20.8251,67778971,200,unknown
stagger,B,5,3,6,1,34.434,410464994,sha256:a793e3c6bce8,34.4148,236030458,200,unknown
stagger,B,5,3,6,1,34.434,410464994,sha256:10c3183ecaa6,4.2196,6085049,200,unknown
stagger,B,5,3,6,1,34.434,410464994,sha256:15991188a884,8.9828,25656055,200,unknown
stagger,B,5,3,6,1,34.434,410464994,sha256:5142ad1c6011,0.0785,250,200,unknown
stagger,B,5,3,7,1,34.433,410464994,sha256:299c82f5afaa,0.0851,6525,200,unknown
stagger,B,5,3,7,1,34.433,410464994,sha256:866771c43bf5,22.3304,49293124,200,unknown
stagger,B,5,3,7,1,34.433,410464994,sha256:ed881fbf1b07,12.7376,25614562,200,unknown
stagger,B,5,3,7,1,34.433,410464994,sha256:9da421ddeb65,20.7156,67778971,200,unknown
stagger,B,5,3,7,1,34.433,410464994,sha256:a793e3c6bce8,34.4111,236030458,200,unknown
stagger,B,5,3,7,1,34.433,410464994,sha256:10c3183ecaa6,4.2182,6085049,200,unknown
stagger,B,5,3,7,1,34.433,410464994,sha256:15991188a884,10.0326,25656055,200,unknown
stagger,B,5,3,7,1,34.433,410464994,sha256:5142ad1c6011,0.0754,250,200,unknown
stagger,B,5,3,8,1,34.434,410464994,sha256:299c82f5afaa,0.0831,6525,200,unknown
stagger,B,5,3,8,1,34.434,410464994,sha256:866771c43bf5,18.6929,49293124,200,unknown
stagger,B,5,3,8,1,34.434,410464994,sha256:ed881fbf1b07,16.5492,25614562,200,unknown
stagger,B,5,3,8,1,34.434,410464994,sha256:9da421ddeb65,21.1002,67778971,200,unknown
stagger,B,5,3,8,1,34.434,410464994,sha256:a793e3c6bce8,34.4107,236030458,200,unknown
stagger,B,5,3,8,1,34.434,410464994,sha256:10c3183ecaa6,4.2152,6085049,200,unknown
stagger,B,5,3,8,1,34.434,410464994,sha256:15991188a884,12.7160,25656055,200,unknown
stagger,B,5,3,8,1,34.434,410464994,sha256:5142ad1c6011,0.0726,250,200,unknown
stagger,B,5,3,9,1,34.433,410464994,sha256:299c82f5afaa,0.0817,6525,200,unknown
stagger,B,5,3,9,1,34.433,410464994,sha256:866771c43bf5,21.4920,49293124,200,unknown
stagger,B,5,3,9,1,34.433,410464994,sha256:ed881fbf1b07,13.0171,25614562,200,unknown
stagger,B,5,3,9,1,34.433,410464994,sha256:9da421ddeb65,20.7144,67778971,200,unknown
stagger,B,5,3,9,1,34.433,410464994,sha256:a793e3c6bce8,34.4071,236030458,200,unknown
stagger,B,5,3,9,1,34.433,410464994,sha256:10c3183ecaa6,4.2131,6085049,200,unknown
stagger,B,5,3,9,1,34.433,410464994,sha256:15991188a884,12.6673,25656055,200,unknown
stagger,B,5,3,9,1,34.433,410464994,sha256:5142ad1c6011,0.0709,250,200,unknown
stagger,B,5,3,10,1,34.434,410464994,sha256:299c82f5afaa,0.0795,6525,200,unknown
stagger,B,5,3,10,1,34.434,410464994,sha256:866771c43bf5,21.9431,49293124,200,unknown
stagger,B,5,3,10,1,34.434,410464994,sha256:ed881fbf1b07,18.2326,25614562,200,unknown
stagger,B,5,3,10,1,34.434,410464994,sha256:9da421ddeb65,23.4791,67778971,200,unknown
stagger,B,5,3,10,1,34.434,410464994,sha256:a793e3c6bce8,34.4074,236030458,200,unknown
stagger,B,5,3,10,1,34.434,410464994,sha256:10c3183ecaa6,4.2117,6085049,200,unknown
stagger,B,5,3,10,1,34.434,410464994,sha256:15991188a884,8.9743,25656055,200,unknown
stagger,B,5,3,10,1,34.434,410464994,sha256:5142ad1c6011,0.0688,250,200,unknown
stagger,B,5,3,11,1,34.434,410464994,sha256:299c82f5afaa,0.0775,6525,200,unknown
stagger,B,5,3,11,1,34.434,410464994,sha256:866771c43bf5,22.8949,49293124,200,unknown
stagger,B,5,3,11,1,34.434,410464994,sha256:ed881fbf1b07,18.8983,25614562,200,unknown
stagger,B,5,3,11,1,34.434,410464994,sha256:9da421ddeb65,23.8954,67778971,200,unknown
stagger,B,5,3,11,1,34.434,410464994,sha256:a793e3c6bce8,34.4045,236030458,200,unknown
stagger,B,5,3,11,1,34.434,410464994,sha256:10c3183ecaa6,4.2095,6085049,200,unknown
stagger,B,5,3,11,1,34.434,410464994,sha256:15991188a884,13.6188,25656055,200,unknown
stagger,B,5,3,11,1,34.434,410464994,sha256:5142ad1c6011,0.0664,250,200,unknown
stagger,B,5,3,12,1,34.433,410464994,sha256:299c82f5afaa,0.0749,6525,200,unknown
stagger,B,5,3,12,1,34.433,410464994,sha256:866771c43bf5,18.6019,49293124,200,unknown
stagger,B,5,3,12,1,34.433,410464994,sha256:ed881fbf1b07,12.7243,25614562,200,unknown
stagger,B,5,3,12,1,34.433,410464994,sha256:9da421ddeb65,20.6640,67778971,200,unknown
stagger,B,5,3,12,1,34.433,410464994,sha256:a793e3c6bce8,34.4030,236030458,200,unknown
stagger,B,5,3,12,1,34.433,410464994,sha256:10c3183ecaa6,4.2070,6085049,200,unknown
stagger,B,5,3,12,1,34.433,410464994,sha256:15991188a884,8.9697,25656055,200,unknown
stagger,B,5,3,12,1,34.433,410464994,sha256:5142ad1c6011,0.0644,250,200,unknown
stagger,B,5,3,13,1,34.433,410464994,sha256:299c82f5afaa,0.0724,6525,200,unknown
stagger,B,5,3,13,1,34.433,410464994,sha256:866771c43bf5,21.8352,49293124,200,unknown
stagger,B,5,3,13,1,34.433,410464994,sha256:ed881fbf1b07,16.7043,25614562,200,unknown
stagger,B,5,3,13,1,34.433,410464994,sha256:9da421ddeb65,21.2392,67778971,200,unknown
stagger,B,5,3,13,1,34.433,410464994,sha256:a793e3c6bce8,34.3980,236030458,200,unknown
stagger,B,5,3,13,1,34.433,410464994,sha256:10c3183ecaa6,4.2027,6085049,200,unknown
stagger,B,5,3,13,1,34.433,410464994,sha256:15991188a884,8.9661,25656055,200,unknown
stagger,B,5,3,13,1,34.433,410464994,sha256:5142ad1c6011,0.0609,250,200,unknown
stagger,B,5,3,14,1,34.433,410464994,sha256:299c82f5afaa,0.0690,6525,200,unknown
stagger,B,5,3,14,1,34.433,410464994,sha256:866771c43bf5,18.5990,49293124,200,unknown
stagger,B,5,3,14,1,34.433,410464994,sha256:ed881fbf1b07,17.3578,25614562,200,unknown
stagger,B,5,3,14,1,34.433,410464994,sha256:9da421ddeb65,23.2664,67778971,200,unknown
stagger,B,5,3,14,1,34.433,410464994,sha256:a793e3c6bce8,34.3959,236030458,200,unknown
stagger,B,5,3,14,1,34.433,410464994,sha256:10c3183ecaa6,4.2011,6085049,200,unknown
stagger,B,5,3,14,1,34.433,410464994,sha256:15991188a884,9.8794,25656055,200,unknown
stagger,B,5,3,14,1,34.433,410464994,sha256:5142ad1c6011,0.0583,250,200,unknown
stagger,B,5,3,15,1,34.433,410464994,sha256:299c82f5afaa,0.0669,6525,200,unknown
stagger,B,5,3,15,1,34.433,410464994,sha256:866771c43bf5,18.5967,49293124,200,unknown
stagger,B,5,3,15,1,34.433,410464994,sha256:ed881fbf1b07,12.7185,25614562,200,unknown
stagger,B,5,3,15,1,34.433,410464994,sha256:9da421ddeb65,22.2283,67778971,200,unknown
stagger,B,5,3,15,1,34.433,410464994,sha256:a793e3c6bce8,34.3938,236030458,200,unknown
stagger,B,5,3,15,1,34.433,410464994,sha256:10c3183ecaa6,4.1997,6085049,200,unknown
stagger,B,5,3,15,1,34.433,410464994,sha256:15991188a884,13.2791,25656055,200,unknown
stagger,B,5,3,15,1,34.433,410464994,sha256:5142ad1c6011,0.0571,250,200,unknown
stagger,B,5,3,16,1,34.433,410464994,sha256:299c82f5afaa,0.0652,6525,200,unknown
stagger,B,5,3,16,1,34.433,410464994,sha256:866771c43bf5,18.5912,49293124,200,unknown
stagger,B,5,3,16,1,34.433,410464994,sha256:ed881fbf1b07,12.7137,25614562,200,unknown
stagger,B,5,3,16,1,34.433,410464994,sha256:9da421ddeb65,22.8614,67778971,200,unknown
stagger,B,5,3,16,1,34.433,410464994,sha256:a793e3c6bce8,34.3917,236030458,200,unknown
stagger,B,5,3,16,1,34.433,410464994,sha256:10c3183ecaa6,4.1975,6085049,200,unknown
stagger,B,5,3,16,1,34.433,410464994,sha256:15991188a884,9.7816,25656055,200,unknown
stagger,B,5,3,16,1,34.433,410464994,sha256:5142ad1c6011,0.0547,250,200,unknown
stagger,B,5,3,17,1,34.433,410464994,sha256:299c82f5afaa,0.0627,6525,200,unknown
stagger,B,5,3,17,1,34.433,410464994,sha256:866771c43bf5,21.2354,49293124,200,unknown
stagger,B,5,3,17,1,34.433,410464994,sha256:ed881fbf1b07,12.9896,25614562,200,unknown
stagger,B,5,3,17,1,34.433,410464994,sha256:9da421ddeb65,20.6569,67778971,200,unknown
stagger,B,5,3,17,1,34.433,410464994,sha256:a793e3c6bce8,34.3899,236030458,200,unknown
stagger,B,5,3,17,1,34.433,410464994,sha256:10c3183ecaa6,4.1944,6085049,200,unknown
stagger,B,5,3,17,1,34.433,410464994,sha256:15991188a884,10.1876,25656055,200,unknown
stagger,B,5,3,17,1,34.433,410464994,sha256:5142ad1c6011,0.0528,250,200,unknown
stagger,B,5,3,18,1,34.433,410464994,sha256:299c82f5afaa,0.0607,6525,200,unknown
stagger,B,5,3,18,1,34.433,410464994,sha256:866771c43bf5,18.5874,49293124,200,unknown
stagger,B,5,3,18,1,34.433,410464994,sha256:ed881fbf1b07,18.8480,25614562,200,unknown
stagger,B,5,3,18,1,34.433,410464994,sha256:9da421ddeb65,20.7493,67778971,200,unknown
stagger,B,5,3,18,1,34.433,410464994,sha256:a793e3c6bce8,34.3882,236030458,200,unknown
stagger,B,5,3,18,1,34.433,410464994,sha256:10c3183ecaa6,4.1929,6085049,200,unknown
stagger,B,5,3,18,1,34.433,410464994,sha256:15991188a884,8.9562,25656055,200,unknown
stagger,B,5,3,18,1,34.433,410464994,sha256:5142ad1c6011,0.0512,250,200,unknown
stagger,B,5,3,19,1,34.432,410464994,sha256:299c82f5afaa,0.0600,6525,200,unknown
stagger,B,5,3,19,1,34.432,410464994,sha256:866771c43bf5,18.5859,49293124,200,unknown
stagger,B,5,3,19,1,34.432,410464994,sha256:ed881fbf1b07,12.7117,25614562,200,unknown
stagger,B,5,3,19,1,34.432,410464994,sha256:9da421ddeb65,20.6652,67778971,200,unknown
stagger,B,5,3,19,1,34.432,410464994,sha256:a793e3c6bce8,34.3850,236030458,200,unknown
stagger,B,5,3,19,1,34.432,410464994,sha256:10c3183ecaa6,4.1918,6085049,200,unknown
stagger,B,5,3,19,1,34.432,410464994,sha256:15991188a884,10.1148,25656055,200,unknown
stagger,B,5,3,19,1,34.432,410464994,sha256:5142ad1c6011,0.0501,250,200,unknown
stagger,B,5,3,20,1,34.433,410464994,sha256:299c82f5afaa,0.0579,6525,200,unknown
stagger,B,5,3,20,1,34.433,410464994,sha256:866771c43bf5,22.1456,49293124,200,unknown
stagger,B,5,3,20,1,34.433,410464994,sha256:ed881fbf1b07,12.8457,25614562,200,unknown
stagger,B,5,3,20,1,34.433,410464994,sha256:9da421ddeb65,20.7081,67778971,200,unknown
stagger,B,5,3,20,1,34.433,410464994,sha256:a793e3c6bce8,34.3849,236030458,200,unknown
stagger,B,5,3,20,1,34.433,410464994,sha256:10c3183ecaa6,4.1898,6085049,200,unknown
stagger,B,5,3,20,1,34.433,410464994,sha256:15991188a884,12.3067,25656055,200,unknown
stagger,B,5,3,20,1,34.433,410464994,sha256:5142ad1c6011,0.0483,250,200,unknown
stagger,B,5,3,21,1,34.432,410464994,sha256:299c82f5afaa,0.0565,6525,200,unknown
stagger,B,5,3,21,1,34.432,410464994,sha256:866771c43bf5,21.1460,49293124,200,unknown
stagger,B,5,3,21,1,34.432,410464994,sha256:ed881fbf1b07,12.7053,25614562,200,unknown
stagger,B,5,3,21,1,34.432,410464994,sha256:9da421ddeb65,20.6925,67778971,200,unknown
stagger,B,5,3,21,1,34.432,410464994,sha256:a793e3c6bce8,34.3818,236030458,200,unknown
stagger,B,5,3,21,1,34.432,410464994,sha256:10c3183ecaa6,4.1888,6085049,200,unknown
stagger,B,5,3,21,1,34.432,410464994,sha256:15991188a884,15.2988,25656055,200,unknown
stagger,B,5,3,21,1,34.432,410464994,sha256:5142ad1c6011,0.0461,250,200,unknown
stagger,B,5,3,22,1,34.433,410464994,sha256:299c82f5afaa,0.0550,6525,200,unknown
stagger,B,5,3,22,1,34.433,410464994,sha256:866771c43bf5,18.5812,49293124,200,unknown
stagger,B,5,3,22,1,34.433,410464994,sha256:ed881fbf1b07,12.7036,25614562,200,unknown
stagger,B,5,3,22,1,34.433,410464994,sha256:9da421ddeb65,21.8576,67778971,200,unknown
stagger,B,5,3,22,1,34.433,410464994,sha256:a793e3c6bce8,34.3827,236030458,200,unknown
stagger,B,5,3,22,1,34.433,410464994,sha256:10c3183ecaa6,4.1865,6085049,200,unknown
stagger,B,5,3,22,1,34.433,410464994,sha256:15991188a884,8.9499,25656055,200,unknown
stagger,B,5,3,22,1,34.433,410464994,sha256:5142ad1c6011,0.0447,250,200,unknown
stagger,B,5,3,23,1,34.433,410464994,sha256:299c82f5afaa,0.0534,6525,200,unknown
stagger,B,5,3,23,1,34.433,410464994,sha256:866771c43bf5,23.0051,49293124,200,unknown
stagger,B,5,3,23,1,34.433,410464994,sha256:ed881fbf1b07,12.8740,25614562,200,unknown
stagger,B,5,3,23,1,34.433,410464994,sha256:9da421ddeb65,23.5123,67778971,200,unknown
stagger,B,5,3,23,1,34.433,410464994,sha256:a793e3c6bce8,34.3810,236030458,200,unknown
stagger,B,5,3,23,1,34.433,410464994,sha256:10c3183ecaa6,4.1864,6085049,200,unknown
stagger,B,5,3,23,1,34.433,410464994,sha256:15991188a884,10.3368,25656055,200,unknown
stagger,B,5,3,23,1,34.433,410464994,sha256:5142ad1c6011,0.0434,250,200,unknown
stagger,B,5,3,24,1,34.432,410464994,sha256:299c82f5afaa,0.0514,6525,200,unknown
stagger,B,5,3,24,1,34.432,410464994,sha256:866771c43bf5,18.5827,49293124,200,unknown
stagger,B,5,3,24,1,34.432,410464994,sha256:ed881fbf1b07,12.9006,25614562,200,unknown
stagger,B,5,3,24,1,34.432,410464994,sha256:9da421ddeb65,21.2076,67778971,200,unknown
stagger,B,5,3,24,1,34.432,410464994,sha256:a793e3c6bce8,34.3783,236030458,200,unknown
stagger,B,5,3,24,1,34.432,410464994,sha256:10c3183ecaa6,4.1847,6085049,200,unknown
stagger,B,5,3,24,1,34.432,410464994,sha256:15991188a884,11.4598,25656055,200,unknown
stagger,B,5,3,24,1,34.432,410464994,sha256:5142ad1c6011,0.0414,250,200,unknown
stagger,B,5,3,25,2,29.434,410464994,sha256:299c82f5afaa,0.0607,6525,200,unknown
stagger,B,5,3,25,2,29.434,410464994,sha256:866771c43bf5,13.6295,49293124,200,unknown
stagger,B,5,3,25,2,29.434,410464994,sha256:ed881fbf1b07,13.0861,25614562,200,unknown
stagger,B,5,3,25,2,29.434,410464994,sha256:9da421ddeb65,17.7152,67778971,200,unknown
stagger,B,5,3,25,2,29.434,410464994,sha256:a793e3c6bce8,29.4312,236030458,200,unknown
stagger,B,5,3,25,2,29.434,410464994,sha256:10c3183ecaa6,1.9679,6085049,200,unknown
stagger,B,5,3,25,2,29.434,410464994,sha256:15991188a884,11.0520,25656055,200,unknown
stagger,B,5,3,25,2,29.434,410464994,sha256:5142ad1c6011,0.0577,250,200,unknown
stagger,B,5,3,26,2,29.434,410464994,sha256:299c82f5afaa,0.0575,6525,200,unknown
stagger,B,5,3,26,2,29.434,410464994,sha256:866771c43bf5,18.2378,49293124,200,unknown
stagger,B,5,3,26,2,29.434,410464994,sha256:ed881fbf1b07,12.5834,25614562,200,unknown
stagger,B,5,3,26,2,29.434,410464994,sha256:9da421ddeb65,18.4600,67778971,200,unknown
stagger,B,5,3,26,2,29.434,410464994,sha256:a793e3c6bce8,29.4293,236030458,200,unknown
stagger,B,5,3,26,2,29.434,410464994,sha256:10c3183ecaa6,0.6909,6085049,200,unknown
stagger,B,5,3,26,2,29.434,410464994,sha256:15991188a884,17.1206,25656055,200,unknown
stagger,B,5,3,26,2,29.434,410464994,sha256:5142ad1c6011,0.0564,250,200,unknown
stagger,B,5,3,27,2,29.433,410464994,sha256:299c82f5afaa,0.0601,6525,200,unknown
stagger,B,5,3,27,2,29.433,410464994,sha256:866771c43bf5,18.1654,49293124,200,unknown
stagger,B,5,3,27,2,29.433,410464994,sha256:ed881fbf1b07,12.1133,25614562,200,unknown
stagger,B,5,3,27,2,29.433,410464994,sha256:9da421ddeb65,18.9103,67778971,200,unknown
stagger,B,5,3,27,2,29.433,410464994,sha256:a793e3c6bce8,29.4267,236030458,200,unknown
stagger,B,5,3,27,2,29.433,410464994,sha256:10c3183ecaa6,5.8510,6085049,200,unknown
stagger,B,5,3,27,2,29.433,410464994,sha256:15991188a884,9.3733,25656055,200,unknown
stagger,B,5,3,27,2,29.433,410464994,sha256:5142ad1c6011,0.0771,250,200,unknown
stagger,B,5,3,28,2,29.434,410464994,sha256:299c82f5afaa,0.0555,6525,200,unknown
stagger,B,5,3,28,2,29.434,410464994,sha256:866771c43bf5,16.2609,49293124,200,unknown
stagger,B,5,3,28,2,29.434,410464994,sha256:ed881fbf1b07,9.3567,25614562,200,unknown
stagger,B,5,3,28,2,29.434,410464994,sha256:9da421ddeb65,17.9397,67778971,200,unknown
stagger,B,5,3,28,2,29.434,410464994,sha256:a793e3c6bce8,29.4270,236030458,200,unknown
stagger,B,5,3,28,2,29.434,410464994,sha256:10c3183ecaa6,5.3896,6085049,200,unknown
stagger,B,5,3,28,2,29.434,410464994,sha256:15991188a884,13.2946,25656055,200,unknown
stagger,B,5,3,28,2,29.434,410464994,sha256:5142ad1c6011,0.0548,250,200,unknown
stagger,B,5,3,29,2,29.434,410464994,sha256:299c82f5afaa,0.0547,6525,200,unknown
stagger,B,5,3,29,2,29.434,410464994,sha256:866771c43bf5,18.8510,49293124,200,unknown
stagger,B,5,3,29,2,29.434,410464994,sha256:ed881fbf1b07,8.5884,25614562,200,unknown
stagger,B,5,3,29,2,29.434,410464994,sha256:9da421ddeb65,17.4342,67778971,200,unknown
stagger,B,5,3,29,2,29.434,410464994,sha256:a793e3c6bce8,29.4263,236030458,200,unknown
stagger,B,5,3,29,2,29.434,410464994,sha256:10c3183ecaa6,2.2935,6085049,200,unknown
stagger,B,5,3,29,2,29.434,410464994,sha256:15991188a884,12.1250,25656055,200,unknown
stagger,B,5,3,29,2,29.434,410464994,sha256:5142ad1c6011,0.0539,250,200,unknown
stagger,B,5,3,30,2,29.434,410464994,sha256:299c82f5afaa,0.0595,6525,200,unknown
stagger,B,5,3,30,2,29.434,410464994,sha256:866771c43bf5,13.6277,49293124,200,unknown
stagger,B,5,3,30,2,29.434,410464994,sha256:ed881fbf1b07,12.1808,25614562,200,unknown
stagger,B,5,3,30,2,29.434,410464994,sha256:9da421ddeb65,18.4185,67778971,200,unknown
stagger,B,5,3,30,2,29.434,410464994,sha256:a793e3c6bce8,29.4252,236030458,200,unknown
stagger,B,5,3,30,2,29.434,410464994,sha256:10c3183ecaa6,1.2838,6085049,200,unknown
stagger,B,5,3,30,2,29.434,410464994,sha256:15991188a884,14.9806,25656055,200,unknown
stagger,B,5,3,30,2,29.434,410464994,sha256:5142ad1c6011,0.0544,250,200,unknown
stagger,B,5,3,31,2,29.434,410464994,sha256:299c82f5afaa,0.0656,6525,200,unknown
stagger,B,5,3,31,2,29.434,410464994,sha256:866771c43bf5,15.4455,49293124,200,unknown
stagger,B,5,3,31,2,29.434,410464994,sha256:ed881fbf1b07,7.9684,25614562,200,unknown
stagger,B,5,3,31,2,29.434,410464994,sha256:9da421ddeb65,18.1662,67778971,200,unknown
stagger,B,5,3,31,2,29.434,410464994,sha256:a793e3c6bce8,29.4239,236030458,200,unknown
stagger,B,5,3,31,2,29.434,410464994,sha256:10c3183ecaa6,1.6177,6085049,200,unknown
stagger,B,5,3,31,2,29.434,410464994,sha256:15991188a884,15.5450,25656055,200,unknown
stagger,B,5,3,31,2,29.434,410464994,sha256:5142ad1c6011,0.0752,250,200,unknown
stagger,B,5,3,32,2,29.434,410464994,sha256:299c82f5afaa,0.0752,6525,200,unknown
stagger,B,5,3,32,2,29.434,410464994,sha256:866771c43bf5,17.5727,49293124,200,unknown
stagger,B,5,3,32,2,29.434,410464994,sha256:ed881fbf1b07,15.2778,25614562,200,unknown
stagger,B,5,3,32,2,29.434,410464994,sha256:9da421ddeb65,18.2661,67778971,200,unknown
stagger,B,5,3,32,2,29.434,410464994,sha256:a793e3c6bce8,29.4232,236030458,200,unknown
stagger,B,5,3,32,2,29.434,410464994,sha256:10c3183ecaa6,6.0901,6085049,200,unknown
stagger,B,5,3,32,2,29.434,410464994,sha256:15991188a884,10.0538,25656055,200,unknown
stagger,B,5,3,32,2,29.434,410464994,sha256:5142ad1c6011,0.0532,250,200,unknown
stagger,B,5,3,33,2,29.434,410464994,sha256:299c82f5afaa,0.0748,6525,200,unknown
stagger,B,5,3,33,2,29.434,410464994,sha256:866771c43bf5,16.9476,49293124,200,unknown
stagger,B,5,3,33,2,29.434,410464994,sha256:ed881fbf1b07,15.6095,25614562,200,unknown
stagger,B,5,3,33,2,29.434,410464994,sha256:9da421ddeb65,16.9905,67778971,200,unknown
stagger,B,5,3,33,2,29.434,410464994,sha256:a793e3c6bce8,29.4209,236030458,200,unknown
stagger,B,5,3,33,2,29.434,410464994,sha256:10c3183ecaa6,1.3980,6085049,200,unknown
stagger,B,5,3,33,2,29.434,410464994,sha256:15991188a884,8.6712,25656055,200,unknown
stagger,B,5,3,33,2,29.434,410464994,sha256:5142ad1c6011,0.0527,250,200,unknown
stagger,B,5,3,34,2,29.433,410464994,sha256:299c82f5afaa,0.0504,6525,200,unknown
stagger,B,5,3,34,2,29.433,410464994,sha256:866771c43bf5,18.3268,49293124,200,unknown
stagger,B,5,3,34,2,29.433,410464994,sha256:ed881fbf1b07,11.4230,25614562,200,unknown
stagger,B,5,3,34,2,29.433,410464994,sha256:9da421ddeb65,18.7301,67778971,200,unknown
stagger,B,5,3,34,2,29.433,410464994,sha256:a793e3c6bce8,29.4185,236030458,200,unknown
stagger,B,5,3,34,2,29.433,410464994,sha256:10c3183ecaa6,2.1302,6085049,200,unknown
stagger,B,5,3,34,2,29.433,410464994,sha256:15991188a884,8.6874,25656055,200,unknown
stagger,B,5,3,34,2,29.433,410464994,sha256:5142ad1c6011,0.0553,250,200,unknown
stagger,B,5,3,35,2,29.434,410464994,sha256:299c82f5afaa,0.0668,6525,200,unknown
stagger,B,5,3,35,2,29.434,410464994,sha256:866771c43bf5,18.5490,49293124,200,unknown
stagger,B,5,3,35,2,29.434,410464994,sha256:ed881fbf1b07,10.7484,25614562,200,unknown
stagger,B,5,3,35,2,29.434,410464994,sha256:9da421ddeb65,17.3983,67778971,200,unknown
stagger,B,5,3,35,2,29.434,410464994,sha256:a793e3c6bce8,29.4189,236030458,200,unknown
stagger,B,5,3,35,2,29.434,410464994,sha256:10c3183ecaa6,5.8975,6085049,200,unknown
stagger,B,5,3,35,2,29.434,410464994,sha256:15991188a884,10.3207,25656055,200,unknown
stagger,B,5,3,35,2,29.434,410464994,sha256:5142ad1c6011,0.0677,250,200,unknown
stagger,B,5,3,36,2,29.434,410464994,sha256:299c82f5afaa,0.0676,6525,200,unknown
stagger,B,5,3,36,2,29.434,410464994,sha256:866771c43bf5,16.6479,49293124,200,unknown
stagger,B,5,3,36,2,29.434,410464994,sha256:ed881fbf1b07,9.5524,25614562,200,unknown
stagger,B,5,3,36,2,29.434,410464994,sha256:9da421ddeb65,17.9401,67778971,200,unknown
stagger,B,5,3,36,2,29.434,410464994,sha256:a793e3c6bce8,29.4180,236030458,200,unknown
stagger,B,5,3,36,2,29.434,410464994,sha256:10c3183ecaa6,0.1324,6085049,200,unknown
stagger,B,5,3,36,2,29.434,410464994,sha256:15991188a884,13.3816,25656055,200,unknown
stagger,B,5,3,36,2,29.434,410464994,sha256:5142ad1c6011,0.0539,250,200,unknown
stagger,B,5,3,37,2,29.433,410464994,sha256:299c82f5afaa,0.0692,6525,200,unknown
stagger,B,5,3,37,2,29.433,410464994,sha256:866771c43bf5,16.0788,49293124,200,unknown
stagger,B,5,3,37,2,29.433,410464994,sha256:ed881fbf1b07,8.4470,25614562,200,unknown
stagger,B,5,3,37,2,29.433,410464994,sha256:9da421ddeb65,17.8088,67778971,200,unknown
stagger,B,5,3,37,2,29.433,410464994,sha256:a793e3c6bce8,29.4170,236030458,200,unknown
stagger,B,5,3,37,2,29.433,410464994,sha256:10c3183ecaa6,1.6105,6085049,200,unknown
stagger,B,5,3,37,2,29.433,410464994,sha256:15991188a884,10.9831,25656055,200,unknown
stagger,B,5,3,37,2,29.433,410464994,sha256:5142ad1c6011,0.0574,250,200,unknown
stagger,B,5,3,38,2,29.433,410464994,sha256:299c82f5afaa,0.0539,6525,200,unknown
stagger,B,5,3,38,2,29.433,410464994,sha256:866771c43bf5,16.6858,49293124,200,unknown
stagger,B,5,3,38,2,29.433,410464994,sha256:ed881fbf1b07,11.7422,25614562,200,unknown
stagger,B,5,3,38,2,29.433,410464994,sha256:9da421ddeb65,17.3303,67778971,200,unknown
stagger,B,5,3,38,2,29.433,410464994,sha256:a793e3c6bce8,29.4157,236030458,200,unknown
stagger,B,5,3,38,2,29.433,410464994,sha256:10c3183ecaa6,1.6609,6085049,200,unknown
stagger,B,5,3,38,2,29.433,410464994,sha256:15991188a884,8.3877,25656055,200,unknown
stagger,B,5,3,38,2,29.433,410464994,sha256:5142ad1c6011,0.0541,250,200,unknown
stagger,B,5,3,39,2,29.432,410464994,sha256:299c82f5afaa,0.0562,6525,200,unknown
stagger,B,5,3,39,2,29.432,410464994,sha256:866771c43bf5,17.3635,49293124,200,unknown
stagger,B,5,3,39,2,29.432,410464994,sha256:ed881fbf1b07,12.3523,25614562,200,unknown
stagger,B,5,3,39,2,29.432,410464994,sha256:9da421ddeb65,16.7179,67778971,200,unknown
stagger,B,5,3,39,2,29.432,410464994,sha256:a793e3c6bce8,29.4133,236030458,200,unknown
stagger,B,5,3,39,2,29.432,410464994,sha256:10c3183ecaa6,2.0986,6085049,200,unknown
stagger,B,5,3,39,2,29.432,410464994,sha256:15991188a884,9.3997,25656055,200,unknown
stagger,B,5,3,39,2,29.432,410464994,sha256:5142ad1c6011,0.0694,250,200,unknown
stagger,B,5,3,40,2,29.433,410464994,sha256:299c82f5afaa,0.0695,6525,200,unknown
stagger,B,5,3,40,2,29.433,410464994,sha256:866771c43bf5,14.7144,49293124,200,unknown
stagger,B,5,3,40,2,29.433,410464994,sha256:ed881fbf1b07,14.7626,25614562,200,unknown
stagger,B,5,3,40,2,29.433,410464994,sha256:9da421ddeb65,18.2655,67778971,200,unknown
stagger,B,5,3,40,2,29.433,410464994,sha256:a793e3c6bce8,29.4136,236030458,200,unknown
stagger,B,5,3,40,2,29.433,410464994,sha256:10c3183ecaa6,3.5863,6085049,200,unknown
stagger,B,5,3,40,2,29.433,410464994,sha256:15991188a884,12.1880,25656055,200,unknown
stagger,B,5,3,40,2,29.433,410464994,sha256:5142ad1c6011,0.0688,250,200,unknown
stagger,B,5,3,41,2,29.433,410464994,sha256:299c82f5afaa,0.0687,6525,200,unknown
stagger,B,5,3,41,2,29.433,410464994,sha256:866771c43bf5,16.4904,49293124,200,unknown
stagger,B,5,3,41,2,29.433,410464994,sha256:ed881fbf1b07,10.6469,25614562,200,unknown
stagger,B,5,3,41,2,29.433,410464994,sha256:9da421ddeb65,18.3085,67778971,200,unknown
stagger,B,5,3,41,2,29.433,410464994,sha256:a793e3c6bce8,29.4138,236030458,200,unknown
stagger,B,5,3,41,2,29.433,410464994,sha256:10c3183ecaa6,5.9525,6085049,200,unknown
stagger,B,5,3,41,2,29.433,410464994,sha256:15991188a884,9.7976,25656055,200,unknown
stagger,B,5,3,41,2,29.433,410464994,sha256:5142ad1c6011,0.0693,250,200,unknown
stagger,B,5,3,42,2,29.433,410464994,sha256:299c82f5afaa,0.0693,6525,200,unknown
stagger,B,5,3,42,2,29.433,410464994,sha256:866771c43bf5,15.2378,49293124,200,unknown
stagger,B,5,3,42,2,29.433,410464994,sha256:ed881fbf1b07,16.7398,25614562,200,unknown
stagger,B,5,3,42,2,29.433,410464994,sha256:9da421ddeb65,18.9358,67778971,200,unknown
stagger,B,5,3,42,2,29.433,410464994,sha256:a793e3c6bce8,29.4116,236030458,200,unknown
stagger,B,5,3,42,2,29.433,410464994,sha256:10c3183ecaa6,2.3743,6085049,200,unknown
stagger,B,5,3,42,2,29.433,410464994,sha256:15991188a884,9.8347,25656055,200,unknown
stagger,B,5,3,42,2,29.433,410464994,sha256:5142ad1c6011,0.0716,250,200,unknown
stagger,B,5,3,43,2,29.433,410464994,sha256:299c82f5afaa,0.0715,6525,200,unknown
stagger,B,5,3,43,2,29.433,410464994,sha256:866771c43bf5,13.6100,49293124,200,unknown
stagger,B,5,3,43,2,29.433,410464994,sha256:ed881fbf1b07,15.9569,25614562,200,unknown
stagger,B,5,3,43,2,29.433,410464994,sha256:9da421ddeb65,18.7568,67778971,200,unknown
stagger,B,5,3,43,2,29.433,410464994,sha256:a793e3c6bce8,29.4118,236030458,200,unknown
stagger,B,5,3,43,2,29.433,410464994,sha256:10c3183ecaa6,2.4655,6085049,200,unknown
stagger,B,5,3,43,2,29.433,410464994,sha256:15991188a884,11.1658,25656055,200,unknown
stagger,B,5,3,43,2,29.433,410464994,sha256:5142ad1c6011,0.0566,250,200,unknown
stagger,B,5,3,44,2,29.432,410464994,sha256:299c82f5afaa,0.0402,6525,200,unknown
stagger,B,5,3,44,2,29.432,410464994,sha256:866771c43bf5,18.5535,49293124,200,unknown
stagger,B,5,3,44,2,29.432,410464994,sha256:ed881fbf1b07,16.9699,25614562,200,unknown
stagger,B,5,3,44,2,29.432,410464994,sha256:9da421ddeb65,18.6883,67778971,200,unknown
stagger,B,5,3,44,2,29.432,410464994,sha256:a793e3c6bce8,29.4084,236030458,200,unknown
stagger,B,5,3,44,2,29.432,410464994,sha256:10c3183ecaa6,1.8497,6085049,200,unknown
stagger,B,5,3,44,2,29.432,410464994,sha256:15991188a884,10.5635,25656055,200,unknown
stagger,B,5,3,44,2,29.432,410464994,sha256:5142ad1c6011,0.0604,250,200,unknown
stagger,B,5,3,45,2,29.433,410464994,sha256:299c82f5afaa,0.0582,6525,200,unknown
stagger,B,5,3,45,2,29.433,410464994,sha256:866771c43bf5,15.8873,49293124,200,unknown
stagger,B,5,3,45,2,29.433,410464994,sha256:ed881fbf1b07,13.2444,25614562,200,unknown
stagger,B,5,3,45,2,29.433,410464994,sha256:9da421ddeb65,18.1690,67778971,200,unknown
stagger,B,5,3,45,2,29.433,410464994,sha256:a793e3c6bce8,29.4085,236030458,200,unknown
stagger,B,5,3,45,2,29.433,410464994,sha256:10c3183ecaa6,5.6411,6085049,200,unknown
stagger,B,5,3,45,2,29.433,410464994,sha256:15991188a884,12.0869,25656055,200,unknown
stagger,B,5,3,45,2,29.433,410464994,sha256:5142ad1c6011,0.0747,250,200,unknown
stagger,B,5,3,46,2,29.433,410464994,sha256:299c82f5afaa,0.0760,6525,200,unknown
stagger,B,5,3,46,2,29.433,410464994,sha256:866771c43bf5,17.2480,49293124,200,unknown
stagger,B,5,3,46,2,29.433,410464994,sha256:ed881fbf1b07,12.5819,25614562,200,unknown
stagger,B,5,3,46,2,29.433,410464994,sha256:9da421ddeb65,18.5939,67778971,200,unknown
stagger,B,5,3,46,2,29.433,410464994,sha256:a793e3c6bce8,29.4075,236030458,200,unknown
stagger,B,5,3,46,2,29.433,410464994,sha256:10c3183ecaa6,1.7791,6085049,200,unknown
stagger,B,5,3,46,2,29.433,410464994,sha256:15991188a884,16.8623,25656055,200,unknown
stagger,B,5,3,46,2,29.433,410464994,sha256:5142ad1c6011,0.0583,250,200,unknown
stagger,B,5,3,47,2,29.432,410464994,sha256:299c82f5afaa,0.0579,6525,200,unknown
stagger,B,5,3,47,2,29.432,410464994,sha256:866771c43bf5,15.6499,49293124,200,unknown
stagger,B,5,3,47,2,29.432,410464994,sha256:ed881fbf1b07,17.2948,25614562,200,unknown
stagger,B,5,3,47,2,29.432,410464994,sha256:9da421ddeb65,17.4345,67778971,200,unknown
stagger,B,5,3,47,2,29.432,410464994,sha256:a793e3c6bce8,29.4047,236030458,200,unknown
stagger,B,5,3,47,2,29.432,410464994,sha256:10c3183ecaa6,1.7511,6085049,200,unknown
stagger,B,5,3,47,2,29.432,410464994,sha256:15991188a884,16.3786,25656055,200,unknown
stagger,B,5,3,47,2,29.432,410464994,sha256:5142ad1c6011,0.0751,250,200,unknown
stagger,B,5,3,48,2,29.433,410464994,sha256:299c82f5afaa,0.0570,6525,200,unknown
stagger,B,5,3,48,2,29.433,410464994,sha256:866771c43bf5,14.0500,49293124,200,unknown
stagger,B,5,3,48,2,29.433,410464994,sha256:ed881fbf1b07,15.1975,25614562,200,unknown
stagger,B,5,3,48,2,29.433,410464994,sha256:9da421ddeb65,15.6888,67778971,200,unknown
stagger,B,5,3,48,2,29.433,410464994,sha256:a793e3c6bce8,29.4053,236030458,200,unknown
stagger,B,5,3,48,2,29.433,410464994,sha256:10c3183ecaa6,1.8559,6085049,200,unknown
stagger,B,5,3,48,2,29.433,410464994,sha256:15991188a884,11.8837,25656055,200,unknown
stagger,B,5,3,48,2,29.433,410464994,sha256:5142ad1c6011,0.0705,250,200,unknown
stagger,B,5,3,49,2,29.433,410464994,sha256:299c82f5afaa,0.0563,6525,200,unknown
stagger,B,5,3,49,2,29.433,410464994,sha256:866771c43bf5,17.8414,49293124,200,unknown
stagger,B,5,3,49,2,29.433,410464994,sha256:ed881fbf1b07,9.5052,25614562,200,unknown
stagger,B,5,3,49,2,29.433,410464994,sha256:9da421ddeb65,18.7694,67778971,200,unknown
stagger,B,5,3,49,2,29.433,410464994,sha256:a793e3c6bce8,29.4041,236030458,200,unknown
stagger,B,5,3,49,2,29.433,410464994,sha256:10c3183ecaa6,1.4504,6085049,200,unknown
stagger,B,5,3,49,2,29.433,410464994,sha256:15991188a884,10.3438,25656055,200,unknown
stagger,B,5,3,49,2,29.433,410464994,sha256:5142ad1c6011,0.0693,250,200,unknown
stagger,C,15,1,0,1,34.407,410464994,sha256:299c82f5afaa,0.0853,6525,200,unknown
stagger,C,15,1,0,1,34.407,410464994,sha256:866771c43bf5,19.2623,49293124,200,unknown
stagger,C,15,1,0,1,34.407,410464994,sha256:ed881fbf1b07,12.4326,25614562,200,unknown
stagger,C,15,1,0,1,34.407,410464994,sha256:9da421ddeb65,21.3906,67778971,200,unknown
stagger,C,15,1,0,1,34.407,410464994,sha256:a793e3c6bce8,34.4012,236030458,200,unknown
stagger,C,15,1,0,1,34.407,410464994,sha256:10c3183ecaa6,1.7729,6085049,200,unknown
stagger,C,15,1,0,1,34.407,410464994,sha256:15991188a884,10.6884,25656055,200,unknown
stagger,C,15,1,0,1,34.407,410464994,sha256:5142ad1c6011,0.0858,250,200,unknown
stagger,C,15,1,1,1,34.408,410464994,sha256:299c82f5afaa,0.0829,6525,200,unknown
stagger,C,15,1,1,1,34.408,410464994,sha256:866771c43bf5,20.5104,49293124,200,unknown
stagger,C,15,1,1,1,34.408,410464994,sha256:ed881fbf1b07,12.4302,25614562,200,unknown
stagger,C,15,1,1,1,34.408,410464994,sha256:9da421ddeb65,21.3827,67778971,200,unknown
stagger,C,15,1,1,1,34.408,410464994,sha256:a793e3c6bce8,34.4002,236030458,200,unknown
stagger,C,15,1,1,1,34.408,410464994,sha256:10c3183ecaa6,1.7693,6085049,200,unknown
stagger,C,15,1,1,1,34.408,410464994,sha256:15991188a884,10.6849,25656055,200,unknown
stagger,C,15,1,1,1,34.408,410464994,sha256:5142ad1c6011,0.0788,250,200,unknown
stagger,C,15,1,2,1,34.407,410464994,sha256:299c82f5afaa,0.0806,6525,200,unknown
stagger,C,15,1,2,1,34.407,410464994,sha256:866771c43bf5,21.4585,49293124,200,unknown
stagger,C,15,1,2,1,34.407,410464994,sha256:ed881fbf1b07,12.4293,25614562,200,unknown
stagger,C,15,1,2,1,34.407,410464994,sha256:9da421ddeb65,21.3800,67778971,200,unknown
stagger,C,15,1,2,1,34.407,410464994,sha256:a793e3c6bce8,34.3978,236030458,200,unknown
stagger,C,15,1,2,1,34.407,410464994,sha256:10c3183ecaa6,1.7679,6085049,200,unknown
stagger,C,15,1,2,1,34.407,410464994,sha256:15991188a884,10.6827,25656055,200,unknown
stagger,C,15,1,2,1,34.407,410464994,sha256:5142ad1c6011,0.0786,250,200,unknown
stagger,C,15,1,3,1,34.407,410464994,sha256:299c82f5afaa,0.0785,6525,200,unknown
stagger,C,15,1,3,1,34.407,410464994,sha256:866771c43bf5,19.2554,49293124,200,unknown
stagger,C,15,1,3,1,34.407,410464994,sha256:ed881fbf1b07,12.4240,25614562,200,unknown
stagger,C,15,1,3,1,34.407,410464994,sha256:9da421ddeb65,21.3784,67778971,200,unknown
stagger,C,15,1,3,1,34.407,410464994,sha256:a793e3c6bce8,34.3958,236030458,200,unknown
stagger,C,15,1,3,1,34.407,410464994,sha256:10c3183ecaa6,1.7657,6085049,200,unknown
stagger,C,15,1,3,1,34.407,410464994,sha256:15991188a884,10.6804,25656055,200,unknown
stagger,C,15,1,3,1,34.407,410464994,sha256:5142ad1c6011,0.0746,250,200,unknown
stagger,C,15,1,4,1,34.407,410464994,sha256:299c82f5afaa,0.0765,6525,200,unknown
stagger,C,15,1,4,1,34.407,410464994,sha256:866771c43bf5,19.2514,49293124,200,unknown
stagger,C,15,1,4,1,34.407,410464994,sha256:ed881fbf1b07,12.4236,25614562,200,unknown
stagger,C,15,1,4,1,34.407,410464994,sha256:9da421ddeb65,21.3796,67778971,200,unknown
stagger,C,15,1,4,1,34.407,410464994,sha256:a793e3c6bce8,34.3938,236030458,200,unknown
stagger,C,15,1,4,1,34.407,410464994,sha256:10c3183ecaa6,1.7617,6085049,200,unknown
stagger,C,15,1,4,1,34.407,410464994,sha256:15991188a884,10.6784,25656055,200,unknown
stagger,C,15,1,4,1,34.407,410464994,sha256:5142ad1c6011,0.0729,250,200,unknown
stagger,C,15,1,5,1,34.407,410464994,sha256:299c82f5afaa,0.0756,6525,200,unknown
stagger,C,15,1,5,1,34.407,410464994,sha256:866771c43bf5,19.2489,49293124,200,unknown
stagger,C,15,1,5,1,34.407,410464994,sha256:ed881fbf1b07,12.4215,25614562,200,unknown
stagger,C,15,1,5,1,34.407,410464994,sha256:9da421ddeb65,21.3797,67778971,200,unknown
stagger,C,15,1,5,1,34.407,410464994,sha256:a793e3c6bce8,34.3907,236030458,200,unknown
stagger,C,15,1,5,1,34.407,410464994,sha256:10c3183ecaa6,1.7606,6085049,200,unknown
stagger,C,15,1,5,1,34.407,410464994,sha256:15991188a884,10.6762,25656055,200,unknown
stagger,C,15,1,5,1,34.407,410464994,sha256:5142ad1c6011,0.0702,250,200,unknown
stagger,C,15,1,6,1,34.407,410464994,sha256:299c82f5afaa,0.0723,6525,200,unknown
stagger,C,15,1,6,1,34.407,410464994,sha256:866771c43bf5,19.2492,49293124,200,unknown
stagger,C,15,1,6,1,34.407,410464994,sha256:ed881fbf1b07,12.4205,25614562,200,unknown
stagger,C,15,1,6,1,34.407,410464994,sha256:9da421ddeb65,21.3801,67778971,200,unknown
stagger,C,15,1,6,1,34.407,410464994,sha256:a793e3c6bce8,34.3886,236030458,200,unknown
stagger,C,15,1,6,1,34.407,410464994,sha256:10c3183ecaa6,1.7576,6085049,200,unknown
stagger,C,15,1,6,1,34.407,410464994,sha256:15991188a884,10.6740,25656055,200,unknown
stagger,C,15,1,6,1,34.407,410464994,sha256:5142ad1c6011,0.0683,250,200,unknown
stagger,C,15,1,7,1,34.407,410464994,sha256:299c82f5afaa,0.0703,6525,200,unknown
stagger,C,15,1,7,1,34.407,410464994,sha256:866771c43bf5,20.9093,49293124,200,unknown
stagger,C,15,1,7,1,34.407,410464994,sha256:ed881fbf1b07,12.4172,25614562,200,unknown
stagger,C,15,1,7,1,34.407,410464994,sha256:9da421ddeb65,21.3692,67778971,200,unknown
stagger,C,15,1,7,1,34.407,410464994,sha256:a793e3c6bce8,34.3871,236030458,200,unknown
stagger,C,15,1,7,1,34.407,410464994,sha256:10c3183ecaa6,1.7562,6085049,200,unknown
stagger,C,15,1,7,1,34.407,410464994,sha256:15991188a884,10.6718,25656055,200,unknown
stagger,C,15,1,7,1,34.407,410464994,sha256:5142ad1c6011,0.0657,250,200,unknown
stagger,C,15,1,8,1,34.407,410464994,sha256:299c82f5afaa,0.0691,6525,200,unknown
stagger,C,15,1,8,1,34.407,410464994,sha256:866771c43bf5,22.1536,49293124,200,unknown
stagger,C,15,1,8,1,34.407,410464994,sha256:ed881fbf1b07,12.4150,25614562,200,unknown
stagger,C,15,1,8,1,34.407,410464994,sha256:9da421ddeb65,21.3670,67778971,200,unknown
stagger,C,15,1,8,1,34.407,410464994,sha256:a793e3c6bce8,34.3840,236030458,200,unknown
stagger,C,15,1,8,1,34.407,410464994,sha256:10c3183ecaa6,1.7555,6085049,200,unknown
stagger,C,15,1,8,1,34.407,410464994,sha256:15991188a884,10.6709,25656055,200,unknown
stagger,C,15,1,8,1,34.407,410464994,sha256:5142ad1c6011,0.0652,250,200,unknown
stagger,C,15,1,9,1,34.407,410464994,sha256:299c82f5afaa,0.0656,6525,200,unknown
stagger,C,15,1,9,1,34.407,410464994,sha256:866771c43bf5,19.2427,49293124,200,unknown
stagger,C,15,1,9,1,34.407,410464994,sha256:ed881fbf1b07,12.4128,25614562,200,unknown
stagger,C,15,1,9,1,34.407,410464994,sha256:9da421ddeb65,21.3708,67778971,200,unknown
stagger,C,15,1,9,1,34.407,410464994,sha256:a793e3c6bce8,34.3829,236030458,200,unknown
stagger,C,15,1,9,1,34.407,410464994,sha256:10c3183ecaa6,1.7527,6085049,200,unknown
stagger,C,15,1,9,1,34.407,410464994,sha256:15991188a884,10.6676,25656055,200,unknown
stagger,C,15,1,9,1,34.407,410464994,sha256:5142ad1c6011,0.0616,250,200,unknown
stagger,C,15,1,10,1,34.407,410464994,sha256:299c82f5afaa,0.0650,6525,200,unknown
stagger,C,15,1,10,1,34.407,410464994,sha256:866771c43bf5,23.1390,49293124,200,unknown
stagger,C,15,1,10,1,34.407,410464994,sha256:ed881fbf1b07,12.4108,25614562,200,unknown
stagger,C,15,1,10,1,34.407,410464994,sha256:9da421ddeb65,21.3685,67778971,200,unknown
stagger,C,15,1,10,1,34.407,410464994,sha256:a793e3c6bce8,34.3798,236030458,200,unknown
stagger,C,15,1,10,1,34.407,410464994,sha256:10c3183ecaa6,1.7507,6085049,200,unknown
stagger,C,15,1,10,1,34.407,410464994,sha256:15991188a884,10.6668,25656055,200,unknown
stagger,C,15,1,10,1,34.407,410464994,sha256:5142ad1c6011,0.0631,250,200,unknown
stagger,C,15,1,11,1,34.407,410464994,sha256:299c82f5afaa,0.0631,6525,200,unknown
stagger,C,15,1,11,1,34.407,410464994,sha256:866771c43bf5,19.2383,49293124,200,unknown
stagger,C,15,1,11,1,34.407,410464994,sha256:ed881fbf1b07,12.4099,25614562,200,unknown
stagger,C,15,1,11,1,34.407,410464994,sha256:9da421ddeb65,21.3611,67778971,200,unknown
stagger,C,15,1,11,1,34.407,410464994,sha256:a793e3c6bce8,34.3776,236030458,200,unknown
stagger,C,15,1,11,1,34.407,410464994,sha256:10c3183ecaa6,1.7470,6085049,200,unknown
stagger,C,15,1,11,1,34.407,410464994,sha256:15991188a884,10.6646,25656055,200,unknown
stagger,C,15,1,11,1,34.407,410464994,sha256:5142ad1c6011,0.0589,250,200,unknown
stagger,C,15,1,12,1,34.406,410464994,sha256:299c82f5afaa,0.0604,6525,200,unknown
stagger,C,15,1,12,1,34.406,410464994,sha256:866771c43bf5,19.2360,49293124,200,unknown
stagger,C,15,1,12,1,34.406,410464994,sha256:ed881fbf1b07,12.4066,25614562,200,unknown
stagger,C,15,1,12,1,34.406,410464994,sha256:9da421ddeb65,21.3631,67778971,200,unknown
stagger,C,15,1,12,1,34.406,410464994,sha256:a793e3c6bce8,34.3737,236030458,200,unknown
stagger,C,15,1,12,1,34.406,410464994,sha256:10c3183ecaa6,1.7434,6085049,200,unknown
stagger,C,15,1,12,1,34.406,410464994,sha256:15991188a884,10.6594,25656055,200,unknown
stagger,C,15,1,12,1,34.406,410464994,sha256:5142ad1c6011,0.0538,250,200,unknown
stagger,C,15,1,13,1,34.406,410464994,sha256:299c82f5afaa,0.0567,6525,200,unknown
stagger,C,15,1,13,1,34.406,410464994,sha256:866771c43bf5,19.2323,49293124,200,unknown
stagger,C,15,1,13,1,34.406,410464994,sha256:ed881fbf1b07,12.4027,25614562,200,unknown
stagger,C,15,1,13,1,34.406,410464994,sha256:9da421ddeb65,21.3616,67778971,200,unknown
stagger,C,15,1,13,1,34.406,410464994,sha256:a793e3c6bce8,34.3718,236030458,200,unknown
stagger,C,15,1,13,1,34.406,410464994,sha256:10c3183ecaa6,1.7408,6085049,200,unknown
stagger,C,15,1,13,1,34.406,410464994,sha256:15991188a884,10.6588,25656055,200,unknown
stagger,C,15,1,13,1,34.406,410464994,sha256:5142ad1c6011,0.0518,250,200,unknown
stagger,C,15,1,14,1,34.406,410464994,sha256:299c82f5afaa,0.0550,6525,200,unknown
stagger,C,15,1,14,1,34.406,410464994,sha256:866771c43bf5,19.2324,49293124,200,unknown
stagger,C,15,1,14,1,34.406,410464994,sha256:ed881fbf1b07,12.4021,25614562,200,unknown
stagger,C,15,1,14,1,34.406,410464994,sha256:9da421ddeb65,21.3566,67778971,200,unknown
stagger,C,15,1,14,1,34.406,410464994,sha256:a793e3c6bce8,34.3708,236030458,200,unknown
stagger,C,15,1,14,1,34.406,410464994,sha256:10c3183ecaa6,1.7385,6085049,200,unknown
stagger,C,15,1,14,1,34.406,410464994,sha256:15991188a884,10.6550,25656055,200,unknown
stagger,C,15,1,14,1,34.406,410464994,sha256:5142ad1c6011,0.0496,250,200,unknown
stagger,C,15,1,15,1,34.406,410464994,sha256:299c82f5afaa,0.0524,6525,200,unknown
stagger,C,15,1,15,1,34.406,410464994,sha256:866771c43bf5,19.2284,49293124,200,unknown
stagger,C,15,1,15,1,34.406,410464994,sha256:ed881fbf1b07,12.3997,25614562,200,unknown
stagger,C,15,1,15,1,34.406,410464994,sha256:9da421ddeb65,21.3574,67778971,200,unknown
stagger,C,15,1,15,1,34.406,410464994,sha256:a793e3c6bce8,34.3673,236030458,200,unknown
stagger,C,15,1,15,1,34.406,410464994,sha256:10c3183ecaa6,1.7390,6085049,200,unknown
stagger,C,15,1,15,1,34.406,410464994,sha256:15991188a884,10.6531,25656055,200,unknown
stagger,C,15,1,15,1,34.406,410464994,sha256:5142ad1c6011,0.0475,250,200,unknown
stagger,C,15,1,16,1,34.406,410464994,sha256:299c82f5afaa,0.0492,6525,200,unknown
stagger,C,15,1,16,1,34.406,410464994,sha256:866771c43bf5,19.6438,49293124,200,unknown
stagger,C,15,1,16,1,34.406,410464994,sha256:ed881fbf1b07,12.3965,25614562,200,unknown
stagger,C,15,1,16,1,34.406,410464994,sha256:9da421ddeb65,21.3548,67778971,200,unknown
stagger,C,15,1,16,1,34.406,410464994,sha256:a793e3c6bce8,34.3667,236030458,200,unknown
stagger,C,15,1,16,1,34.406,410464994,sha256:10c3183ecaa6,1.7351,6085049,200,unknown
stagger,C,15,1,16,1,34.406,410464994,sha256:15991188a884,10.6511,25656055,200,unknown
stagger,C,15,1,16,1,34.406,410464994,sha256:5142ad1c6011,0.0456,250,200,unknown
stagger,C,15,1,17,1,34.405,410464994,sha256:299c82f5afaa,0.0489,6525,200,unknown
stagger,C,15,1,17,1,34.405,410464994,sha256:866771c43bf5,19.2264,49293124,200,unknown
stagger,C,15,1,17,1,34.405,410464994,sha256:ed881fbf1b07,12.3950,25614562,200,unknown
stagger,C,15,1,17,1,34.405,410464994,sha256:9da421ddeb65,21.3471,67778971,200,unknown
stagger,C,15,1,17,1,34.405,410464994,sha256:a793e3c6bce8,34.3625,236030458,200,unknown
stagger,C,15,1,17,1,34.405,410464994,sha256:10c3183ecaa6,1.7356,6085049,200,unknown
stagger,C,15,1,17,1,34.405,410464994,sha256:15991188a884,10.6497,25656055,200,unknown
stagger,C,15,1,17,1,34.405,410464994,sha256:5142ad1c6011,0.0440,250,200,unknown
stagger,C,15,1,18,1,34.406,410464994,sha256:299c82f5afaa,0.0475,6525,200,unknown
stagger,C,15,1,18,1,34.406,410464994,sha256:866771c43bf5,22.4931,49293124,200,unknown
stagger,C,15,1,18,1,34.406,410464994,sha256:ed881fbf1b07,12.3934,25614562,200,unknown
stagger,C,15,1,18,1,34.406,410464994,sha256:9da421ddeb65,21.6669,67778971,200,unknown
stagger,C,15,1,18,1,34.406,410464994,sha256:a793e3c6bce8,34.3624,236030458,200,unknown
stagger,C,15,1,18,1,34.406,410464994,sha256:10c3183ecaa6,1.7317,6085049,200,unknown
stagger,C,15,1,18,1,34.406,410464994,sha256:15991188a884,10.6480,25656055,200,unknown
stagger,C,15,1,18,1,34.406,410464994,sha256:5142ad1c6011,0.0428,250,200,unknown
stagger,C,15,1,19,1,34.406,410464994,sha256:299c82f5afaa,0.0460,6525,200,unknown
stagger,C,15,1,19,1,34.406,410464994,sha256:866771c43bf5,20.5971,49293124,200,unknown
stagger,C,15,1,19,1,34.406,410464994,sha256:ed881fbf1b07,12.3930,25614562,200,unknown
stagger,C,15,1,19,1,34.406,410464994,sha256:9da421ddeb65,21.3518,67778971,200,unknown
stagger,C,15,1,19,1,34.406,410464994,sha256:a793e3c6bce8,34.3619,236030458,200,unknown
stagger,C,15,1,19,1,34.406,410464994,sha256:10c3183ecaa6,1.7305,6085049,200,unknown
stagger,C,15,1,19,1,34.406,410464994,sha256:15991188a884,10.6465,25656055,200,unknown
stagger,C,15,1,19,1,34.406,410464994,sha256:5142ad1c6011,0.0423,250,200,unknown
stagger,C,15,1,20,1,34.406,410464994,sha256:299c82f5afaa,0.0442,6525,200,unknown
stagger,C,15,1,20,1,34.406,410464994,sha256:866771c43bf5,21.9226,49293124,200,unknown
stagger,C,15,1,20,1,34.406,410464994,sha256:ed881fbf1b07,12.3901,25614562,200,unknown
stagger,C,15,1,20,1,34.406,410464994,sha256:9da421ddeb65,21.3482,67778971,200,unknown
stagger,C,15,1,20,1,34.406,410464994,sha256:a793e3c6bce8,34.3604,236030458,200,unknown
stagger,C,15,1,20,1,34.406,410464994,sha256:10c3183ecaa6,1.7303,6085049,200,unknown
stagger,C,15,1,20,1,34.406,410464994,sha256:15991188a884,10.6450,25656055,200,unknown
stagger,C,15,1,20,1,34.406,410464994,sha256:5142ad1c6011,0.0409,250,200,unknown
stagger,C,15,1,21,1,34.406,410464994,sha256:299c82f5afaa,0.0430,6525,200,unknown
stagger,C,15,1,21,1,34.406,410464994,sha256:866771c43bf5,19.2204,49293124,200,unknown
stagger,C,15,1,21,1,34.406,410464994,sha256:ed881fbf1b07,12.3887,25614562,200,unknown
stagger,C,15,1,21,1,34.406,410464994,sha256:9da421ddeb65,21.3448,67778971,200,unknown
stagger,C,15,1,21,1,34.406,410464994,sha256:a793e3c6bce8,34.3578,236030458,200,unknown
stagger,C,15,1,21,1,34.406,410464994,sha256:10c3183ecaa6,1.7268,6085049,200,unknown
stagger,C,15,1,21,1,34.406,410464994,sha256:15991188a884,10.6435,25656055,200,unknown
stagger,C,15,1,21,1,34.406,410464994,sha256:5142ad1c6011,0.0395,250,200,unknown
stagger,C,15,1,22,1,34.405,410464994,sha256:299c82f5afaa,0.0415,6525,200,unknown
stagger,C,15,1,22,1,34.405,410464994,sha256:866771c43bf5,20.6438,49293124,200,unknown
stagger,C,15,1,22,1,34.405,410464994,sha256:ed881fbf1b07,12.3871,25614562,200,unknown
stagger,C,15,1,22,1,34.405,410464994,sha256:9da421ddeb65,23.6797,67778971,200,unknown
stagger,C,15,1,22,1,34.405,410464994,sha256:a793e3c6bce8,34.3562,236030458,200,unknown
stagger,C,15,1,22,1,34.405,410464994,sha256:10c3183ecaa6,1.7273,6085049,200,unknown
stagger,C,15,1,22,1,34.405,410464994,sha256:15991188a884,10.6434,25656055,200,unknown
stagger,C,15,1,22,1,34.405,410464994,sha256:5142ad1c6011,0.0377,250,200,unknown
stagger,C,15,1,23,1,34.405,410464994,sha256:299c82f5afaa,0.0402,6525,200,unknown
stagger,C,15,1,23,1,34.405,410464994,sha256:866771c43bf5,19.2150,49293124,200,unknown
stagger,C,15,1,23,1,34.405,410464994,sha256:ed881fbf1b07,12.3833,25614562,200,unknown
stagger,C,15,1,23,1,34.405,410464994,sha256:9da421ddeb65,21.3412,67778971,200,unknown
stagger,C,15,1,23,1,34.405,410464994,sha256:a793e3c6bce8,34.3544,236030458,200,unknown
stagger,C,15,1,23,1,34.405,410464994,sha256:10c3183ecaa6,1.7236,6085049,200,unknown
stagger,C,15,1,23,1,34.405,410464994,sha256:15991188a884,10.6413,25656055,200,unknown
stagger,C,15,1,23,1,34.405,410464994,sha256:5142ad1c6011,0.0345,250,200,unknown
stagger,C,15,1,24,1,34.405,410464994,sha256:299c82f5afaa,0.0381,6525,200,unknown
stagger,C,15,1,24,1,34.405,410464994,sha256:866771c43bf5,20.4292,49293124,200,unknown
stagger,C,15,1,24,1,34.405,410464994,sha256:ed881fbf1b07,12.3825,25614562,200,unknown
stagger,C,15,1,24,1,34.405,410464994,sha256:9da421ddeb65,21.6693,67778971,200,unknown
stagger,C,15,1,24,1,34.405,410464994,sha256:a793e3c6bce8,34.3539,236030458,200,unknown
stagger,C,15,1,24,1,34.405,410464994,sha256:10c3183ecaa6,1.7237,6085049,200,unknown
stagger,C,15,1,24,1,34.405,410464994,sha256:15991188a884,10.6393,25656055,200,unknown
stagger,C,15,1,24,1,34.405,410464994,sha256:5142ad1c6011,0.0336,250,200,unknown
stagger,C,15,1,25,2,19.407,410464994,sha256:299c82f5afaa,0.1121,6525,200,unknown
stagger,C,15,1,25,2,19.407,410464994,sha256:866771c43bf5,9.0925,49293124,200,unknown
stagger,C,15,1,25,2,19.407,410464994,sha256:ed881fbf1b07,5.2382,25614562,200,unknown
stagger,C,15,1,25,2,19.407,410464994,sha256:9da421ddeb65,8.9357,67778971,200,unknown
stagger,C,15,1,25,2,19.407,410464994,sha256:a793e3c6bce8,19.4037,236030458,200,unknown
stagger,C,15,1,25,2,19.407,410464994,sha256:10c3183ecaa6,1.2760,6085049,200,unknown
stagger,C,15,1,25,2,19.407,410464994,sha256:15991188a884,5.3985,25656055,200,unknown
stagger,C,15,1,25,2,19.407,410464994,sha256:5142ad1c6011,0.0872,250,200,unknown
stagger,C,15,1,26,2,19.406,410464994,sha256:299c82f5afaa,0.0656,6525,200,unknown
stagger,C,15,1,26,2,19.406,410464994,sha256:866771c43bf5,9.2328,49293124,200,unknown
stagger,C,15,1,26,2,19.406,410464994,sha256:ed881fbf1b07,5.6529,25614562,200,unknown
stagger,C,15,1,26,2,19.406,410464994,sha256:9da421ddeb65,8.9219,67778971,200,unknown
stagger,C,15,1,26,2,19.406,410464994,sha256:a793e3c6bce8,19.4012,236030458,200,unknown
stagger,C,15,1,26,2,19.406,410464994,sha256:10c3183ecaa6,1.6175,6085049,200,unknown
stagger,C,15,1,26,2,19.406,410464994,sha256:15991188a884,4.9632,25656055,200,unknown
stagger,C,15,1,26,2,19.406,410464994,sha256:5142ad1c6011,0.0845,250,200,unknown
stagger,C,15,1,27,2,19.405,410464994,sha256:299c82f5afaa,0.0916,6525,200,unknown
stagger,C,15,1,27,2,19.405,410464994,sha256:866771c43bf5,7.7639,49293124,200,unknown
stagger,C,15,1,27,2,19.405,410464994,sha256:ed881fbf1b07,5.7645,25614562,200,unknown
stagger,C,15,1,27,2,19.405,410464994,sha256:9da421ddeb65,9.0468,67778971,200,unknown
stagger,C,15,1,27,2,19.405,410464994,sha256:a793e3c6bce8,19.3989,236030458,200,unknown
stagger,C,15,1,27,2,19.405,410464994,sha256:10c3183ecaa6,5.3954,6085049,200,unknown
stagger,C,15,1,27,2,19.405,410464994,sha256:15991188a884,6.7095,25656055,200,unknown
stagger,C,15,1,27,2,19.405,410464994,sha256:5142ad1c6011,0.0633,250,200,unknown
stagger,C,15,1,28,2,19.406,410464994,sha256:299c82f5afaa,0.0632,6525,200,unknown
stagger,C,15,1,28,2,19.406,410464994,sha256:866771c43bf5,7.0135,49293124,200,unknown
stagger,C,15,1,28,2,19.406,410464994,sha256:ed881fbf1b07,5.5137,25614562,200,unknown
stagger,C,15,1,28,2,19.406,410464994,sha256:9da421ddeb65,8.9718,67778971,200,unknown
stagger,C,15,1,28,2,19.406,410464994,sha256:a793e3c6bce8,19.4004,236030458,200,unknown
stagger,C,15,1,28,2,19.406,410464994,sha256:10c3183ecaa6,1.5394,6085049,200,unknown
stagger,C,15,1,28,2,19.406,410464994,sha256:15991188a884,4.6196,25656055,200,unknown
stagger,C,15,1,28,2,19.406,410464994,sha256:5142ad1c6011,0.0628,250,200,unknown
stagger,C,15,1,29,2,19.406,410464994,sha256:299c82f5afaa,0.0621,6525,200,unknown
stagger,C,15,1,29,2,19.406,410464994,sha256:866771c43bf5,7.7772,49293124,200,unknown
stagger,C,15,1,29,2,19.406,410464994,sha256:ed881fbf1b07,6.6452,25614562,200,unknown
stagger,C,15,1,29,2,19.406,410464994,sha256:9da421ddeb65,8.7300,67778971,200,unknown
stagger,C,15,1,29,2,19.406,410464994,sha256:a793e3c6bce8,19.3992,236030458,200,unknown
stagger,C,15,1,29,2,19.406,410464994,sha256:10c3183ecaa6,1.0689,6085049,200,unknown
stagger,C,15,1,29,2,19.406,410464994,sha256:15991188a884,7.1493,25656055,200,unknown
stagger,C,15,1,29,2,19.406,410464994,sha256:5142ad1c6011,0.0616,250,200,unknown
stagger,C,15,1,30,2,19.406,410464994,sha256:299c82f5afaa,0.0613,6525,200,unknown
stagger,C,15,1,30,2,19.406,410464994,sha256:866771c43bf5,7.9531,49293124,200,unknown
stagger,C,15,1,30,2,19.406,410464994,sha256:ed881fbf1b07,5.5989,25614562,200,unknown
stagger,C,15,1,30,2,19.406,410464994,sha256:9da421ddeb65,8.6686,67778971,200,unknown
stagger,C,15,1,30,2,19.406,410464994,sha256:a793e3c6bce8,19.3982,236030458,200,unknown
stagger,C,15,1,30,2,19.406,410464994,sha256:10c3183ecaa6,3.0718,6085049,200,unknown
stagger,C,15,1,30,2,19.406,410464994,sha256:15991188a884,4.5000,25656055,200,unknown
stagger,C,15,1,30,2,19.406,410464994,sha256:5142ad1c6011,0.0604,250,200,unknown
stagger,C,15,1,31,2,19.406,410464994,sha256:299c82f5afaa,0.0605,6525,200,unknown
stagger,C,15,1,31,2,19.406,410464994,sha256:866771c43bf5,7.8878,49293124,200,unknown
stagger,C,15,1,31,2,19.406,410464994,sha256:ed881fbf1b07,5.9506,25614562,200,unknown
stagger,C,15,1,31,2,19.406,410464994,sha256:9da421ddeb65,8.9007,67778971,200,unknown
stagger,C,15,1,31,2,19.406,410464994,sha256:a793e3c6bce8,19.3971,236030458,200,unknown
stagger,C,15,1,31,2,19.406,410464994,sha256:10c3183ecaa6,1.5033,6085049,200,unknown
stagger,C,15,1,31,2,19.406,410464994,sha256:15991188a884,5.4801,25656055,200,unknown
stagger,C,15,1,31,2,19.406,410464994,sha256:5142ad1c6011,0.0622,250,200,unknown
stagger,C,15,1,32,2,19.406,410464994,sha256:299c82f5afaa,0.0791,6525,200,unknown
stagger,C,15,1,32,2,19.406,410464994,sha256:866771c43bf5,7.8488,49293124,200,unknown
stagger,C,15,1,32,2,19.406,410464994,sha256:ed881fbf1b07,5.3123,25614562,200,unknown
stagger,C,15,1,32,2,19.406,410464994,sha256:9da421ddeb65,9.7582,67778971,200,unknown
stagger,C,15,1,32,2,19.406,410464994,sha256:a793e3c6bce8,19.3946,236030458,200,unknown
stagger,C,15,1,32,2,19.406,410464994,sha256:10c3183ecaa6,0.1875,6085049,200,unknown
stagger,C,15,1,32,2,19.406,410464994,sha256:15991188a884,5.5928,25656055,200,unknown
stagger,C,15,1,32,2,19.406,410464994,sha256:5142ad1c6011,0.0569,250,200,unknown
stagger,C,15,1,33,2,19.406,410464994,sha256:299c82f5afaa,0.0819,6525,200,unknown
stagger,C,15,1,33,2,19.406,410464994,sha256:866771c43bf5,9.3408,49293124,200,unknown
stagger,C,15,1,33,2,19.406,410464994,sha256:ed881fbf1b07,8.5019,25614562,200,unknown
stagger,C,15,1,33,2,19.406,410464994,sha256:9da421ddeb65,8.9640,67778971,200,unknown
stagger,C,15,1,33,2,19.406,410464994,sha256:a793e3c6bce8,19.3852,236030458,200,unknown
stagger,C,15,1,33,2,19.406,410464994,sha256:10c3183ecaa6,4.2734,6085049,200,unknown
stagger,C,15,1,33,2,19.406,410464994,sha256:15991188a884,5.3802,25656055,200,unknown
stagger,C,15,1,33,2,19.406,410464994,sha256:5142ad1c6011,0.0486,250,200,unknown
stagger,C,15,1,34,2,19.406,410464994,sha256:299c82f5afaa,0.0550,6525,200,unknown
stagger,C,15,1,34,2,19.406,410464994,sha256:866771c43bf5,7.9928,49293124,200,unknown
stagger,C,15,1,34,2,19.406,410464994,sha256:ed881fbf1b07,7.9470,25614562,200,unknown
stagger,C,15,1,34,2,19.406,410464994,sha256:9da421ddeb65,8.9293,67778971,200,unknown
stagger,C,15,1,34,2,19.406,410464994,sha256:a793e3c6bce8,19.3842,236030458,200,unknown
stagger,C,15,1,34,2,19.406,410464994,sha256:10c3183ecaa6,1.9890,6085049,200,unknown
stagger,C,15,1,34,2,19.406,410464994,sha256:15991188a884,5.5466,25656055,200,unknown
stagger,C,15,1,34,2,19.406,410464994,sha256:5142ad1c6011,0.0910,250,200,unknown
stagger,C,15,1,35,2,19.406,410464994,sha256:299c82f5afaa,0.0475,6525,200,unknown
stagger,C,15,1,35,2,19.406,410464994,sha256:866771c43bf5,8.9718,49293124,200,unknown
stagger,C,15,1,35,2,19.406,410464994,sha256:ed881fbf1b07,5.5384,25614562,200,unknown
stagger,C,15,1,35,2,19.406,410464994,sha256:9da421ddeb65,9.8320,67778971,200,unknown
stagger,C,15,1,35,2,19.406,410464994,sha256:a793e3c6bce8,19.3833,236030458,200,unknown
stagger,C,15,1,35,2,19.406,410464994,sha256:10c3183ecaa6,1.1747,6085049,200,unknown
stagger,C,15,1,35,2,19.406,410464994,sha256:15991188a884,5.8096,25656055,200,unknown
stagger,C,15,1,35,2,19.406,410464994,sha256:5142ad1c6011,0.0856,250,200,unknown
stagger,C,15,1,36,2,19.406,410464994,sha256:299c82f5afaa,0.0853,6525,200,unknown
stagger,C,15,1,36,2,19.406,410464994,sha256:866771c43bf5,8.4306,49293124,200,unknown
stagger,C,15,1,36,2,19.406,410464994,sha256:ed881fbf1b07,5.5527,25614562,200,unknown
stagger,C,15,1,36,2,19.406,410464994,sha256:9da421ddeb65,8.9661,67778971,200,unknown
stagger,C,15,1,36,2,19.406,410464994,sha256:a793e3c6bce8,19.3820,236030458,200,unknown
stagger,C,15,1,36,2,19.406,410464994,sha256:10c3183ecaa6,4.5291,6085049,200,unknown
stagger,C,15,1,36,2,19.406,410464994,sha256:15991188a884,5.5104,25656055,200,unknown
stagger,C,15,1,36,2,19.406,410464994,sha256:5142ad1c6011,0.0704,250,200,unknown
stagger,C,15,1,37,2,19.406,410464994,sha256:299c82f5afaa,0.0485,6525,200,unknown
stagger,C,15,1,37,2,19.406,410464994,sha256:866771c43bf5,7.9525,49293124,200,unknown
stagger,C,15,1,37,2,19.406,410464994,sha256:ed881fbf1b07,5.2924,25614562,200,unknown
stagger,C,15,1,37,2,19.406,410464994,sha256:9da421ddeb65,8.8149,67778971,200,unknown
stagger,C,15,1,37,2,19.406,410464994,sha256:a793e3c6bce8,19.3812,236030458,200,unknown
stagger,C,15,1,37,2,19.406,410464994,sha256:10c3183ecaa6,0.2879,6085049,200,unknown
stagger,C,15,1,37,2,19.406,410464994,sha256:15991188a884,6.7274,25656055,200,unknown
stagger,C,15,1,37,2,19.406,410464994,sha256:5142ad1c6011,0.0621,250,200,unknown
stagger,C,15,1,38,2,19.405,410464994,sha256:299c82f5afaa,0.0662,6525,200,unknown
stagger,C,15,1,38,2,19.405,410464994,sha256:866771c43bf5,8.2142,49293124,200,unknown
stagger,C,15,1,38,2,19.405,410464994,sha256:ed881fbf1b07,5.6259,25614562,200,unknown
stagger,C,15,1,38,2,19.405,410464994,sha256:9da421ddeb65,9.2227,67778971,200,unknown
stagger,C,15,1,38,2,19.405,410464994,sha256:a793e3c6bce8,19.3800,236030458,200,unknown
stagger,C,15,1,38,2,19.405,410464994,sha256:10c3183ecaa6,3.3458,6085049,200,unknown
stagger,C,15,1,38,2,19.405,410464994,sha256:15991188a884,6.0390,25656055,200,unknown
stagger,C,15,1,38,2,19.405,410464994,sha256:5142ad1c6011,0.0496,250,200,unknown
stagger,C,15,1,39,2,19.405,410464994,sha256:299c82f5afaa,0.0681,6525,200,unknown
stagger,C,15,1,39,2,19.405,410464994,sha256:866771c43bf5,7.5352,49293124,200,unknown
stagger,C,15,1,39,2,19.405,410464994,sha256:ed881fbf1b07,5.8168,25614562,200,unknown
stagger,C,15,1,39,2,19.405,410464994,sha256:9da421ddeb65,9.2235,67778971,200,unknown
stagger,C,15,1,39,2,19.405,410464994,sha256:a793e3c6bce8,19.3789,236030458,200,unknown
stagger,C,15,1,39,2,19.405,410464994,sha256:10c3183ecaa6,1.8279,6085049,200,unknown
stagger,C,15,1,39,2,19.405,410464994,sha256:15991188a884,5.6264,25656055,200,unknown
stagger,C,15,1,39,2,19.405,410464994,sha256:5142ad1c6011,0.0746,250,200,unknown
stagger,C,15,1,40,2,19.405,410464994,sha256:299c82f5afaa,0.0641,6525,200,unknown
stagger,C,15,1,40,2,19.405,410464994,sha256:866771c43bf5,8.3687,49293124,200,unknown
stagger,C,15,1,40,2,19.405,410464994,sha256:ed881fbf1b07,5.4719,25614562,200,unknown
stagger,C,15,1,40,2,19.405,410464994,sha256:9da421ddeb65,9.2721,67778971,200,unknown
stagger,C,15,1,40,2,19.405,410464994,sha256:a793e3c6bce8,19.3782,236030458,200,unknown
stagger,C,15,1,40,2,19.405,410464994,sha256:10c3183ecaa6,1.3671,6085049,200,unknown
stagger,C,15,1,40,2,19.405,410464994,sha256:15991188a884,5.6970,25656055,200,unknown
stagger,C,15,1,40,2,19.405,410464994,sha256:5142ad1c6011,0.0513,250,200,unknown
stagger,C,15,1,41,2,19.405,410464994,sha256:299c82f5afaa,0.0724,6525,200,unknown
stagger,C,15,1,41,2,19.405,410464994,sha256:866771c43bf5,9.0448,49293124,200,unknown
stagger,C,15,1,41,2,19.405,410464994,sha256:ed881fbf1b07,9.0530,25614562,200,unknown
stagger,C,15,1,41,2,19.405,410464994,sha256:9da421ddeb65,8.5593,67778971,200,unknown
stagger,C,15,1,41,2,19.405,410464994,sha256:a793e3c6bce8,19.3770,236030458,200,unknown
stagger,C,15,1,41,2,19.405,410464994,sha256:10c3183ecaa6,1.3038,6085049,200,unknown
stagger,C,15,1,41,2,19.405,410464994,sha256:15991188a884,5.5511,25656055,200,unknown
stagger,C,15,1,41,2,19.405,410464994,sha256:5142ad1c6011,0.0540,250,200,unknown
stagger,C,15,1,42,2,19.405,410464994,sha256:299c82f5afaa,0.0713,6525,200,unknown
stagger,C,15,1,42,2,19.405,410464994,sha256:866771c43bf5,7.6122,49293124,200,unknown
stagger,C,15,1,42,2,19.405,410464994,sha256:ed881fbf1b07,8.3691,25614562,200,unknown
stagger,C,15,1,42,2,19.405,410464994,sha256:9da421ddeb65,8.9017,67778971,200,unknown
stagger,C,15,1,42,2,19.405,410464994,sha256:a793e3c6bce8,19.3761,236030458,200,unknown
stagger,C,15,1,42,2,19.405,410464994,sha256:10c3183ecaa6,1.1663,6085049,200,unknown
stagger,C,15,1,42,2,19.405,410464994,sha256:15991188a884,7.9106,25656055,200,unknown
stagger,C,15,1,42,2,19.405,410464994,sha256:5142ad1c6011,0.0552,250,200,unknown
stagger,C,15,1,43,2,19.406,410464994,sha256:299c82f5afaa,0.0392,6525,200,unknown
stagger,C,15,1,43,2,19.406,410464994,sha256:866771c43bf5,7.2940,49293124,200,unknown
stagger,C,15,1,43,2,19.406,410464994,sha256:ed881fbf1b07,5.3194,25614562,200,unknown
stagger,C,15,1,43,2,19.406,410464994,sha256:9da421ddeb65,8.7718,67778971,200,unknown
stagger,C,15,1,43,2,19.406,410464994,sha256:a793e3c6bce8,19.3760,236030458,200,unknown
stagger,C,15,1,43,2,19.406,410464994,sha256:10c3183ecaa6,1.2714,6085049,200,unknown
stagger,C,15,1,43,2,19.406,410464994,sha256:15991188a884,5.4550,25656055,200,unknown
stagger,C,15,1,43,2,19.406,410464994,sha256:5142ad1c6011,0.0601,250,200,unknown
stagger,C,15,1,44,2,19.406,410464994,sha256:299c82f5afaa,0.0650,6525,200,unknown
stagger,C,15,1,44,2,19.406,410464994,sha256:866771c43bf5,7.7272,49293124,200,unknown
stagger,C,15,1,44,2,19.406,410464994,sha256:ed881fbf1b07,8.8558,25614562,200,unknown
stagger,C,15,1,44,2,19.406,410464994,sha256:9da421ddeb65,8.7314,67778971,200,unknown
stagger,C,15,1,44,2,19.406,410464994,sha256:a793e3c6bce8,19.3744,236030458,200,unknown
stagger,C,15,1,44,2,19.406,410464994,sha256:10c3183ecaa6,1.3723,6085049,200,unknown
stagger,C,15,1,44,2,19.406,410464994,sha256:15991188a884,7.4399,25656055,200,unknown
stagger,C,15,1,44,2,19.406,410464994,sha256:5142ad1c6011,0.0562,250,200,unknown
stagger,C,15,1,45,2,19.405,410464994,sha256:299c82f5afaa,0.0561,6525,200,unknown
stagger,C,15,1,45,2,19.405,410464994,sha256:866771c43bf5,9.5762,49293124,200,unknown
stagger,C,15,1,45,2,19.405,410464994,sha256:ed881fbf1b07,7.8817,25614562,200,unknown
stagger,C,15,1,45,2,19.405,410464994,sha256:9da421ddeb65,9.0286,67778971,200,unknown
stagger,C,15,1,45,2,19.405,410464994,sha256:a793e3c6bce8,19.3725,236030458,200,unknown
stagger,C,15,1,45,2,19.405,410464994,sha256:10c3183ecaa6,3.3396,6085049,200,unknown
stagger,C,15,1,45,2,19.405,410464994,sha256:15991188a884,5.3256,25656055,200,unknown
stagger,C,15,1,45,2,19.405,410464994,sha256:5142ad1c6011,0.0559,250,200,unknown
stagger,C,15,1,46,2,19.405,410464994,sha256:299c82f5afaa,0.0419,6525,200,unknown
stagger,C,15,1,46,2,19.405,410464994,sha256:866771c43bf5,7.6219,49293124,200,unknown
stagger,C,15,1,46,2,19.405,410464994,sha256:ed881fbf1b07,5.4146,25614562,200,unknown
stagger,C,15,1,46,2,19.405,410464994,sha256:9da421ddeb65,8.9630,67778971,200,unknown
stagger,C,15,1,46,2,19.405,410464994,sha256:a793e3c6bce8,19.3714,236030458,200,unknown
stagger,C,15,1,46,2,19.405,410464994,sha256:10c3183ecaa6,1.2342,6085049,200,unknown
stagger,C,15,1,46,2,19.405,410464994,sha256:15991188a884,6.5385,25656055,200,unknown
stagger,C,15,1,46,2,19.405,410464994,sha256:5142ad1c6011,0.0442,250,200,unknown
stagger,C,15,1,47,2,19.405,410464994,sha256:299c82f5afaa,0.0441,6525,200,unknown
stagger,C,15,1,47,2,19.405,410464994,sha256:866771c43bf5,8.3167,49293124,200,unknown
stagger,C,15,1,47,2,19.405,410464994,sha256:ed881fbf1b07,5.6494,25614562,200,unknown
stagger,C,15,1,47,2,19.405,410464994,sha256:9da421ddeb65,8.7098,67778971,200,unknown
stagger,C,15,1,47,2,19.405,410464994,sha256:a793e3c6bce8,19.3704,236030458,200,unknown
stagger,C,15,1,47,2,19.405,410464994,sha256:10c3183ecaa6,2.0245,6085049,200,unknown
stagger,C,15,1,47,2,19.405,410464994,sha256:15991188a884,5.4203,25656055,200,unknown
stagger,C,15,1,47,2,19.405,410464994,sha256:5142ad1c6011,0.0464,250,200,unknown
stagger,C,15,1,48,2,19.405,410464994,sha256:299c82f5afaa,0.0548,6525,200,unknown
stagger,C,15,1,48,2,19.405,410464994,sha256:866771c43bf5,8.8250,49293124,200,unknown
stagger,C,15,1,48,2,19.405,410464994,sha256:ed881fbf1b07,5.8901,25614562,200,unknown
stagger,C,15,1,48,2,19.405,410464994,sha256:9da421ddeb65,8.9905,67778971,200,unknown
stagger,C,15,1,48,2,19.405,410464994,sha256:a793e3c6bce8,19.3693,236030458,200,unknown
stagger,C,15,1,48,2,19.405,410464994,sha256:10c3183ecaa6,1.1532,6085049,200,unknown
stagger,C,15,1,48,2,19.405,410464994,sha256:15991188a884,7.9850,25656055,200,unknown
stagger,C,15,1,48,2,19.405,410464994,sha256:5142ad1c6011,0.0555,250,200,unknown
stagger,C,15,1,49,2,19.405,410464994,sha256:299c82f5afaa,0.0393,6525,200,unknown
stagger,C,15,1,49,2,19.405,410464994,sha256:866771c43bf5,7.8150,49293124,200,unknown
stagger,C,15,1,49,2,19.405,410464994,sha256:ed881fbf1b07,5.2643,25614562,200,unknown
stagger,C,15,1,49,2,19.405,410464994,sha256:9da421ddeb65,8.9412,67778971,200,unknown
stagger,C,15,1,49,2,19.405,410464994,sha256:a793e3c6bce8,19.3683,236030458,200,unknown
stagger,C,15,1,49,2,19.405,410464994,sha256:10c3183ecaa6,1.6696,6085049,200,unknown
stagger,C,15,1,49,2,19.405,410464994,sha256:15991188a884,5.6263,25656055,200,unknown
stagger,C,15,1,49,2,19.405,410464994,sha256:5142ad1c6011,0.0559,250,200,unknown
stagger,C,15,2,0,1,34.406,410464994,sha256:299c82f5afaa,0.0913,6525,200,unknown
stagger,C,15,2,0,1,34.406,410464994,sha256:866771c43bf5,11.8830,49293124,200,unknown
stagger,C,15,2,0,1,34.406,410464994,sha256:ed881fbf1b07,14.3694,25614562,200,unknown
stagger,C,15,2,0,1,34.406,410464994,sha256:9da421ddeb65,20.8418,67778971,200,unknown
stagger,C,15,2,0,1,34.406,410464994,sha256:a793e3c6bce8,34.4008,236030458,200,unknown
stagger,C,15,2,0,1,34.406,410464994,sha256:10c3183ecaa6,3.3405,6085049,200,unknown
stagger,C,15,2,0,1,34.406,410464994,sha256:15991188a884,12.2677,25656055,200,unknown
stagger,C,15,2,0,1,34.406,410464994,sha256:5142ad1c6011,0.1131,250,200,unknown
stagger,C,15,2,1,1,34.406,410464994,sha256:299c82f5afaa,0.0891,6525,200,unknown
stagger,C,15,2,1,1,34.406,410464994,sha256:866771c43bf5,11.8823,49293124,200,unknown
stagger,C,15,2,1,1,34.406,410464994,sha256:ed881fbf1b07,14.3668,25614562,200,unknown
stagger,C,15,2,1,1,34.406,410464994,sha256:9da421ddeb65,20.8391,67778971,200,unknown
stagger,C,15,2,1,1,34.406,410464994,sha256:a793e3c6bce8,34.3980,236030458,200,unknown
stagger,C,15,2,1,1,34.406,410464994,sha256:10c3183ecaa6,3.3370,6085049,200,unknown
stagger,C,15,2,1,1,34.406,410464994,sha256:15991188a884,12.2619,25656055,200,unknown
stagger,C,15,2,1,1,34.406,410464994,sha256:5142ad1c6011,0.1092,250,200,unknown
stagger,C,15,2,2,1,34.405,410464994,sha256:299c82f5afaa,0.0857,6525,200,unknown
stagger,C,15,2,2,1,34.405,410464994,sha256:866771c43bf5,11.8752,49293124,200,unknown
stagger,C,15,2,2,1,34.405,410464994,sha256:ed881fbf1b07,14.3661,25614562,200,unknown
stagger,C,15,2,2,1,34.405,410464994,sha256:9da421ddeb65,20.8849,67778971,200,unknown
stagger,C,15,2,2,1,34.405,410464994,sha256:a793e3c6bce8,34.3934,236030458,200,unknown
stagger,C,15,2,2,1,34.405,410464994,sha256:10c3183ecaa6,3.3346,6085049,200,unknown
stagger,C,15,2,2,1,34.405,410464994,sha256:15991188a884,12.2620,25656055,200,unknown
stagger,C,15,2,2,1,34.405,410464994,sha256:5142ad1c6011,0.1094,250,200,unknown
stagger,C,15,2,3,1,34.405,410464994,sha256:299c82f5afaa,0.0830,6525,200,unknown
stagger,C,15,2,3,1,34.405,410464994,sha256:866771c43bf5,11.8744,49293124,200,unknown
stagger,C,15,2,3,1,34.405,410464994,sha256:ed881fbf1b07,14.3632,25614562,200,unknown
stagger,C,15,2,3,1,34.405,410464994,sha256:9da421ddeb65,22.0522,67778971,200,unknown
stagger,C,15,2,3,1,34.405,410464994,sha256:a793e3c6bce8,34.3921,236030458,200,unknown
stagger,C,15,2,3,1,34.405,410464994,sha256:10c3183ecaa6,3.3312,6085049,200,unknown
stagger,C,15,2,3,1,34.405,410464994,sha256:15991188a884,12.2591,25656055,200,unknown
stagger,C,15,2,3,1,34.405,410464994,sha256:5142ad1c6011,0.1067,250,200,unknown
stagger,C,15,2,4,1,34.405,410464994,sha256:299c82f5afaa,0.0810,6525,200,unknown
stagger,C,15,2,4,1,34.405,410464994,sha256:866771c43bf5,11.8698,49293124,200,unknown
stagger,C,15,2,4,1,34.405,410464994,sha256:ed881fbf1b07,14.3604,25614562,200,unknown
stagger,C,15,2,4,1,34.405,410464994,sha256:9da421ddeb65,20.8306,67778971,200,unknown
stagger,C,15,2,4,1,34.405,410464994,sha256:a793e3c6bce8,34.3890,236030458,200,unknown
stagger,C,15,2,4,1,34.405,410464994,sha256:10c3183ecaa6,3.3284,6085049,200,unknown
stagger,C,15,2,4,1,34.405,410464994,sha256:15991188a884,12.2565,25656055,200,unknown
stagger,C,15,2,4,1,34.405,410464994,sha256:5142ad1c6011,0.1012,250,200,unknown
stagger,C,15,2,5,1,34.405,410464994,sha256:299c82f5afaa,0.0784,6525,200,unknown
stagger,C,15,2,5,1,34.405,410464994,sha256:866771c43bf5,11.8691,49293124,200,unknown
stagger,C,15,2,5,1,34.405,410464994,sha256:ed881fbf1b07,14.3575,25614562,200,unknown
stagger,C,15,2,5,1,34.405,410464994,sha256:9da421ddeb65,20.8277,67778971,200,unknown
stagger,C,15,2,5,1,34.405,410464994,sha256:a793e3c6bce8,34.3861,236030458,200,unknown
stagger,C,15,2,5,1,34.405,410464994,sha256:10c3183ecaa6,3.3258,6085049,200,unknown
stagger,C,15,2,5,1,34.405,410464994,sha256:15991188a884,12.2538,25656055,200,unknown
stagger,C,15,2,5,1,34.405,410464994,sha256:5142ad1c6011,0.1010,250,200,unknown
stagger,C,15,2,6,1,34.405,410464994,sha256:299c82f5afaa,0.0743,6525,200,unknown
stagger,C,15,2,6,1,34.405,410464994,sha256:866771c43bf5,11.8682,49293124,200,unknown
stagger,C,15,2,6,1,34.405,410464994,sha256:ed881fbf1b07,14.3541,25614562,200,unknown
stagger,C,15,2,6,1,34.405,410464994,sha256:9da421ddeb65,20.8245,67778971,200,unknown
stagger,C,15,2,6,1,34.405,410464994,sha256:a793e3c6bce8,34.3835,236030458,200,unknown
stagger,C,15,2,6,1,34.405,410464994,sha256:10c3183ecaa6,3.3224,6085049,200,unknown
stagger,C,15,2,6,1,34.405,410464994,sha256:15991188a884,12.2500,25656055,200,unknown
stagger,C,15,2,6,1,34.405,410464994,sha256:5142ad1c6011,0.0976,250,200,unknown
stagger,C,15,2,7,1,34.405,410464994,sha256:299c82f5afaa,0.0723,6525,200,unknown
stagger,C,15,2,7,1,34.405,410464994,sha256:866771c43bf5,11.8630,49293124,200,unknown
stagger,C,15,2,7,1,34.405,410464994,sha256:ed881fbf1b07,14.3516,25614562,200,unknown
stagger,C,15,2,7,1,34.405,410464994,sha256:9da421ddeb65,20.8219,67778971,200,unknown
stagger,C,15,2,7,1,34.405,410464994,sha256:a793e3c6bce8,34.3807,236030458,200,unknown
stagger,C,15,2,7,1,34.405,410464994,sha256:10c3183ecaa6,3.3198,6085049,200,unknown
stagger,C,15,2,7,1,34.405,410464994,sha256:15991188a884,12.2479,25656055,200,unknown
stagger,C,15,2,7,1,34.405,410464994,sha256:5142ad1c6011,0.0929,250,200,unknown
stagger,C,15,2,8,1,34.405,410464994,sha256:299c82f5afaa,0.0687,6525,200,unknown
stagger,C,15,2,8,1,34.405,410464994,sha256:866771c43bf5,11.8600,49293124,200,unknown
stagger,C,15,2,8,1,34.405,410464994,sha256:ed881fbf1b07,14.3498,25614562,200,unknown
stagger,C,15,2,8,1,34.405,410464994,sha256:9da421ddeb65,23.3148,67778971,200,unknown
stagger,C,15,2,8,1,34.405,410464994,sha256:a793e3c6bce8,34.3758,236030458,200,unknown
stagger,C,15,2,8,1,34.405,410464994,sha256:10c3183ecaa6,3.3167,6085049,200,unknown
stagger,C,15,2,8,1,34.405,410464994,sha256:15991188a884,12.2438,25656055,200,unknown
stagger,C,15,2,8,1,34.405,410464994,sha256:5142ad1c6011,0.0900,250,200,unknown
stagger,C,15,2,9,1,34.405,410464994,sha256:299c82f5afaa,0.0662,6525,200,unknown
stagger,C,15,2,9,1,34.405,410464994,sha256:866771c43bf5,11.8547,49293124,200,unknown
stagger,C,15,2,9,1,34.405,410464994,sha256:ed881fbf1b07,14.3452,25614562,200,unknown
stagger,C,15,2,9,1,34.405,410464994,sha256:9da421ddeb65,20.8154,67778971,200,unknown
stagger,C,15,2,9,1,34.405,410464994,sha256:a793e3c6bce8,34.3738,236030458,200,unknown
stagger,C,15,2,9,1,34.405,410464994,sha256:10c3183ecaa6,3.3137,6085049,200,unknown
stagger,C,15,2,9,1,34.405,410464994,sha256:15991188a884,12.2404,25656055,200,unknown
stagger,C,15,2,9,1,34.405,410464994,sha256:5142ad1c6011,0.0866,250,200,unknown
stagger,C,15,2,10,1,34.405,410464994,sha256:299c82f5afaa,0.0618,6525,200,unknown
stagger,C,15,2,10,1,34.405,410464994,sha256:866771c43bf5,11.8533,49293124,200,unknown
stagger,C,15,2,10,1,34.405,410464994,sha256:ed881fbf1b07,14.3398,25614562,200,unknown
stagger,C,15,2,10,1,34.405,410464994,sha256:9da421ddeb65,23.5158,67778971,200,unknown
stagger,C,15,2,10,1,34.405,410464994,sha256:a793e3c6bce8,34.3708,236030458,200,unknown
stagger,C,15,2,10,1,34.405,410464994,sha256:10c3183ecaa6,3.3104,6085049,200,unknown
stagger,C,15,2,10,1,34.405,410464994,sha256:15991188a884,12.2379,25656055,200,unknown
stagger,C,15,2,10,1,34.405,410464994,sha256:5142ad1c6011,0.0837,250,200,unknown
stagger,C,15,2,11,1,34.405,410464994,sha256:299c82f5afaa,0.0592,6525,200,unknown
stagger,C,15,2,11,1,34.405,410464994,sha256:866771c43bf5,11.8522,49293124,200,unknown
stagger,C,15,2,11,1,34.405,410464994,sha256:ed881fbf1b07,14.3366,25614562,200,unknown
stagger,C,15,2,11,1,34.405,410464994,sha256:9da421ddeb65,20.8073,67778971,200,unknown
stagger,C,15,2,11,1,34.405,410464994,sha256:a793e3c6bce8,34.3658,236030458,200,unknown
stagger,C,15,2,11,1,34.405,410464994,sha256:10c3183ecaa6,3.3047,6085049,200,unknown
stagger,C,15,2,11,1,34.405,410464994,sha256:15991188a884,12.2329,25656055,200,unknown
stagger,C,15,2,11,1,34.405,410464994,sha256:5142ad1c6011,0.0792,250,200,unknown
stagger,C,15,2,12,1,34.404,410464994,sha256:299c82f5afaa,0.0537,6525,200,unknown
stagger,C,15,2,12,1,34.404,410464994,sha256:866771c43bf5,11.8456,49293124,200,unknown
stagger,C,15,2,12,1,34.404,410464994,sha256:ed881fbf1b07,14.3354,25614562,200,unknown
stagger,C,15,2,12,1,34.404,410464994,sha256:9da421ddeb65,20.8039,67778971,200,unknown
stagger,C,15,2,12,1,34.404,410464994,sha256:a793e3c6bce8,34.3628,236030458,200,unknown
stagger,C,15,2,12,1,34.404,410464994,sha256:10c3183ecaa6,3.3021,6085049,200,unknown
stagger,C,15,2,12,1,34.404,410464994,sha256:15991188a884,12.2297,25656055,200,unknown
stagger,C,15,2,12,1,34.404,410464994,sha256:5142ad1c6011,0.0752,250,200,unknown
stagger,C,15,2,13,1,34.404,410464994,sha256:299c82f5afaa,0.0507,6525,200,unknown
stagger,C,15,2,13,1,34.404,410464994,sha256:866771c43bf5,11.8427,49293124,200,unknown
stagger,C,15,2,13,1,34.404,410464994,sha256:ed881fbf1b07,14.3314,25614562,200,unknown
stagger,C,15,2,13,1,34.404,410464994,sha256:9da421ddeb65,22.3517,67778971,200,unknown
stagger,C,15,2,13,1,34.404,410464994,sha256:a793e3c6bce8,34.3600,236030458,200,unknown
stagger,C,15,2,13,1,34.404,410464994,sha256:10c3183ecaa6,3.2994,6085049,200,unknown
stagger,C,15,2,13,1,34.404,410464994,sha256:15991188a884,12.2272,25656055,200,unknown
stagger,C,15,2,13,1,34.404,410464994,sha256:5142ad1c6011,0.0740,250,200,unknown
stagger,C,15,2,14,1,34.403,410464994,sha256:299c82f5afaa,0.0479,6525,200,unknown
stagger,C,15,2,14,1,34.403,410464994,sha256:866771c43bf5,11.8381,49293124,200,unknown
stagger,C,15,2,14,1,34.403,410464994,sha256:ed881fbf1b07,14.3286,25614562,200,unknown
stagger,C,15,2,14,1,34.403,410464994,sha256:9da421ddeb65,20.7990,67778971,200,unknown
stagger,C,15,2,14,1,34.403,410464994,sha256:a793e3c6bce8,34.3575,236030458,200,unknown
stagger,C,15,2,14,1,34.403,410464994,sha256:10c3183ecaa6,3.2972,6085049,200,unknown
stagger,C,15,2,14,1,34.403,410464994,sha256:15991188a884,12.2248,25656055,200,unknown
stagger,C,15,2,14,1,34.403,410464994,sha256:5142ad1c6011,0.0703,250,200,unknown
stagger,C,15,2,15,1,34.404,410464994,sha256:299c82f5afaa,0.0467,6525,200,unknown
stagger,C,15,2,15,1,34.404,410464994,sha256:866771c43bf5,11.8380,49293124,200,unknown
stagger,C,15,2,15,1,34.404,410464994,sha256:ed881fbf1b07,14.3240,25614562,200,unknown
stagger,C,15,2,15,1,34.404,410464994,sha256:9da421ddeb65,20.7995,67778971,200,unknown
stagger,C,15,2,15,1,34.404,410464994,sha256:a793e3c6bce8,34.3556,236030458,200,unknown
stagger,C,15,2,15,1,34.404,410464994,sha256:10c3183ecaa6,3.2944,6085049,200,unknown
stagger,C,15,2,15,1,34.404,410464994,sha256:15991188a884,12.2198,25656055,200,unknown
stagger,C,15,2,15,1,34.404,410464994,sha256:5142ad1c6011,0.0692,250,200,unknown
stagger,C,15,2,16,1,34.404,410464994,sha256:299c82f5afaa,0.0427,6525,200,unknown
stagger,C,15,2,16,1,34.404,410464994,sha256:866771c43bf5,11.8351,49293124,200,unknown
stagger,C,15,2,16,1,34.404,410464994,sha256:ed881fbf1b07,14.3219,25614562,200,unknown
stagger,C,15,2,16,1,34.404,410464994,sha256:9da421ddeb65,20.7944,67778971,200,unknown
stagger,C,15,2,16,1,34.404,410464994,sha256:a793e3c6bce8,34.3528,236030458,200,unknown
stagger,C,15,2,16,1,34.404,410464994,sha256:10c3183ecaa6,3.2920,6085049,200,unknown
stagger,C,15,2,16,1,34.404,410464994,sha256:15991188a884,12.2202,25656055,200,unknown
stagger,C,15,2,16,1,34.404,410464994,sha256:5142ad1c6011,0.0657,250,200,unknown
stagger,C,15,2,17,1,34.404,410464994,sha256:299c82f5afaa,0.0418,6525,200,unknown
stagger,C,15,2,17,1,34.404,410464994,sha256:866771c43bf5,11.8327,49293124,200,unknown
stagger,C,15,2,17,1,34.404,410464994,sha256:ed881fbf1b07,14.3194,25614562,200,unknown
stagger,C,15,2,17,1,34.404,410464994,sha256:9da421ddeb65,21.6819,67778971,200,unknown
stagger,C,15,2,17,1,34.404,410464994,sha256:a793e3c6bce8,34.3506,236030458,200,unknown
stagger,C,15,2,17,1,34.404,410464994,sha256:10c3183ecaa6,3.2892,6085049,200,unknown
stagger,C,15,2,17,1,34.404,410464994,sha256:15991188a884,12.2173,25656055,200,unknown
stagger,C,15,2,17,1,34.404,410464994,sha256:5142ad1c6011,0.0639,250,200,unknown
stagger,C,15,2,18,1,34.404,410464994,sha256:299c82f5afaa,0.0380,6525,200,unknown
stagger,C,15,2,18,1,34.404,410464994,sha256:866771c43bf5,11.8327,49293124,200,unknown
stagger,C,15,2,18,1,34.404,410464994,sha256:ed881fbf1b07,14.3193,25614562,200,unknown
stagger,C,15,2,18,1,34.404,410464994,sha256:9da421ddeb65,23.3767,67778971,200,unknown
stagger,C,15,2,18,1,34.404,410464994,sha256:a793e3c6bce8,34.3491,236030458,200,unknown
stagger,C,15,2,18,1,34.404,410464994,sha256:10c3183ecaa6,3.2886,6085049,200,unknown
stagger,C,15,2,18,1,34.404,410464994,sha256:15991188a884,12.2160,25656055,200,unknown
stagger,C,15,2,18,1,34.404,410464994,sha256:5142ad1c6011,0.0630,250,200,unknown
stagger,C,15,2,19,1,34.403,410464994,sha256:299c82f5afaa,0.0365,6525,200,unknown
stagger,C,15,2,19,1,34.403,410464994,sha256:866771c43bf5,11.8290,49293124,200,unknown
stagger,C,15,2,19,1,34.403,410464994,sha256:ed881fbf1b07,14.3178,25614562,200,unknown
stagger,C,15,2,19,1,34.403,410464994,sha256:9da421ddeb65,20.7884,67778971,200,unknown
stagger,C,15,2,19,1,34.403,410464994,sha256:a793e3c6bce8,34.3473,236030458,200,unknown
stagger,C,15,2,19,1,34.403,410464994,sha256:10c3183ecaa6,3.2873,6085049,200,unknown
stagger,C,15,2,19,1,34.403,410464994,sha256:15991188a884,12.2145,25656055,200,unknown
stagger,C,15,2,19,1,34.403,410464994,sha256:5142ad1c6011,0.0618,250,200,unknown
stagger,C,15,2,20,1,34.403,410464994,sha256:299c82f5afaa,0.0351,6525,200,unknown
stagger,C,15,2,20,1,34.403,410464994,sha256:866771c43bf5,11.8298,49293124,200,unknown
stagger,C,15,2,20,1,34.403,410464994,sha256:ed881fbf1b07,14.3165,25614562,200,unknown
stagger,C,15,2,20,1,34.403,410464994,sha256:9da421ddeb65,20.7871,67778971,200,unknown
stagger,C,15,2,20,1,34.403,410464994,sha256:a793e3c6bce8,34.3459,236030458,200,unknown
stagger,C,15,2,20,1,34.403,410464994,sha256:10c3183ecaa6,3.2849,6085049,200,unknown
stagger,C,15,2,20,1,34.403,410464994,sha256:15991188a884,12.2131,25656055,200,unknown
stagger,C,15,2,20,1,34.403,410464994,sha256:5142ad1c6011,0.0601,250,200,unknown
stagger,C,15,2,21,1,34.403,410464994,sha256:299c82f5afaa,0.0363,6525,200,unknown
stagger,C,15,2,21,1,34.403,410464994,sha256:866771c43bf5,11.8265,49293124,200,unknown
stagger,C,15,2,21,1,34.403,410464994,sha256:ed881fbf1b07,14.3152,25614562,200,unknown
stagger,C,15,2,21,1,34.403,410464994,sha256:9da421ddeb65,20.7856,67778971,200,unknown
stagger,C,15,2,21,1,34.403,410464994,sha256:a793e3c6bce8,34.3444,236030458,200,unknown
stagger,C,15,2,21,1,34.403,410464994,sha256:10c3183ecaa6,3.2837,6085049,200,unknown
stagger,C,15,2,21,1,34.403,410464994,sha256:15991188a884,12.2119,25656055,200,unknown
stagger,C,15,2,21,1,34.403,410464994,sha256:5142ad1c6011,0.0582,250,200,unknown
stagger,C,15,2,22,1,34.403,410464994,sha256:299c82f5afaa,0.0365,6525,200,unknown
stagger,C,15,2,22,1,34.403,410464994,sha256:866771c43bf5,11.8249,49293124,200,unknown
stagger,C,15,2,22,1,34.403,410464994,sha256:ed881fbf1b07,14.3133,25614562,200,unknown
stagger,C,15,2,22,1,34.403,410464994,sha256:9da421ddeb65,20.7842,67778971,200,unknown
stagger,C,15,2,22,1,34.403,410464994,sha256:a793e3c6bce8,34.3430,236030458,200,unknown
stagger,C,15,2,22,1,34.403,410464994,sha256:10c3183ecaa6,3.2823,6085049,200,unknown
stagger,C,15,2,22,1,34.403,410464994,sha256:15991188a884,12.2104,25656055,200,unknown
stagger,C,15,2,22,1,34.403,410464994,sha256:5142ad1c6011,0.0574,250,200,unknown
stagger,C,15,2,23,1,34.403,410464994,sha256:299c82f5afaa,0.0367,6525,200,unknown
stagger,C,15,2,23,1,34.403,410464994,sha256:866771c43bf5,11.8237,49293124,200,unknown
stagger,C,15,2,23,1,34.403,410464994,sha256:ed881fbf1b07,14.3098,25614562,200,unknown
stagger,C,15,2,23,1,34.403,410464994,sha256:9da421ddeb65,20.7827,67778971,200,unknown
stagger,C,15,2,23,1,34.403,410464994,sha256:a793e3c6bce8,34.3414,236030458,200,unknown
stagger,C,15,2,23,1,34.403,410464994,sha256:10c3183ecaa6,3.2807,6085049,200,unknown
stagger,C,15,2,23,1,34.403,410464994,sha256:15991188a884,12.2052,25656055,200,unknown
stagger,C,15,2,23,1,34.403,410464994,sha256:5142ad1c6011,0.0543,250,200,unknown
stagger,C,15,2,24,1,34.403,410464994,sha256:299c82f5afaa,0.0344,6525,200,unknown
stagger,C,15,2,24,1,34.403,410464994,sha256:866771c43bf5,11.8213,49293124,200,unknown
stagger,C,15,2,24,1,34.403,410464994,sha256:ed881fbf1b07,14.3099,25614562,200,unknown
stagger,C,15,2,24,1,34.403,410464994,sha256:9da421ddeb65,20.7831,67778971,200,unknown
stagger,C,15,2,24,1,34.403,410464994,sha256:a793e3c6bce8,34.3389,236030458,200,unknown
stagger,C,15,2,24,1,34.403,410464994,sha256:10c3183ecaa6,3.2789,6085049,200,unknown
stagger,C,15,2,24,1,34.403,410464994,sha256:15991188a884,12.2059,25656055,200,unknown
stagger,C,15,2,24,1,34.403,410464994,sha256:5142ad1c6011,0.0538,250,200,unknown
stagger,C,15,2,25,2,19.404,410464994,sha256:299c82f5afaa,0.1015,6525,200,unknown
stagger,C,15,2,25,2,19.404,410464994,sha256:866771c43bf5,7.8168,49293124,200,unknown
stagger,C,15,2,25,2,19.404,410464994,sha256:ed881fbf1b07,4.8971,25614562,200,unknown
stagger,C,15,2,25,2,19.404,410464994,sha256:9da421ddeb65,8.1487,67778971,200,unknown
stagger,C,15,2,25,2,19.404,410464994,sha256:a793e3c6bce8,19.3987,236030458,200,unknown
stagger,C,15,2,25,2,19.404,410464994,sha256:10c3183ecaa6,0.9686,6085049,200,unknown
stagger,C,15,2,25,2,19.404,410464994,sha256:15991188a884,5.2215,25656055,200,unknown
stagger,C,15,2,25,2,19.404,410464994,sha256:5142ad1c6011,0.1205,250,200,unknown
stagger,C,15,2,26,2,19.404,410464994,sha256:299c82f5afaa,0.1002,6525,200,unknown
stagger,C,15,2,26,2,19.404,410464994,sha256:866771c43bf5,6.4315,49293124,200,unknown
stagger,C,15,2,26,2,19.404,410464994,sha256:ed881fbf1b07,4.0364,25614562,200,unknown
stagger,C,15,2,26,2,19.404,410464994,sha256:9da421ddeb65,7.5887,67778971,200,unknown
stagger,C,15,2,26,2,19.404,410464994,sha256:a793e3c6bce8,19.3970,236030458,200,unknown
stagger,C,15,2,26,2,19.404,410464994,sha256:10c3183ecaa6,1.0999,6085049,200,unknown
stagger,C,15,2,26,2,19.404,410464994,sha256:15991188a884,4.0609,25656055,200,unknown
stagger,C,15,2,26,2,19.404,410464994,sha256:5142ad1c6011,0.1376,250,200,unknown
stagger,C,15,2,27,2,19.404,410464994,sha256:299c82f5afaa,0.0976,6525,200,unknown
stagger,C,15,2,27,2,19.404,410464994,sha256:866771c43bf5,5.9488,49293124,200,unknown
stagger,C,15,2,27,2,19.404,410464994,sha256:ed881fbf1b07,3.8936,25614562,200,unknown
stagger,C,15,2,27,2,19.404,410464994,sha256:9da421ddeb65,7.4626,67778971,200,unknown
stagger,C,15,2,27,2,19.404,410464994,sha256:a793e3c6bce8,19.3950,236030458,200,unknown
stagger,C,15,2,27,2,19.404,410464994,sha256:10c3183ecaa6,1.3680,6085049,200,unknown
stagger,C,15,2,27,2,19.404,410464994,sha256:15991188a884,4.0975,25656055,200,unknown
stagger,C,15,2,27,2,19.404,410464994,sha256:5142ad1c6011,0.0961,250,200,unknown
stagger,C,15,2,28,2,19.404,410464994,sha256:299c82f5afaa,0.0996,6525,200,unknown
stagger,C,15,2,28,2,19.404,410464994,sha256:866771c43bf5,6.6038,49293124,200,unknown
stagger,C,15,2,28,2,19.404,410464994,sha256:ed881fbf1b07,4.0059,25614562,200,unknown
stagger,C,15,2,28,2,19.404,410464994,sha256:9da421ddeb65,7.9830,67778971,200,unknown
stagger,C,15,2,28,2,19.404,410464994,sha256:a793e3c6bce8,19.3911,236030458,200,unknown
stagger,C,15,2,28,2,19.404,410464994,sha256:10c3183ecaa6,0.2166,6085049,200,unknown
stagger,C,15,2,28,2,19.404,410464994,sha256:15991188a884,6.9999,25656055,200,unknown
stagger,C,15,2,28,2,19.404,410464994,sha256:5142ad1c6011,0.1105,250,200,unknown
stagger,C,15,2,29,2,19.404,410464994,sha256:299c82f5afaa,0.1261,6525,200,unknown
stagger,C,15,2,29,2,19.404,410464994,sha256:866771c43bf5,6.5841,49293124,200,unknown
stagger,C,15,2,29,2,19.404,410464994,sha256:ed881fbf1b07,4.0304,25614562,200,unknown
stagger,C,15,2,29,2,19.404,410464994,sha256:9da421ddeb65,7.9351,67778971,200,unknown
stagger,C,15,2,29,2,19.404,410464994,sha256:a793e3c6bce8,19.3890,236030458,200,unknown
stagger,C,15,2,29,2,19.404,410464994,sha256:10c3183ecaa6,3.6698,6085049,200,unknown
stagger,C,15,2,29,2,19.404,410464994,sha256:15991188a884,3.9088,25656055,200,unknown
stagger,C,15,2,29,2,19.404,410464994,sha256:5142ad1c6011,0.0950,250,200,unknown
stagger,C,15,2,30,2,19.404,410464994,sha256:299c82f5afaa,0.1082,6525,200,unknown
stagger,C,15,2,30,2,19.404,410464994,sha256:866771c43bf5,6.7810,49293124,200,unknown
stagger,C,15,2,30,2,19.404,410464994,sha256:ed881fbf1b07,4.0065,25614562,200,unknown
stagger,C,15,2,30,2,19.404,410464994,sha256:9da421ddeb65,8.1589,67778971,200,unknown
stagger,C,15,2,30,2,19.404,410464994,sha256:a793e3c6bce8,19.3873,236030458,200,unknown
stagger,C,15,2,30,2,19.404,410464994,sha256:10c3183ecaa6,1.3140,6085049,200,unknown
stagger,C,15,2,30,2,19.404,410464994,sha256:15991188a884,3.3434,25656055,200,unknown
stagger,C,15,2,30,2,19.404,410464994,sha256:5142ad1c6011,0.0884,250,200,unknown
stagger,C,15,2,31,2,19.404,410464994,sha256:299c82f5afaa,0.0945,6525,200,unknown
stagger,C,15,2,31,2,19.404,410464994,sha256:866771c43bf5,7.4693,49293124,200,unknown
stagger,C,15,2,31,2,19.404,410464994,sha256:ed881fbf1b07,3.8837,25614562,200,unknown
stagger,C,15,2,31,2,19.404,410464994,sha256:9da421ddeb65,8.0878,67778971,200,unknown
stagger,C,15,2,31,2,19.404,410464994,sha256:a793e3c6bce8,19.3854,236030458,200,unknown
stagger,C,15,2,31,2,19.404,410464994,sha256:10c3183ecaa6,0.4086,6085049,200,unknown
stagger,C,15,2,31,2,19.404,410464994,sha256:15991188a884,3.9144,25656055,200,unknown
stagger,C,15,2,31,2,19.404,410464994,sha256:5142ad1c6011,0.1017,250,200,unknown
stagger,C,15,2,32,2,19.404,410464994,sha256:299c82f5afaa,0.1042,6525,200,unknown
stagger,C,15,2,32,2,19.404,410464994,sha256:866771c43bf5,6.6348,49293124,200,unknown
stagger,C,15,2,32,2,19.404,410464994,sha256:ed881fbf1b07,3.0887,25614562,200,unknown
stagger,C,15,2,32,2,19.404,410464994,sha256:9da421ddeb65,7.9635,67778971,200,unknown
stagger,C,15,2,32,2,19.404,410464994,sha256:a793e3c6bce8,19.3837,236030458,200,unknown
stagger,C,15,2,32,2,19.404,410464994,sha256:10c3183ecaa6,0.7685,6085049,200,unknown
stagger,C,15,2,32,2,19.404,410464994,sha256:15991188a884,7.1366,25656055,200,unknown
stagger,C,15,2,32,2,19.404,410464994,sha256:5142ad1c6011,0.1423,250,200,unknown
stagger,C,15,2,33,2,19.403,410464994,sha256:299c82f5afaa,0.0847,6525,200,unknown
stagger,C,15,2,33,2,19.403,410464994,sha256:866771c43bf5,6.6376,49293124,200,unknown
stagger,C,15,2,33,2,19.403,410464994,sha256:ed881fbf1b07,3.8580,25614562,200,unknown
stagger,C,15,2,33,2,19.403,410464994,sha256:9da421ddeb65,8.5266,67778971,200,unknown
stagger,C,15,2,33,2,19.403,410464994,sha256:a793e3c6bce8,19.3804,236030458,200,unknown
stagger,C,15,2,33,2,19.403,410464994,sha256:10c3183ecaa6,1.6649,6085049,200,unknown
stagger,C,15,2,33,2,19.403,410464994,sha256:15991188a884,3.9528,25656055,200,unknown
stagger,C,15,2,33,2,19.403,410464994,sha256:5142ad1c6011,0.0836,250,200,unknown
stagger,C,15,2,34,2,19.403,410464994,sha256:299c82f5afaa,0.0909,6525,200,unknown
stagger,C,15,2,34,2,19.403,410464994,sha256:866771c43bf5,6.8317,49293124,200,unknown
stagger,C,15,2,34,2,19.403,410464994,sha256:ed881fbf1b07,4.3352,25614562,200,unknown
stagger,C,15,2,34,2,19.403,410464994,sha256:9da421ddeb65,8.0433,67778971,200,unknown
stagger,C,15,2,34,2,19.403,410464994,sha256:a793e3c6bce8,19.3804,236030458,200,unknown
stagger,C,15,2,34,2,19.403,410464994,sha256:10c3183ecaa6,1.0138,6085049,200,unknown
stagger,C,15,2,34,2,19.403,410464994,sha256:15991188a884,3.9199,25656055,200,unknown
stagger,C,15,2,34,2,19.403,410464994,sha256:5142ad1c6011,0.0999,250,200,unknown
stagger,C,15,2,35,2,19.403,410464994,sha256:299c82f5afaa,0.0816,6525,200,unknown
stagger,C,15,2,35,2,19.403,410464994,sha256:866771c43bf5,8.3270,49293124,200,unknown
stagger,C,15,2,35,2,19.403,410464994,sha256:ed881fbf1b07,4.0647,25614562,200,unknown
stagger,C,15,2,35,2,19.403,410464994,sha256:9da421ddeb65,8.4127,67778971,200,unknown
stagger,C,15,2,35,2,19.403,410464994,sha256:a793e3c6bce8,19.3785,236030458,200,unknown
stagger,C,15,2,35,2,19.403,410464994,sha256:10c3183ecaa6,2.1005,6085049,200,unknown
stagger,C,15,2,35,2,19.403,410464994,sha256:15991188a884,3.5481,25656055,200,unknown
stagger,C,15,2,35,2,19.403,410464994,sha256:5142ad1c6011,0.1374,250,200,unknown
stagger,C,15,2,36,2,19.403,410464994,sha256:299c82f5afaa,0.0800,6525,200,unknown
stagger,C,15,2,36,2,19.403,410464994,sha256:866771c43bf5,6.5642,49293124,200,unknown
stagger,C,15,2,36,2,19.403,410464994,sha256:ed881fbf1b07,3.9642,25614562,200,unknown
stagger,C,15,2,36,2,19.403,410464994,sha256:9da421ddeb65,8.0276,67778971,200,unknown
stagger,C,15,2,36,2,19.403,410464994,sha256:a793e3c6bce8,19.3754,236030458,200,unknown
stagger,C,15,2,36,2,19.403,410464994,sha256:10c3183ecaa6,0.9264,6085049,200,unknown
stagger,C,15,2,36,2,19.403,410464994,sha256:15991188a884,4.4303,25656055,200,unknown
stagger,C,15,2,36,2,19.403,410464994,sha256:5142ad1c6011,0.1065,250,200,unknown
stagger,C,15,2,37,2,19.402,410464994,sha256:299c82f5afaa,0.0782,6525,200,unknown
stagger,C,15,2,37,2,19.402,410464994,sha256:866771c43bf5,8.2052,49293124,200,unknown
stagger,C,15,2,37,2,19.402,410464994,sha256:ed881fbf1b07,6.1698,25614562,200,unknown
stagger,C,15,2,37,2,19.402,410464994,sha256:9da421ddeb65,8.1107,67778971,200,unknown
stagger,C,15,2,37,2,19.402,410464994,sha256:a793e3c6bce8,19.3738,236030458,200,unknown
stagger,C,15,2,37,2,19.402,410464994,sha256:10c3183ecaa6,1.0299,6085049,200,unknown
stagger,C,15,2,37,2,19.402,410464994,sha256:15991188a884,4.1373,25656055,200,unknown
stagger,C,15,2,37,2,19.402,410464994,sha256:5142ad1c6011,0.1050,250,200,unknown
stagger,C,15,2,38,2,19.402,410464994,sha256:299c82f5afaa,0.0770,6525,200,unknown
stagger,C,15,2,38,2,19.402,410464994,sha256:866771c43bf5,6.7081,49293124,200,unknown
stagger,C,15,2,38,2,19.402,410464994,sha256:ed881fbf1b07,3.7558,25614562,200,unknown
stagger,C,15,2,38,2,19.402,410464994,sha256:9da421ddeb65,8.1199,67778971,200,unknown
stagger,C,15,2,38,2,19.402,410464994,sha256:a793e3c6bce8,19.3736,236030458,200,unknown
stagger,C,15,2,38,2,19.402,410464994,sha256:10c3183ecaa6,1.0798,6085049,200,unknown
stagger,C,15,2,38,2,19.402,410464994,sha256:15991188a884,3.8987,25656055,200,unknown
stagger,C,15,2,38,2,19.402,410464994,sha256:5142ad1c6011,0.0905,250,200,unknown
stagger,C,15,2,39,2,19.402,410464994,sha256:299c82f5afaa,0.0754,6525,200,unknown
stagger,C,15,2,39,2,19.402,410464994,sha256:866771c43bf5,6.6686,49293124,200,unknown
stagger,C,15,2,39,2,19.402,410464994,sha256:ed881fbf1b07,3.8454,25614562,200,unknown
stagger,C,15,2,39,2,19.402,410464994,sha256:9da421ddeb65,8.0590,67778971,200,unknown
stagger,C,15,2,39,2,19.402,410464994,sha256:a793e3c6bce8,19.3721,236030458,200,unknown
stagger,C,15,2,39,2,19.402,410464994,sha256:10c3183ecaa6,0.9325,6085049,200,unknown
stagger,C,15,2,39,2,19.402,410464994,sha256:15991188a884,4.2051,25656055,200,unknown
stagger,C,15,2,39,2,19.402,410464994,sha256:5142ad1c6011,0.0738,250,200,unknown
stagger,C,15,2,40,2,19.402,410464994,sha256:299c82f5afaa,0.0874,6525,200,unknown
stagger,C,15,2,40,2,19.402,410464994,sha256:866771c43bf5,8.1559,49293124,200,unknown
stagger,C,15,2,40,2,19.402,410464994,sha256:ed881fbf1b07,3.8856,25614562,200,unknown
stagger,C,15,2,40,2,19.402,410464994,sha256:9da421ddeb65,8.0300,67778971,200,unknown
stagger,C,15,2,40,2,19.402,410464994,sha256:a793e3c6bce8,19.3681,236030458,200,unknown
stagger,C,15,2,40,2,19.402,410464994,sha256:10c3183ecaa6,1.9928,6085049,200,unknown
stagger,C,15,2,40,2,19.402,410464994,sha256:15991188a884,6.7375,25656055,200,unknown
stagger,C,15,2,40,2,19.402,410464994,sha256:5142ad1c6011,0.1029,250,200,unknown
stagger,C,15,2,41,2,19.403,410464994,sha256:299c82f5afaa,0.0711,6525,200,unknown
stagger,C,15,2,41,2,19.403,410464994,sha256:866771c43bf5,6.5645,49293124,200,unknown
stagger,C,15,2,41,2,19.403,410464994,sha256:ed881fbf1b07,4.1131,25614562,200,unknown
stagger,C,15,2,41,2,19.403,410464994,sha256:9da421ddeb65,8.4494,67778971,200,unknown
stagger,C,15,2,41,2,19.403,410464994,sha256:a793e3c6bce8,19.3684,236030458,200,unknown
stagger,C,15,2,41,2,19.403,410464994,sha256:10c3183ecaa6,0.8715,6085049,200,unknown
stagger,C,15,2,41,2,19.403,410464994,sha256:15991188a884,3.8075,25656055,200,unknown
stagger,C,15,2,41,2,19.403,410464994,sha256:5142ad1c6011,0.0974,250,200,unknown
stagger,C,15,2,42,2,19.402,410464994,sha256:299c82f5afaa,0.0699,6525,200,unknown
stagger,C,15,2,42,2,19.402,410464994,sha256:866771c43bf5,6.8003,49293124,200,unknown
stagger,C,15,2,42,2,19.402,410464994,sha256:ed881fbf1b07,4.1093,25614562,200,unknown
stagger,C,15,2,42,2,19.402,410464994,sha256:9da421ddeb65,8.0700,67778971,200,unknown
stagger,C,15,2,42,2,19.402,410464994,sha256:a793e3c6bce8,19.3667,236030458,200,unknown
stagger,C,15,2,42,2,19.402,410464994,sha256:10c3183ecaa6,1.9570,6085049,200,unknown
stagger,C,15,2,42,2,19.402,410464994,sha256:15991188a884,3.7525,25656055,200,unknown
stagger,C,15,2,42,2,19.402,410464994,sha256:5142ad1c6011,0.0959,250,200,unknown
stagger,C,15,2,43,2,19.402,410464994,sha256:299c82f5afaa,0.0765,6525,200,unknown
stagger,C,15,2,43,2,19.402,410464994,sha256:866771c43bf5,6.7005,49293124,200,unknown
stagger,C,15,2,43,2,19.402,410464994,sha256:ed881fbf1b07,3.9716,25614562,200,unknown
stagger,C,15,2,43,2,19.402,410464994,sha256:9da421ddeb65,8.1282,67778971,200,unknown
stagger,C,15,2,43,2,19.402,410464994,sha256:a793e3c6bce8,19.3652,236030458,200,unknown
stagger,C,15,2,43,2,19.402,410464994,sha256:10c3183ecaa6,1.4427,6085049,200,unknown
stagger,C,15,2,43,2,19.402,410464994,sha256:15991188a884,3.9675,25656055,200,unknown
stagger,C,15,2,43,2,19.402,410464994,sha256:5142ad1c6011,0.0946,250,200,unknown
stagger,C,15,2,44,2,19.402,410464994,sha256:299c82f5afaa,0.0927,6525,200,unknown
stagger,C,15,2,44,2,19.402,410464994,sha256:866771c43bf5,7.0007,49293124,200,unknown
stagger,C,15,2,44,2,19.402,410464994,sha256:ed881fbf1b07,3.9909,25614562,200,unknown
stagger,C,15,2,44,2,19.402,410464994,sha256:9da421ddeb65,8.0594,67778971,200,unknown
stagger,C,15,2,44,2,19.402,410464994,sha256:a793e3c6bce8,19.3636,236030458,200,unknown
stagger,C,15,2,44,2,19.402,410464994,sha256:10c3183ecaa6,1.3949,6085049,200,unknown
stagger,C,15,2,44,2,19.402,410464994,sha256:15991188a884,3.9859,25656055,200,unknown
stagger,C,15,2,44,2,19.402,410464994,sha256:5142ad1c6011,0.1024,250,200,unknown
stagger,C,15,2,45,2,19.402,410464994,sha256:299c82f5afaa,0.1121,6525,200,unknown
stagger,C,15,2,45,2,19.402,410464994,sha256:866771c43bf5,7.9448,49293124,200,unknown
stagger,C,15,2,45,2,19.402,410464994,sha256:ed881fbf1b07,4.0185,25614562,200,unknown
stagger,C,15,2,45,2,19.402,410464994,sha256:9da421ddeb65,8.0671,67778971,200,unknown
stagger,C,15,2,45,2,19.402,410464994,sha256:a793e3c6bce8,19.3605,236030458,200,unknown
stagger,C,15,2,45,2,19.402,410464994,sha256:10c3183ecaa6,0.3761,6085049,200,unknown
stagger,C,15,2,45,2,19.402,410464994,sha256:15991188a884,6.1880,25656055,200,unknown
stagger,C,15,2,45,2,19.402,410464994,sha256:5142ad1c6011,0.0668,250,200,unknown
stagger,C,15,2,46,2,19.402,410464994,sha256:299c82f5afaa,0.0664,6525,200,unknown
stagger,C,15,2,46,2,19.402,410464994,sha256:866771c43bf5,7.4648,49293124,200,unknown
stagger,C,15,2,46,2,19.402,410464994,sha256:ed881fbf1b07,5.4147,25614562,200,unknown
stagger,C,15,2,46,2,19.402,410464994,sha256:9da421ddeb65,8.0656,67778971,200,unknown
stagger,C,15,2,46,2,19.402,410464994,sha256:a793e3c6bce8,19.3592,236030458,200,unknown
stagger,C,15,2,46,2,19.402,410464994,sha256:10c3183ecaa6,0.9042,6085049,200,unknown
stagger,C,15,2,46,2,19.402,410464994,sha256:15991188a884,6.0331,25656055,200,unknown
stagger,C,15,2,46,2,19.402,410464994,sha256:5142ad1c6011,0.0610,250,200,unknown
stagger,C,15,2,47,2,19.402,410464994,sha256:299c82f5afaa,0.0649,6525,200,unknown
stagger,C,15,2,47,2,19.402,410464994,sha256:866771c43bf5,7.9226,49293124,200,unknown
stagger,C,15,2,47,2,19.402,410464994,sha256:ed881fbf1b07,6.9672,25614562,200,unknown
stagger,C,15,2,47,2,19.402,410464994,sha256:9da421ddeb65,7.7423,67778971,200,unknown
stagger,C,15,2,47,2,19.402,410464994,sha256:a793e3c6bce8,19.3574,236030458,200,unknown
stagger,C,15,2,47,2,19.402,410464994,sha256:10c3183ecaa6,2.6499,6085049,200,unknown
stagger,C,15,2,47,2,19.402,410464994,sha256:15991188a884,4.1435,25656055,200,unknown
stagger,C,15,2,47,2,19.402,410464994,sha256:5142ad1c6011,0.0674,250,200,unknown
stagger,C,15,2,48,2,19.402,410464994,sha256:299c82f5afaa,0.0625,6525,200,unknown
stagger,C,15,2,48,2,19.402,410464994,sha256:866771c43bf5,6.5296,49293124,200,unknown
stagger,C,15,2,48,2,19.402,410464994,sha256:ed881fbf1b07,4.0757,25614562,200,unknown
stagger,C,15,2,48,2,19.402,410464994,sha256:9da421ddeb65,8.1661,67778971,200,unknown
stagger,C,15,2,48,2,19.402,410464994,sha256:a793e3c6bce8,19.3558,236030458,200,unknown
stagger,C,15,2,48,2,19.402,410464994,sha256:10c3183ecaa6,1.6366,6085049,200,unknown
stagger,C,15,2,48,2,19.402,410464994,sha256:15991188a884,3.8893,25656055,200,unknown
stagger,C,15,2,48,2,19.402,410464994,sha256:5142ad1c6011,0.0616,250,200,unknown
stagger,C,15,2,49,2,19.402,410464994,sha256:299c82f5afaa,0.0632,6525,200,unknown
stagger,C,15,2,49,2,19.402,410464994,sha256:866771c43bf5,7.9830,49293124,200,unknown
stagger,C,15,2,49,2,19.402,410464994,sha256:ed881fbf1b07,3.4423,25614562,200,unknown
stagger,C,15,2,49,2,19.402,410464994,sha256:9da421ddeb65,7.9661,67778971,200,unknown
stagger,C,15,2,49,2,19.402,410464994,sha256:a793e3c6bce8,19.3539,236030458,200,unknown
stagger,C,15,2,49,2,19.402,410464994,sha256:10c3183ecaa6,0.8806,6085049,200,unknown
stagger,C,15,2,49,2,19.402,410464994,sha256:15991188a884,5.9796,25656055,200,unknown
stagger,C,15,2,49,2,19.402,410464994,sha256:5142ad1c6011,0.0578,250,200,unknown
stagger,C,15,3,0,1,34.403,410464994,sha256:299c82f5afaa,0.0812,6525,200,unknown
stagger,C,15,3,0,1,34.403,410464994,sha256:866771c43bf5,20.1405,49293124,200,unknown
stagger,C,15,3,0,1,34.403,410464994,sha256:ed881fbf1b07,7.9919,25614562,200,unknown
stagger,C,15,3,0,1,34.403,410464994,sha256:9da421ddeb65,22.8704,67778971,200,unknown
stagger,C,15,3,0,1,34.403,410464994,sha256:a793e3c6bce8,34.3991,236030458,200,unknown
stagger,C,15,3,0,1,34.403,410464994,sha256:10c3183ecaa6,3.1140,6085049,200,unknown
stagger,C,15,3,0,1,34.403,410464994,sha256:15991188a884,8.8659,25656055,200,unknown
stagger,C,15,3,0,1,34.403,410464994,sha256:5142ad1c6011,0.0839,250,200,unknown
stagger,C,15,3,1,1,34.403,410464994,sha256:299c82f5afaa,0.0773,6525,200,unknown
stagger,C,15,3,1,1,34.403,410464994,sha256:866771c43bf5,20.1330,49293124,200,unknown
stagger,C,15,3,1,1,34.403,410464994,sha256:ed881fbf1b07,7.9913,25614562,200,unknown
stagger,C,15,3,1,1,34.403,410464994,sha256:9da421ddeb65,22.8638,67778971,200,unknown
stagger,C,15,3,1,1,34.403,410464994,sha256:a793e3c6bce8,34.3955,236030458,200,unknown
stagger,C,15,3,1,1,34.403,410464994,sha256:10c3183ecaa6,3.1098,6085049,200,unknown
stagger,C,15,3,1,1,34.403,410464994,sha256:15991188a884,8.8633,25656055,200,unknown
stagger,C,15,3,1,1,34.403,410464994,sha256:5142ad1c6011,0.0816,250,200,unknown
stagger,C,15,3,2,1,34.403,410464994,sha256:299c82f5afaa,0.0740,6525,200,unknown
stagger,C,15,3,2,1,34.403,410464994,sha256:866771c43bf5,20.1361,49293124,200,unknown
stagger,C,15,3,2,1,34.403,410464994,sha256:ed881fbf1b07,7.9892,25614562,200,unknown
stagger,C,15,3,2,1,34.403,410464994,sha256:9da421ddeb65,22.8659,67778971,200,unknown
stagger,C,15,3,2,1,34.403,410464994,sha256:a793e3c6bce8,34.3946,236030458,200,unknown
stagger,C,15,3,2,1,34.403,410464994,sha256:10c3183ecaa6,3.1077,6085049,200,unknown
stagger,C,15,3,2,1,34.403,410464994,sha256:15991188a884,8.8614,25656055,200,unknown
stagger,C,15,3,2,1,34.403,410464994,sha256:5142ad1c6011,0.0780,250,200,unknown
stagger,C,15,3,3,1,34.403,410464994,sha256:299c82f5afaa,0.0735,6525,200,unknown
stagger,C,15,3,3,1,34.403,410464994,sha256:866771c43bf5,20.1339,49293124,200,unknown
stagger,C,15,3,3,1,34.403,410464994,sha256:ed881fbf1b07,7.9869,25614562,200,unknown
stagger,C,15,3,3,1,34.403,410464994,sha256:9da421ddeb65,22.8568,67778971,200,unknown
stagger,C,15,3,3,1,34.403,410464994,sha256:a793e3c6bce8,34.3926,236030458,200,unknown
stagger,C,15,3,3,1,34.403,410464994,sha256:10c3183ecaa6,3.1063,6085049,200,unknown
stagger,C,15,3,3,1,34.403,410464994,sha256:15991188a884,8.8593,25656055,200,unknown
stagger,C,15,3,3,1,34.403,410464994,sha256:5142ad1c6011,0.0764,250,200,unknown
stagger,C,15,3,4,1,34.403,410464994,sha256:299c82f5afaa,0.0709,6525,200,unknown
stagger,C,15,3,4,1,34.403,410464994,sha256:866771c43bf5,22.0150,49293124,200,unknown
stagger,C,15,3,4,1,34.403,410464994,sha256:ed881fbf1b07,7.9849,25614562,200,unknown
stagger,C,15,3,4,1,34.403,410464994,sha256:9da421ddeb65,22.8690,67778971,200,unknown
stagger,C,15,3,4,1,34.403,410464994,sha256:a793e3c6bce8,34.3905,236030458,200,unknown
stagger,C,15,3,4,1,34.403,410464994,sha256:10c3183ecaa6,3.1032,6085049,200,unknown
stagger,C,15,3,4,1,34.403,410464994,sha256:15991188a884,8.8568,25656055,200,unknown
stagger,C,15,3,4,1,34.403,410464994,sha256:5142ad1c6011,0.0752,250,200,unknown
stagger,C,15,3,5,1,34.402,410464994,sha256:299c82f5afaa,0.0670,6525,200,unknown
stagger,C,15,3,5,1,34.402,410464994,sha256:866771c43bf5,20.1296,49293124,200,unknown
stagger,C,15,3,5,1,34.402,410464994,sha256:ed881fbf1b07,7.9809,25614562,200,unknown
stagger,C,15,3,5,1,34.402,410464994,sha256:9da421ddeb65,22.8571,67778971,200,unknown
stagger,C,15,3,5,1,34.402,410464994,sha256:a793e3c6bce8,34.3868,236030458,200,unknown
stagger,C,15,3,5,1,34.402,410464994,sha256:10c3183ecaa6,3.1020,6085049,200,unknown
stagger,C,15,3,5,1,34.402,410464994,sha256:15991188a884,8.8547,25656055,200,unknown
stagger,C,15,3,5,1,34.402,410464994,sha256:5142ad1c6011,0.0708,250,200,unknown
stagger,C,15,3,6,1,34.403,410464994,sha256:299c82f5afaa,0.0680,6525,200,unknown
stagger,C,15,3,6,1,34.403,410464994,sha256:866771c43bf5,22.9431,49293124,200,unknown
stagger,C,15,3,6,1,34.403,410464994,sha256:ed881fbf1b07,7.9806,25614562,200,unknown
stagger,C,15,3,6,1,34.403,410464994,sha256:9da421ddeb65,22.8549,67778971,200,unknown
stagger,C,15,3,6,1,34.403,410464994,sha256:a793e3c6bce8,34.3864,236030458,200,unknown
stagger,C,15,3,6,1,34.403,410464994,sha256:10c3183ecaa6,3.0992,6085049,200,unknown
stagger,C,15,3,6,1,34.403,410464994,sha256:15991188a884,8.8525,25656055,200,unknown
stagger,C,15,3,6,1,34.403,410464994,sha256:5142ad1c6011,0.0701,250,200,unknown
stagger,C,15,3,7,1,34.403,410464994,sha256:299c82f5afaa,0.0626,6525,200,unknown
stagger,C,15,3,7,1,34.403,410464994,sha256:866771c43bf5,20.1228,49293124,200,unknown
stagger,C,15,3,7,1,34.403,410464994,sha256:ed881fbf1b07,7.9785,25614562,200,unknown
stagger,C,15,3,7,1,34.403,410464994,sha256:9da421ddeb65,24.8664,67778971,200,unknown
stagger,C,15,3,7,1,34.403,410464994,sha256:a793e3c6bce8,34.3843,236030458,200,unknown
stagger,C,15,3,7,1,34.403,410464994,sha256:10c3183ecaa6,3.0979,6085049,200,unknown
stagger,C,15,3,7,1,34.403,410464994,sha256:15991188a884,8.8510,25656055,200,unknown
stagger,C,15,3,7,1,34.403,410464994,sha256:5142ad1c6011,0.0687,250,200,unknown
stagger,C,15,3,8,1,34.402,410464994,sha256:299c82f5afaa,0.0637,6525,200,unknown
stagger,C,15,3,8,1,34.402,410464994,sha256:866771c43bf5,20.1183,49293124,200,unknown
stagger,C,15,3,8,1,34.402,410464994,sha256:ed881fbf1b07,7.9763,25614562,200,unknown
stagger,C,15,3,8,1,34.402,410464994,sha256:9da421ddeb65,22.8459,67778971,200,unknown
stagger,C,15,3,8,1,34.402,410464994,sha256:a793e3c6bce8,34.3805,236030458,200,unknown
stagger,C,15,3,8,1,34.402,410464994,sha256:10c3183ecaa6,3.0956,6085049,200,unknown
stagger,C,15,3,8,1,34.402,410464994,sha256:15991188a884,8.8494,25656055,200,unknown
stagger,C,15,3,8,1,34.402,410464994,sha256:5142ad1c6011,0.0668,250,200,unknown
stagger,C,15,3,9,1,34.402,410464994,sha256:299c82f5afaa,0.0615,6525,200,unknown
stagger,C,15,3,9,1,34.402,410464994,sha256:866771c43bf5,22.8252,49293124,200,unknown
stagger,C,15,3,9,1,34.402,410464994,sha256:ed881fbf1b07,7.9726,25614562,200,unknown
stagger,C,15,3,9,1,34.402,410464994,sha256:9da421ddeb65,22.8423,67778971,200,unknown
stagger,C,15,3,9,1,34.402,410464994,sha256:a793e3c6bce8,34.3764,236030458,200,unknown
stagger,C,15,3,9,1,34.402,410464994,sha256:10c3183ecaa6,3.0908,6085049,200,unknown
stagger,C,15,3,9,1,34.402,410464994,sha256:15991188a884,8.8448,25656055,200,unknown
stagger,C,15,3,9,1,34.402,410464994,sha256:5142ad1c6011,0.0604,250,200,unknown
stagger,C,15,3,10,1,34.402,410464994,sha256:299c82f5afaa,0.0570,6525,200,unknown
stagger,C,15,3,10,1,34.402,410464994,sha256:866771c43bf5,22.8841,49293124,200,unknown
stagger,C,15,3,10,1,34.402,410464994,sha256:ed881fbf1b07,7.9704,25614562,200,unknown
stagger,C,15,3,10,1,34.402,410464994,sha256:9da421ddeb65,22.8470,67778971,200,unknown
stagger,C,15,3,10,1,34.402,410464994,sha256:a793e3c6bce8,34.3745,236030458,200,unknown
stagger,C,15,3,10,1,34.402,410464994,sha256:10c3183ecaa6,3.0896,6085049,200,unknown
stagger,C,15,3,10,1,34.402,410464994,sha256:15991188a884,8.8433,25656055,200,unknown
stagger,C,15,3,10,1,34.402,410464994,sha256:5142ad1c6011,0.0597,250,200,unknown
stagger,C,15,3,11,1,34.402,410464994,sha256:299c82f5afaa,0.0537,6525,200,unknown
stagger,C,15,3,11,1,34.402,410464994,sha256:866771c43bf5,20.1099,49293124,200,unknown
stagger,C,15,3,11,1,34.402,410464994,sha256:ed881fbf1b07,7.9664,25614562,200,unknown
stagger,C,15,3,11,1,34.402,410464994,sha256:9da421ddeb65,22.8377,67778971,200,unknown
stagger,C,15,3,11,1,34.402,410464994,sha256:a793e3c6bce8,34.3721,236030458,200,unknown
stagger,C,15,3,11,1,34.402,410464994,sha256:10c3183ecaa6,3.0874,6085049,200,unknown
stagger,C,15,3,11,1,34.402,410464994,sha256:15991188a884,8.8401,25656055,200,unknown
stagger,C,15,3,11,1,34.402,410464994,sha256:5142ad1c6011,0.0582,250,200,unknown
stagger,C,15,3,12,1,34.402,410464994,sha256:299c82f5afaa,0.0505,6525,200,unknown
stagger,C,15,3,12,1,34.402,410464994,sha256:866771c43bf5,20.1080,49293124,200,unknown
stagger,C,15,3,12,1,34.402,410464994,sha256:ed881fbf1b07,7.9642,25614562,200,unknown
stagger,C,15,3,12,1,34.402,410464994,sha256:9da421ddeb65,22.8427,67778971,200,unknown
stagger,C,15,3,12,1,34.402,410464994,sha256:a793e3c6bce8,34.3716,236030458,200,unknown
stagger,C,15,3,12,1,34.402,410464994,sha256:10c3183ecaa6,3.0846,6085049,200,unknown
stagger,C,15,3,12,1,34.402,410464994,sha256:15991188a884,8.8384,25656055,200,unknown
stagger,C,15,3,12,1,34.402,410464994,sha256:5142ad1c6011,0.0552,250,200,unknown
stagger,C,15,3,13,1,34.402,410464994,sha256:299c82f5afaa,0.0481,6525,200,unknown
stagger,C,15,3,13,1,34.402,410464994,sha256:866771c43bf5,20.1107,49293124,200,unknown
stagger,C,15,3,13,1,34.402,410464994,sha256:ed881fbf1b07,7.9621,25614562,200,unknown
stagger,C,15,3,13,1,34.402,410464994,sha256:9da421ddeb65,22.8334,67778971,200,unknown
stagger,C,15,3,13,1,34.402,410464994,sha256:a793e3c6bce8,34.3692,236030458,200,unknown
stagger,C,15,3,13,1,34.402,410464994,sha256:10c3183ecaa6,3.0822,6085049,200,unknown
stagger,C,15,3,13,1,34.402,410464994,sha256:15991188a884,8.8361,25656055,200,unknown
stagger,C,15,3,13,1,34.402,410464994,sha256:5142ad1c6011,0.0521,250,200,unknown
stagger,C,15,3,14,1,34.402,410464994,sha256:299c82f5afaa,0.0475,6525,200,unknown
stagger,C,15,3,14,1,34.402,410464994,sha256:866771c43bf5,22.3185,49293124,200,unknown
stagger,C,15,3,14,1,34.402,410464994,sha256:ed881fbf1b07,7.9599,25614562,200,unknown
stagger,C,15,3,14,1,34.402,410464994,sha256:9da421ddeb65,22.8313,67778971,200,unknown
stagger,C,15,3,14,1,34.402,410464994,sha256:a793e3c6bce8,34.3671,236030458,200,unknown
stagger,C,15,3,14,1,34.402,410464994,sha256:10c3183ecaa6,3.0801,6085049,200,unknown
stagger,C,15,3,14,1,34.402,410464994,sha256:15991188a884,8.8338,25656055,200,unknown
stagger,C,15,3,14,1,34.402,410464994,sha256:5142ad1c6011,0.0499,250,200,unknown
stagger,C,15,3,15,1,34.402,410464994,sha256:299c82f5afaa,0.0460,6525,200,unknown
stagger,C,15,3,15,1,34.402,410464994,sha256:866771c43bf5,20.1010,49293124,200,unknown
stagger,C,15,3,15,1,34.402,410464994,sha256:ed881fbf1b07,7.9594,25614562,200,unknown
stagger,C,15,3,15,1,34.402,410464994,sha256:9da421ddeb65,22.8288,67778971,200,unknown
stagger,C,15,3,15,1,34.402,410464994,sha256:a793e3c6bce8,34.3635,236030458,200,unknown
stagger,C,15,3,15,1,34.402,410464994,sha256:10c3183ecaa6,3.0786,6085049,200,unknown
stagger,C,15,3,15,1,34.402,410464994,sha256:15991188a884,8.8312,25656055,200,unknown
stagger,C,15,3,15,1,34.402,410464994,sha256:5142ad1c6011,0.0482,250,200,unknown
stagger,C,15,3,16,1,34.402,410464994,sha256:299c82f5afaa,0.0418,6525,200,unknown
stagger,C,15,3,16,1,34.402,410464994,sha256:866771c43bf5,21.7537,49293124,200,unknown
stagger,C,15,3,16,1,34.402,410464994,sha256:ed881fbf1b07,7.9554,25614562,200,unknown
stagger,C,15,3,16,1,34.402,410464994,sha256:9da421ddeb65,22.8433,67778971,200,unknown
stagger,C,15,3,16,1,34.402,410464994,sha256:a793e3c6bce8,34.3629,236030458,200,unknown
stagger,C,15,3,16,1,34.402,410464994,sha256:10c3183ecaa6,3.0758,6085049,200,unknown
stagger,C,15,3,16,1,34.402,410464994,sha256:15991188a884,8.8302,25656055,200,unknown
stagger,C,15,3,16,1,34.402,410464994,sha256:5142ad1c6011,0.0468,250,200,unknown
stagger,C,15,3,17,1,34.402,410464994,sha256:299c82f5afaa,0.0416,6525,200,unknown
stagger,C,15,3,17,1,34.402,410464994,sha256:866771c43bf5,20.4818,49293124,200,unknown
stagger,C,15,3,17,1,34.402,410464994,sha256:ed881fbf1b07,7.9554,25614562,200,unknown
stagger,C,15,3,17,1,34.402,410464994,sha256:9da421ddeb65,22.8252,67778971,200,unknown
stagger,C,15,3,17,1,34.402,410464994,sha256:a793e3c6bce8,34.3611,236030458,200,unknown
stagger,C,15,3,17,1,34.402,410464994,sha256:10c3183ecaa6,3.0759,6085049,200,unknown
stagger,C,15,3,17,1,34.402,410464994,sha256:15991188a884,8.8285,25656055,200,unknown
stagger,C,15,3,17,1,34.402,410464994,sha256:5142ad1c6011,0.0448,250,200,unknown
stagger,C,15,3,18,1,34.402,410464994,sha256:299c82f5afaa,0.0384,6525,200,unknown
stagger,C,15,3,18,1,34.402,410464994,sha256:866771c43bf5,20.0954,49293124,200,unknown
stagger,C,15,3,18,1,34.402,410464994,sha256:ed881fbf1b07,7.9520,25614562,200,unknown
stagger,C,15,3,18,1,34.402,410464994,sha256:9da421ddeb65,22.8281,67778971,200,unknown
stagger,C,15,3,18,1,34.402,410464994,sha256:a793e3c6bce8,34.3593,236030458,200,unknown
stagger,C,15,3,18,1,34.402,410464994,sha256:10c3183ecaa6,3.0724,6085049,200,unknown
stagger,C,15,3,18,1,34.402,410464994,sha256:15991188a884,8.8258,25656055,200,unknown
stagger,C,15,3,18,1,34.402,410464994,sha256:5142ad1c6011,0.0433,250,200,unknown
stagger,C,15,3,19,1,34.402,410464994,sha256:299c82f5afaa,0.0385,6525,200,unknown
stagger,C,15,3,19,1,34.402,410464994,sha256:866771c43bf5,20.0963,49293124,200,unknown
stagger,C,15,3,19,1,34.402,410464994,sha256:ed881fbf1b07,7.9523,25614562,200,unknown
stagger,C,15,3,19,1,34.402,410464994,sha256:9da421ddeb65,22.8221,67778971,200,unknown
stagger,C,15,3,19,1,34.402,410464994,sha256:a793e3c6bce8,34.3577,236030458,200,unknown
stagger,C,15,3,19,1,34.402,410464994,sha256:10c3183ecaa6,3.0716,6085049,200,unknown
stagger,C,15,3,19,1,34.402,410464994,sha256:15991188a884,8.8247,25656055,200,unknown
stagger,C,15,3,19,1,34.402,410464994,sha256:5142ad1c6011,0.0425,250,200,unknown
stagger,C,15,3,20,1,34.402,410464994,sha256:299c82f5afaa,0.0355,6525,200,unknown
stagger,C,15,3,20,1,34.402,410464994,sha256:866771c43bf5,20.0947,49293124,200,unknown
stagger,C,15,3,20,1,34.402,410464994,sha256:ed881fbf1b07,7.9506,25614562,200,unknown
stagger,C,15,3,20,1,34.402,410464994,sha256:9da421ddeb65,22.8228,67778971,200,unknown
stagger,C,15,3,20,1,34.402,410464994,sha256:a793e3c6bce8,34.3564,236030458,200,unknown
stagger,C,15,3,20,1,34.402,410464994,sha256:10c3183ecaa6,3.0690,6085049,200,unknown
stagger,C,15,3,20,1,34.402,410464994,sha256:15991188a884,8.8230,25656055,200,unknown
stagger,C,15,3,20,1,34.402,410464994,sha256:5142ad1c6011,0.0410,250,200,unknown
stagger,C,15,3,21,1,34.402,410464994,sha256:299c82f5afaa,0.0351,6525,200,unknown
stagger,C,15,3,21,1,34.402,410464994,sha256:866771c43bf5,20.0904,49293124,200,unknown
stagger,C,15,3,21,1,34.402,410464994,sha256:ed881fbf1b07,7.9490,25614562,200,unknown
stagger,C,15,3,21,1,34.402,410464994,sha256:9da421ddeb65,22.8186,67778971,200,unknown
stagger,C,15,3,21,1,34.402,410464994,sha256:a793e3c6bce8,34.3545,236030458,200,unknown
stagger,C,15,3,21,1,34.402,410464994,sha256:10c3183ecaa6,3.0671,6085049,200,unknown
stagger,C,15,3,21,1,34.402,410464994,sha256:15991188a884,8.8194,25656055,200,unknown
stagger,C,15,3,21,1,34.402,410464994,sha256:5142ad1c6011,0.0375,250,200,unknown
stagger,C,15,3,22,1,34.401,410464994,sha256:299c82f5afaa,0.0332,6525,200,unknown
stagger,C,15,3,22,1,34.401,410464994,sha256:866771c43bf5,20.0903,49293124,200,unknown
stagger,C,15,3,22,1,34.401,410464994,sha256:ed881fbf1b07,7.9444,25614562,200,unknown
stagger,C,15,3,22,1,34.401,410464994,sha256:9da421ddeb65,22.8161,67778971,200,unknown
stagger,C,15,3,22,1,34.401,410464994,sha256:a793e3c6bce8,34.3506,236030458,200,unknown
stagger,C,15,3,22,1,34.401,410464994,sha256:10c3183ecaa6,3.0656,6085049,200,unknown
stagger,C,15,3,22,1,34.401,410464994,sha256:15991188a884,8.8188,25656055,200,unknown
stagger,C,15,3,22,1,34.401,410464994,sha256:5142ad1c6011,0.0354,250,200,unknown
stagger,C,15,3,23,1,34.401,410464994,sha256:299c82f5afaa,0.0301,6525,200,unknown
stagger,C,15,3,23,1,34.401,410464994,sha256:866771c43bf5,22.0896,49293124,200,unknown
stagger,C,15,3,23,1,34.401,410464994,sha256:ed881fbf1b07,7.9428,25614562,200,unknown
stagger,C,15,3,23,1,34.401,410464994,sha256:9da421ddeb65,22.8188,67778971,200,unknown
stagger,C,15,3,23,1,34.401,410464994,sha256:a793e3c6bce8,34.3490,236030458,200,unknown
stagger,C,15,3,23,1,34.401,410464994,sha256:10c3183ecaa6,3.0630,6085049,200,unknown
stagger,C,15,3,23,1,34.401,410464994,sha256:15991188a884,8.8169,25656055,200,unknown
stagger,C,15,3,23,1,34.401,410464994,sha256:5142ad1c6011,0.0346,250,200,unknown
stagger,C,15,3,24,1,34.401,410464994,sha256:299c82f5afaa,0.0298,6525,200,unknown
stagger,C,15,3,24,1,34.401,410464994,sha256:866771c43bf5,20.0870,49293124,200,unknown
stagger,C,15,3,24,1,34.401,410464994,sha256:ed881fbf1b07,7.9409,25614562,200,unknown
stagger,C,15,3,24,1,34.401,410464994,sha256:9da421ddeb65,22.8193,67778971,200,unknown
stagger,C,15,3,24,1,34.401,410464994,sha256:a793e3c6bce8,34.3473,236030458,200,unknown
stagger,C,15,3,24,1,34.401,410464994,sha256:10c3183ecaa6,3.0615,6085049,200,unknown
stagger,C,15,3,24,1,34.401,410464994,sha256:15991188a884,8.8148,25656055,200,unknown
stagger,C,15,3,24,1,34.401,410464994,sha256:5142ad1c6011,0.0332,250,200,unknown
stagger,C,15,3,25,2,19.401,410464994,sha256:299c82f5afaa,0.0671,6525,200,unknown
stagger,C,15,3,25,2,19.401,410464994,sha256:866771c43bf5,9.6804,49293124,200,unknown
stagger,C,15,3,25,2,19.401,410464994,sha256:ed881fbf1b07,2.4121,25614562,200,unknown
stagger,C,15,3,25,2,19.401,410464994,sha256:9da421ddeb65,12.0467,67778971,200,unknown
stagger,C,15,3,25,2,19.401,410464994,sha256:a793e3c6bce8,19.3975,236030458,200,unknown
stagger,C,15,3,25,2,19.401,410464994,sha256:10c3183ecaa6,0.4197,6085049,200,unknown
stagger,C,15,3,25,2,19.401,410464994,sha256:15991188a884,5.4301,25656055,200,unknown
stagger,C,15,3,25,2,19.401,410464994,sha256:5142ad1c6011,0.0660,250,200,unknown
stagger,C,15,3,26,2,19.402,410464994,sha256:299c82f5afaa,0.0659,6525,200,unknown
stagger,C,15,3,26,2,19.402,410464994,sha256:866771c43bf5,9.2235,49293124,200,unknown
stagger,C,15,3,26,2,19.402,410464994,sha256:ed881fbf1b07,6.3810,25614562,200,unknown
stagger,C,15,3,26,2,19.402,410464994,sha256:9da421ddeb65,10.4773,67778971,200,unknown
stagger,C,15,3,26,2,19.402,410464994,sha256:a793e3c6bce8,19.3966,236030458,200,unknown
stagger,C,15,3,26,2,19.402,410464994,sha256:10c3183ecaa6,0.8762,6085049,200,unknown
stagger,C,15,3,26,2,19.402,410464994,sha256:15991188a884,5.8687,25656055,200,unknown
stagger,C,15,3,26,2,19.402,410464994,sha256:5142ad1c6011,0.1152,250,200,unknown
stagger,C,15,3,27,2,19.402,410464994,sha256:299c82f5afaa,0.0856,6525,200,unknown
stagger,C,15,3,27,2,19.402,410464994,sha256:866771c43bf5,9.3268,49293124,200,unknown
stagger,C,15,3,27,2,19.402,410464994,sha256:ed881fbf1b07,7.7330,25614562,200,unknown
stagger,C,15,3,27,2,19.402,410464994,sha256:9da421ddeb65,10.1829,67778971,200,unknown
stagger,C,15,3,27,2,19.402,410464994,sha256:a793e3c6bce8,19.3956,236030458,200,unknown
stagger,C,15,3,27,2,19.402,410464994,sha256:10c3183ecaa6,1.8608,6085049,200,unknown
stagger,C,15,3,27,2,19.402,410464994,sha256:15991188a884,7.8945,25656055,200,unknown
stagger,C,15,3,27,2,19.402,410464994,sha256:5142ad1c6011,0.0642,250,200,unknown
stagger,C,15,3,28,2,19.402,410464994,sha256:299c82f5afaa,0.0630,6525,200,unknown
stagger,C,15,3,28,2,19.402,410464994,sha256:866771c43bf5,9.2862,49293124,200,unknown
stagger,C,15,3,28,2,19.402,410464994,sha256:ed881fbf1b07,4.8792,25614562,200,unknown
stagger,C,15,3,28,2,19.402,410464994,sha256:9da421ddeb65,11.2872,67778971,200,unknown
stagger,C,15,3,28,2,19.402,410464994,sha256:a793e3c6bce8,19.3945,236030458,200,unknown
stagger,C,15,3,28,2,19.402,410464994,sha256:10c3183ecaa6,0.2555,6085049,200,unknown
stagger,C,15,3,28,2,19.402,410464994,sha256:15991188a884,9.9340,25656055,200,unknown
stagger,C,15,3,28,2,19.402,410464994,sha256:5142ad1c6011,0.0619,250,200,unknown
stagger,C,15,3,29,2,19.401,410464994,sha256:299c82f5afaa,0.0620,6525,200,unknown
stagger,C,15,3,29,2,19.401,410464994,sha256:866771c43bf5,9.2878,49293124,200,unknown
stagger,C,15,3,29,2,19.401,410464994,sha256:ed881fbf1b07,5.8486,25614562,200,unknown
stagger,C,15,3,29,2,19.401,410464994,sha256:9da421ddeb65,10.8398,67778971,200,unknown
stagger,C,15,3,29,2,19.401,410464994,sha256:a793e3c6bce8,19.3921,236030458,200,unknown
stagger,C,15,3,29,2,19.401,410464994,sha256:10c3183ecaa6,1.0493,6085049,200,unknown
stagger,C,15,3,29,2,19.401,410464994,sha256:15991188a884,6.1169,25656055,200,unknown
stagger,C,15,3,29,2,19.401,410464994,sha256:5142ad1c6011,0.0868,250,200,unknown
stagger,C,15,3,30,2,19.402,410464994,sha256:299c82f5afaa,0.0610,6525,200,unknown
stagger,C,15,3,30,2,19.402,410464994,sha256:866771c43bf5,11.3330,49293124,200,unknown
stagger,C,15,3,30,2,19.402,410464994,sha256:ed881fbf1b07,4.5500,25614562,200,unknown
stagger,C,15,3,30,2,19.402,410464994,sha256:9da421ddeb65,11.3708,67778971,200,unknown
stagger,C,15,3,30,2,19.402,410464994,sha256:a793e3c6bce8,19.3924,236030458,200,unknown
stagger,C,15,3,30,2,19.402,410464994,sha256:10c3183ecaa6,0.8733,6085049,200,unknown
stagger,C,15,3,30,2,19.402,410464994,sha256:15991188a884,7.7471,25656055,200,unknown
stagger,C,15,3,30,2,19.402,410464994,sha256:5142ad1c6011,0.0600,250,200,unknown
stagger,C,15,3,31,2,19.401,410464994,sha256:299c82f5afaa,0.0600,6525,200,unknown
stagger,C,15,3,31,2,19.401,410464994,sha256:866771c43bf5,9.7106,49293124,200,unknown
stagger,C,15,3,31,2,19.401,410464994,sha256:ed881fbf1b07,7.5967,25614562,200,unknown
stagger,C,15,3,31,2,19.401,410464994,sha256:9da421ddeb65,10.8669,67778971,200,unknown
stagger,C,15,3,31,2,19.401,410464994,sha256:a793e3c6bce8,19.3901,236030458,200,unknown
stagger,C,15,3,31,2,19.401,410464994,sha256:10c3183ecaa6,2.6752,6085049,200,unknown
stagger,C,15,3,31,2,19.401,410464994,sha256:15991188a884,6.8008,25656055,200,unknown
stagger,C,15,3,31,2,19.401,410464994,sha256:5142ad1c6011,0.0617,250,200,unknown
stagger,C,15,3,32,2,19.401,410464994,sha256:299c82f5afaa,0.0616,6525,200,unknown
stagger,C,15,3,32,2,19.401,410464994,sha256:866771c43bf5,9.1851,49293124,200,unknown
stagger,C,15,3,32,2,19.401,410464994,sha256:ed881fbf1b07,9.7349,25614562,200,unknown
stagger,C,15,3,32,2,19.401,410464994,sha256:9da421ddeb65,11.1747,67778971,200,unknown
stagger,C,15,3,32,2,19.401,410464994,sha256:a793e3c6bce8,19.3892,236030458,200,unknown
stagger,C,15,3,32,2,19.401,410464994,sha256:10c3183ecaa6,1.2317,6085049,200,unknown
stagger,C,15,3,32,2,19.401,410464994,sha256:15991188a884,6.7409,25656055,200,unknown
stagger,C,15,3,32,2,19.401,410464994,sha256:5142ad1c6011,0.0649,250,200,unknown
stagger,C,15,3,33,2,19.402,410464994,sha256:299c82f5afaa,0.0648,6525,200,unknown
stagger,C,15,3,33,2,19.402,410464994,sha256:866771c43bf5,9.2916,49293124,200,unknown
stagger,C,15,3,33,2,19.402,410464994,sha256:ed881fbf1b07,5.7726,25614562,200,unknown
stagger,C,15,3,33,2,19.402,410464994,sha256:9da421ddeb65,12.0202,67778971,200,unknown
stagger,C,15,3,33,2,19.402,410464994,sha256:a793e3c6bce8,19.3896,236030458,200,unknown
stagger,C,15,3,33,2,19.402,410464994,sha256:10c3183ecaa6,1.1755,6085049,200,unknown
stagger,C,15,3,33,2,19.402,410464994,sha256:15991188a884,6.6125,25656055,200,unknown
stagger,C,15,3,33,2,19.402,410464994,sha256:5142ad1c6011,0.0774,250,200,unknown
stagger,C,15,3,34,2,19.402,410464994,sha256:299c82f5afaa,0.0684,6525,200,unknown
stagger,C,15,3,34,2,19.402,410464994,sha256:866771c43bf5,9.2645,49293124,200,unknown
stagger,C,15,3,34,2,19.402,410464994,sha256:ed881fbf1b07,7.1183,25614562,200,unknown
stagger,C,15,3,34,2,19.402,410464994,sha256:9da421ddeb65,10.8886,67778971,200,unknown
stagger,C,15,3,34,2,19.402,410464994,sha256:a793e3c6bce8,19.3885,236030458,200,unknown
stagger,C,15,3,34,2,19.402,410464994,sha256:10c3183ecaa6,3.4312,6085049,200,unknown
stagger,C,15,3,34,2,19.402,410464994,sha256:15991188a884,8.4681,25656055,200,unknown
stagger,C,15,3,34,2,19.402,410464994,sha256:5142ad1c6011,0.0599,250,200,unknown
stagger,C,15,3,35,2,19.401,410464994,sha256:299c82f5afaa,0.0675,6525,200,unknown
stagger,C,15,3,35,2,19.401,410464994,sha256:866771c43bf5,9.2757,49293124,200,unknown
stagger,C,15,3,35,2,19.401,410464994,sha256:ed881fbf1b07,5.8028,25614562,200,unknown
stagger,C,15,3,35,2,19.401,410464994,sha256:9da421ddeb65,10.6953,67778971,200,unknown
stagger,C,15,3,35,2,19.401,410464994,sha256:a793e3c6bce8,19.3863,236030458,200,unknown
stagger,C,15,3,35,2,19.401,410464994,sha256:10c3183ecaa6,0.9939,6085049,200,unknown
stagger,C,15,3,35,2,19.401,410464994,sha256:15991188a884,5.9741,25656055,200,unknown
stagger,C,15,3,35,2,19.401,410464994,sha256:5142ad1c6011,0.0614,250,200,unknown
stagger,C,15,3,36,2,19.402,410464994,sha256:299c82f5afaa,0.0692,6525,200,unknown
stagger,C,15,3,36,2,19.402,410464994,sha256:866771c43bf5,9.1836,49293124,200,unknown
stagger,C,15,3,36,2,19.402,410464994,sha256:ed881fbf1b07,6.2307,25614562,200,unknown
stagger,C,15,3,36,2,19.402,410464994,sha256:9da421ddeb65,10.4376,67778971,200,unknown
stagger,C,15,3,36,2,19.402,410464994,sha256:a793e3c6bce8,19.3864,236030458,200,unknown
stagger,C,15,3,36,2,19.402,410464994,sha256:10c3183ecaa6,0.8333,6085049,200,unknown
stagger,C,15,3,36,2,19.402,410464994,sha256:15991188a884,6.3388,25656055,200,unknown
stagger,C,15,3,36,2,19.402,410464994,sha256:5142ad1c6011,0.0646,250,200,unknown
stagger,C,15,3,37,2,19.401,410464994,sha256:299c82f5afaa,0.0720,6525,200,unknown
stagger,C,15,3,37,2,19.401,410464994,sha256:866771c43bf5,9.3015,49293124,200,unknown
stagger,C,15,3,37,2,19.401,410464994,sha256:ed881fbf1b07,5.9488,25614562,200,unknown
stagger,C,15,3,37,2,19.401,410464994,sha256:9da421ddeb65,10.5381,67778971,200,unknown
stagger,C,15,3,37,2,19.401,410464994,sha256:a793e3c6bce8,19.3856,236030458,200,unknown
stagger,C,15,3,37,2,19.401,410464994,sha256:10c3183ecaa6,1.0530,6085049,200,unknown
stagger,C,15,3,37,2,19.401,410464994,sha256:15991188a884,5.9901,25656055,200,unknown
stagger,C,15,3,37,2,19.401,410464994,sha256:5142ad1c6011,0.0770,250,200,unknown
stagger,C,15,3,38,2,19.401,410464994,sha256:299c82f5afaa,0.0881,6525,200,unknown
stagger,C,15,3,38,2,19.401,410464994,sha256:866771c43bf5,9.2480,49293124,200,unknown
stagger,C,15,3,38,2,19.401,410464994,sha256:ed881fbf1b07,5.9685,25614562,200,unknown
stagger,C,15,3,38,2,19.401,410464994,sha256:9da421ddeb65,10.7327,67778971,200,unknown
stagger,C,15,3,38,2,19.401,410464994,sha256:a793e3c6bce8,19.3845,236030458,200,unknown
stagger,C,15,3,38,2,19.401,410464994,sha256:10c3183ecaa6,2.4526,6085049,200,unknown
stagger,C,15,3,38,2,19.401,410464994,sha256:15991188a884,6.1524,25656055,200,unknown
stagger,C,15,3,38,2,19.401,410464994,sha256:5142ad1c6011,0.0770,250,200,unknown
stagger,C,15,3,39,2,19.401,410464994,sha256:299c82f5afaa,0.0634,6525,200,unknown
stagger,C,15,3,39,2,19.401,410464994,sha256:866771c43bf5,11.8719,49293124,200,unknown
stagger,C,15,3,39,2,19.401,410464994,sha256:ed881fbf1b07,9.5420,25614562,200,unknown
stagger,C,15,3,39,2,19.401,410464994,sha256:9da421ddeb65,11.2610,67778971,200,unknown
stagger,C,15,3,39,2,19.401,410464994,sha256:a793e3c6bce8,19.3837,236030458,200,unknown
stagger,C,15,3,39,2,19.401,410464994,sha256:10c3183ecaa6,1.1396,6085049,200,unknown
stagger,C,15,3,39,2,19.401,410464994,sha256:15991188a884,5.9857,25656055,200,unknown
stagger,C,15,3,39,2,19.401,410464994,sha256:5142ad1c6011,0.0792,250,200,unknown
stagger,C,15,3,40,2,19.401,410464994,sha256:299c82f5afaa,0.0630,6525,200,unknown
stagger,C,15,3,40,2,19.401,410464994,sha256:866771c43bf5,11.7272,49293124,200,unknown
stagger,C,15,3,40,2,19.401,410464994,sha256:ed881fbf1b07,6.0126,25614562,200,unknown
stagger,C,15,3,40,2,19.401,410464994,sha256:9da421ddeb65,10.4695,67778971,200,unknown
stagger,C,15,3,40,2,19.401,410464994,sha256:a793e3c6bce8,19.3819,236030458,200,unknown
stagger,C,15,3,40,2,19.401,410464994,sha256:10c3183ecaa6,1.7250,6085049,200,unknown
stagger,C,15,3,40,2,19.401,410464994,sha256:15991188a884,6.1589,25656055,200,unknown
stagger,C,15,3,40,2,19.401,410464994,sha256:5142ad1c6011,0.0630,250,200,unknown
stagger,C,15,3,41,2,19.401,410464994,sha256:299c82f5afaa,0.0566,6525,200,unknown
stagger,C,15,3,41,2,19.401,410464994,sha256:866771c43bf5,9.2629,49293124,200,unknown
stagger,C,15,3,41,2,19.401,410464994,sha256:ed881fbf1b07,5.8385,25614562,200,unknown
stagger,C,15,3,41,2,19.401,410464994,sha256:9da421ddeb65,10.7119,67778971,200,unknown
stagger,C,15,3,41,2,19.401,410464994,sha256:a793e3c6bce8,19.3712,236030458,200,unknown
stagger,C,15,3,41,2,19.401,410464994,sha256:10c3183ecaa6,0.9464,6085049,200,unknown
stagger,C,15,3,41,2,19.401,410464994,sha256:15991188a884,5.9090,25656055,200,unknown
stagger,C,15,3,41,2,19.401,410464994,sha256:5142ad1c6011,0.0572,250,200,unknown
stagger,C,15,3,42,2,19.401,410464994,sha256:299c82f5afaa,0.0572,6525,200,unknown
stagger,C,15,3,42,2,19.401,410464994,sha256:866771c43bf5,9.6419,49293124,200,unknown
stagger,C,15,3,42,2,19.401,410464994,sha256:ed881fbf1b07,6.1316,25614562,200,unknown
stagger,C,15,3,42,2,19.401,410464994,sha256:9da421ddeb65,10.6810,67778971,200,unknown
stagger,C,15,3,42,2,19.401,410464994,sha256:a793e3c6bce8,19.3716,236030458,200,unknown
stagger,C,15,3,42,2,19.401,410464994,sha256:10c3183ecaa6,2.0665,6085049,200,unknown
stagger,C,15,3,42,2,19.401,410464994,sha256:15991188a884,6.1124,25656055,200,unknown
stagger,C,15,3,42,2,19.401,410464994,sha256:5142ad1c6011,0.0707,250,200,unknown
stagger,C,15,3,43,2,19.401,410464994,sha256:299c82f5afaa,0.0583,6525,200,unknown
stagger,C,15,3,43,2,19.401,410464994,sha256:866771c43bf5,9.2446,49293124,200,unknown
stagger,C,15,3,43,2,19.401,410464994,sha256:ed881fbf1b07,10.2315,25614562,200,unknown
stagger,C,15,3,43,2,19.401,410464994,sha256:9da421ddeb65,10.6064,67778971,200,unknown
stagger,C,15,3,43,2,19.401,410464994,sha256:a793e3c6bce8,19.3690,236030458,200,unknown
stagger,C,15,3,43,2,19.401,410464994,sha256:10c3183ecaa6,0.9705,6085049,200,unknown
stagger,C,15,3,43,2,19.401,410464994,sha256:15991188a884,5.8478,25656055,200,unknown
stagger,C,15,3,43,2,19.401,410464994,sha256:5142ad1c6011,0.0503,250,200,unknown
stagger,C,15,3,44,2,19.401,410464994,sha256:299c82f5afaa,0.0502,6525,200,unknown
stagger,C,15,3,44,2,19.401,410464994,sha256:866771c43bf5,9.2807,49293124,200,unknown
stagger,C,15,3,44,2,19.401,410464994,sha256:ed881fbf1b07,6.0946,25614562,200,unknown
stagger,C,15,3,44,2,19.401,410464994,sha256:9da421ddeb65,10.5842,67778971,200,unknown
stagger,C,15,3,44,2,19.401,410464994,sha256:a793e3c6bce8,19.3683,236030458,200,unknown
stagger,C,15,3,44,2,19.401,410464994,sha256:10c3183ecaa6,1.5038,6085049,200,unknown
stagger,C,15,3,44,2,19.401,410464994,sha256:15991188a884,6.1226,25656055,200,unknown
stagger,C,15,3,44,2,19.401,410464994,sha256:5142ad1c6011,0.0587,250,200,unknown
stagger,C,15,3,45,2,19.401,410464994,sha256:299c82f5afaa,0.0703,6525,200,unknown
stagger,C,15,3,45,2,19.401,410464994,sha256:866771c43bf5,9.3632,49293124,200,unknown
stagger,C,15,3,45,2,19.401,410464994,sha256:ed881fbf1b07,9.6788,25614562,200,unknown
stagger,C,15,3,45,2,19.401,410464994,sha256:9da421ddeb65,10.4811,67778971,200,unknown
stagger,C,15,3,45,2,19.401,410464994,sha256:a793e3c6bce8,19.3687,236030458,200,unknown
stagger,C,15,3,45,2,19.401,410464994,sha256:10c3183ecaa6,0.9968,6085049,200,unknown
stagger,C,15,3,45,2,19.401,410464994,sha256:15991188a884,5.9474,25656055,200,unknown
stagger,C,15,3,45,2,19.401,410464994,sha256:5142ad1c6011,0.0713,250,200,unknown
stagger,C,15,3,46,2,19.401,410464994,sha256:299c82f5afaa,0.0498,6525,200,unknown
stagger,C,15,3,46,2,19.401,410464994,sha256:866771c43bf5,9.3400,49293124,200,unknown
stagger,C,15,3,46,2,19.401,410464994,sha256:ed881fbf1b07,5.8885,25614562,200,unknown
stagger,C,15,3,46,2,19.401,410464994,sha256:9da421ddeb65,10.8643,67778971,200,unknown
stagger,C,15,3,46,2,19.401,410464994,sha256:a793e3c6bce8,19.3677,236030458,200,unknown
stagger,C,15,3,46,2,19.401,410464994,sha256:10c3183ecaa6,1.3498,6085049,200,unknown
stagger,C,15,3,46,2,19.401,410464994,sha256:15991188a884,7.7750,25656055,200,unknown
stagger,C,15,3,46,2,19.401,410464994,sha256:5142ad1c6011,0.0520,250,200,unknown
stagger,C,15,3,47,2,19.401,410464994,sha256:299c82f5afaa,0.0520,6525,200,unknown
stagger,C,15,3,47,2,19.401,410464994,sha256:866771c43bf5,9.1830,49293124,200,unknown
stagger,C,15,3,47,2,19.401,410464994,sha256:ed881fbf1b07,6.2155,25614562,200,unknown
stagger,C,15,3,47,2,19.401,410464994,sha256:9da421ddeb65,10.5392,67778971,200,unknown
stagger,C,15,3,47,2,19.401,410464994,sha256:a793e3c6bce8,19.3664,236030458,200,unknown
stagger,C,15,3,47,2,19.401,410464994,sha256:10c3183ecaa6,0.9557,6085049,200,unknown
stagger,C,15,3,47,2,19.401,410464994,sha256:15991188a884,5.9411,25656055,200,unknown
stagger,C,15,3,47,2,19.401,410464994,sha256:5142ad1c6011,0.0715,250,200,unknown
stagger,C,15,3,48,2,19.401,410464994,sha256:299c82f5afaa,0.0566,6525,200,unknown
stagger,C,15,3,48,2,19.401,410464994,sha256:866771c43bf5,9.3832,49293124,200,unknown
stagger,C,15,3,48,2,19.401,410464994,sha256:ed881fbf1b07,5.8790,25614562,200,unknown
stagger,C,15,3,48,2,19.401,410464994,sha256:9da421ddeb65,10.5060,67778971,200,unknown
stagger,C,15,3,48,2,19.401,410464994,sha256:a793e3c6bce8,19.3643,236030458,200,unknown
stagger,C,15,3,48,2,19.401,410464994,sha256:10c3183ecaa6,5.1441,6085049,200,unknown
stagger,C,15,3,48,2,19.401,410464994,sha256:15991188a884,6.1738,25656055,200,unknown
stagger,C,15,3,48,2,19.401,410464994,sha256:5142ad1c6011,0.0569,250,200,unknown
stagger,C,15,3,49,2,19.401,410464994,sha256:299c82f5afaa,0.0750,6525,200,unknown
stagger,C,15,3,49,2,19.401,410464994,sha256:866771c43bf5,9.3390,49293124,200,unknown
stagger,C,15,3,49,2,19.401,410464994,sha256:ed881fbf1b07,6.6838,25614562,200,unknown
stagger,C,15,3,49,2,19.401,410464994,sha256:9da421ddeb65,10.4295,67778971,200,unknown
stagger,C,15,3,49,2,19.401,410464994,sha256:a793e3c6bce8,19.3646,236030458,200,unknown
stagger,C,15,3,49,2,19.401,410464994,sha256:10c3183ecaa6,1.0178,6085049,200,unknown
stagger,C,15,3,49,2,19.401,410464994,sha256:15991188a884,6.7648,25656055,200,unknown
stagger,C,15,3,49,2,19.401,410464994,sha256:5142ad1c6011,0.0732,250,200,unknown
stagger,D,30,1,0,1,36.819,410464994,sha256:299c82f5afaa,0.0847,6525,200,unknown
stagger,D,30,1,0,1,36.819,410464994,sha256:866771c43bf5,18.4253,49293124,200,unknown
stagger,D,30,1,0,1,36.819,410464994,sha256:ed881fbf1b07,10.8174,25614562,200,unknown
stagger,D,30,1,0,1,36.819,410464994,sha256:9da421ddeb65,20.3351,67778971,200,unknown
stagger,D,30,1,0,1,36.819,410464994,sha256:a793e3c6bce8,36.8134,236030458,200,unknown
stagger,D,30,1,0,1,36.819,410464994,sha256:10c3183ecaa6,4.6638,6085049,200,unknown
stagger,D,30,1,0,1,36.819,410464994,sha256:15991188a884,11.1101,25656055,200,unknown
stagger,D,30,1,0,1,36.819,410464994,sha256:5142ad1c6011,0.0868,250,200,unknown
stagger,D,30,1,1,1,34.401,410464994,sha256:299c82f5afaa,0.0806,6525,200,unknown
stagger,D,30,1,1,1,34.401,410464994,sha256:866771c43bf5,18.4234,49293124,200,unknown
stagger,D,30,1,1,1,34.401,410464994,sha256:ed881fbf1b07,10.8149,25614562,200,unknown
stagger,D,30,1,1,1,34.401,410464994,sha256:9da421ddeb65,20.3325,67778971,200,unknown
stagger,D,30,1,1,1,34.401,410464994,sha256:a793e3c6bce8,34.3911,236030458,200,unknown
stagger,D,30,1,1,1,34.401,410464994,sha256:10c3183ecaa6,4.6609,6085049,200,unknown
stagger,D,30,1,1,1,34.401,410464994,sha256:15991188a884,11.1072,25656055,200,unknown
stagger,D,30,1,1,1,34.401,410464994,sha256:5142ad1c6011,0.0819,250,200,unknown
stagger,D,30,1,2,1,35.931,410464994,sha256:299c82f5afaa,0.0789,6525,200,unknown
stagger,D,30,1,2,1,35.931,410464994,sha256:866771c43bf5,18.4186,49293124,200,unknown
stagger,D,30,1,2,1,35.931,410464994,sha256:ed881fbf1b07,10.8119,25614562,200,unknown
stagger,D,30,1,2,1,35.931,410464994,sha256:9da421ddeb65,20.3277,67778971,200,unknown
stagger,D,30,1,2,1,35.931,410464994,sha256:a793e3c6bce8,35.9200,236030458,200,unknown
stagger,D,30,1,2,1,35.931,410464994,sha256:10c3183ecaa6,4.6583,6085049,200,unknown
stagger,D,30,1,2,1,35.931,410464994,sha256:15991188a884,11.1045,25656055,200,unknown
stagger,D,30,1,2,1,35.931,410464994,sha256:5142ad1c6011,0.0806,250,200,unknown
stagger,D,30,1,3,1,34.401,410464994,sha256:299c82f5afaa,0.0786,6525,200,unknown
stagger,D,30,1,3,1,34.401,410464994,sha256:866771c43bf5,18.4179,49293124,200,unknown
stagger,D,30,1,3,1,34.401,410464994,sha256:ed881fbf1b07,10.8104,25614562,200,unknown
stagger,D,30,1,3,1,34.401,410464994,sha256:9da421ddeb65,20.3253,67778971,200,unknown
stagger,D,30,1,3,1,34.401,410464994,sha256:a793e3c6bce8,34.3858,236030458,200,unknown
stagger,D,30,1,3,1,34.401,410464994,sha256:10c3183ecaa6,4.6562,6085049,200,unknown
stagger,D,30,1,3,1,34.401,410464994,sha256:15991188a884,11.1017,25656055,200,unknown
stagger,D,30,1,3,1,34.401,410464994,sha256:5142ad1c6011,0.0763,250,200,unknown
stagger,D,30,1,4,1,37.045,410464994,sha256:299c82f5afaa,0.0737,6525,200,unknown
stagger,D,30,1,4,1,37.045,410464994,sha256:866771c43bf5,18.4144,49293124,200,unknown
stagger,D,30,1,4,1,37.045,410464994,sha256:ed881fbf1b07,10.8065,25614562,200,unknown
stagger,D,30,1,4,1,37.045,410464994,sha256:9da421ddeb65,20.3229,67778971,200,unknown
stagger,D,30,1,4,1,37.045,410464994,sha256:a793e3c6bce8,37.0290,236030458,200,unknown
stagger,D,30,1,4,1,37.045,410464994,sha256:10c3183ecaa6,4.6533,6085049,200,unknown
stagger,D,30,1,4,1,37.045,410464994,sha256:15991188a884,11.0992,25656055,200,unknown
stagger,D,30,1,4,1,37.045,410464994,sha256:5142ad1c6011,0.0752,250,200,unknown
stagger,D,30,1,5,1,36.710,410464994,sha256:299c82f5afaa,0.0697,6525,200,unknown
stagger,D,30,1,5,1,36.710,410464994,sha256:866771c43bf5,18.4116,49293124,200,unknown
stagger,D,30,1,5,1,36.710,410464994,sha256:ed881fbf1b07,10.8041,25614562,200,unknown
stagger,D,30,1,5,1,36.710,410464994,sha256:9da421ddeb65,20.3194,67778971,200,unknown
stagger,D,30,1,5,1,36.710,410464994,sha256:a793e3c6bce8,36.6916,236030458,200,unknown
stagger,D,30,1,5,1,36.710,410464994,sha256:10c3183ecaa6,4.6502,6085049,200,unknown
stagger,D,30,1,5,1,36.710,410464994,sha256:15991188a884,11.0966,25656055,200,unknown
stagger,D,30,1,5,1,36.710,410464994,sha256:5142ad1c6011,0.0732,250,200,unknown
stagger,D,30,1,6,1,35.831,410464994,sha256:299c82f5afaa,0.0755,6525,200,unknown
stagger,D,30,1,6,1,35.831,410464994,sha256:866771c43bf5,18.4089,49293124,200,unknown
stagger,D,30,1,6,1,35.831,410464994,sha256:ed881fbf1b07,10.7995,25614562,200,unknown
stagger,D,30,1,6,1,35.831,410464994,sha256:9da421ddeb65,20.3174,67778971,200,unknown
stagger,D,30,1,6,1,35.831,410464994,sha256:a793e3c6bce8,35.8089,236030458,200,unknown
stagger,D,30,1,6,1,35.831,410464994,sha256:10c3183ecaa6,4.6481,6085049,200,unknown
stagger,D,30,1,6,1,35.831,410464994,sha256:15991188a884,11.0940,25656055,200,unknown
stagger,D,30,1,6,1,35.831,410464994,sha256:5142ad1c6011,0.0692,250,200,unknown
stagger,D,30,1,7,1,36.634,410464994,sha256:299c82f5afaa,0.0651,6525,200,unknown
stagger,D,30,1,7,1,36.634,410464994,sha256:866771c43bf5,18.4052,49293124,200,unknown
stagger,D,30,1,7,1,36.634,410464994,sha256:ed881fbf1b07,10.7956,25614562,200,unknown
stagger,D,30,1,7,1,36.634,410464994,sha256:9da421ddeb65,20.3121,67778971,200,unknown
stagger,D,30,1,7,1,36.634,410464994,sha256:a793e3c6bce8,36.6070,236030458,200,unknown
stagger,D,30,1,7,1,36.634,410464994,sha256:10c3183ecaa6,4.6431,6085049,200,unknown
stagger,D,30,1,7,1,36.634,410464994,sha256:15991188a884,11.0882,25656055,200,unknown
stagger,D,30,1,7,1,36.634,410464994,sha256:5142ad1c6011,0.0640,250,200,unknown
stagger,D,30,1,8,1,36.981,410464994,sha256:299c82f5afaa,0.0600,6525,200,unknown
stagger,D,30,1,8,1,36.981,410464994,sha256:866771c43bf5,18.4002,49293124,200,unknown
stagger,D,30,1,8,1,36.981,410464994,sha256:ed881fbf1b07,10.7940,25614562,200,unknown
stagger,D,30,1,8,1,36.981,410464994,sha256:9da421ddeb65,20.3112,67778971,200,unknown
stagger,D,30,1,8,1,36.981,410464994,sha256:a793e3c6bce8,36.9520,236030458,200,unknown
stagger,D,30,1,8,1,36.981,410464994,sha256:10c3183ecaa6,4.6407,6085049,200,unknown
stagger,D,30,1,8,1,36.981,410464994,sha256:15991188a884,11.0854,25656055,200,unknown
stagger,D,30,1,8,1,36.981,410464994,sha256:5142ad1c6011,0.0627,250,200,unknown
stagger,D,30,1,9,1,37.188,410464994,sha256:299c82f5afaa,0.0577,6525,200,unknown
stagger,D,30,1,9,1,37.188,410464994,sha256:866771c43bf5,18.3993,49293124,200,unknown
stagger,D,30,1,9,1,37.188,410464994,sha256:ed881fbf1b07,10.7898,25614562,200,unknown
stagger,D,30,1,9,1,37.188,410464994,sha256:9da421ddeb65,20.3074,67778971,200,unknown
stagger,D,30,1,9,1,37.188,410464994,sha256:a793e3c6bce8,37.1565,236030458,200,unknown
stagger,D,30,1,9,1,37.188,410464994,sha256:10c3183ecaa6,4.6382,6085049,200,unknown
stagger,D,30,1,9,1,37.188,410464994,sha256:15991188a884,11.0826,25656055,200,unknown
stagger,D,30,1,9,1,37.188,410464994,sha256:5142ad1c6011,0.0595,250,200,unknown
stagger,D,30,1,10,1,34.401,410464994,sha256:299c82f5afaa,0.0577,6525,200,unknown
stagger,D,30,1,10,1,34.401,410464994,sha256:866771c43bf5,18.3964,49293124,200,unknown
stagger,D,30,1,10,1,34.401,410464994,sha256:ed881fbf1b07,10.7895,25614562,200,unknown
stagger,D,30,1,10,1,34.401,410464994,sha256:9da421ddeb65,20.3049,67778971,200,unknown
stagger,D,30,1,10,1,34.401,410464994,sha256:a793e3c6bce8,34.3651,236030458,200,unknown
stagger,D,30,1,10,1,34.401,410464994,sha256:10c3183ecaa6,4.6355,6085049,200,unknown
stagger,D,30,1,10,1,34.401,410464994,sha256:15991188a884,11.0812,25656055,200,unknown
stagger,D,30,1,10,1,34.401,410464994,sha256:5142ad1c6011,0.0560,250,200,unknown
stagger,D,30,1,11,1,34.401,410464994,sha256:299c82f5afaa,0.0526,6525,200,unknown
stagger,D,30,1,11,1,34.401,410464994,sha256:866771c43bf5,18.3938,49293124,200,unknown
stagger,D,30,1,11,1,34.401,410464994,sha256:ed881fbf1b07,10.7849,25614562,200,unknown
stagger,D,30,1,11,1,34.401,410464994,sha256:9da421ddeb65,20.3022,67778971,200,unknown
stagger,D,30,1,11,1,34.401,410464994,sha256:a793e3c6bce8,34.3625,236030458,200,unknown
stagger,D,30,1,11,1,34.401,410464994,sha256:10c3183ecaa6,4.6328,6085049,200,unknown
stagger,D,30,1,11,1,34.401,410464994,sha256:15991188a884,11.0785,25656055,200,unknown
stagger,D,30,1,11,1,34.401,410464994,sha256:5142ad1c6011,0.0553,250,200,unknown
stagger,D,30,1,12,1,34.400,410464994,sha256:299c82f5afaa,0.0564,6525,200,unknown
stagger,D,30,1,12,1,34.400,410464994,sha256:866771c43bf5,18.3896,49293124,200,unknown
stagger,D,30,1,12,1,34.400,410464994,sha256:ed881fbf1b07,10.7845,25614562,200,unknown
stagger,D,30,1,12,1,34.400,410464994,sha256:9da421ddeb65,20.3011,67778971,200,unknown
stagger,D,30,1,12,1,34.400,410464994,sha256:a793e3c6bce8,34.3599,236030458,200,unknown
stagger,D,30,1,12,1,34.400,410464994,sha256:10c3183ecaa6,4.6291,6085049,200,unknown
stagger,D,30,1,12,1,34.400,410464994,sha256:15991188a884,11.0745,25656055,200,unknown
stagger,D,30,1,12,1,34.400,410464994,sha256:5142ad1c6011,0.0541,250,200,unknown
stagger,D,30,1,13,1,34.400,410464994,sha256:299c82f5afaa,0.0526,6525,200,unknown
stagger,D,30,1,13,1,34.400,410464994,sha256:866771c43bf5,18.3882,49293124,200,unknown
stagger,D,30,1,13,1,34.400,410464994,sha256:ed881fbf1b07,10.7815,25614562,200,unknown
stagger,D,30,1,13,1,34.400,410464994,sha256:9da421ddeb65,20.2960,67778971,200,unknown
stagger,D,30,1,13,1,34.400,410464994,sha256:a793e3c6bce8,34.3569,236030458,200,unknown
stagger,D,30,1,13,1,34.400,410464994,sha256:10c3183ecaa6,4.6261,6085049,200,unknown
stagger,D,30,1,13,1,34.400,410464994,sha256:15991188a884,11.0729,25656055,200,unknown
stagger,D,30,1,13,1,34.400,410464994,sha256:5142ad1c6011,0.0479,250,200,unknown
stagger,D,30,1,14,1,37.219,410464994,sha256:299c82f5afaa,0.0443,6525,200,unknown
stagger,D,30,1,14,1,37.219,410464994,sha256:866771c43bf5,18.3848,49293124,200,unknown
stagger,D,30,1,14,1,37.219,410464994,sha256:ed881fbf1b07,10.7772,25614562,200,unknown
stagger,D,30,1,14,1,37.219,410464994,sha256:9da421ddeb65,20.2954,67778971,200,unknown
stagger,D,30,1,14,1,37.219,410464994,sha256:a793e3c6bce8,37.1743,236030458,200,unknown
stagger,D,30,1,14,1,37.219,410464994,sha256:10c3183ecaa6,4.6250,6085049,200,unknown
stagger,D,30,1,14,1,37.219,410464994,sha256:15991188a884,11.0708,25656055,200,unknown
stagger,D,30,1,14,1,37.219,410464994,sha256:5142ad1c6011,0.0461,250,200,unknown
stagger,D,30,1,15,1,37.157,410464994,sha256:299c82f5afaa,0.0444,6525,200,unknown
stagger,D,30,1,15,1,37.157,410464994,sha256:866771c43bf5,18.3819,49293124,200,unknown
stagger,D,30,1,15,1,37.157,410464994,sha256:ed881fbf1b07,10.7762,25614562,200,unknown
stagger,D,30,1,15,1,37.157,410464994,sha256:9da421ddeb65,20.2931,67778971,200,unknown
stagger,D,30,1,15,1,37.157,410464994,sha256:a793e3c6bce8,37.1110,236030458,200,unknown
stagger,D,30,1,15,1,37.157,410464994,sha256:10c3183ecaa6,4.6228,6085049,200,unknown
stagger,D,30,1,15,1,37.157,410464994,sha256:15991188a884,11.0685,25656055,200,unknown
stagger,D,30,1,15,1,37.157,410464994,sha256:5142ad1c6011,0.0483,250,200,unknown
stagger,D,30,1,16,1,36.569,410464994,sha256:299c82f5afaa,0.0401,6525,200,unknown
stagger,D,30,1,16,1,36.569,410464994,sha256:866771c43bf5,18.3804,49293124,200,unknown
stagger,D,30,1,16,1,36.569,410464994,sha256:ed881fbf1b07,10.7739,25614562,200,unknown
stagger,D,30,1,16,1,36.569,410464994,sha256:9da421ddeb65,20.2898,67778971,200,unknown
stagger,D,30,1,16,1,36.569,410464994,sha256:a793e3c6bce8,36.5202,236030458,200,unknown
stagger,D,30,1,16,1,36.569,410464994,sha256:10c3183ecaa6,4.6203,6085049,200,unknown
stagger,D,30,1,16,1,36.569,410464994,sha256:15991188a884,11.0664,25656055,200,unknown
stagger,D,30,1,16,1,36.569,410464994,sha256:5142ad1c6011,0.0419,250,200,unknown
stagger,D,30,1,17,1,37.219,410464994,sha256:299c82f5afaa,0.0383,6525,200,unknown
stagger,D,30,1,17,1,37.219,410464994,sha256:866771c43bf5,18.3793,49293124,200,unknown
stagger,D,30,1,17,1,37.219,410464994,sha256:ed881fbf1b07,10.7728,25614562,200,unknown
stagger,D,30,1,17,1,37.219,410464994,sha256:9da421ddeb65,20.2894,67778971,200,unknown
stagger,D,30,1,17,1,37.219,410464994,sha256:a793e3c6bce8,37.1682,236030458,200,unknown
stagger,D,30,1,17,1,37.219,410464994,sha256:10c3183ecaa6,4.6181,6085049,200,unknown
stagger,D,30,1,17,1,37.219,410464994,sha256:15991188a884,11.0646,25656055,200,unknown
stagger,D,30,1,17,1,37.219,410464994,sha256:5142ad1c6011,0.0401,250,200,unknown
stagger,D,30,1,18,1,35.771,410464994,sha256:299c82f5afaa,0.0370,6525,200,unknown
stagger,D,30,1,18,1,35.771,410464994,sha256:866771c43bf5,18.3772,49293124,200,unknown
stagger,D,30,1,18,1,35.771,410464994,sha256:ed881fbf1b07,10.7697,25614562,200,unknown
stagger,D,30,1,18,1,35.771,410464994,sha256:9da421ddeb65,20.2858,67778971,200,unknown
stagger,D,30,1,18,1,35.771,410464994,sha256:a793e3c6bce8,35.7186,236030458,200,unknown
stagger,D,30,1,18,1,35.771,410464994,sha256:10c3183ecaa6,4.6156,6085049,200,unknown
stagger,D,30,1,18,1,35.771,410464994,sha256:15991188a884,11.0623,25656055,200,unknown
stagger,D,30,1,18,1,35.771,410464994,sha256:5142ad1c6011,0.0380,250,200,unknown
stagger,D,30,1,19,1,37.224,410464994,sha256:299c82f5afaa,0.0341,6525,200,unknown
stagger,D,30,1,19,1,37.224,410464994,sha256:866771c43bf5,18.3753,49293124,200,unknown
stagger,D,30,1,19,1,37.224,410464994,sha256:ed881fbf1b07,10.7678,25614562,200,unknown
stagger,D,30,1,19,1,37.224,410464994,sha256:9da421ddeb65,20.2835,67778971,200,unknown
stagger,D,30,1,19,1,37.224,410464994,sha256:a793e3c6bce8,37.1689,236030458,200,unknown
stagger,D,30,1,19,1,37.224,410464994,sha256:10c3183ecaa6,4.6125,6085049,200,unknown
stagger,D,30,1,19,1,37.224,410464994,sha256:15991188a884,11.0598,25656055,200,unknown
stagger,D,30,1,19,1,37.224,410464994,sha256:5142ad1c6011,0.0353,250,200,unknown
stagger,D,30,1,20,1,34.400,410464994,sha256:299c82f5afaa,0.0313,6525,200,unknown
stagger,D,30,1,20,1,34.400,410464994,sha256:866771c43bf5,18.3736,49293124,200,unknown
stagger,D,30,1,20,1,34.400,410464994,sha256:ed881fbf1b07,10.7653,25614562,200,unknown
stagger,D,30,1,20,1,34.400,410464994,sha256:9da421ddeb65,20.2809,67778971,200,unknown
stagger,D,30,1,20,1,34.400,410464994,sha256:a793e3c6bce8,34.3421,236030458,200,unknown
stagger,D,30,1,20,1,34.400,410464994,sha256:10c3183ecaa6,4.6113,6085049,200,unknown
stagger,D,30,1,20,1,34.400,410464994,sha256:15991188a884,11.0572,25656055,200,unknown
stagger,D,30,1,20,1,34.400,410464994,sha256:5142ad1c6011,0.0341,250,200,unknown
stagger,D,30,1,21,1,36.980,410464994,sha256:299c82f5afaa,0.0345,6525,200,unknown
stagger,D,30,1,21,1,36.980,410464994,sha256:866771c43bf5,18.3714,49293124,200,unknown
stagger,D,30,1,21,1,36.980,410464994,sha256:ed881fbf1b07,10.7630,25614562,200,unknown
stagger,D,30,1,21,1,36.980,410464994,sha256:9da421ddeb65,20.2800,67778971,200,unknown
stagger,D,30,1,21,1,36.980,410464994,sha256:a793e3c6bce8,36.9222,236030458,200,unknown
stagger,D,30,1,21,1,36.980,410464994,sha256:10c3183ecaa6,4.6107,6085049,200,unknown
stagger,D,30,1,21,1,36.980,410464994,sha256:15991188a884,11.0570,25656055,200,unknown
stagger,D,30,1,21,1,36.980,410464994,sha256:5142ad1c6011,0.0352,250,200,unknown
stagger,D,30,1,22,1,37.176,410464994,sha256:299c82f5afaa,0.0293,6525,200,unknown
stagger,D,30,1,22,1,37.176,410464994,sha256:866771c43bf5,18.3686,49293124,200,unknown
stagger,D,30,1,22,1,37.176,410464994,sha256:ed881fbf1b07,10.7617,25614562,200,unknown
stagger,D,30,1,22,1,37.176,410464994,sha256:9da421ddeb65,20.2790,67778971,200,unknown
stagger,D,30,1,22,1,37.176,410464994,sha256:a793e3c6bce8,37.1177,236030458,200,unknown
stagger,D,30,1,22,1,37.176,410464994,sha256:10c3183ecaa6,4.6094,6085049,200,unknown
stagger,D,30,1,22,1,37.176,410464994,sha256:15991188a884,11.0560,25656055,200,unknown
stagger,D,30,1,22,1,37.176,410464994,sha256:5142ad1c6011,0.0317,250,200,unknown
stagger,D,30,1,23,1,35.740,410464994,sha256:299c82f5afaa,0.0337,6525,200,unknown
stagger,D,30,1,23,1,35.740,410464994,sha256:866771c43bf5,18.3691,49293124,200,unknown
stagger,D,30,1,23,1,35.740,410464994,sha256:ed881fbf1b07,10.7605,25614562,200,unknown
stagger,D,30,1,23,1,35.740,410464994,sha256:9da421ddeb65,20.2778,67778971,200,unknown
stagger,D,30,1,23,1,35.740,410464994,sha256:a793e3c6bce8,35.6798,236030458,200,unknown
stagger,D,30,1,23,1,35.740,410464994,sha256:10c3183ecaa6,4.6083,6085049,200,unknown
stagger,D,30,1,23,1,35.740,410464994,sha256:15991188a884,11.0536,25656055,200,unknown
stagger,D,30,1,23,1,35.740,410464994,sha256:5142ad1c6011,0.0303,250,200,unknown
stagger,D,30,1,24,1,35.896,410464994,sha256:299c82f5afaa,0.0313,6525,200,unknown
stagger,D,30,1,24,1,35.896,410464994,sha256:866771c43bf5,18.3687,49293124,200,unknown
stagger,D,30,1,24,1,35.896,410464994,sha256:ed881fbf1b07,10.7593,25614562,200,unknown
stagger,D,30,1,24,1,35.896,410464994,sha256:9da421ddeb65,20.2780,67778971,200,unknown
stagger,D,30,1,24,1,35.896,410464994,sha256:a793e3c6bce8,35.8348,236030458,200,unknown
stagger,D,30,1,24,1,35.896,410464994,sha256:10c3183ecaa6,4.6078,6085049,200,unknown
stagger,D,30,1,24,1,35.896,410464994,sha256:15991188a884,11.0536,25656055,200,unknown
stagger,D,30,1,24,1,35.896,410464994,sha256:5142ad1c6011,0.0294,250,200,unknown
stagger,D,30,1,25,2,8.053,410464994,sha256:299c82f5afaa,0.0878,6525,200,unknown
stagger,D,30,1,25,2,8.053,410464994,sha256:866771c43bf5,7.1199,49293124,200,unknown
stagger,D,30,1,25,2,8.053,410464994,sha256:ed881fbf1b07,2.8095,25614562,200,unknown
stagger,D,30,1,25,2,8.053,410464994,sha256:9da421ddeb65,7.6486,67778971,200,unknown
stagger,D,30,1,25,2,8.053,410464994,sha256:a793e3c6bce8,8.0486,236030458,200,unknown
stagger,D,30,1,25,2,8.053,410464994,sha256:10c3183ecaa6,1.7278,6085049,200,unknown
stagger,D,30,1,25,2,8.053,410464994,sha256:15991188a884,5.4786,25656055,200,unknown
stagger,D,30,1,25,2,8.053,410464994,sha256:5142ad1c6011,0.2947,250,200,unknown
stagger,D,30,1,26,2,8.067,410464994,sha256:299c82f5afaa,0.0865,6525,200,unknown
stagger,D,30,1,26,2,8.067,410464994,sha256:866771c43bf5,7.1127,49293124,200,unknown
stagger,D,30,1,26,2,8.067,410464994,sha256:ed881fbf1b07,5.3439,25614562,200,unknown
stagger,D,30,1,26,2,8.067,410464994,sha256:9da421ddeb65,7.5618,67778971,200,unknown
stagger,D,30,1,26,2,8.067,410464994,sha256:a793e3c6bce8,8.0610,236030458,200,unknown
stagger,D,30,1,26,2,8.067,410464994,sha256:10c3183ecaa6,1.7569,6085049,200,unknown
stagger,D,30,1,26,2,8.067,410464994,sha256:15991188a884,5.7280,25656055,200,unknown
stagger,D,30,1,26,2,8.067,410464994,sha256:5142ad1c6011,0.2969,250,200,unknown
stagger,D,30,1,27,2,8.465,410464994,sha256:299c82f5afaa,0.1987,6525,200,unknown
stagger,D,30,1,27,2,8.465,410464994,sha256:866771c43bf5,7.1177,49293124,200,unknown
stagger,D,30,1,27,2,8.465,410464994,sha256:ed881fbf1b07,2.8192,25614562,200,unknown
stagger,D,30,1,27,2,8.465,410464994,sha256:9da421ddeb65,6.6510,67778971,200,unknown
stagger,D,30,1,27,2,8.465,410464994,sha256:a793e3c6bce8,8.4579,236030458,200,unknown
stagger,D,30,1,27,2,8.465,410464994,sha256:10c3183ecaa6,1.7527,6085049,200,unknown
stagger,D,30,1,27,2,8.465,410464994,sha256:15991188a884,4.8490,25656055,200,unknown
stagger,D,30,1,27,2,8.465,410464994,sha256:5142ad1c6011,0.0843,250,200,unknown
stagger,D,30,1,28,2,8.365,410464994,sha256:299c82f5afaa,0.1968,6525,200,unknown
stagger,D,30,1,28,2,8.365,410464994,sha256:866771c43bf5,6.3780,49293124,200,unknown
stagger,D,30,1,28,2,8.365,410464994,sha256:ed881fbf1b07,6.1496,25614562,200,unknown
stagger,D,30,1,28,2,8.365,410464994,sha256:9da421ddeb65,6.8730,67778971,200,unknown
stagger,D,30,1,28,2,8.365,410464994,sha256:a793e3c6bce8,8.3553,236030458,200,unknown
stagger,D,30,1,28,2,8.365,410464994,sha256:10c3183ecaa6,1.7516,6085049,200,unknown
stagger,D,30,1,28,2,8.365,410464994,sha256:15991188a884,6.4464,25656055,200,unknown
stagger,D,30,1,28,2,8.365,410464994,sha256:5142ad1c6011,0.2914,250,200,unknown
stagger,D,30,1,29,2,8.066,410464994,sha256:299c82f5afaa,0.0814,6525,200,unknown
stagger,D,30,1,29,2,8.066,410464994,sha256:866771c43bf5,4.1382,49293124,200,unknown
stagger,D,30,1,29,2,8.066,410464994,sha256:ed881fbf1b07,5.4561,25614562,200,unknown
stagger,D,30,1,29,2,8.066,410464994,sha256:9da421ddeb65,7.2239,67778971,200,unknown
stagger,D,30,1,29,2,8.066,410464994,sha256:a793e3c6bce8,8.0536,236030458,200,unknown
stagger,D,30,1,29,2,8.066,410464994,sha256:10c3183ecaa6,1.7407,6085049,200,unknown
stagger,D,30,1,29,2,8.066,410464994,sha256:15991188a884,6.3897,25656055,200,unknown
stagger,D,30,1,29,2,8.066,410464994,sha256:5142ad1c6011,0.2916,250,200,unknown
stagger,D,30,1,30,2,8.359,410464994,sha256:299c82f5afaa,0.0811,6525,200,unknown
stagger,D,30,1,30,2,8.359,410464994,sha256:866771c43bf5,6.2518,49293124,200,unknown
stagger,D,30,1,30,2,8.359,410464994,sha256:ed881fbf1b07,5.7285,25614562,200,unknown
stagger,D,30,1,30,2,8.359,410464994,sha256:9da421ddeb65,6.4395,67778971,200,unknown
stagger,D,30,1,30,2,8.359,410464994,sha256:a793e3c6bce8,8.3453,236030458,200,unknown
stagger,D,30,1,30,2,8.359,410464994,sha256:10c3183ecaa6,1.7190,6085049,200,unknown
stagger,D,30,1,30,2,8.359,410464994,sha256:15991188a884,4.7736,25656055,200,unknown
stagger,D,30,1,30,2,8.359,410464994,sha256:5142ad1c6011,0.0822,250,200,unknown
stagger,D,30,1,31,2,8.367,410464994,sha256:299c82f5afaa,0.0804,6525,200,unknown
stagger,D,30,1,31,2,8.367,410464994,sha256:866771c43bf5,6.6517,49293124,200,unknown
stagger,D,30,1,31,2,8.367,410464994,sha256:ed881fbf1b07,4.9162,25614562,200,unknown
stagger,D,30,1,31,2,8.367,410464994,sha256:9da421ddeb65,6.9333,67778971,200,unknown
stagger,D,30,1,31,2,8.367,410464994,sha256:a793e3c6bce8,8.3523,236030458,200,unknown
stagger,D,30,1,31,2,8.367,410464994,sha256:10c3183ecaa6,1.7168,6085049,200,unknown
stagger,D,30,1,31,2,8.367,410464994,sha256:15991188a884,5.3869,25656055,200,unknown
stagger,D,30,1,31,2,8.367,410464994,sha256:5142ad1c6011,0.0776,250,200,unknown
stagger,D,30,1,32,2,8.235,410464994,sha256:299c82f5afaa,0.0780,6525,200,unknown
stagger,D,30,1,32,2,8.235,410464994,sha256:866771c43bf5,7.1129,49293124,200,unknown
stagger,D,30,1,32,2,8.235,410464994,sha256:ed881fbf1b07,4.8695,25614562,200,unknown
stagger,D,30,1,32,2,8.235,410464994,sha256:9da421ddeb65,7.2583,67778971,200,unknown
stagger,D,30,1,32,2,8.235,410464994,sha256:a793e3c6bce8,8.2182,236030458,200,unknown
stagger,D,30,1,32,2,8.235,410464994,sha256:10c3183ecaa6,1.7157,6085049,200,unknown
stagger,D,30,1,32,2,8.235,410464994,sha256:15991188a884,5.7566,25656055,200,unknown
stagger,D,30,1,32,2,8.235,410464994,sha256:5142ad1c6011,0.0783,250,200,unknown
stagger,D,30,1,33,2,8.373,410464994,sha256:299c82f5afaa,0.0782,6525,200,unknown
stagger,D,30,1,33,2,8.373,410464994,sha256:866771c43bf5,5.6643,49293124,200,unknown
stagger,D,30,1,33,2,8.373,410464994,sha256:ed881fbf1b07,5.5051,25614562,200,unknown
stagger,D,30,1,33,2,8.373,410464994,sha256:9da421ddeb65,6.4300,67778971,200,unknown
stagger,D,30,1,33,2,8.373,410464994,sha256:a793e3c6bce8,8.3549,236030458,200,unknown
stagger,D,30,1,33,2,8.373,410464994,sha256:10c3183ecaa6,1.7213,6085049,200,unknown
stagger,D,30,1,33,2,8.373,410464994,sha256:15991188a884,6.5123,25656055,200,unknown
stagger,D,30,1,33,2,8.373,410464994,sha256:5142ad1c6011,0.1082,250,200,unknown
stagger,D,30,1,34,2,8.281,410464994,sha256:299c82f5afaa,0.1791,6525,200,unknown
stagger,D,30,1,34,2,8.281,410464994,sha256:866771c43bf5,6.3862,49293124,200,unknown
stagger,D,30,1,34,2,8.281,410464994,sha256:ed881fbf1b07,6.4666,25614562,200,unknown
stagger,D,30,1,34,2,8.281,410464994,sha256:9da421ddeb65,6.5132,67778971,200,unknown
stagger,D,30,1,34,2,8.281,410464994,sha256:a793e3c6bce8,8.2615,236030458,200,unknown
stagger,D,30,1,34,2,8.281,410464994,sha256:10c3183ecaa6,1.7416,6085049,200,unknown
stagger,D,30,1,34,2,8.281,410464994,sha256:15991188a884,6.4461,25656055,200,unknown
stagger,D,30,1,34,2,8.281,410464994,sha256:5142ad1c6011,0.1079,250,200,unknown
stagger,D,30,1,35,2,8.465,410464994,sha256:299c82f5afaa,0.0736,6525,200,unknown
stagger,D,30,1,35,2,8.465,410464994,sha256:866771c43bf5,6.3626,49293124,200,unknown
stagger,D,30,1,35,2,8.465,410464994,sha256:ed881fbf1b07,5.8465,25614562,200,unknown
stagger,D,30,1,35,2,8.465,410464994,sha256:9da421ddeb65,6.5326,67778971,200,unknown
stagger,D,30,1,35,2,8.465,410464994,sha256:a793e3c6bce8,8.4444,236030458,200,unknown
stagger,D,30,1,35,2,8.465,410464994,sha256:10c3183ecaa6,1.7185,6085049,200,unknown
stagger,D,30,1,35,2,8.465,410464994,sha256:15991188a884,6.4591,25656055,200,unknown
stagger,D,30,1,35,2,8.465,410464994,sha256:5142ad1c6011,0.1019,250,200,unknown
stagger,D,30,1,36,2,8.466,410464994,sha256:299c82f5afaa,0.1075,6525,200,unknown
stagger,D,30,1,36,2,8.466,410464994,sha256:866771c43bf5,6.1829,49293124,200,unknown
stagger,D,30,1,36,2,8.466,410464994,sha256:ed881fbf1b07,5.3753,25614562,200,unknown
stagger,D,30,1,36,2,8.466,410464994,sha256:9da421ddeb65,6.5031,67778971,200,unknown
stagger,D,30,1,36,2,8.466,410464994,sha256:a793e3c6bce8,8.4440,236030458,200,unknown
stagger,D,30,1,36,2,8.466,410464994,sha256:10c3183ecaa6,1.7381,6085049,200,unknown
stagger,D,30,1,36,2,8.466,410464994,sha256:15991188a884,5.4998,25656055,200,unknown
stagger,D,30,1,36,2,8.466,410464994,sha256:5142ad1c6011,0.1819,250,200,unknown
stagger,D,30,1,37,2,8.316,410464994,sha256:299c82f5afaa,0.1685,6525,200,unknown
stagger,D,30,1,37,2,8.316,410464994,sha256:866771c43bf5,6.7564,49293124,200,unknown
stagger,D,30,1,37,2,8.316,410464994,sha256:ed881fbf1b07,6.5174,25614562,200,unknown
stagger,D,30,1,37,2,8.316,410464994,sha256:9da421ddeb65,6.9759,67778971,200,unknown
stagger,D,30,1,37,2,8.316,410464994,sha256:a793e3c6bce8,8.2923,236030458,200,unknown
stagger,D,30,1,37,2,8.316,410464994,sha256:10c3183ecaa6,1.7368,6085049,200,unknown
stagger,D,30,1,37,2,8.316,410464994,sha256:15991188a884,4.6051,25656055,200,unknown
stagger,D,30,1,37,2,8.316,410464994,sha256:5142ad1c6011,0.1809,250,200,unknown
stagger,D,30,1,38,2,8.463,410464994,sha256:299c82f5afaa,0.1676,6525,200,unknown
stagger,D,30,1,38,2,8.463,410464994,sha256:866771c43bf5,6.1799,49293124,200,unknown
stagger,D,30,1,38,2,8.463,410464994,sha256:ed881fbf1b07,5.4531,25614562,200,unknown
stagger,D,30,1,38,2,8.463,410464994,sha256:9da421ddeb65,6.6171,67778971,200,unknown
stagger,D,30,1,38,2,8.463,410464994,sha256:a793e3c6bce8,8.4382,236030458,200,unknown
stagger,D,30,1,38,2,8.463,410464994,sha256:10c3183ecaa6,1.7259,6085049,200,unknown
stagger,D,30,1,38,2,8.463,410464994,sha256:15991188a884,2.4871,25656055,200,unknown
stagger,D,30,1,38,2,8.463,410464994,sha256:5142ad1c6011,0.1695,250,200,unknown
stagger,D,30,1,39,2,8.428,410464994,sha256:299c82f5afaa,0.2722,6525,200,unknown
stagger,D,30,1,39,2,8.428,410464994,sha256:866771c43bf5,7.0948,49293124,200,unknown
stagger,D,30,1,39,2,8.428,410464994,sha256:ed881fbf1b07,5.1359,25614562,200,unknown
stagger,D,30,1,39,2,8.428,410464994,sha256:9da421ddeb65,6.7459,67778971,200,unknown
stagger,D,30,1,39,2,8.428,410464994,sha256:a793e3c6bce8,8.4008,236030458,200,unknown
stagger,D,30,1,39,2,8.428,410464994,sha256:10c3183ecaa6,1.7254,6085049,200,unknown
stagger,D,30,1,39,2,8.428,410464994,sha256:15991188a884,4.8251,25656055,200,unknown
stagger,D,30,1,39,2,8.428,410464994,sha256:5142ad1c6011,0.1015,250,200,unknown
stagger,D,30,1,40,2,8.286,410464994,sha256:299c82f5afaa,0.2721,6525,200,unknown
stagger,D,30,1,40,2,8.286,410464994,sha256:866771c43bf5,7.0265,49293124,200,unknown
stagger,D,30,1,40,2,8.286,410464994,sha256:ed881fbf1b07,2.8390,25614562,200,unknown
stagger,D,30,1,40,2,8.286,410464994,sha256:9da421ddeb65,6.9353,67778971,200,unknown
stagger,D,30,1,40,2,8.286,410464994,sha256:a793e3c6bce8,8.2567,236030458,200,unknown
stagger,D,30,1,40,2,8.286,410464994,sha256:10c3183ecaa6,1.7243,6085049,200,unknown
stagger,D,30,1,40,2,8.286,410464994,sha256:15991188a884,4.9799,25656055,200,unknown
stagger,D,30,1,40,2,8.286,410464994,sha256:5142ad1c6011,0.1735,250,200,unknown
stagger,D,30,1,41,2,8.304,410464994,sha256:299c82f5afaa,0.2705,6525,200,unknown
stagger,D,30,1,41,2,8.304,410464994,sha256:866771c43bf5,4.1527,49293124,200,unknown
stagger,D,30,1,41,2,8.304,410464994,sha256:ed881fbf1b07,5.4974,25614562,200,unknown
stagger,D,30,1,41,2,8.304,410464994,sha256:9da421ddeb65,6.1939,67778971,200,unknown
stagger,D,30,1,41,2,8.304,410464994,sha256:a793e3c6bce8,8.2743,236030458,200,unknown
stagger,D,30,1,41,2,8.304,410464994,sha256:10c3183ecaa6,1.7228,6085049,200,unknown
stagger,D,30,1,41,2,8.304,410464994,sha256:15991188a884,5.6551,25656055,200,unknown
stagger,D,30,1,41,2,8.304,410464994,sha256:5142ad1c6011,0.1712,250,200,unknown
stagger,D,30,1,42,2,8.367,410464994,sha256:299c82f5afaa,0.2660,6525,200,unknown
stagger,D,30,1,42,2,8.367,410464994,sha256:866771c43bf5,3.2560,49293124,200,unknown
stagger,D,30,1,42,2,8.367,410464994,sha256:ed881fbf1b07,4.8060,25614562,200,unknown
stagger,D,30,1,42,2,8.367,410464994,sha256:9da421ddeb65,6.9555,67778971,200,unknown
stagger,D,30,1,42,2,8.367,410464994,sha256:a793e3c6bce8,8.3364,236030458,200,unknown
stagger,D,30,1,42,2,8.367,410464994,sha256:10c3183ecaa6,1.7302,6085049,200,unknown
stagger,D,30,1,42,2,8.367,410464994,sha256:15991188a884,6.4440,25656055,200,unknown
stagger,D,30,1,42,2,8.367,410464994,sha256:5142ad1c6011,0.2688,250,200,unknown
stagger,D,30,1,43,2,8.044,410464994,sha256:299c82f5afaa,0.1634,6525,200,unknown
stagger,D,30,1,43,2,8.044,410464994,sha256:866771c43bf5,7.1073,49293124,200,unknown
stagger,D,30,1,43,2,8.044,410464994,sha256:ed881fbf1b07,5.3053,25614562,200,unknown
stagger,D,30,1,43,2,8.044,410464994,sha256:9da421ddeb65,7.0599,67778971,200,unknown
stagger,D,30,1,43,2,8.044,410464994,sha256:a793e3c6bce8,8.0105,236030458,200,unknown
stagger,D,30,1,43,2,8.044,410464994,sha256:10c3183ecaa6,1.7204,6085049,200,unknown
stagger,D,30,1,43,2,8.044,410464994,sha256:15991188a884,2.2532,25656055,200,unknown
stagger,D,30,1,43,2,8.044,410464994,sha256:5142ad1c6011,0.2663,250,200,unknown
stagger,D,30,1,44,2,8.467,410464994,sha256:299c82f5afaa,0.2659,6525,200,unknown
stagger,D,30,1,44,2,8.467,410464994,sha256:866771c43bf5,4.1427,49293124,200,unknown
stagger,D,30,1,44,2,8.467,410464994,sha256:ed881fbf1b07,5.5484,25614562,200,unknown
stagger,D,30,1,44,2,8.467,410464994,sha256:9da421ddeb65,7.1405,67778971,200,unknown
stagger,D,30,1,44,2,8.467,410464994,sha256:a793e3c6bce8,8.4339,236030458,200,unknown
stagger,D,30,1,44,2,8.467,410464994,sha256:10c3183ecaa6,1.7179,6085049,200,unknown
stagger,D,30,1,44,2,8.467,410464994,sha256:15991188a884,4.8908,25656055,200,unknown
stagger,D,30,1,44,2,8.467,410464994,sha256:5142ad1c6011,0.0933,250,200,unknown
stagger,D,30,1,45,2,7.255,410464994,sha256:299c82f5afaa,0.0934,6525,200,unknown
stagger,D,30,1,45,2,7.255,410464994,sha256:866771c43bf5,6.4366,49293124,200,unknown
stagger,D,30,1,45,2,7.255,410464994,sha256:ed881fbf1b07,5.5329,25614562,200,unknown
stagger,D,30,1,45,2,7.255,410464994,sha256:9da421ddeb65,6.8213,67778971,200,unknown
stagger,D,30,1,45,2,7.255,410464994,sha256:a793e3c6bce8,7.2180,236030458,200,unknown
stagger,D,30,1,45,2,7.255,410464994,sha256:10c3183ecaa6,1.7151,6085049,200,unknown
stagger,D,30,1,45,2,7.255,410464994,sha256:15991188a884,5.4393,25656055,200,unknown
stagger,D,30,1,45,2,7.255,410464994,sha256:5142ad1c6011,0.1580,250,200,unknown
stagger,D,30,1,46,2,7.640,410464994,sha256:299c82f5afaa,0.1573,6525,200,unknown
stagger,D,30,1,46,2,7.640,410464994,sha256:866771c43bf5,5.9820,49293124,200,unknown
stagger,D,30,1,46,2,7.640,410464994,sha256:ed881fbf1b07,6.4246,25614562,200,unknown
stagger,D,30,1,46,2,7.640,410464994,sha256:9da421ddeb65,4.3911,67778971,200,unknown
stagger,D,30,1,46,2,7.640,410464994,sha256:a793e3c6bce8,7.6027,236030458,200,unknown
stagger,D,30,1,46,2,7.640,410464994,sha256:10c3183ecaa6,1.7141,6085049,200,unknown
stagger,D,30,1,46,2,7.640,410464994,sha256:15991188a884,4.8741,25656055,200,unknown
stagger,D,30,1,46,2,7.640,410464994,sha256:5142ad1c6011,0.1583,250,200,unknown
stagger,D,30,1,47,2,8.463,410464994,sha256:299c82f5afaa,0.1584,6525,200,unknown
stagger,D,30,1,47,2,8.463,410464994,sha256:866771c43bf5,7.0887,49293124,200,unknown
stagger,D,30,1,47,2,8.463,410464994,sha256:ed881fbf1b07,5.1423,25614562,200,unknown
stagger,D,30,1,47,2,8.463,410464994,sha256:9da421ddeb65,7.3106,67778971,200,unknown
stagger,D,30,1,47,2,8.463,410464994,sha256:a793e3c6bce8,8.4259,236030458,200,unknown
stagger,D,30,1,47,2,8.463,410464994,sha256:10c3183ecaa6,1.7131,6085049,200,unknown
stagger,D,30,1,47,2,8.463,410464994,sha256:15991188a884,5.5241,25656055,200,unknown
stagger,D,30,1,47,2,8.463,410464994,sha256:5142ad1c6011,0.1586,250,200,unknown
stagger,D,30,1,48,2,8.461,410464994,sha256:299c82f5afaa,0.1585,6525,200,unknown
stagger,D,30,1,48,2,8.461,410464994,sha256:866771c43bf5,4.1270,49293124,200,unknown
stagger,D,30,1,48,2,8.461,410464994,sha256:ed881fbf1b07,2.7709,25614562,200,unknown
stagger,D,30,1,48,2,8.461,410464994,sha256:9da421ddeb65,6.6089,67778971,200,unknown
stagger,D,30,1,48,2,8.461,410464994,sha256:a793e3c6bce8,8.4216,236030458,200,unknown
stagger,D,30,1,48,2,8.461,410464994,sha256:10c3183ecaa6,1.7117,6085049,200,unknown
stagger,D,30,1,48,2,8.461,410464994,sha256:15991188a884,6.4327,25656055,200,unknown
stagger,D,30,1,48,2,8.461,410464994,sha256:5142ad1c6011,0.1584,250,200,unknown
stagger,D,30,1,49,2,8.409,410464994,sha256:299c82f5afaa,0.1574,6525,200,unknown
stagger,D,30,1,49,2,8.409,410464994,sha256:866771c43bf5,7.0618,49293124,200,unknown
stagger,D,30,1,49,2,8.409,410464994,sha256:ed881fbf1b07,4.7543,25614562,200,unknown
stagger,D,30,1,49,2,8.409,410464994,sha256:9da421ddeb65,6.9688,67778971,200,unknown
stagger,D,30,1,49,2,8.409,410464994,sha256:a793e3c6bce8,8.3681,236030458,200,unknown
stagger,D,30,1,49,2,8.409,410464994,sha256:10c3183ecaa6,1.7105,6085049,200,unknown
stagger,D,30,1,49,2,8.409,410464994,sha256:15991188a884,6.5059,25656055,200,unknown
stagger,D,30,1,49,2,8.409,410464994,sha256:5142ad1c6011,0.1573,250,200,unknown
stagger,D,30,2,0,1,36.700,410464994,sha256:299c82f5afaa,0.0777,6525,200,unknown
stagger,D,30,2,0,1,36.700,410464994,sha256:866771c43bf5,18.4380,49293124,200,unknown
stagger,D,30,2,0,1,36.700,410464994,sha256:ed881fbf1b07,13.2362,25614562,200,unknown
stagger,D,30,2,0,1,36.700,410464994,sha256:9da421ddeb65,23.1193,67778971,200,unknown
stagger,D,30,2,0,1,36.700,410464994,sha256:a793e3c6bce8,36.6953,236030458,200,unknown
stagger,D,30,2,0,1,36.700,410464994,sha256:10c3183ecaa6,3.2080,6085049,200,unknown
stagger,D,30,2,0,1,36.700,410464994,sha256:15991188a884,14.9036,25656055,200,unknown
stagger,D,30,2,0,1,36.700,410464994,sha256:5142ad1c6011,0.1051,250,200,unknown
stagger,D,30,2,1,1,35.871,410464994,sha256:299c82f5afaa,0.0758,6525,200,unknown
stagger,D,30,2,1,1,35.871,410464994,sha256:866771c43bf5,18.4354,49293124,200,unknown
stagger,D,30,2,1,1,35.871,410464994,sha256:ed881fbf1b07,13.2349,25614562,200,unknown
stagger,D,30,2,1,1,35.871,410464994,sha256:9da421ddeb65,23.1172,67778971,200,unknown
stagger,D,30,2,1,1,35.871,410464994,sha256:a793e3c6bce8,35.8646,236030458,200,unknown
stagger,D,30,2,1,1,35.871,410464994,sha256:10c3183ecaa6,3.2067,6085049,200,unknown
stagger,D,30,2,1,1,35.871,410464994,sha256:15991188a884,14.9012,25656055,200,unknown
stagger,D,30,2,1,1,35.871,410464994,sha256:5142ad1c6011,0.1041,250,200,unknown
stagger,D,30,2,2,1,35.897,410464994,sha256:299c82f5afaa,0.0736,6525,200,unknown
stagger,D,30,2,2,1,35.897,410464994,sha256:866771c43bf5,18.4349,49293124,200,unknown
stagger,D,30,2,2,1,35.897,410464994,sha256:ed881fbf1b07,13.2328,25614562,200,unknown
stagger,D,30,2,2,1,35.897,410464994,sha256:9da421ddeb65,23.1155,67778971,200,unknown
stagger,D,30,2,2,1,35.897,410464994,sha256:a793e3c6bce8,35.8892,236030458,200,unknown
stagger,D,30,2,2,1,35.897,410464994,sha256:10c3183ecaa6,3.2049,6085049,200,unknown
stagger,D,30,2,2,1,35.897,410464994,sha256:15991188a884,14.9004,25656055,200,unknown
stagger,D,30,2,2,1,35.897,410464994,sha256:5142ad1c6011,0.1021,250,200,unknown
stagger,D,30,2,3,1,35.858,410464994,sha256:299c82f5afaa,0.0722,6525,200,unknown
stagger,D,30,2,3,1,35.858,410464994,sha256:866771c43bf5,18.4329,49293124,200,unknown
stagger,D,30,2,3,1,35.858,410464994,sha256:ed881fbf1b07,13.2314,25614562,200,unknown
stagger,D,30,2,3,1,35.858,410464994,sha256:9da421ddeb65,23.1128,67778971,200,unknown
stagger,D,30,2,3,1,35.858,410464994,sha256:a793e3c6bce8,35.8461,236030458,200,unknown
stagger,D,30,2,3,1,35.858,410464994,sha256:10c3183ecaa6,3.2011,6085049,200,unknown
stagger,D,30,2,3,1,35.858,410464994,sha256:15991188a884,14.8970,25656055,200,unknown
stagger,D,30,2,3,1,35.858,410464994,sha256:5142ad1c6011,0.0986,250,200,unknown
stagger,D,30,2,4,1,35.978,410464994,sha256:299c82f5afaa,0.0686,6525,200,unknown
stagger,D,30,2,4,1,35.978,410464994,sha256:866771c43bf5,18.4295,49293124,200,unknown
stagger,D,30,2,4,1,35.978,410464994,sha256:ed881fbf1b07,13.2282,25614562,200,unknown
stagger,D,30,2,4,1,35.978,410464994,sha256:9da421ddeb65,23.1097,67778971,200,unknown
stagger,D,30,2,4,1,35.978,410464994,sha256:a793e3c6bce8,35.9639,236030458,200,unknown
stagger,D,30,2,4,1,35.978,410464994,sha256:10c3183ecaa6,3.1988,6085049,200,unknown
stagger,D,30,2,4,1,35.978,410464994,sha256:15991188a884,14.8932,25656055,200,unknown
stagger,D,30,2,4,1,35.978,410464994,sha256:5142ad1c6011,0.0961,250,200,unknown
stagger,D,30,2,5,1,35.873,410464994,sha256:299c82f5afaa,0.0665,6525,200,unknown
stagger,D,30,2,5,1,35.873,410464994,sha256:866771c43bf5,18.4258,49293124,200,unknown
stagger,D,30,2,5,1,35.873,410464994,sha256:ed881fbf1b07,13.2247,25614562,200,unknown
stagger,D,30,2,5,1,35.873,410464994,sha256:9da421ddeb65,23.1069,67778971,200,unknown
stagger,D,30,2,5,1,35.873,410464994,sha256:a793e3c6bce8,35.8550,236030458,200,unknown
stagger,D,30,2,5,1,35.873,410464994,sha256:10c3183ecaa6,3.1949,6085049,200,unknown
stagger,D,30,2,5,1,35.873,410464994,sha256:15991188a884,14.8889,25656055,200,unknown
stagger,D,30,2,5,1,35.873,410464994,sha256:5142ad1c6011,0.0929,250,200,unknown
stagger,D,30,2,6,1,35.936,410464994,sha256:299c82f5afaa,0.0630,6525,200,unknown
stagger,D,30,2,6,1,35.936,410464994,sha256:866771c43bf5,18.4228,49293124,200,unknown
stagger,D,30,2,6,1,35.936,410464994,sha256:ed881fbf1b07,13.2222,25614562,200,unknown
stagger,D,30,2,6,1,35.936,410464994,sha256:9da421ddeb65,23.1047,67778971,200,unknown
stagger,D,30,2,6,1,35.936,410464994,sha256:a793e3c6bce8,35.9157,236030458,200,unknown
stagger,D,30,2,6,1,35.936,410464994,sha256:10c3183ecaa6,3.1920,6085049,200,unknown
stagger,D,30,2,6,1,35.936,410464994,sha256:15991188a884,14.8881,25656055,200,unknown
stagger,D,30,2,6,1,35.936,410464994,sha256:5142ad1c6011,0.0893,250,200,unknown
stagger,D,30,2,7,1,35.850,410464994,sha256:299c82f5afaa,0.0603,6525,200,unknown
stagger,D,30,2,7,1,35.850,410464994,sha256:866771c43bf5,18.4207,49293124,200,unknown
stagger,D,30,2,7,1,35.850,410464994,sha256:ed881fbf1b07,13.2187,25614562,200,unknown
stagger,D,30,2,7,1,35.850,410464994,sha256:9da421ddeb65,23.1010,67778971,200,unknown
stagger,D,30,2,7,1,35.850,410464994,sha256:a793e3c6bce8,35.8280,236030458,200,unknown
stagger,D,30,2,7,1,35.850,410464994,sha256:10c3183ecaa6,3.1894,6085049,200,unknown
stagger,D,30,2,7,1,35.850,410464994,sha256:15991188a884,14.8855,25656055,200,unknown
stagger,D,30,2,7,1,35.850,410464994,sha256:5142ad1c6011,0.0872,250,200,unknown
stagger,D,30,2,8,1,35.865,410464994,sha256:299c82f5afaa,0.0573,6525,200,unknown
stagger,D,30,2,8,1,35.865,410464994,sha256:866771c43bf5,18.4182,49293124,200,unknown
stagger,D,30,2,8,1,35.865,410464994,sha256:ed881fbf1b07,13.2157,25614562,200,unknown
stagger,D,30,2,8,1,35.865,410464994,sha256:9da421ddeb65,23.0981,67778971,200,unknown
stagger,D,30,2,8,1,35.865,410464994,sha256:a793e3c6bce8,35.8397,236030458,200,unknown
stagger,D,30,2,8,1,35.865,410464994,sha256:10c3183ecaa6,3.1879,6085049,200,unknown
stagger,D,30,2,8,1,35.865,410464994,sha256:15991188a884,14.8807,25656055,200,unknown
stagger,D,30,2,8,1,35.865,410464994,sha256:5142ad1c6011,0.0842,250,200,unknown
stagger,D,30,2,9,1,35.885,410464994,sha256:299c82f5afaa,0.0546,6525,200,unknown
stagger,D,30,2,9,1,35.885,410464994,sha256:866771c43bf5,18.4147,49293124,200,unknown
stagger,D,30,2,9,1,35.885,410464994,sha256:ed881fbf1b07,13.2126,25614562,200,unknown
stagger,D,30,2,9,1,35.885,410464994,sha256:9da421ddeb65,23.0962,67778971,200,unknown
stagger,D,30,2,9,1,35.885,410464994,sha256:a793e3c6bce8,35.8571,236030458,200,unknown
stagger,D,30,2,9,1,35.885,410464994,sha256:10c3183ecaa6,3.1842,6085049,200,unknown
stagger,D,30,2,9,1,35.885,410464994,sha256:15991188a884,14.8783,25656055,200,unknown
stagger,D,30,2,9,1,35.885,410464994,sha256:5142ad1c6011,0.0816,250,200,unknown
stagger,D,30,2,10,1,35.867,410464994,sha256:299c82f5afaa,0.0518,6525,200,unknown
stagger,D,30,2,10,1,35.867,410464994,sha256:866771c43bf5,18.4129,49293124,200,unknown
stagger,D,30,2,10,1,35.867,410464994,sha256:ed881fbf1b07,13.2114,25614562,200,unknown
stagger,D,30,2,10,1,35.867,410464994,sha256:9da421ddeb65,23.0937,67778971,200,unknown
stagger,D,30,2,10,1,35.867,410464994,sha256:a793e3c6bce8,35.8365,236030458,200,unknown
stagger,D,30,2,10,1,35.867,410464994,sha256:10c3183ecaa6,3.1822,6085049,200,unknown
stagger,D,30,2,10,1,35.867,410464994,sha256:15991188a884,14.8766,25656055,200,unknown
stagger,D,30,2,10,1,35.867,410464994,sha256:5142ad1c6011,0.0792,250,200,unknown
stagger,D,30,2,11,1,35.915,410464994,sha256:299c82f5afaa,0.0493,6525,200,unknown
stagger,D,30,2,11,1,35.915,410464994,sha256:866771c43bf5,18.4107,49293124,200,unknown
stagger,D,30,2,11,1,35.915,410464994,sha256:ed881fbf1b07,13.2095,25614562,200,unknown
stagger,D,30,2,11,1,35.915,410464994,sha256:9da421ddeb65,23.0919,67778971,200,unknown
stagger,D,30,2,11,1,35.915,410464994,sha256:a793e3c6bce8,35.8839,236030458,200,unknown
stagger,D,30,2,11,1,35.915,410464994,sha256:10c3183ecaa6,3.1800,6085049,200,unknown
stagger,D,30,2,11,1,35.915,410464994,sha256:15991188a884,14.8760,25656055,200,unknown
stagger,D,30,2,11,1,35.915,410464994,sha256:5142ad1c6011,0.0778,250,200,unknown
stagger,D,30,2,12,1,35.806,410464994,sha256:299c82f5afaa,0.0485,6525,200,unknown
stagger,D,30,2,12,1,35.806,410464994,sha256:866771c43bf5,18.4071,49293124,200,unknown
stagger,D,30,2,12,1,35.806,410464994,sha256:ed881fbf1b07,13.2080,25614562,200,unknown
stagger,D,30,2,12,1,35.806,410464994,sha256:9da421ddeb65,23.0897,67778971,200,unknown
stagger,D,30,2,12,1,35.806,410464994,sha256:a793e3c6bce8,35.7717,236030458,200,unknown
stagger,D,30,2,12,1,35.806,410464994,sha256:10c3183ecaa6,3.1799,6085049,200,unknown
stagger,D,30,2,12,1,35.806,410464994,sha256:15991188a884,14.8727,25656055,200,unknown
stagger,D,30,2,12,1,35.806,410464994,sha256:5142ad1c6011,0.0785,250,200,unknown
stagger,D,30,2,13,1,36.490,410464994,sha256:299c82f5afaa,0.0463,6525,200,unknown
stagger,D,30,2,13,1,36.490,410464994,sha256:866771c43bf5,18.4055,49293124,200,unknown
stagger,D,30,2,13,1,36.490,410464994,sha256:ed881fbf1b07,13.2055,25614562,200,unknown
stagger,D,30,2,13,1,36.490,410464994,sha256:9da421ddeb65,23.0881,67778971,200,unknown
stagger,D,30,2,13,1,36.490,410464994,sha256:a793e3c6bce8,36.4550,236030458,200,unknown
stagger,D,30,2,13,1,36.490,410464994,sha256:10c3183ecaa6,3.1769,6085049,200,unknown
stagger,D,30,2,13,1,36.490,410464994,sha256:15991188a884,14.8720,25656055,200,unknown
stagger,D,30,2,13,1,36.490,410464994,sha256:5142ad1c6011,0.0746,250,200,unknown
stagger,D,30,2,14,1,35.938,410464994,sha256:299c82f5afaa,0.0449,6525,200,unknown
stagger,D,30,2,14,1,35.938,410464994,sha256:866771c43bf5,18.4048,49293124,200,unknown
stagger,D,30,2,14,1,35.938,410464994,sha256:ed881fbf1b07,13.2036,25614562,200,unknown
stagger,D,30,2,14,1,35.938,410464994,sha256:9da421ddeb65,23.0866,67778971,200,unknown
stagger,D,30,2,14,1,35.938,410464994,sha256:a793e3c6bce8,35.9018,236030458,200,unknown
stagger,D,30,2,14,1,35.938,410464994,sha256:10c3183ecaa6,3.1753,6085049,200,unknown
stagger,D,30,2,14,1,35.938,410464994,sha256:15991188a884,14.8697,25656055,200,unknown
stagger,D,30,2,14,1,35.938,410464994,sha256:5142ad1c6011,0.0731,250,200,unknown
stagger,D,30,2,15,1,36.877,410464994,sha256:299c82f5afaa,0.0433,6525,200,unknown
stagger,D,30,2,15,1,36.877,410464994,sha256:866771c43bf5,18.4046,49293124,200,unknown
stagger,D,30,2,15,1,36.877,410464994,sha256:ed881fbf1b07,13.2028,25614562,200,unknown
stagger,D,30,2,15,1,36.877,410464994,sha256:9da421ddeb65,23.0858,67778971,200,unknown
stagger,D,30,2,15,1,36.877,410464994,sha256:a793e3c6bce8,36.8397,236030458,200,unknown
stagger,D,30,2,15,1,36.877,410464994,sha256:10c3183ecaa6,3.1737,6085049,200,unknown
stagger,D,30,2,15,1,36.877,410464994,sha256:15991188a884,14.8681,25656055,200,unknown
stagger,D,30,2,15,1,36.877,410464994,sha256:5142ad1c6011,0.0719,250,200,unknown
stagger,D,30,2,16,1,35.829,410464994,sha256:299c82f5afaa,0.0426,6525,200,unknown
stagger,D,30,2,16,1,35.829,410464994,sha256:866771c43bf5,18.4031,49293124,200,unknown
stagger,D,30,2,16,1,35.829,410464994,sha256:ed881fbf1b07,13.2018,25614562,200,unknown
stagger,D,30,2,16,1,35.829,410464994,sha256:9da421ddeb65,23.0835,67778971,200,unknown
stagger,D,30,2,16,1,35.829,410464994,sha256:a793e3c6bce8,35.7887,236030458,200,unknown
stagger,D,30,2,16,1,35.829,410464994,sha256:10c3183ecaa6,3.1724,6085049,200,unknown
stagger,D,30,2,16,1,35.829,410464994,sha256:15991188a884,14.8683,25656055,200,unknown
stagger,D,30,2,16,1,35.829,410464994,sha256:5142ad1c6011,0.0699,250,200,unknown
stagger,D,30,2,17,1,35.855,410464994,sha256:299c82f5afaa,0.0404,6525,200,unknown
stagger,D,30,2,17,1,35.855,410464994,sha256:866771c43bf5,18.4021,49293124,200,unknown
stagger,D,30,2,17,1,35.855,410464994,sha256:ed881fbf1b07,13.1996,25614562,200,unknown
stagger,D,30,2,17,1,35.855,410464994,sha256:9da421ddeb65,23.0821,67778971,200,unknown
stagger,D,30,2,17,1,35.855,410464994,sha256:a793e3c6bce8,35.8129,236030458,200,unknown
stagger,D,30,2,17,1,35.855,410464994,sha256:10c3183ecaa6,3.1704,6085049,200,unknown
stagger,D,30,2,17,1,35.855,410464994,sha256:15991188a884,14.8661,25656055,200,unknown
stagger,D,30,2,17,1,35.855,410464994,sha256:5142ad1c6011,0.0679,250,200,unknown
stagger,D,30,2,18,1,35.948,410464994,sha256:299c82f5afaa,0.0387,6525,200,unknown
stagger,D,30,2,18,1,35.948,410464994,sha256:866771c43bf5,18.3997,49293124,200,unknown
stagger,D,30,2,18,1,35.948,410464994,sha256:ed881fbf1b07,13.1967,25614562,200,unknown
stagger,D,30,2,18,1,35.948,410464994,sha256:9da421ddeb65,23.0804,67778971,200,unknown
stagger,D,30,2,18,1,35.948,410464994,sha256:a793e3c6bce8,35.9047,236030458,200,unknown
stagger,D,30,2,18,1,35.948,410464994,sha256:10c3183ecaa6,3.1688,6085049,200,unknown
stagger,D,30,2,18,1,35.948,410464994,sha256:15991188a884,14.8643,25656055,200,unknown
stagger,D,30,2,18,1,35.948,410464994,sha256:5142ad1c6011,0.0662,250,200,unknown
stagger,D,30,2,19,1,35.991,410464994,sha256:299c82f5afaa,0.0370,6525,200,unknown
stagger,D,30,2,19,1,35.991,410464994,sha256:866771c43bf5,18.3980,49293124,200,unknown
stagger,D,30,2,19,1,35.991,410464994,sha256:ed881fbf1b07,13.1957,25614562,200,unknown
stagger,D,30,2,19,1,35.991,410464994,sha256:9da421ddeb65,23.0785,67778971,200,unknown
stagger,D,30,2,19,1,35.991,410464994,sha256:a793e3c6bce8,35.9461,236030458,200,unknown
stagger,D,30,2,19,1,35.991,410464994,sha256:10c3183ecaa6,3.1666,6085049,200,unknown
stagger,D,30,2,19,1,35.991,410464994,sha256:15991188a884,14.8617,25656055,200,unknown
stagger,D,30,2,19,1,35.991,410464994,sha256:5142ad1c6011,0.0643,250,200,unknown
stagger,D,30,2,20,1,36.882,410464994,sha256:299c82f5afaa,0.0356,6525,200,unknown
stagger,D,30,2,20,1,36.882,410464994,sha256:866771c43bf5,18.3964,49293124,200,unknown
stagger,D,30,2,20,1,36.882,410464994,sha256:ed881fbf1b07,13.1937,25614562,200,unknown
stagger,D,30,2,20,1,36.882,410464994,sha256:9da421ddeb65,23.0764,67778971,200,unknown
stagger,D,30,2,20,1,36.882,410464994,sha256:a793e3c6bce8,36.8365,236030458,200,unknown
stagger,D,30,2,20,1,36.882,410464994,sha256:10c3183ecaa6,3.1653,6085049,200,unknown
stagger,D,30,2,20,1,36.882,410464994,sha256:15991188a884,14.8595,25656055,200,unknown
stagger,D,30,2,20,1,36.882,410464994,sha256:5142ad1c6011,0.0635,250,200,unknown
stagger,D,30,2,21,1,36.545,410464994,sha256:299c82f5afaa,0.0343,6525,200,unknown
stagger,D,30,2,21,1,36.545,410464994,sha256:866771c43bf5,18.3939,49293124,200,unknown
stagger,D,30,2,21,1,36.545,410464994,sha256:ed881fbf1b07,13.1934,25614562,200,unknown
stagger,D,30,2,21,1,36.545,410464994,sha256:9da421ddeb65,23.0760,67778971,200,unknown
stagger,D,30,2,21,1,36.545,410464994,sha256:a793e3c6bce8,36.4980,236030458,200,unknown
stagger,D,30,2,21,1,36.545,410464994,sha256:10c3183ecaa6,3.1653,6085049,200,unknown
stagger,D,30,2,21,1,36.545,410464994,sha256:15991188a884,14.8600,25656055,200,unknown
stagger,D,30,2,21,1,36.545,410464994,sha256:5142ad1c6011,0.0619,250,200,unknown
stagger,D,30,2,22,1,35.870,410464994,sha256:299c82f5afaa,0.0331,6525,200,unknown
stagger,D,30,2,22,1,35.870,410464994,sha256:866771c43bf5,18.3934,49293124,200,unknown
stagger,D,30,2,22,1,35.870,410464994,sha256:ed881fbf1b07,13.1922,25614562,200,unknown
stagger,D,30,2,22,1,35.870,410464994,sha256:9da421ddeb65,23.0739,67778971,200,unknown
stagger,D,30,2,22,1,35.870,410464994,sha256:a793e3c6bce8,35.8210,236030458,200,unknown
stagger,D,30,2,22,1,35.870,410464994,sha256:10c3183ecaa6,3.1640,6085049,200,unknown
stagger,D,30,2,22,1,35.870,410464994,sha256:15991188a884,14.8588,25656055,200,unknown
stagger,D,30,2,22,1,35.870,410464994,sha256:5142ad1c6011,0.0612,250,200,unknown
stagger,D,30,2,23,1,35.946,410464994,sha256:299c82f5afaa,0.0416,6525,200,unknown
stagger,D,30,2,23,1,35.946,410464994,sha256:866771c43bf5,18.3921,49293124,200,unknown
stagger,D,30,2,23,1,35.946,410464994,sha256:ed881fbf1b07,13.1903,25614562,200,unknown
stagger,D,30,2,23,1,35.946,410464994,sha256:9da421ddeb65,23.0727,67778971,200,unknown
stagger,D,30,2,23,1,35.946,410464994,sha256:a793e3c6bce8,35.8962,236030458,200,unknown
stagger,D,30,2,23,1,35.946,410464994,sha256:10c3183ecaa6,3.1612,6085049,200,unknown
stagger,D,30,2,23,1,35.946,410464994,sha256:15991188a884,14.8557,25656055,200,unknown
stagger,D,30,2,23,1,35.946,410464994,sha256:5142ad1c6011,0.0607,250,200,unknown
stagger,D,30,2,24,1,35.837,410464994,sha256:299c82f5afaa,0.0403,6525,200,unknown
stagger,D,30,2,24,1,35.837,410464994,sha256:866771c43bf5,18.3889,49293124,200,unknown
stagger,D,30,2,24,1,35.837,410464994,sha256:ed881fbf1b07,13.1885,25614562,200,unknown
stagger,D,30,2,24,1,35.837,410464994,sha256:9da421ddeb65,23.0712,67778971,200,unknown
stagger,D,30,2,24,1,35.837,410464994,sha256:a793e3c6bce8,35.7852,236030458,200,unknown
stagger,D,30,2,24,1,35.837,410464994,sha256:10c3183ecaa6,3.1601,6085049,200,unknown
stagger,D,30,2,24,1,35.837,410464994,sha256:15991188a884,14.8545,25656055,200,unknown
stagger,D,30,2,24,1,35.837,410464994,sha256:5142ad1c6011,0.0602,250,200,unknown
stagger,D,30,2,25,2,7.991,410464994,sha256:299c82f5afaa,0.1012,6525,200,unknown
stagger,D,30,2,25,2,7.991,410464994,sha256:866771c43bf5,5.8717,49293124,200,unknown
stagger,D,30,2,25,2,7.991,410464994,sha256:ed881fbf1b07,3.7660,25614562,200,unknown
stagger,D,30,2,25,2,7.991,410464994,sha256:9da421ddeb65,7.1707,67778971,200,unknown
stagger,D,30,2,25,2,7.991,410464994,sha256:a793e3c6bce8,7.9862,236030458,200,unknown
stagger,D,30,2,25,2,7.991,410464994,sha256:10c3183ecaa6,1.0527,6085049,200,unknown
stagger,D,30,2,25,2,7.991,410464994,sha256:15991188a884,3.7368,25656055,200,unknown
stagger,D,30,2,25,2,7.991,410464994,sha256:5142ad1c6011,0.1028,250,200,unknown
stagger,D,30,2,26,2,8.033,410464994,sha256:299c82f5afaa,0.1007,6525,200,unknown
stagger,D,30,2,26,2,8.033,410464994,sha256:866771c43bf5,6.4528,49293124,200,unknown
stagger,D,30,2,26,2,8.033,410464994,sha256:ed881fbf1b07,5.3059,25614562,200,unknown
stagger,D,30,2,26,2,8.033,410464994,sha256:9da421ddeb65,6.2627,67778971,200,unknown
stagger,D,30,2,26,2,8.033,410464994,sha256:a793e3c6bce8,8.0282,236030458,200,unknown
stagger,D,30,2,26,2,8.033,410464994,sha256:10c3183ecaa6,0.8911,6085049,200,unknown
stagger,D,30,2,26,2,8.033,410464994,sha256:15991188a884,3.1823,25656055,200,unknown
stagger,D,30,2,26,2,8.033,410464994,sha256:5142ad1c6011,0.2009,250,200,unknown
stagger,D,30,2,27,2,8.129,410464994,sha256:299c82f5afaa,0.2018,6525,200,unknown
stagger,D,30,2,27,2,8.129,410464994,sha256:866771c43bf5,5.7753,49293124,200,unknown
stagger,D,30,2,27,2,8.129,410464994,sha256:ed881fbf1b07,3.7419,25614562,200,unknown
stagger,D,30,2,27,2,8.129,410464994,sha256:9da421ddeb65,6.3817,67778971,200,unknown
stagger,D,30,2,27,2,8.129,410464994,sha256:a793e3c6bce8,8.1223,236030458,200,unknown
stagger,D,30,2,27,2,8.129,410464994,sha256:10c3183ecaa6,1.0381,6085049,200,unknown
stagger,D,30,2,27,2,8.129,410464994,sha256:15991188a884,3.7440,25656055,200,unknown
stagger,D,30,2,27,2,8.129,410464994,sha256:5142ad1c6011,0.0981,250,200,unknown
stagger,D,30,2,28,2,8.026,410464994,sha256:299c82f5afaa,0.1387,6525,200,unknown
stagger,D,30,2,28,2,8.026,410464994,sha256:866771c43bf5,5.7733,49293124,200,unknown
stagger,D,30,2,28,2,8.026,410464994,sha256:ed881fbf1b07,3.8114,25614562,200,unknown
stagger,D,30,2,28,2,8.026,410464994,sha256:9da421ddeb65,6.3990,67778971,200,unknown
stagger,D,30,2,28,2,8.026,410464994,sha256:a793e3c6bce8,8.0166,236030458,200,unknown
stagger,D,30,2,28,2,8.026,410464994,sha256:10c3183ecaa6,0.7817,6085049,200,unknown
stagger,D,30,2,28,2,8.026,410464994,sha256:15991188a884,3.8153,25656055,200,unknown
stagger,D,30,2,28,2,8.026,410464994,sha256:5142ad1c6011,0.0971,250,200,unknown
stagger,D,30,2,29,2,8.097,410464994,sha256:299c82f5afaa,0.2064,6525,200,unknown
stagger,D,30,2,29,2,8.097,410464994,sha256:866771c43bf5,5.7972,49293124,200,unknown
stagger,D,30,2,29,2,8.097,410464994,sha256:ed881fbf1b07,3.7998,25614562,200,unknown
stagger,D,30,2,29,2,8.097,410464994,sha256:9da421ddeb65,6.3765,67778971,200,unknown
stagger,D,30,2,29,2,8.097,410464994,sha256:a793e3c6bce8,8.0875,236030458,200,unknown
stagger,D,30,2,29,2,8.097,410464994,sha256:10c3183ecaa6,0.9972,6085049,200,unknown
stagger,D,30,2,29,2,8.097,410464994,sha256:15991188a884,3.6838,25656055,200,unknown
stagger,D,30,2,29,2,8.097,410464994,sha256:5142ad1c6011,0.0941,250,200,unknown
stagger,D,30,2,30,2,8.036,410464994,sha256:299c82f5afaa,0.2025,6525,200,unknown
stagger,D,30,2,30,2,8.036,410464994,sha256:866771c43bf5,5.8445,49293124,200,unknown
stagger,D,30,2,30,2,8.036,410464994,sha256:ed881fbf1b07,3.8006,25614562,200,unknown
stagger,D,30,2,30,2,8.036,410464994,sha256:9da421ddeb65,6.4011,67778971,200,unknown
stagger,D,30,2,30,2,8.036,410464994,sha256:a793e3c6bce8,8.0237,236030458,200,unknown
stagger,D,30,2,30,2,8.036,410464994,sha256:10c3183ecaa6,1.2710,6085049,200,unknown
stagger,D,30,2,30,2,8.036,410464994,sha256:15991188a884,3.8434,25656055,200,unknown
stagger,D,30,2,30,2,8.036,410464994,sha256:5142ad1c6011,0.1359,250,200,unknown
stagger,D,30,2,31,2,8.038,410464994,sha256:299c82f5afaa,0.1339,6525,200,unknown
stagger,D,30,2,31,2,8.038,410464994,sha256:866771c43bf5,5.8545,49293124,200,unknown
stagger,D,30,2,31,2,8.038,410464994,sha256:ed881fbf1b07,3.7586,25614562,200,unknown
stagger,D,30,2,31,2,8.038,410464994,sha256:9da421ddeb65,6.3717,67778971,200,unknown
stagger,D,30,2,31,2,8.038,410464994,sha256:a793e3c6bce8,8.0242,236030458,200,unknown
stagger,D,30,2,31,2,8.038,410464994,sha256:10c3183ecaa6,1.0549,6085049,200,unknown
stagger,D,30,2,31,2,8.038,410464994,sha256:15991188a884,3.8698,25656055,200,unknown
stagger,D,30,2,31,2,8.038,410464994,sha256:5142ad1c6011,0.0913,250,200,unknown
stagger,D,30,2,32,2,8.156,410464994,sha256:299c82f5afaa,0.2027,6525,200,unknown
stagger,D,30,2,32,2,8.156,410464994,sha256:866771c43bf5,5.7922,49293124,200,unknown
stagger,D,30,2,32,2,8.156,410464994,sha256:ed881fbf1b07,3.8021,25614562,200,unknown
stagger,D,30,2,32,2,8.156,410464994,sha256:9da421ddeb65,6.3956,67778971,200,unknown
stagger,D,30,2,32,2,8.156,410464994,sha256:a793e3c6bce8,8.1420,236030458,200,unknown
stagger,D,30,2,32,2,8.156,410464994,sha256:10c3183ecaa6,0.9525,6085049,200,unknown
stagger,D,30,2,32,2,8.156,410464994,sha256:15991188a884,3.7944,25656055,200,unknown
stagger,D,30,2,32,2,8.156,410464994,sha256:5142ad1c6011,0.1972,250,200,unknown
stagger,D,30,2,33,2,8.143,410464994,sha256:299c82f5afaa,0.1947,6525,200,unknown
stagger,D,30,2,33,2,8.143,410464994,sha256:866771c43bf5,6.8542,49293124,200,unknown
stagger,D,30,2,33,2,8.143,410464994,sha256:ed881fbf1b07,6.1751,25614562,200,unknown
stagger,D,30,2,33,2,8.143,410464994,sha256:9da421ddeb65,6.3964,67778971,200,unknown
stagger,D,30,2,33,2,8.143,410464994,sha256:a793e3c6bce8,8.1261,236030458,200,unknown
stagger,D,30,2,33,2,8.143,410464994,sha256:10c3183ecaa6,0.9993,6085049,200,unknown
stagger,D,30,2,33,2,8.143,410464994,sha256:15991188a884,3.8496,25656055,200,unknown
stagger,D,30,2,33,2,8.143,410464994,sha256:5142ad1c6011,0.0878,250,200,unknown
stagger,D,30,2,34,2,8.027,410464994,sha256:299c82f5afaa,0.1964,6525,200,unknown
stagger,D,30,2,34,2,8.027,410464994,sha256:866771c43bf5,5.5448,49293124,200,unknown
stagger,D,30,2,34,2,8.027,410464994,sha256:ed881fbf1b07,6.3362,25614562,200,unknown
stagger,D,30,2,34,2,8.027,410464994,sha256:9da421ddeb65,6.3949,67778971,200,unknown
stagger,D,30,2,34,2,8.027,410464994,sha256:a793e3c6bce8,8.0068,236030458,200,unknown
stagger,D,30,2,34,2,8.027,410464994,sha256:10c3183ecaa6,1.0172,6085049,200,unknown
stagger,D,30,2,34,2,8.027,410464994,sha256:15991188a884,3.7623,25656055,200,unknown
stagger,D,30,2,34,2,8.027,410464994,sha256:5142ad1c6011,0.1823,250,200,unknown
stagger,D,30,2,35,2,8.047,410464994,sha256:299c82f5afaa,0.1835,6525,200,unknown
stagger,D,30,2,35,2,8.047,410464994,sha256:866771c43bf5,5.5222,49293124,200,unknown
stagger,D,30,2,35,2,8.047,410464994,sha256:ed881fbf1b07,3.6683,25614562,200,unknown
stagger,D,30,2,35,2,8.047,410464994,sha256:9da421ddeb65,6.3898,67778971,200,unknown
stagger,D,30,2,35,2,8.047,410464994,sha256:a793e3c6bce8,8.0265,236030458,200,unknown
stagger,D,30,2,35,2,8.047,410464994,sha256:10c3183ecaa6,0.7695,6085049,200,unknown
stagger,D,30,2,35,2,8.047,410464994,sha256:15991188a884,6.3828,25656055,200,unknown
stagger,D,30,2,35,2,8.047,410464994,sha256:5142ad1c6011,0.0855,250,200,unknown
stagger,D,30,2,36,2,8.041,410464994,sha256:299c82f5afaa,0.1946,6525,200,unknown
stagger,D,30,2,36,2,8.041,410464994,sha256:866771c43bf5,5.7952,49293124,200,unknown
stagger,D,30,2,36,2,8.041,410464994,sha256:ed881fbf1b07,3.7799,25614562,200,unknown
stagger,D,30,2,36,2,8.041,410464994,sha256:9da421ddeb65,6.3629,67778971,200,unknown
stagger,D,30,2,36,2,8.041,410464994,sha256:a793e3c6bce8,8.0191,236030458,200,unknown
stagger,D,30,2,36,2,8.041,410464994,sha256:10c3183ecaa6,0.9473,6085049,200,unknown
stagger,D,30,2,36,2,8.041,410464994,sha256:15991188a884,3.8014,25656055,200,unknown
stagger,D,30,2,36,2,8.041,410464994,sha256:5142ad1c6011,0.0834,250,200,unknown
stagger,D,30,2,37,2,8.031,410464994,sha256:299c82f5afaa,0.1781,6525,200,unknown
stagger,D,30,2,37,2,8.031,410464994,sha256:866771c43bf5,5.7491,49293124,200,unknown
stagger,D,30,2,37,2,8.031,410464994,sha256:ed881fbf1b07,3.8418,25614562,200,unknown
stagger,D,30,2,37,2,8.031,410464994,sha256:9da421ddeb65,6.2453,67778971,200,unknown
stagger,D,30,2,37,2,8.031,410464994,sha256:a793e3c6bce8,8.0070,236030458,200,unknown
stagger,D,30,2,37,2,8.031,410464994,sha256:10c3183ecaa6,0.9879,6085049,200,unknown
stagger,D,30,2,37,2,8.031,410464994,sha256:15991188a884,3.7857,25656055,200,unknown
stagger,D,30,2,37,2,8.031,410464994,sha256:5142ad1c6011,0.1795,250,200,unknown
stagger,D,30,2,38,2,8.136,410464994,sha256:299c82f5afaa,0.1767,6525,200,unknown
stagger,D,30,2,38,2,8.136,410464994,sha256:866771c43bf5,5.8032,49293124,200,unknown
stagger,D,30,2,38,2,8.136,410464994,sha256:ed881fbf1b07,3.8169,25614562,200,unknown
stagger,D,30,2,38,2,8.136,410464994,sha256:9da421ddeb65,6.3751,67778971,200,unknown
stagger,D,30,2,38,2,8.136,410464994,sha256:a793e3c6bce8,8.1115,236030458,200,unknown
stagger,D,30,2,38,2,8.136,410464994,sha256:10c3183ecaa6,1.0061,6085049,200,unknown
stagger,D,30,2,38,2,8.136,410464994,sha256:15991188a884,2.9738,25656055,200,unknown
stagger,D,30,2,38,2,8.136,410464994,sha256:5142ad1c6011,0.0813,250,200,unknown
stagger,D,30,2,39,2,8.030,410464994,sha256:299c82f5afaa,0.0813,6525,200,unknown
stagger,D,30,2,39,2,8.030,410464994,sha256:866771c43bf5,5.5294,49293124,200,unknown
stagger,D,30,2,39,2,8.030,410464994,sha256:ed881fbf1b07,3.1094,25614562,200,unknown
stagger,D,30,2,39,2,8.030,410464994,sha256:9da421ddeb65,7.2702,67778971,200,unknown
stagger,D,30,2,39,2,8.030,410464994,sha256:a793e3c6bce8,8.0032,236030458,200,unknown
stagger,D,30,2,39,2,8.030,410464994,sha256:10c3183ecaa6,0.8514,6085049,200,unknown
stagger,D,30,2,39,2,8.030,410464994,sha256:15991188a884,3.2922,25656055,200,unknown
stagger,D,30,2,39,2,8.030,410464994,sha256:5142ad1c6011,0.0803,250,200,unknown
stagger,D,30,2,40,2,8.035,410464994,sha256:299c82f5afaa,0.0805,6525,200,unknown
stagger,D,30,2,40,2,8.035,410464994,sha256:866771c43bf5,5.4757,49293124,200,unknown
stagger,D,30,2,40,2,8.035,410464994,sha256:ed881fbf1b07,3.1510,25614562,200,unknown
stagger,D,30,2,40,2,8.035,410464994,sha256:9da421ddeb65,6.3708,67778971,200,unknown
stagger,D,30,2,40,2,8.035,410464994,sha256:a793e3c6bce8,8.0074,236030458,200,unknown
stagger,D,30,2,40,2,8.035,410464994,sha256:10c3183ecaa6,1.0191,6085049,200,unknown
stagger,D,30,2,40,2,8.035,410464994,sha256:15991188a884,3.8300,25656055,200,unknown
stagger,D,30,2,40,2,8.035,410464994,sha256:5142ad1c6011,0.1870,250,200,unknown
stagger,D,30,2,41,2,8.032,410464994,sha256:299c82f5afaa,0.1866,6525,200,unknown
stagger,D,30,2,41,2,8.032,410464994,sha256:866771c43bf5,5.7970,49293124,200,unknown
stagger,D,30,2,41,2,8.032,410464994,sha256:ed881fbf1b07,3.7704,25614562,200,unknown
stagger,D,30,2,41,2,8.032,410464994,sha256:9da421ddeb65,6.3695,67778971,200,unknown
stagger,D,30,2,41,2,8.032,410464994,sha256:a793e3c6bce8,8.0024,236030458,200,unknown
stagger,D,30,2,41,2,8.032,410464994,sha256:10c3183ecaa6,0.9950,6085049,200,unknown
stagger,D,30,2,41,2,8.032,410464994,sha256:15991188a884,3.2676,25656055,200,unknown
stagger,D,30,2,41,2,8.032,410464994,sha256:5142ad1c6011,0.0774,250,200,unknown
stagger,D,30,2,42,2,8.136,410464994,sha256:299c82f5afaa,0.0780,6525,200,unknown
stagger,D,30,2,42,2,8.136,410464994,sha256:866771c43bf5,5.6214,49293124,200,unknown
stagger,D,30,2,42,2,8.136,410464994,sha256:ed881fbf1b07,3.7126,25614562,200,unknown
stagger,D,30,2,42,2,8.136,410464994,sha256:9da421ddeb65,6.3699,67778971,200,unknown
stagger,D,30,2,42,2,8.136,410464994,sha256:a793e3c6bce8,8.1064,236030458,200,unknown
stagger,D,30,2,42,2,8.136,410464994,sha256:10c3183ecaa6,0.7601,6085049,200,unknown
stagger,D,30,2,42,2,8.136,410464994,sha256:15991188a884,3.1569,25656055,200,unknown
stagger,D,30,2,42,2,8.136,410464994,sha256:5142ad1c6011,0.0773,250,200,unknown
stagger,D,30,2,43,2,8.032,410464994,sha256:299c82f5afaa,0.0772,6525,200,unknown
stagger,D,30,2,43,2,8.032,410464994,sha256:866771c43bf5,5.5044,49293124,200,unknown
stagger,D,30,2,43,2,8.032,410464994,sha256:ed881fbf1b07,3.2179,25614562,200,unknown
stagger,D,30,2,43,2,8.032,410464994,sha256:9da421ddeb65,6.2709,67778971,200,unknown
stagger,D,30,2,43,2,8.032,410464994,sha256:a793e3c6bce8,8.0008,236030458,200,unknown
stagger,D,30,2,43,2,8.032,410464994,sha256:10c3183ecaa6,0.7588,6085049,200,unknown
stagger,D,30,2,43,2,8.032,410464994,sha256:15991188a884,3.6804,25656055,200,unknown
stagger,D,30,2,43,2,8.032,410464994,sha256:5142ad1c6011,0.1102,250,200,unknown
stagger,D,30,2,44,2,8.057,410464994,sha256:299c82f5afaa,0.0756,6525,200,unknown
stagger,D,30,2,44,2,8.057,410464994,sha256:866771c43bf5,6.4212,49293124,200,unknown
stagger,D,30,2,44,2,8.057,410464994,sha256:ed881fbf1b07,3.2089,25614562,200,unknown
stagger,D,30,2,44,2,8.057,410464994,sha256:9da421ddeb65,6.3427,67778971,200,unknown
stagger,D,30,2,44,2,8.057,410464994,sha256:a793e3c6bce8,8.0249,236030458,200,unknown
stagger,D,30,2,44,2,8.057,410464994,sha256:10c3183ecaa6,0.9193,6085049,200,unknown
stagger,D,30,2,44,2,8.057,410464994,sha256:15991188a884,3.9889,25656055,200,unknown
stagger,D,30,2,44,2,8.057,410464994,sha256:5142ad1c6011,0.0742,250,200,unknown
stagger,D,30,2,45,2,8.031,410464994,sha256:299c82f5afaa,0.0740,6525,200,unknown
stagger,D,30,2,45,2,8.031,410464994,sha256:866771c43bf5,5.7805,49293124,200,unknown
stagger,D,30,2,45,2,8.031,410464994,sha256:ed881fbf1b07,4.3292,25614562,200,unknown
stagger,D,30,2,45,2,8.031,410464994,sha256:9da421ddeb65,6.3489,67778971,200,unknown
stagger,D,30,2,45,2,8.031,410464994,sha256:a793e3c6bce8,7.9951,236030458,200,unknown
stagger,D,30,2,45,2,8.031,410464994,sha256:10c3183ecaa6,0.9120,6085049,200,unknown
stagger,D,30,2,45,2,8.031,410464994,sha256:15991188a884,3.0259,25656055,200,unknown
stagger,D,30,2,45,2,8.031,410464994,sha256:5142ad1c6011,0.1083,250,200,unknown
stagger,D,30,2,46,2,8.046,410464994,sha256:299c82f5afaa,0.1084,6525,200,unknown
stagger,D,30,2,46,2,8.046,410464994,sha256:866771c43bf5,7.0522,49293124,200,unknown
stagger,D,30,2,46,2,8.046,410464994,sha256:ed881fbf1b07,3.1263,25614562,200,unknown
stagger,D,30,2,46,2,8.046,410464994,sha256:9da421ddeb65,6.3464,67778971,200,unknown
stagger,D,30,2,46,2,8.046,410464994,sha256:a793e3c6bce8,7.9998,236030458,200,unknown
stagger,D,30,2,46,2,8.046,410464994,sha256:10c3183ecaa6,0.7473,6085049,200,unknown
stagger,D,30,2,46,2,8.046,410464994,sha256:15991188a884,3.6575,25656055,200,unknown
stagger,D,30,2,46,2,8.046,410464994,sha256:5142ad1c6011,0.0981,250,200,unknown
stagger,D,30,2,47,2,8.023,410464994,sha256:299c82f5afaa,0.0934,6525,200,unknown
stagger,D,30,2,47,2,8.023,410464994,sha256:866771c43bf5,5.7306,49293124,200,unknown
stagger,D,30,2,47,2,8.023,410464994,sha256:ed881fbf1b07,3.8856,25614562,200,unknown
stagger,D,30,2,47,2,8.023,410464994,sha256:9da421ddeb65,6.3738,67778971,200,unknown
stagger,D,30,2,47,2,8.023,410464994,sha256:a793e3c6bce8,7.9736,236030458,200,unknown
stagger,D,30,2,47,2,8.023,410464994,sha256:10c3183ecaa6,0.9632,6085049,200,unknown
stagger,D,30,2,47,2,8.023,410464994,sha256:15991188a884,3.7193,25656055,200,unknown
stagger,D,30,2,47,2,8.023,410464994,sha256:5142ad1c6011,0.0979,250,200,unknown
stagger,D,30,2,48,2,8.027,410464994,sha256:299c82f5afaa,0.0945,6525,200,unknown
stagger,D,30,2,48,2,8.027,410464994,sha256:866771c43bf5,5.7863,49293124,200,unknown
stagger,D,30,2,48,2,8.027,410464994,sha256:ed881fbf1b07,3.7393,25614562,200,unknown
stagger,D,30,2,48,2,8.027,410464994,sha256:9da421ddeb65,6.3442,67778971,200,unknown
stagger,D,30,2,48,2,8.027,410464994,sha256:a793e3c6bce8,7.9768,236030458,200,unknown
stagger,D,30,2,48,2,8.027,410464994,sha256:10c3183ecaa6,0.8888,6085049,200,unknown
stagger,D,30,2,48,2,8.027,410464994,sha256:15991188a884,3.8192,25656055,200,unknown
stagger,D,30,2,48,2,8.027,410464994,sha256:5142ad1c6011,0.0923,250,200,unknown
stagger,D,30,2,49,2,8.032,410464994,sha256:299c82f5afaa,0.0969,6525,200,unknown
stagger,D,30,2,49,2,8.032,410464994,sha256:866771c43bf5,6.7500,49293124,200,unknown
stagger,D,30,2,49,2,8.032,410464994,sha256:ed881fbf1b07,3.5863,25614562,200,unknown
stagger,D,30,2,49,2,8.032,410464994,sha256:9da421ddeb65,6.3413,67778971,200,unknown
stagger,D,30,2,49,2,8.032,410464994,sha256:a793e3c6bce8,7.9812,236030458,200,unknown
stagger,D,30,2,49,2,8.032,410464994,sha256:10c3183ecaa6,0.9093,6085049,200,unknown
stagger,D,30,2,49,2,8.032,410464994,sha256:15991188a884,3.7115,25656055,200,unknown
stagger,D,30,2,49,2,8.032,410464994,sha256:5142ad1c6011,0.0931,250,200,unknown
stagger,D,30,3,0,1,34.405,410464994,sha256:299c82f5afaa,0.0967,6525,200,unknown
stagger,D,30,3,0,1,34.405,410464994,sha256:866771c43bf5,18.0037,49293124,200,unknown
stagger,D,30,3,0,1,34.405,410464994,sha256:ed881fbf1b07,13.8344,25614562,200,unknown
stagger,D,30,3,0,1,34.405,410464994,sha256:9da421ddeb65,18.8132,67778971,200,unknown
stagger,D,30,3,0,1,34.405,410464994,sha256:a793e3c6bce8,34.3966,236030458,200,unknown
stagger,D,30,3,0,1,34.405,410464994,sha256:10c3183ecaa6,1.8797,6085049,200,unknown
stagger,D,30,3,0,1,34.405,410464994,sha256:15991188a884,12.3724,25656055,200,unknown
stagger,D,30,3,0,1,34.405,410464994,sha256:5142ad1c6011,0.1010,250,200,unknown
stagger,D,30,3,1,1,34.405,410464994,sha256:299c82f5afaa,0.0937,6525,200,unknown
stagger,D,30,3,1,1,34.405,410464994,sha256:866771c43bf5,18.0002,49293124,200,unknown
stagger,D,30,3,1,1,34.405,410464994,sha256:ed881fbf1b07,13.8331,25614562,200,unknown
stagger,D,30,3,1,1,34.405,410464994,sha256:9da421ddeb65,18.8103,67778971,200,unknown
stagger,D,30,3,1,1,34.405,410464994,sha256:a793e3c6bce8,34.3941,236030458,200,unknown
stagger,D,30,3,1,1,34.405,410464994,sha256:10c3183ecaa6,1.8787,6085049,200,unknown
stagger,D,30,3,1,1,34.405,410464994,sha256:15991188a884,12.3686,25656055,200,unknown
stagger,D,30,3,1,1,34.405,410464994,sha256:5142ad1c6011,0.0962,250,200,unknown
stagger,D,30,3,2,1,34.819,410464994,sha256:299c82f5afaa,0.0926,6525,200,unknown
stagger,D,30,3,2,1,34.819,410464994,sha256:866771c43bf5,17.9969,49293124,200,unknown
stagger,D,30,3,2,1,34.819,410464994,sha256:ed881fbf1b07,13.8307,25614562,200,unknown
stagger,D,30,3,2,1,34.819,410464994,sha256:9da421ddeb65,18.8073,67778971,200,unknown
stagger,D,30,3,2,1,34.819,410464994,sha256:a793e3c6bce8,34.8082,236030458,200,unknown
stagger,D,30,3,2,1,34.819,410464994,sha256:10c3183ecaa6,1.8736,6085049,200,unknown
stagger,D,30,3,2,1,34.819,410464994,sha256:15991188a884,12.3692,25656055,200,unknown
stagger,D,30,3,2,1,34.819,410464994,sha256:5142ad1c6011,0.0933,250,200,unknown
stagger,D,30,3,3,1,35.266,410464994,sha256:299c82f5afaa,0.0874,6525,200,unknown
stagger,D,30,3,3,1,35.266,410464994,sha256:866771c43bf5,17.9943,49293124,200,unknown
stagger,D,30,3,3,1,35.266,410464994,sha256:ed881fbf1b07,13.8282,25614562,200,unknown
stagger,D,30,3,3,1,35.266,410464994,sha256:9da421ddeb65,18.8061,67778971,200,unknown
stagger,D,30,3,3,1,35.266,410464994,sha256:a793e3c6bce8,35.2535,236030458,200,unknown
stagger,D,30,3,3,1,35.266,410464994,sha256:10c3183ecaa6,1.8713,6085049,200,unknown
stagger,D,30,3,3,1,35.266,410464994,sha256:15991188a884,12.3669,25656055,200,unknown
stagger,D,30,3,3,1,35.266,410464994,sha256:5142ad1c6011,0.0937,250,200,unknown
stagger,D,30,3,4,1,34.404,410464994,sha256:299c82f5afaa,0.0866,6525,200,unknown
stagger,D,30,3,4,1,34.404,410464994,sha256:866771c43bf5,17.9939,49293124,200,unknown
stagger,D,30,3,4,1,34.404,410464994,sha256:ed881fbf1b07,13.8248,25614562,200,unknown
stagger,D,30,3,4,1,34.404,410464994,sha256:9da421ddeb65,18.8035,67778971,200,unknown
stagger,D,30,3,4,1,34.404,410464994,sha256:a793e3c6bce8,34.3864,236030458,200,unknown
stagger,D,30,3,4,1,34.404,410464994,sha256:10c3183ecaa6,1.8715,6085049,200,unknown
stagger,D,30,3,4,1,34.404,410464994,sha256:15991188a884,12.3644,25656055,200,unknown
stagger,D,30,3,4,1,34.404,410464994,sha256:5142ad1c6011,0.0861,250,200,unknown
stagger,D,30,3,5,1,34.404,410464994,sha256:299c82f5afaa,0.0841,6525,200,unknown
stagger,D,30,3,5,1,34.404,410464994,sha256:866771c43bf5,17.9905,49293124,200,unknown
stagger,D,30,3,5,1,34.404,410464994,sha256:ed881fbf1b07,13.8224,25614562,200,unknown
stagger,D,30,3,5,1,34.404,410464994,sha256:9da421ddeb65,18.8011,67778971,200,unknown
stagger,D,30,3,5,1,34.404,410464994,sha256:a793e3c6bce8,34.3846,236030458,200,unknown
stagger,D,30,3,5,1,34.404,410464994,sha256:10c3183ecaa6,1.8692,6085049,200,unknown
stagger,D,30,3,5,1,34.404,410464994,sha256:15991188a884,12.3605,25656055,200,unknown
stagger,D,30,3,5,1,34.404,410464994,sha256:5142ad1c6011,0.0865,250,200,unknown
stagger,D,30,3,6,1,34.402,410464994,sha256:299c82f5afaa,0.0789,6525,200,unknown
stagger,D,30,3,6,1,34.402,410464994,sha256:866771c43bf5,17.9890,49293124,200,unknown
stagger,D,30,3,6,1,34.402,410464994,sha256:ed881fbf1b07,13.8197,25614562,200,unknown
stagger,D,30,3,6,1,34.402,410464994,sha256:9da421ddeb65,18.7969,67778971,200,unknown
stagger,D,30,3,6,1,34.402,410464994,sha256:a793e3c6bce8,34.3792,236030458,200,unknown
stagger,D,30,3,6,1,34.402,410464994,sha256:10c3183ecaa6,1.8638,6085049,200,unknown
stagger,D,30,3,6,1,34.402,410464994,sha256:15991188a884,12.3578,25656055,200,unknown
stagger,D,30,3,6,1,34.402,410464994,sha256:5142ad1c6011,0.0811,250,200,unknown
stagger,D,30,3,7,1,34.404,410464994,sha256:299c82f5afaa,0.0807,6525,200,unknown
stagger,D,30,3,7,1,34.404,410464994,sha256:866771c43bf5,17.9866,49293124,200,unknown
stagger,D,30,3,7,1,34.404,410464994,sha256:ed881fbf1b07,13.8185,25614562,200,unknown
stagger,D,30,3,7,1,34.404,410464994,sha256:9da421ddeb65,18.7946,67778971,200,unknown
stagger,D,30,3,7,1,34.404,410464994,sha256:a793e3c6bce8,34.3796,236030458,200,unknown
stagger,D,30,3,7,1,34.404,410464994,sha256:10c3183ecaa6,1.8626,6085049,200,unknown
stagger,D,30,3,7,1,34.404,410464994,sha256:15991188a884,12.3555,25656055,200,unknown
stagger,D,30,3,7,1,34.404,410464994,sha256:5142ad1c6011,0.0788,250,200,unknown
stagger,D,30,3,8,1,34.404,410464994,sha256:299c82f5afaa,0.0772,6525,200,unknown
stagger,D,30,3,8,1,34.404,410464994,sha256:866771c43bf5,17.9843,49293124,200,unknown
stagger,D,30,3,8,1,34.404,410464994,sha256:ed881fbf1b07,13.8148,25614562,200,unknown
stagger,D,30,3,8,1,34.404,410464994,sha256:9da421ddeb65,18.7911,67778971,200,unknown
stagger,D,30,3,8,1,34.404,410464994,sha256:a793e3c6bce8,34.3751,236030458,200,unknown
stagger,D,30,3,8,1,34.404,410464994,sha256:10c3183ecaa6,1.8601,6085049,200,unknown
stagger,D,30,3,8,1,34.404,410464994,sha256:15991188a884,12.3516,25656055,200,unknown
stagger,D,30,3,8,1,34.404,410464994,sha256:5142ad1c6011,0.0772,250,200,unknown
stagger,D,30,3,9,1,34.404,410464994,sha256:299c82f5afaa,0.0731,6525,200,unknown
stagger,D,30,3,9,1,34.404,410464994,sha256:866771c43bf5,17.9785,49293124,200,unknown
stagger,D,30,3,9,1,34.404,410464994,sha256:ed881fbf1b07,13.8123,25614562,200,unknown
stagger,D,30,3,9,1,34.404,410464994,sha256:9da421ddeb65,18.7895,67778971,200,unknown
stagger,D,30,3,9,1,34.404,410464994,sha256:a793e3c6bce8,34.3733,236030458,200,unknown
stagger,D,30,3,9,1,34.404,410464994,sha256:10c3183ecaa6,1.8563,6085049,200,unknown
stagger,D,30,3,9,1,34.404,410464994,sha256:15991188a884,12.3477,25656055,200,unknown
stagger,D,30,3,9,1,34.404,410464994,sha256:5142ad1c6011,0.0749,250,200,unknown
stagger,D,30,3,10,1,35.394,410464994,sha256:299c82f5afaa,0.0687,6525,200,unknown
stagger,D,30,3,10,1,35.394,410464994,sha256:866771c43bf5,17.9762,49293124,200,unknown
stagger,D,30,3,10,1,35.394,410464994,sha256:ed881fbf1b07,13.8085,25614562,200,unknown
stagger,D,30,3,10,1,35.394,410464994,sha256:9da421ddeb65,18.7870,67778971,200,unknown
stagger,D,30,3,10,1,35.394,410464994,sha256:a793e3c6bce8,35.3632,236030458,200,unknown
stagger,D,30,3,10,1,35.394,410464994,sha256:10c3183ecaa6,1.8554,6085049,200,unknown
stagger,D,30,3,10,1,35.394,410464994,sha256:15991188a884,12.3452,25656055,200,unknown
stagger,D,30,3,10,1,35.394,410464994,sha256:5142ad1c6011,0.0700,250,200,unknown
stagger,D,30,3,11,1,34.404,410464994,sha256:299c82f5afaa,0.0654,6525,200,unknown
stagger,D,30,3,11,1,34.404,410464994,sha256:866771c43bf5,17.9746,49293124,200,unknown
stagger,D,30,3,11,1,34.404,410464994,sha256:ed881fbf1b07,13.8063,25614562,200,unknown
stagger,D,30,3,11,1,34.404,410464994,sha256:9da421ddeb65,18.7851,67778971,200,unknown
stagger,D,30,3,11,1,34.404,410464994,sha256:a793e3c6bce8,34.3685,236030458,200,unknown
stagger,D,30,3,11,1,34.404,410464994,sha256:10c3183ecaa6,1.8516,6085049,200,unknown
stagger,D,30,3,11,1,34.404,410464994,sha256:15991188a884,12.3445,25656055,200,unknown
stagger,D,30,3,11,1,34.404,410464994,sha256:5142ad1c6011,0.0678,250,200,unknown
stagger,D,30,3,12,1,34.401,410464994,sha256:299c82f5afaa,0.0659,6525,200,unknown
stagger,D,30,3,12,1,34.401,410464994,sha256:866771c43bf5,17.9721,49293124,200,unknown
stagger,D,30,3,12,1,34.401,410464994,sha256:ed881fbf1b07,13.8052,25614562,200,unknown
stagger,D,30,3,12,1,34.401,410464994,sha256:9da421ddeb65,18.7829,67778971,200,unknown
stagger,D,30,3,12,1,34.401,410464994,sha256:a793e3c6bce8,34.3635,236030458,200,unknown
stagger,D,30,3,12,1,34.401,410464994,sha256:10c3183ecaa6,1.8492,6085049,200,unknown
stagger,D,30,3,12,1,34.401,410464994,sha256:15991188a884,12.3419,25656055,200,unknown
stagger,D,30,3,12,1,34.401,410464994,sha256:5142ad1c6011,0.0654,250,200,unknown
stagger,D,30,3,13,1,34.406,410464994,sha256:299c82f5afaa,0.0637,6525,200,unknown
stagger,D,30,3,13,1,34.406,410464994,sha256:866771c43bf5,17.9689,49293124,200,unknown
stagger,D,30,3,13,1,34.406,410464994,sha256:ed881fbf1b07,13.8029,25614562,200,unknown
stagger,D,30,3,13,1,34.406,410464994,sha256:9da421ddeb65,18.7798,67778971,200,unknown
stagger,D,30,3,13,1,34.406,410464994,sha256:a793e3c6bce8,34.3658,236030458,200,unknown
stagger,D,30,3,13,1,34.406,410464994,sha256:10c3183ecaa6,1.8457,6085049,200,unknown
stagger,D,30,3,13,1,34.406,410464994,sha256:15991188a884,12.3412,25656055,200,unknown
stagger,D,30,3,13,1,34.406,410464994,sha256:5142ad1c6011,0.0656,250,200,unknown
stagger,D,30,3,14,1,34.403,410464994,sha256:299c82f5afaa,0.0595,6525,200,unknown
stagger,D,30,3,14,1,34.403,410464994,sha256:866771c43bf5,17.9685,49293124,200,unknown
stagger,D,30,3,14,1,34.403,410464994,sha256:ed881fbf1b07,13.7992,25614562,200,unknown
stagger,D,30,3,14,1,34.403,410464994,sha256:9da421ddeb65,18.7768,67778971,200,unknown
stagger,D,30,3,14,1,34.403,410464994,sha256:a793e3c6bce8,34.3609,236030458,200,unknown
stagger,D,30,3,14,1,34.403,410464994,sha256:10c3183ecaa6,1.8445,6085049,200,unknown
stagger,D,30,3,14,1,34.403,410464994,sha256:15991188a884,12.3375,25656055,200,unknown
stagger,D,30,3,14,1,34.403,410464994,sha256:5142ad1c6011,0.0631,250,200,unknown
stagger,D,30,3,15,1,34.403,410464994,sha256:299c82f5afaa,0.0570,6525,200,unknown
stagger,D,30,3,15,1,34.403,410464994,sha256:866771c43bf5,17.9651,49293124,200,unknown
stagger,D,30,3,15,1,34.403,410464994,sha256:ed881fbf1b07,13.7970,25614562,200,unknown
stagger,D,30,3,15,1,34.403,410464994,sha256:9da421ddeb65,18.7757,67778971,200,unknown
stagger,D,30,3,15,1,34.403,410464994,sha256:a793e3c6bce8,34.3591,236030458,200,unknown
stagger,D,30,3,15,1,34.403,410464994,sha256:10c3183ecaa6,1.8423,6085049,200,unknown
stagger,D,30,3,15,1,34.403,410464994,sha256:15991188a884,12.3352,25656055,200,unknown
stagger,D,30,3,15,1,34.403,410464994,sha256:5142ad1c6011,0.0613,250,200,unknown
stagger,D,30,3,16,1,34.403,410464994,sha256:299c82f5afaa,0.0570,6525,200,unknown
stagger,D,30,3,16,1,34.403,410464994,sha256:866771c43bf5,17.9644,49293124,200,unknown
stagger,D,30,3,16,1,34.403,410464994,sha256:ed881fbf1b07,13.7964,25614562,200,unknown
stagger,D,30,3,16,1,34.403,410464994,sha256:9da421ddeb65,18.7735,67778971,200,unknown
stagger,D,30,3,16,1,34.403,410464994,sha256:a793e3c6bce8,34.3568,236030458,200,unknown
stagger,D,30,3,16,1,34.403,410464994,sha256:10c3183ecaa6,1.8395,6085049,200,unknown
stagger,D,30,3,16,1,34.403,410464994,sha256:15991188a884,12.3352,25656055,200,unknown
stagger,D,30,3,16,1,34.403,410464994,sha256:5142ad1c6011,0.0570,250,200,unknown
stagger,D,30,3,17,1,34.538,410464994,sha256:299c82f5afaa,0.0553,6525,200,unknown
stagger,D,30,3,17,1,34.538,410464994,sha256:866771c43bf5,17.9616,49293124,200,unknown
stagger,D,30,3,17,1,34.538,410464994,sha256:ed881fbf1b07,13.7948,25614562,200,unknown
stagger,D,30,3,17,1,34.538,410464994,sha256:9da421ddeb65,18.7723,67778971,200,unknown
stagger,D,30,3,17,1,34.538,410464994,sha256:a793e3c6bce8,34.4899,236030458,200,unknown
stagger,D,30,3,17,1,34.538,410464994,sha256:10c3183ecaa6,1.8389,6085049,200,unknown
stagger,D,30,3,17,1,34.538,410464994,sha256:15991188a884,12.3317,25656055,200,unknown
stagger,D,30,3,17,1,34.538,410464994,sha256:5142ad1c6011,0.0596,250,200,unknown
stagger,D,30,3,18,1,34.403,410464994,sha256:299c82f5afaa,0.0534,6525,200,unknown
stagger,D,30,3,18,1,34.403,410464994,sha256:866771c43bf5,17.9607,49293124,200,unknown
stagger,D,30,3,18,1,34.403,410464994,sha256:ed881fbf1b07,13.7929,25614562,200,unknown
stagger,D,30,3,18,1,34.403,410464994,sha256:9da421ddeb65,18.7694,67778971,200,unknown
stagger,D,30,3,18,1,34.403,410464994,sha256:a793e3c6bce8,34.3533,236030458,200,unknown
stagger,D,30,3,18,1,34.403,410464994,sha256:10c3183ecaa6,1.8385,6085049,200,unknown
stagger,D,30,3,18,1,34.403,410464994,sha256:15991188a884,12.3316,25656055,200,unknown
stagger,D,30,3,18,1,34.403,410464994,sha256:5142ad1c6011,0.0575,250,200,unknown
stagger,D,30,3,19,1,34.403,410464994,sha256:299c82f5afaa,0.0515,6525,200,unknown
stagger,D,30,3,19,1,34.403,410464994,sha256:866771c43bf5,17.9590,49293124,200,unknown
stagger,D,30,3,19,1,34.403,410464994,sha256:ed881fbf1b07,13.7910,25614562,200,unknown
stagger,D,30,3,19,1,34.403,410464994,sha256:9da421ddeb65,18.7687,67778971,200,unknown
stagger,D,30,3,19,1,34.403,410464994,sha256:a793e3c6bce8,34.3515,236030458,200,unknown
stagger,D,30,3,19,1,34.403,410464994,sha256:10c3183ecaa6,1.8368,6085049,200,unknown
stagger,D,30,3,19,1,34.403,410464994,sha256:15991188a884,12.3299,25656055,200,unknown
stagger,D,30,3,19,1,34.403,410464994,sha256:5142ad1c6011,0.0543,250,200,unknown
stagger,D,30,3,20,1,34.403,410464994,sha256:299c82f5afaa,0.0512,6525,200,unknown
stagger,D,30,3,20,1,34.403,410464994,sha256:866771c43bf5,17.9571,49293124,200,unknown
stagger,D,30,3,20,1,34.403,410464994,sha256:ed881fbf1b07,13.7880,25614562,200,unknown
stagger,D,30,3,20,1,34.403,410464994,sha256:9da421ddeb65,18.7654,67778971,200,unknown
stagger,D,30,3,20,1,34.403,410464994,sha256:a793e3c6bce8,34.3503,236030458,200,unknown
stagger,D,30,3,20,1,34.403,410464994,sha256:10c3183ecaa6,1.8346,6085049,200,unknown
stagger,D,30,3,20,1,34.403,410464994,sha256:15991188a884,12.3238,25656055,200,unknown
stagger,D,30,3,20,1,34.403,410464994,sha256:5142ad1c6011,0.0489,250,200,unknown
stagger,D,30,3,21,1,34.403,410464994,sha256:299c82f5afaa,0.0471,6525,200,unknown
stagger,D,30,3,21,1,34.403,410464994,sha256:866771c43bf5,17.9534,49293124,200,unknown
stagger,D,30,3,21,1,34.403,410464994,sha256:ed881fbf1b07,13.7852,25614562,200,unknown
stagger,D,30,3,21,1,34.403,410464994,sha256:9da421ddeb65,18.7637,67778971,200,unknown
stagger,D,30,3,21,1,34.403,410464994,sha256:a793e3c6bce8,34.3476,236030458,200,unknown
stagger,D,30,3,21,1,34.403,410464994,sha256:10c3183ecaa6,1.8307,6085049,200,unknown
stagger,D,30,3,21,1,34.403,410464994,sha256:15991188a884,12.3221,25656055,200,unknown
stagger,D,30,3,21,1,34.403,410464994,sha256:5142ad1c6011,0.0523,250,200,unknown
stagger,D,30,3,22,1,34.403,410464994,sha256:299c82f5afaa,0.0450,6525,200,unknown
stagger,D,30,3,22,1,34.403,410464994,sha256:866771c43bf5,17.9517,49293124,200,unknown
stagger,D,30,3,22,1,34.403,410464994,sha256:ed881fbf1b07,13.7849,25614562,200,unknown
stagger,D,30,3,22,1,34.403,410464994,sha256:9da421ddeb65,18.7621,67778971,200,unknown
stagger,D,30,3,22,1,34.403,410464994,sha256:a793e3c6bce8,34.3457,236030458,200,unknown
stagger,D,30,3,22,1,34.403,410464994,sha256:10c3183ecaa6,1.8294,6085049,200,unknown
stagger,D,30,3,22,1,34.403,410464994,sha256:15991188a884,12.3223,25656055,200,unknown
stagger,D,30,3,22,1,34.403,410464994,sha256:5142ad1c6011,0.0500,250,200,unknown
stagger,D,30,3,23,1,34.403,410464994,sha256:299c82f5afaa,0.0438,6525,200,unknown
stagger,D,30,3,23,1,34.403,410464994,sha256:866771c43bf5,17.9507,49293124,200,unknown
stagger,D,30,3,23,1,34.403,410464994,sha256:ed881fbf1b07,13.7824,25614562,200,unknown
stagger,D,30,3,23,1,34.403,410464994,sha256:9da421ddeb65,18.7615,67778971,200,unknown
stagger,D,30,3,23,1,34.403,410464994,sha256:a793e3c6bce8,34.3446,236030458,200,unknown
stagger,D,30,3,23,1,34.403,410464994,sha256:10c3183ecaa6,1.8284,6085049,200,unknown
stagger,D,30,3,23,1,34.403,410464994,sha256:15991188a884,12.3211,25656055,200,unknown
stagger,D,30,3,23,1,34.403,410464994,sha256:5142ad1c6011,0.0450,250,200,unknown
stagger,D,30,3,24,1,34.747,410464994,sha256:299c82f5afaa,0.0430,6525,200,unknown
stagger,D,30,3,24,1,34.747,410464994,sha256:866771c43bf5,17.9487,49293124,200,unknown
stagger,D,30,3,24,1,34.747,410464994,sha256:ed881fbf1b07,13.7826,25614562,200,unknown
stagger,D,30,3,24,1,34.747,410464994,sha256:9da421ddeb65,18.7607,67778971,200,unknown
stagger,D,30,3,24,1,34.747,410464994,sha256:a793e3c6bce8,34.6900,236030458,200,unknown
stagger,D,30,3,24,1,34.747,410464994,sha256:10c3183ecaa6,1.8292,6085049,200,unknown
stagger,D,30,3,24,1,34.747,410464994,sha256:15991188a884,12.3183,25656055,200,unknown
stagger,D,30,3,24,1,34.747,410464994,sha256:5142ad1c6011,0.0435,250,200,unknown
stagger,D,30,3,25,2,6.104,410464994,sha256:299c82f5afaa,0.0540,6525,200,unknown
stagger,D,30,3,25,2,6.104,410464994,sha256:866771c43bf5,3.9746,49293124,200,unknown
stagger,D,30,3,25,2,6.104,410464994,sha256:ed881fbf1b07,2.2689,25614562,200,unknown
stagger,D,30,3,25,2,6.104,410464994,sha256:9da421ddeb65,4.7029,67778971,200,unknown
stagger,D,30,3,25,2,6.104,410464994,sha256:a793e3c6bce8,6.1002,236030458,200,unknown
stagger,D,30,3,25,2,6.104,410464994,sha256:10c3183ecaa6,0.1232,6085049,200,unknown
stagger,D,30,3,25,2,6.104,410464994,sha256:15991188a884,3.3041,25656055,200,unknown
stagger,D,30,3,25,2,6.104,410464994,sha256:5142ad1c6011,0.0533,250,200,unknown
stagger,D,30,3,26,2,6.077,410464994,sha256:299c82f5afaa,0.0528,6525,200,unknown
stagger,D,30,3,26,2,6.077,410464994,sha256:866771c43bf5,3.6049,49293124,200,unknown
stagger,D,30,3,26,2,6.077,410464994,sha256:ed881fbf1b07,1.7107,25614562,200,unknown
stagger,D,30,3,26,2,6.077,410464994,sha256:9da421ddeb65,4.7580,67778971,200,unknown
stagger,D,30,3,26,2,6.077,410464994,sha256:a793e3c6bce8,6.0719,236030458,200,unknown
stagger,D,30,3,26,2,6.077,410464994,sha256:10c3183ecaa6,0.5387,6085049,200,unknown
stagger,D,30,3,26,2,6.077,410464994,sha256:15991188a884,2.6510,25656055,200,unknown
stagger,D,30,3,26,2,6.077,410464994,sha256:5142ad1c6011,0.0545,250,200,unknown
stagger,D,30,3,27,2,6.137,410464994,sha256:299c82f5afaa,0.0519,6525,200,unknown
stagger,D,30,3,27,2,6.137,410464994,sha256:866771c43bf5,3.8478,49293124,200,unknown
stagger,D,30,3,27,2,6.137,410464994,sha256:ed881fbf1b07,1.9468,25614562,200,unknown
stagger,D,30,3,27,2,6.137,410464994,sha256:9da421ddeb65,4.5333,67778971,200,unknown
stagger,D,30,3,27,2,6.137,410464994,sha256:a793e3c6bce8,6.1320,236030458,200,unknown
stagger,D,30,3,27,2,6.137,410464994,sha256:10c3183ecaa6,0.6841,6085049,200,unknown
stagger,D,30,3,27,2,6.137,410464994,sha256:15991188a884,1.8001,25656055,200,unknown
stagger,D,30,3,27,2,6.137,410464994,sha256:5142ad1c6011,0.0502,250,200,unknown
stagger,D,30,3,28,2,6.094,410464994,sha256:299c82f5afaa,0.0534,6525,200,unknown
stagger,D,30,3,28,2,6.094,410464994,sha256:866771c43bf5,3.8641,49293124,200,unknown
stagger,D,30,3,28,2,6.094,410464994,sha256:ed881fbf1b07,2.9647,25614562,200,unknown
stagger,D,30,3,28,2,6.094,410464994,sha256:9da421ddeb65,5.3808,67778971,200,unknown
stagger,D,30,3,28,2,6.094,410464994,sha256:a793e3c6bce8,6.0856,236030458,200,unknown
stagger,D,30,3,28,2,6.094,410464994,sha256:10c3183ecaa6,0.7935,6085049,200,unknown
stagger,D,30,3,28,2,6.094,410464994,sha256:15991188a884,3.4093,25656055,200,unknown
stagger,D,30,3,28,2,6.094,410464994,sha256:5142ad1c6011,0.0553,250,200,unknown
stagger,D,30,3,29,2,6.166,410464994,sha256:299c82f5afaa,0.0554,6525,200,unknown
stagger,D,30,3,29,2,6.166,410464994,sha256:866771c43bf5,4.8771,49293124,200,unknown
stagger,D,30,3,29,2,6.166,410464994,sha256:ed881fbf1b07,2.2871,25614562,200,unknown
stagger,D,30,3,29,2,6.166,410464994,sha256:9da421ddeb65,4.6163,67778971,200,unknown
stagger,D,30,3,29,2,6.166,410464994,sha256:a793e3c6bce8,6.1587,236030458,200,unknown
stagger,D,30,3,29,2,6.166,410464994,sha256:10c3183ecaa6,0.6473,6085049,200,unknown
stagger,D,30,3,29,2,6.166,410464994,sha256:15991188a884,2.3496,25656055,200,unknown
stagger,D,30,3,29,2,6.166,410464994,sha256:5142ad1c6011,0.0527,250,200,unknown
stagger,D,30,3,30,2,6.145,410464994,sha256:299c82f5afaa,0.0525,6525,200,unknown
stagger,D,30,3,30,2,6.145,410464994,sha256:866771c43bf5,4.5031,49293124,200,unknown
stagger,D,30,3,30,2,6.145,410464994,sha256:ed881fbf1b07,2.3194,25614562,200,unknown
stagger,D,30,3,30,2,6.145,410464994,sha256:9da421ddeb65,4.5588,67778971,200,unknown
stagger,D,30,3,30,2,6.145,410464994,sha256:a793e3c6bce8,6.1363,236030458,200,unknown
stagger,D,30,3,30,2,6.145,410464994,sha256:10c3183ecaa6,0.5769,6085049,200,unknown
stagger,D,30,3,30,2,6.145,410464994,sha256:15991188a884,4.9908,25656055,200,unknown
stagger,D,30,3,30,2,6.145,410464994,sha256:5142ad1c6011,0.0812,250,200,unknown
stagger,D,30,3,31,2,6.116,410464994,sha256:299c82f5afaa,0.0617,6525,200,unknown
stagger,D,30,3,31,2,6.116,410464994,sha256:866771c43bf5,4.0555,49293124,200,unknown
stagger,D,30,3,31,2,6.116,410464994,sha256:ed881fbf1b07,2.9900,25614562,200,unknown
stagger,D,30,3,31,2,6.116,410464994,sha256:9da421ddeb65,4.5161,67778971,200,unknown
stagger,D,30,3,31,2,6.116,410464994,sha256:a793e3c6bce8,6.1050,236030458,200,unknown
stagger,D,30,3,31,2,6.116,410464994,sha256:10c3183ecaa6,0.7089,6085049,200,unknown
stagger,D,30,3,31,2,6.116,410464994,sha256:15991188a884,3.6080,25656055,200,unknown
stagger,D,30,3,31,2,6.116,410464994,sha256:5142ad1c6011,0.0618,250,200,unknown
stagger,D,30,3,32,2,6.129,410464994,sha256:299c82f5afaa,0.0458,6525,200,unknown
stagger,D,30,3,32,2,6.129,410464994,sha256:866771c43bf5,3.9360,49293124,200,unknown
stagger,D,30,3,32,2,6.129,410464994,sha256:ed881fbf1b07,3.1323,25614562,200,unknown
stagger,D,30,3,32,2,6.129,410464994,sha256:9da421ddeb65,4.6467,67778971,200,unknown
stagger,D,30,3,32,2,6.129,410464994,sha256:a793e3c6bce8,6.1169,236030458,200,unknown
stagger,D,30,3,32,2,6.129,410464994,sha256:10c3183ecaa6,0.7550,6085049,200,unknown
stagger,D,30,3,32,2,6.129,410464994,sha256:15991188a884,2.3669,25656055,200,unknown
stagger,D,30,3,32,2,6.129,410464994,sha256:5142ad1c6011,0.0912,250,200,unknown
stagger,D,30,3,33,2,6.174,410464994,sha256:299c82f5afaa,0.0545,6525,200,unknown
stagger,D,30,3,33,2,6.174,410464994,sha256:866771c43bf5,4.0413,49293124,200,unknown
stagger,D,30,3,33,2,6.174,410464994,sha256:ed881fbf1b07,2.4145,25614562,200,unknown
stagger,D,30,3,33,2,6.174,410464994,sha256:9da421ddeb65,4.5909,67778971,200,unknown
stagger,D,30,3,33,2,6.174,410464994,sha256:a793e3c6bce8,6.1624,236030458,200,unknown
stagger,D,30,3,33,2,6.174,410464994,sha256:10c3183ecaa6,1.7311,6085049,200,unknown
stagger,D,30,3,33,2,6.174,410464994,sha256:15991188a884,2.3533,25656055,200,unknown
stagger,D,30,3,33,2,6.174,410464994,sha256:5142ad1c6011,0.0925,250,200,unknown
stagger,D,30,3,34,2,6.143,410464994,sha256:299c82f5afaa,0.0560,6525,200,unknown
stagger,D,30,3,34,2,6.143,410464994,sha256:866771c43bf5,4.0923,49293124,200,unknown
stagger,D,30,3,34,2,6.143,410464994,sha256:ed881fbf1b07,2.2796,25614562,200,unknown
stagger,D,30,3,34,2,6.143,410464994,sha256:9da421ddeb65,4.5224,67778971,200,unknown
stagger,D,30,3,34,2,6.143,410464994,sha256:a793e3c6bce8,6.1305,236030458,200,unknown
stagger,D,30,3,34,2,6.143,410464994,sha256:10c3183ecaa6,0.5702,6085049,200,unknown
stagger,D,30,3,34,2,6.143,410464994,sha256:15991188a884,2.4345,25656055,200,unknown
stagger,D,30,3,34,2,6.143,410464994,sha256:5142ad1c6011,0.0637,250,200,unknown
stagger,D,30,3,35,2,6.149,410464994,sha256:299c82f5afaa,0.0797,6525,200,unknown
stagger,D,30,3,35,2,6.149,410464994,sha256:866771c43bf5,3.9952,49293124,200,unknown
stagger,D,30,3,35,2,6.149,410464994,sha256:ed881fbf1b07,2.3474,25614562,200,unknown
stagger,D,30,3,35,2,6.149,410464994,sha256:9da421ddeb65,4.5591,67778971,200,unknown
stagger,D,30,3,35,2,6.149,410464994,sha256:a793e3c6bce8,6.1358,236030458,200,unknown
stagger,D,30,3,35,2,6.149,410464994,sha256:10c3183ecaa6,0.5869,6085049,200,unknown
stagger,D,30,3,35,2,6.149,410464994,sha256:15991188a884,3.6623,25656055,200,unknown
stagger,D,30,3,35,2,6.149,410464994,sha256:5142ad1c6011,0.0892,250,200,unknown
stagger,D,30,3,36,2,6.172,410464994,sha256:299c82f5afaa,0.0822,6525,200,unknown
stagger,D,30,3,36,2,6.172,410464994,sha256:866771c43bf5,4.1109,49293124,200,unknown
stagger,D,30,3,36,2,6.172,410464994,sha256:ed881fbf1b07,3.4567,25614562,200,unknown
stagger,D,30,3,36,2,6.172,410464994,sha256:9da421ddeb65,4.7576,67778971,200,unknown
stagger,D,30,3,36,2,6.172,410464994,sha256:a793e3c6bce8,6.1578,236030458,200,unknown
stagger,D,30,3,36,2,6.172,410464994,sha256:10c3183ecaa6,0.6321,6085049,200,unknown
stagger,D,30,3,36,2,6.172,410464994,sha256:15991188a884,2.2118,25656055,200,unknown
stagger,D,30,3,36,2,6.172,410464994,sha256:5142ad1c6011,0.0466,250,200,unknown
stagger,D,30,3,37,2,6.174,410464994,sha256:299c82f5afaa,0.0569,6525,200,unknown
stagger,D,30,3,37,2,6.174,410464994,sha256:866771c43bf5,3.8840,49293124,200,unknown
stagger,D,30,3,37,2,6.174,410464994,sha256:ed881fbf1b07,2.3489,25614562,200,unknown
stagger,D,30,3,37,2,6.174,410464994,sha256:9da421ddeb65,4.5417,67778971,200,unknown
stagger,D,30,3,37,2,6.174,410464994,sha256:a793e3c6bce8,6.1589,236030458,200,unknown
stagger,D,30,3,37,2,6.174,410464994,sha256:10c3183ecaa6,0.6149,6085049,200,unknown
stagger,D,30,3,37,2,6.174,410464994,sha256:15991188a884,2.3304,25656055,200,unknown
stagger,D,30,3,37,2,6.174,410464994,sha256:5142ad1c6011,0.0606,250,200,unknown
stagger,D,30,3,38,2,6.141,410464994,sha256:299c82f5afaa,0.0723,6525,200,unknown
stagger,D,30,3,38,2,6.141,410464994,sha256:866771c43bf5,3.9890,49293124,200,unknown
stagger,D,30,3,38,2,6.141,410464994,sha256:ed881fbf1b07,2.4614,25614562,200,unknown
stagger,D,30,3,38,2,6.141,410464994,sha256:9da421ddeb65,4.5484,67778971,200,unknown
stagger,D,30,3,38,2,6.141,410464994,sha256:a793e3c6bce8,6.1241,236030458,200,unknown
stagger,D,30,3,38,2,6.141,410464994,sha256:10c3183ecaa6,0.7668,6085049,200,unknown
stagger,D,30,3,38,2,6.141,410464994,sha256:15991188a884,2.8773,25656055,200,unknown
stagger,D,30,3,38,2,6.141,410464994,sha256:5142ad1c6011,0.0479,250,200,unknown
stagger,D,30,3,39,2,6.173,410464994,sha256:299c82f5afaa,0.0853,6525,200,unknown
stagger,D,30,3,39,2,6.173,410464994,sha256:866771c43bf5,4.0428,49293124,200,unknown
stagger,D,30,3,39,2,6.173,410464994,sha256:ed881fbf1b07,2.2784,25614562,200,unknown
stagger,D,30,3,39,2,6.173,410464994,sha256:9da421ddeb65,4.5412,67778971,200,unknown
stagger,D,30,3,39,2,6.173,410464994,sha256:a793e3c6bce8,6.1563,236030458,200,unknown
stagger,D,30,3,39,2,6.173,410464994,sha256:10c3183ecaa6,0.7174,6085049,200,unknown
stagger,D,30,3,39,2,6.173,410464994,sha256:15991188a884,2.2658,25656055,200,unknown
stagger,D,30,3,39,2,6.173,410464994,sha256:5142ad1c6011,0.0516,250,200,unknown
stagger,D,30,3,40,2,6.143,410464994,sha256:299c82f5afaa,0.0798,6525,200,unknown
stagger,D,30,3,40,2,6.143,410464994,sha256:866771c43bf5,4.0324,49293124,200,unknown
stagger,D,30,3,40,2,6.143,410464994,sha256:ed881fbf1b07,2.2832,25614562,200,unknown
stagger,D,30,3,40,2,6.143,410464994,sha256:9da421ddeb65,4.7843,67778971,200,unknown
stagger,D,30,3,40,2,6.143,410464994,sha256:a793e3c6bce8,6.1234,236030458,200,unknown
stagger,D,30,3,40,2,6.143,410464994,sha256:10c3183ecaa6,0.5833,6085049,200,unknown
stagger,D,30,3,40,2,6.143,410464994,sha256:15991188a884,2.4482,25656055,200,unknown
stagger,D,30,3,40,2,6.143,410464994,sha256:5142ad1c6011,0.0615,250,200,unknown
stagger,D,30,3,41,2,6.123,410464994,sha256:299c82f5afaa,0.0504,6525,200,unknown
stagger,D,30,3,41,2,6.123,410464994,sha256:866771c43bf5,4.0101,49293124,200,unknown
stagger,D,30,3,41,2,6.123,410464994,sha256:ed881fbf1b07,2.3579,25614562,200,unknown
stagger,D,30,3,41,2,6.123,410464994,sha256:9da421ddeb65,4.5263,67778971,200,unknown
stagger,D,30,3,41,2,6.123,410464994,sha256:a793e3c6bce8,6.1013,236030458,200,unknown
stagger,D,30,3,41,2,6.123,410464994,sha256:10c3183ecaa6,1.6022,6085049,200,unknown
stagger,D,30,3,41,2,6.123,410464994,sha256:15991188a884,2.4656,25656055,200,unknown
stagger,D,30,3,41,2,6.123,410464994,sha256:5142ad1c6011,0.0681,250,200,unknown
stagger,D,30,3,42,2,6.137,410464994,sha256:299c82f5afaa,0.0602,6525,200,unknown
stagger,D,30,3,42,2,6.137,410464994,sha256:866771c43bf5,4.0243,49293124,200,unknown
stagger,D,30,3,42,2,6.137,410464994,sha256:ed881fbf1b07,3.9824,25614562,200,unknown
stagger,D,30,3,42,2,6.137,410464994,sha256:9da421ddeb65,4.5693,67778971,200,unknown
stagger,D,30,3,42,2,6.137,410464994,sha256:a793e3c6bce8,6.1153,236030458,200,unknown
stagger,D,30,3,42,2,6.137,410464994,sha256:10c3183ecaa6,0.6861,6085049,200,unknown
stagger,D,30,3,42,2,6.137,410464994,sha256:15991188a884,4.5930,25656055,200,unknown
stagger,D,30,3,42,2,6.137,410464994,sha256:5142ad1c6011,0.0677,250,200,unknown
stagger,D,30,3,43,2,6.131,410464994,sha256:299c82f5afaa,0.0661,6525,200,unknown
stagger,D,30,3,43,2,6.131,410464994,sha256:866771c43bf5,4.6415,49293124,200,unknown
stagger,D,30,3,43,2,6.131,410464994,sha256:ed881fbf1b07,2.4510,25614562,200,unknown
stagger,D,30,3,43,2,6.131,410464994,sha256:9da421ddeb65,4.5538,67778971,200,unknown
stagger,D,30,3,43,2,6.131,410464994,sha256:a793e3c6bce8,6.1081,236030458,200,unknown
stagger,D,30,3,43,2,6.131,410464994,sha256:10c3183ecaa6,0.6631,6085049,200,unknown
stagger,D,30,3,43,2,6.131,410464994,sha256:15991188a884,2.4018,25656055,200,unknown
stagger,D,30,3,43,2,6.131,410464994,sha256:5142ad1c6011,0.0694,250,200,unknown
stagger,D,30,3,44,2,6.134,410464994,sha256:299c82f5afaa,0.0689,6525,200,unknown
stagger,D,30,3,44,2,6.134,410464994,sha256:866771c43bf5,3.9803,49293124,200,unknown
stagger,D,30,3,44,2,6.134,410464994,sha256:ed881fbf1b07,2.4227,25614562,200,unknown
stagger,D,30,3,44,2,6.134,410464994,sha256:9da421ddeb65,4.6018,67778971,200,unknown
stagger,D,30,3,44,2,6.134,410464994,sha256:a793e3c6bce8,6.1097,236030458,200,unknown
stagger,D,30,3,44,2,6.134,410464994,sha256:10c3183ecaa6,2.8909,6085049,200,unknown
stagger,D,30,3,44,2,6.134,410464994,sha256:15991188a884,2.3699,25656055,200,unknown
stagger,D,30,3,44,2,6.134,410464994,sha256:5142ad1c6011,0.0694,250,200,unknown
stagger,D,30,3,45,2,6.144,410464994,sha256:299c82f5afaa,0.0529,6525,200,unknown
stagger,D,30,3,45,2,6.144,410464994,sha256:866771c43bf5,3.9071,49293124,200,unknown
stagger,D,30,3,45,2,6.144,410464994,sha256:ed881fbf1b07,2.4665,25614562,200,unknown
stagger,D,30,3,45,2,6.144,410464994,sha256:9da421ddeb65,4.6172,67778971,200,unknown
stagger,D,30,3,45,2,6.144,410464994,sha256:a793e3c6bce8,6.1197,236030458,200,unknown
stagger,D,30,3,45,2,6.144,410464994,sha256:10c3183ecaa6,0.5638,6085049,200,unknown
stagger,D,30,3,45,2,6.144,410464994,sha256:15991188a884,4.1750,25656055,200,unknown
stagger,D,30,3,45,2,6.144,410464994,sha256:5142ad1c6011,0.0706,250,200,unknown
stagger,D,30,3,46,2,6.134,410464994,sha256:299c82f5afaa,0.0562,6525,200,unknown
stagger,D,30,3,46,2,6.134,410464994,sha256:866771c43bf5,4.4832,49293124,200,unknown
stagger,D,30,3,46,2,6.134,410464994,sha256:ed881fbf1b07,2.3265,25614562,200,unknown
stagger,D,30,3,46,2,6.134,410464994,sha256:9da421ddeb65,5.3621,67778971,200,unknown
stagger,D,30,3,46,2,6.134,410464994,sha256:a793e3c6bce8,6.1075,236030458,200,unknown
stagger,D,30,3,46,2,6.134,410464994,sha256:10c3183ecaa6,1.4716,6085049,200,unknown
stagger,D,30,3,46,2,6.134,410464994,sha256:15991188a884,2.8944,25656055,200,unknown
stagger,D,30,3,46,2,6.134,410464994,sha256:5142ad1c6011,0.0736,250,200,unknown
stagger,D,30,3,47,2,6.147,410464994,sha256:299c82f5afaa,0.0735,6525,200,unknown
stagger,D,30,3,47,2,6.147,410464994,sha256:866771c43bf5,4.5015,49293124,200,unknown
stagger,D,30,3,47,2,6.147,410464994,sha256:ed881fbf1b07,2.3846,25614562,200,unknown
stagger,D,30,3,47,2,6.147,410464994,sha256:9da421ddeb65,5.1779,67778971,200,unknown
stagger,D,30,3,47,2,6.147,410464994,sha256:a793e3c6bce8,6.1205,236030458,200,unknown
stagger,D,30,3,47,2,6.147,410464994,sha256:10c3183ecaa6,0.6421,6085049,200,unknown
stagger,D,30,3,47,2,6.147,410464994,sha256:15991188a884,2.3744,25656055,200,unknown
stagger,D,30,3,47,2,6.147,410464994,sha256:5142ad1c6011,0.0584,250,200,unknown
stagger,D,30,3,48,2,6.162,410464994,sha256:299c82f5afaa,0.0570,6525,200,unknown
stagger,D,30,3,48,2,6.162,410464994,sha256:866771c43bf5,3.9907,49293124,200,unknown
stagger,D,30,3,48,2,6.162,410464994,sha256:ed881fbf1b07,2.3898,25614562,200,unknown
stagger,D,30,3,48,2,6.162,410464994,sha256:9da421ddeb65,4.5269,67778971,200,unknown
stagger,D,30,3,48,2,6.162,410464994,sha256:a793e3c6bce8,6.1351,236030458,200,unknown
stagger,D,30,3,48,2,6.162,410464994,sha256:10c3183ecaa6,0.6521,6085049,200,unknown
stagger,D,30,3,48,2,6.162,410464994,sha256:15991188a884,2.3908,25656055,200,unknown
stagger,D,30,3,48,2,6.162,410464994,sha256:5142ad1c6011,0.0578,250,200,unknown
stagger,D,30,3,49,2,6.132,410464994,sha256:299c82f5afaa,0.0577,6525,200,unknown
stagger,D,30,3,49,2,6.132,410464994,sha256:866771c43bf5,4.0136,49293124,200,unknown
stagger,D,30,3,49,2,6.132,410464994,sha256:ed881fbf1b07,4.2094,25614562,200,unknown
stagger,D,30,3,49,2,6.132,410464994,sha256:9da421ddeb65,4.6935,67778971,200,unknown
stagger,D,30,3,49,2,6.132,410464994,sha256:a793e3c6bce8,6.1029,236030458,200,unknown
stagger,D,30,3,49,2,6.132,410464994,sha256:10c3183ecaa6,0.7544,6085049,200,unknown
stagger,D,30,3,49,2,6.132,410464994,sha256:15991188a884,2.3189,25656055,200,unknown
stagger,D,30,3,49,2,6.132,410464994,sha256:5142ad1c6011,0.0730,250,200,unknown
stagger,E,45,1,0,1,34.397,410464994,sha256:299c82f5afaa,0.0868,6525,200,unknown
stagger,E,45,1,0,1,34.397,410464994,sha256:866771c43bf5,17.1833,49293124,200,unknown
stagger,E,45,1,0,1,34.397,410464994,sha256:ed881fbf1b07,13.6956,25614562,200,unknown
stagger,E,45,1,0,1,34.397,410464994,sha256:9da421ddeb65,17.6298,67778971,200,unknown
stagger,E,45,1,0,1,34.397,410464994,sha256:a793e3c6bce8,34.3926,236030458,200,unknown
stagger,E,45,1,0,1,34.397,410464994,sha256:10c3183ecaa6,2.5417,6085049,200,unknown
stagger,E,45,1,0,1,34.397,410464994,sha256:15991188a884,11.9581,25656055,200,unknown
stagger,E,45,1,0,1,34.397,410464994,sha256:5142ad1c6011,0.0968,250,200,unknown
stagger,E,45,1,1,1,34.397,410464994,sha256:299c82f5afaa,0.0808,6525,200,unknown
stagger,E,45,1,1,1,34.397,410464994,sha256:866771c43bf5,17.1793,49293124,200,unknown
stagger,E,45,1,1,1,34.397,410464994,sha256:ed881fbf1b07,13.6917,25614562,200,unknown
stagger,E,45,1,1,1,34.397,410464994,sha256:9da421ddeb65,17.6262,67778971,200,unknown
stagger,E,45,1,1,1,34.397,410464994,sha256:a793e3c6bce8,34.3897,236030458,200,unknown
stagger,E,45,1,1,1,34.397,410464994,sha256:10c3183ecaa6,2.5378,6085049,200,unknown
stagger,E,45,1,1,1,34.397,410464994,sha256:15991188a884,11.9544,25656055,200,unknown
stagger,E,45,1,1,1,34.397,410464994,sha256:5142ad1c6011,0.0949,250,200,unknown
stagger,E,45,1,2,1,34.396,410464994,sha256:299c82f5afaa,0.0825,6525,200,unknown
stagger,E,45,1,2,1,34.396,410464994,sha256:866771c43bf5,17.1766,49293124,200,unknown
stagger,E,45,1,2,1,34.396,410464994,sha256:ed881fbf1b07,13.6905,25614562,200,unknown
stagger,E,45,1,2,1,34.396,410464994,sha256:9da421ddeb65,17.6236,67778971,200,unknown
stagger,E,45,1,2,1,34.396,410464994,sha256:a793e3c6bce8,34.3868,236030458,200,unknown
stagger,E,45,1,2,1,34.396,410464994,sha256:10c3183ecaa6,2.5360,6085049,200,unknown
stagger,E,45,1,2,1,34.396,410464994,sha256:15991188a884,11.9521,25656055,200,unknown
stagger,E,45,1,2,1,34.396,410464994,sha256:5142ad1c6011,0.0922,250,200,unknown
stagger,E,45,1,3,1,34.396,410464994,sha256:299c82f5afaa,0.0799,6525,200,unknown
stagger,E,45,1,3,1,34.396,410464994,sha256:866771c43bf5,17.1747,49293124,200,unknown
stagger,E,45,1,3,1,34.396,410464994,sha256:ed881fbf1b07,13.6872,25614562,200,unknown
stagger,E,45,1,3,1,34.396,410464994,sha256:9da421ddeb65,17.6213,67778971,200,unknown
stagger,E,45,1,3,1,34.396,410464994,sha256:a793e3c6bce8,34.3851,236030458,200,unknown
stagger,E,45,1,3,1,34.396,410464994,sha256:10c3183ecaa6,2.5337,6085049,200,unknown
stagger,E,45,1,3,1,34.396,410464994,sha256:15991188a884,11.9500,25656055,200,unknown
stagger,E,45,1,3,1,34.396,410464994,sha256:5142ad1c6011,0.0896,250,200,unknown
stagger,E,45,1,4,1,34.396,410464994,sha256:299c82f5afaa,0.0785,6525,200,unknown
stagger,E,45,1,4,1,34.396,410464994,sha256:866771c43bf5,17.1731,49293124,200,unknown
stagger,E,45,1,4,1,34.396,410464994,sha256:ed881fbf1b07,13.6867,25614562,200,unknown
stagger,E,45,1,4,1,34.396,410464994,sha256:9da421ddeb65,17.6202,67778971,200,unknown
stagger,E,45,1,4,1,34.396,410464994,sha256:a793e3c6bce8,34.3830,236030458,200,unknown
stagger,E,45,1,4,1,34.396,410464994,sha256:10c3183ecaa6,2.5322,6085049,200,unknown
stagger,E,45,1,4,1,34.396,410464994,sha256:15991188a884,11.9486,25656055,200,unknown
stagger,E,45,1,4,1,34.396,410464994,sha256:5142ad1c6011,0.0880,250,200,unknown
stagger,E,45,1,5,1,34.396,410464994,sha256:299c82f5afaa,0.0749,6525,200,unknown
stagger,E,45,1,5,1,34.396,410464994,sha256:866771c43bf5,17.1708,49293124,200,unknown
stagger,E,45,1,5,1,34.396,410464994,sha256:ed881fbf1b07,13.6836,25614562,200,unknown
stagger,E,45,1,5,1,34.396,410464994,sha256:9da421ddeb65,17.6181,67778971,200,unknown
stagger,E,45,1,5,1,34.396,410464994,sha256:a793e3c6bce8,34.3806,236030458,200,unknown
stagger,E,45,1,5,1,34.396,410464994,sha256:10c3183ecaa6,2.5299,6085049,200,unknown
stagger,E,45,1,5,1,34.396,410464994,sha256:15991188a884,11.9452,25656055,200,unknown
stagger,E,45,1,5,1,34.396,410464994,sha256:5142ad1c6011,0.0849,250,200,unknown
stagger,E,45,1,6,1,34.396,410464994,sha256:299c82f5afaa,0.0705,6525,200,unknown
stagger,E,45,1,6,1,34.396,410464994,sha256:866771c43bf5,17.1689,49293124,200,unknown
stagger,E,45,1,6,1,34.396,410464994,sha256:ed881fbf1b07,13.6815,25614562,200,unknown
stagger,E,45,1,6,1,34.396,410464994,sha256:9da421ddeb65,17.6144,67778971,200,unknown
stagger,E,45,1,6,1,34.396,410464994,sha256:a793e3c6bce8,34.3784,236030458,200,unknown
stagger,E,45,1,6,1,34.396,410464994,sha256:10c3183ecaa6,2.5264,6085049,200,unknown
stagger,E,45,1,6,1,34.396,410464994,sha256:15991188a884,11.9429,25656055,200,unknown
stagger,E,45,1,6,1,34.396,410464994,sha256:5142ad1c6011,0.0831,250,200,unknown
stagger,E,45,1,7,1,34.396,410464994,sha256:299c82f5afaa,0.0682,6525,200,unknown
stagger,E,45,1,7,1,34.396,410464994,sha256:866771c43bf5,17.1662,49293124,200,unknown
stagger,E,45,1,7,1,34.396,410464994,sha256:ed881fbf1b07,13.6793,25614562,200,unknown
stagger,E,45,1,7,1,34.396,410464994,sha256:9da421ddeb65,17.6122,67778971,200,unknown
stagger,E,45,1,7,1,34.396,410464994,sha256:a793e3c6bce8,34.3761,236030458,200,unknown
stagger,E,45,1,7,1,34.396,410464994,sha256:10c3183ecaa6,2.5242,6085049,200,unknown
stagger,E,45,1,7,1,34.396,410464994,sha256:15991188a884,11.9408,25656055,200,unknown
stagger,E,45,1,7,1,34.396,410464994,sha256:5142ad1c6011,0.0806,250,200,unknown
stagger,E,45,1,8,1,34.396,410464994,sha256:299c82f5afaa,0.0663,6525,200,unknown
stagger,E,45,1,8,1,34.396,410464994,sha256:866771c43bf5,17.1636,49293124,200,unknown
stagger,E,45,1,8,1,34.396,410464994,sha256:ed881fbf1b07,13.6770,25614562,200,unknown
stagger,E,45,1,8,1,34.396,410464994,sha256:9da421ddeb65,17.6105,67778971,200,unknown
stagger,E,45,1,8,1,34.396,410464994,sha256:a793e3c6bce8,34.3741,236030458,200,unknown
stagger,E,45,1,8,1,34.396,410464994,sha256:10c3183ecaa6,2.5233,6085049,200,unknown
stagger,E,45,1,8,1,34.396,410464994,sha256:15991188a884,11.9398,25656055,200,unknown
stagger,E,45,1,8,1,34.396,410464994,sha256:5142ad1c6011,0.0786,250,200,unknown
stagger,E,45,1,9,1,34.396,410464994,sha256:299c82f5afaa,0.0632,6525,200,unknown
stagger,E,45,1,9,1,34.396,410464994,sha256:866771c43bf5,17.1622,49293124,200,unknown
stagger,E,45,1,9,1,34.396,410464994,sha256:ed881fbf1b07,13.6731,25614562,200,unknown
stagger,E,45,1,9,1,34.396,410464994,sha256:9da421ddeb65,17.6083,67778971,200,unknown
stagger,E,45,1,9,1,34.396,410464994,sha256:a793e3c6bce8,34.3713,236030458,200,unknown
stagger,E,45,1,9,1,34.396,410464994,sha256:10c3183ecaa6,2.5212,6085049,200,unknown
stagger,E,45,1,9,1,34.396,410464994,sha256:15991188a884,11.9377,25656055,200,unknown
stagger,E,45,1,9,1,34.396,410464994,sha256:5142ad1c6011,0.0765,250,200,unknown
stagger,E,45,1,10,1,34.396,410464994,sha256:299c82f5afaa,0.0609,6525,200,unknown
stagger,E,45,1,10,1,34.396,410464994,sha256:866771c43bf5,17.1601,49293124,200,unknown
stagger,E,45,1,10,1,34.396,410464994,sha256:ed881fbf1b07,13.6710,25614562,200,unknown
stagger,E,45,1,10,1,34.396,410464994,sha256:9da421ddeb65,17.6039,67778971,200,unknown
stagger,E,45,1,10,1,34.396,410464994,sha256:a793e3c6bce8,34.3680,236030458,200,unknown
stagger,E,45,1,10,1,34.396,410464994,sha256:10c3183ecaa6,2.5173,6085049,200,unknown
stagger,E,45,1,10,1,34.396,410464994,sha256:15991188a884,11.9338,25656055,200,unknown
stagger,E,45,1,10,1,34.396,410464994,sha256:5142ad1c6011,0.0726,250,200,unknown
stagger,E,45,1,11,1,34.396,410464994,sha256:299c82f5afaa,0.0573,6525,200,unknown
stagger,E,45,1,11,1,34.396,410464994,sha256:866771c43bf5,17.1559,49293124,200,unknown
stagger,E,45,1,11,1,34.396,410464994,sha256:ed881fbf1b07,13.6688,25614562,200,unknown
stagger,E,45,1,11,1,34.396,410464994,sha256:9da421ddeb65,17.6018,67778971,200,unknown
stagger,E,45,1,11,1,34.396,410464994,sha256:a793e3c6bce8,34.3659,236030458,200,unknown
stagger,E,45,1,11,1,34.396,410464994,sha256:10c3183ecaa6,2.5134,6085049,200,unknown
stagger,E,45,1,11,1,34.396,410464994,sha256:15991188a884,11.9315,25656055,200,unknown
stagger,E,45,1,11,1,34.396,410464994,sha256:5142ad1c6011,0.0715,250,200,unknown
stagger,E,45,1,12,1,34.395,410464994,sha256:299c82f5afaa,0.0551,6525,200,unknown
stagger,E,45,1,12,1,34.395,410464994,sha256:866771c43bf5,17.1544,49293124,200,unknown
stagger,E,45,1,12,1,34.395,410464994,sha256:ed881fbf1b07,13.6667,25614562,200,unknown
stagger,E,45,1,12,1,34.395,410464994,sha256:9da421ddeb65,17.6008,67778971,200,unknown
stagger,E,45,1,12,1,34.395,410464994,sha256:a793e3c6bce8,34.3637,236030458,200,unknown
stagger,E,45,1,12,1,34.395,410464994,sha256:10c3183ecaa6,2.5129,6085049,200,unknown
stagger,E,45,1,12,1,34.395,410464994,sha256:15991188a884,11.9294,25656055,200,unknown
stagger,E,45,1,12,1,34.395,410464994,sha256:5142ad1c6011,0.0695,250,200,unknown
stagger,E,45,1,13,1,34.395,410464994,sha256:299c82f5afaa,0.0534,6525,200,unknown
stagger,E,45,1,13,1,34.395,410464994,sha256:866771c43bf5,17.1517,49293124,200,unknown
stagger,E,45,1,13,1,34.395,410464994,sha256:ed881fbf1b07,13.6645,25614562,200,unknown
stagger,E,45,1,13,1,34.395,410464994,sha256:9da421ddeb65,17.5971,67778971,200,unknown
stagger,E,45,1,13,1,34.395,410464994,sha256:a793e3c6bce8,34.3615,236030458,200,unknown
stagger,E,45,1,13,1,34.395,410464994,sha256:10c3183ecaa6,2.5106,6085049,200,unknown
stagger,E,45,1,13,1,34.395,410464994,sha256:15991188a884,11.9272,25656055,200,unknown
stagger,E,45,1,13,1,34.395,410464994,sha256:5142ad1c6011,0.0674,250,200,unknown
stagger,E,45,1,14,1,34.395,410464994,sha256:299c82f5afaa,0.0516,6525,200,unknown
stagger,E,45,1,14,1,34.395,410464994,sha256:866771c43bf5,17.1484,49293124,200,unknown
stagger,E,45,1,14,1,34.395,410464994,sha256:ed881fbf1b07,13.6607,25614562,200,unknown
stagger,E,45,1,14,1,34.395,410464994,sha256:9da421ddeb65,17.5957,67778971,200,unknown
stagger,E,45,1,14,1,34.395,410464994,sha256:a793e3c6bce8,34.3594,236030458,200,unknown
stagger,E,45,1,14,1,34.395,410464994,sha256:10c3183ecaa6,2.5086,6085049,200,unknown
stagger,E,45,1,14,1,34.395,410464994,sha256:15991188a884,11.9240,25656055,200,unknown
stagger,E,45,1,14,1,34.395,410464994,sha256:5142ad1c6011,0.0639,250,200,unknown
stagger,E,45,1,15,1,34.395,410464994,sha256:299c82f5afaa,0.0485,6525,200,unknown
stagger,E,45,1,15,1,34.395,410464994,sha256:866771c43bf5,17.1475,49293124,200,unknown
stagger,E,45,1,15,1,34.395,410464994,sha256:ed881fbf1b07,13.6605,25614562,200,unknown
stagger,E,45,1,15,1,34.395,410464994,sha256:9da421ddeb65,17.5945,67778971,200,unknown
stagger,E,45,1,15,1,34.395,410464994,sha256:a793e3c6bce8,34.3572,236030458,200,unknown
stagger,E,45,1,15,1,34.395,410464994,sha256:10c3183ecaa6,2.5048,6085049,200,unknown
stagger,E,45,1,15,1,34.395,410464994,sha256:15991188a884,11.9219,25656055,200,unknown
stagger,E,45,1,15,1,34.395,410464994,sha256:5142ad1c6011,0.0621,250,200,unknown
stagger,E,45,1,16,1,34.395,410464994,sha256:299c82f5afaa,0.0470,6525,200,unknown
stagger,E,45,1,16,1,34.395,410464994,sha256:866771c43bf5,17.1454,49293124,200,unknown
stagger,E,45,1,16,1,34.395,410464994,sha256:ed881fbf1b07,13.6572,25614562,200,unknown
stagger,E,45,1,16,1,34.395,410464994,sha256:9da421ddeb65,17.5917,67778971,200,unknown
stagger,E,45,1,16,1,34.395,410464994,sha256:a793e3c6bce8,34.3546,236030458,200,unknown
stagger,E,45,1,16,1,34.395,410464994,sha256:10c3183ecaa6,2.5034,6085049,200,unknown
stagger,E,45,1,16,1,34.395,410464994,sha256:15991188a884,11.9211,25656055,200,unknown
stagger,E,45,1,16,1,34.395,410464994,sha256:5142ad1c6011,0.0605,250,200,unknown
stagger,E,45,1,17,1,34.395,410464994,sha256:299c82f5afaa,0.0457,6525,200,unknown
stagger,E,45,1,17,1,34.395,410464994,sha256:866771c43bf5,17.1435,49293124,200,unknown
stagger,E,45,1,17,1,34.395,410464994,sha256:ed881fbf1b07,13.6573,25614562,200,unknown
stagger,E,45,1,17,1,34.395,410464994,sha256:9da421ddeb65,17.5911,67778971,200,unknown
stagger,E,45,1,17,1,34.395,410464994,sha256:a793e3c6bce8,34.3538,236030458,200,unknown
stagger,E,45,1,17,1,34.395,410464994,sha256:10c3183ecaa6,2.5031,6085049,200,unknown
stagger,E,45,1,17,1,34.395,410464994,sha256:15991188a884,11.9195,25656055,200,unknown
stagger,E,45,1,17,1,34.395,410464994,sha256:5142ad1c6011,0.0595,250,200,unknown
stagger,E,45,1,18,1,34.395,410464994,sha256:299c82f5afaa,0.0436,6525,200,unknown
stagger,E,45,1,18,1,34.395,410464994,sha256:866771c43bf5,17.1420,49293124,200,unknown
stagger,E,45,1,18,1,34.395,410464994,sha256:ed881fbf1b07,13.6549,25614562,200,unknown
stagger,E,45,1,18,1,34.395,410464994,sha256:9da421ddeb65,17.5893,67778971,200,unknown
stagger,E,45,1,18,1,34.395,410464994,sha256:a793e3c6bce8,34.3523,236030458,200,unknown
stagger,E,45,1,18,1,34.395,410464994,sha256:10c3183ecaa6,2.5002,6085049,200,unknown
stagger,E,45,1,18,1,34.395,410464994,sha256:15991188a884,11.9181,25656055,200,unknown
stagger,E,45,1,18,1,34.395,410464994,sha256:5142ad1c6011,0.0581,250,200,unknown
stagger,E,45,1,19,1,34.395,410464994,sha256:299c82f5afaa,0.0424,6525,200,unknown
stagger,E,45,1,19,1,34.395,410464994,sha256:866771c43bf5,17.1405,49293124,200,unknown
stagger,E,45,1,19,1,34.395,410464994,sha256:ed881fbf1b07,13.6535,25614562,200,unknown
stagger,E,45,1,19,1,34.395,410464994,sha256:9da421ddeb65,17.5879,67778971,200,unknown
stagger,E,45,1,19,1,34.395,410464994,sha256:a793e3c6bce8,34.3507,236030458,200,unknown
stagger,E,45,1,19,1,34.395,410464994,sha256:10c3183ecaa6,2.4987,6085049,200,unknown
stagger,E,45,1,19,1,34.395,410464994,sha256:15991188a884,11.9166,25656055,200,unknown
stagger,E,45,1,19,1,34.395,410464994,sha256:5142ad1c6011,0.0557,250,200,unknown
stagger,E,45,1,20,1,34.395,410464994,sha256:299c82f5afaa,0.0406,6525,200,unknown
stagger,E,45,1,20,1,34.395,410464994,sha256:866771c43bf5,17.1389,49293124,200,unknown
stagger,E,45,1,20,1,34.395,410464994,sha256:ed881fbf1b07,13.6519,25614562,200,unknown
stagger,E,45,1,20,1,34.395,410464994,sha256:9da421ddeb65,17.5863,67778971,200,unknown
stagger,E,45,1,20,1,34.395,410464994,sha256:a793e3c6bce8,34.3491,236030458,200,unknown
stagger,E,45,1,20,1,34.395,410464994,sha256:10c3183ecaa6,2.4976,6085049,200,unknown
stagger,E,45,1,20,1,34.395,410464994,sha256:15991188a884,11.9149,25656055,200,unknown
stagger,E,45,1,20,1,34.395,410464994,sha256:5142ad1c6011,0.0562,250,200,unknown
stagger,E,45,1,21,1,34.395,410464994,sha256:299c82f5afaa,0.0389,6525,200,unknown
stagger,E,45,1,21,1,34.395,410464994,sha256:866771c43bf5,17.1379,49293124,200,unknown
stagger,E,45,1,21,1,34.395,410464994,sha256:ed881fbf1b07,13.6505,25614562,200,unknown
stagger,E,45,1,21,1,34.395,410464994,sha256:9da421ddeb65,17.5847,67778971,200,unknown
stagger,E,45,1,21,1,34.395,410464994,sha256:a793e3c6bce8,34.3468,236030458,200,unknown
stagger,E,45,1,21,1,34.395,410464994,sha256:10c3183ecaa6,2.4961,6085049,200,unknown
stagger,E,45,1,21,1,34.395,410464994,sha256:15991188a884,11.9134,25656055,200,unknown
stagger,E,45,1,21,1,34.395,410464994,sha256:5142ad1c6011,0.0525,250,200,unknown
stagger,E,45,1,22,1,34.394,410464994,sha256:299c82f5afaa,0.0374,6525,200,unknown
stagger,E,45,1,22,1,34.394,410464994,sha256:866771c43bf5,17.1358,49293124,200,unknown
stagger,E,45,1,22,1,34.394,410464994,sha256:ed881fbf1b07,13.6469,25614562,200,unknown
stagger,E,45,1,22,1,34.394,410464994,sha256:9da421ddeb65,17.5818,67778971,200,unknown
stagger,E,45,1,22,1,34.394,410464994,sha256:a793e3c6bce8,34.3450,236030458,200,unknown
stagger,E,45,1,22,1,34.394,410464994,sha256:10c3183ecaa6,2.4927,6085049,200,unknown
stagger,E,45,1,22,1,34.394,410464994,sha256:15991188a884,11.9106,25656055,200,unknown
stagger,E,45,1,22,1,34.394,410464994,sha256:5142ad1c6011,0.0497,250,200,unknown
stagger,E,45,1,23,1,34.395,410464994,sha256:299c82f5afaa,0.0375,6525,200,unknown
stagger,E,45,1,23,1,34.395,410464994,sha256:866771c43bf5,17.1330,49293124,200,unknown
stagger,E,45,1,23,1,34.395,410464994,sha256:ed881fbf1b07,13.6467,25614562,200,unknown
stagger,E,45,1,23,1,34.395,410464994,sha256:9da421ddeb65,17.5804,67778971,200,unknown
stagger,E,45,1,23,1,34.395,410464994,sha256:a793e3c6bce8,34.3432,236030458,200,unknown
stagger,E,45,1,23,1,34.395,410464994,sha256:10c3183ecaa6,2.4925,6085049,200,unknown
stagger,E,45,1,23,1,34.395,410464994,sha256:15991188a884,11.9091,25656055,200,unknown
stagger,E,45,1,23,1,34.395,410464994,sha256:5142ad1c6011,0.0492,250,200,unknown
stagger,E,45,1,24,1,34.394,410464994,sha256:299c82f5afaa,0.0336,6525,200,unknown
stagger,E,45,1,24,1,34.394,410464994,sha256:866771c43bf5,17.1316,49293124,200,unknown
stagger,E,45,1,24,1,34.394,410464994,sha256:ed881fbf1b07,13.6449,25614562,200,unknown
stagger,E,45,1,24,1,34.394,410464994,sha256:9da421ddeb65,17.5779,67778971,200,unknown
stagger,E,45,1,24,1,34.394,410464994,sha256:a793e3c6bce8,34.3419,236030458,200,unknown
stagger,E,45,1,24,1,34.394,410464994,sha256:10c3183ecaa6,2.4915,6085049,200,unknown
stagger,E,45,1,24,1,34.394,410464994,sha256:15991188a884,11.9069,25656055,200,unknown
stagger,E,45,1,24,1,34.394,410464994,sha256:5142ad1c6011,0.0474,250,200,unknown
stagger,E,45,1,25,2,4.561,410464994,sha256:299c82f5afaa,0.0918,6525,200,unknown
stagger,E,45,1,25,2,4.561,410464994,sha256:866771c43bf5,2.6190,49293124,200,unknown
stagger,E,45,1,25,2,4.561,410464994,sha256:ed881fbf1b07,1.8834,25614562,200,unknown
stagger,E,45,1,25,2,4.561,410464994,sha256:9da421ddeb65,2.9529,67778971,200,unknown
stagger,E,45,1,25,2,4.561,410464994,sha256:a793e3c6bce8,4.5574,236030458,200,unknown
stagger,E,45,1,25,2,4.561,410464994,sha256:10c3183ecaa6,0.6695,6085049,200,unknown
stagger,E,45,1,25,2,4.561,410464994,sha256:15991188a884,1.9074,25656055,200,unknown
stagger,E,45,1,25,2,4.561,410464994,sha256:5142ad1c6011,0.1701,250,200,unknown
stagger,E,45,1,26,2,4.564,410464994,sha256:299c82f5afaa,0.1692,6525,200,unknown
stagger,E,45,1,26,2,4.564,410464994,sha256:866771c43bf5,2.5899,49293124,200,unknown
stagger,E,45,1,26,2,4.564,410464994,sha256:ed881fbf1b07,1.9307,25614562,200,unknown
stagger,E,45,1,26,2,4.564,410464994,sha256:9da421ddeb65,2.9599,67778971,200,unknown
stagger,E,45,1,26,2,4.564,410464994,sha256:a793e3c6bce8,4.5579,236030458,200,unknown
stagger,E,45,1,26,2,4.564,410464994,sha256:10c3183ecaa6,0.6671,6085049,200,unknown
stagger,E,45,1,26,2,4.564,410464994,sha256:15991188a884,1.9300,25656055,200,unknown
stagger,E,45,1,26,2,4.564,410464994,sha256:5142ad1c6011,0.1666,250,200,unknown
stagger,E,45,1,27,2,4.562,410464994,sha256:299c82f5afaa,0.1667,6525,200,unknown
stagger,E,45,1,27,2,4.562,410464994,sha256:866771c43bf5,2.6094,49293124,200,unknown
stagger,E,45,1,27,2,4.562,410464994,sha256:ed881fbf1b07,1.9027,25614562,200,unknown
stagger,E,45,1,27,2,4.562,410464994,sha256:9da421ddeb65,2.9587,67778971,200,unknown
stagger,E,45,1,27,2,4.562,410464994,sha256:a793e3c6bce8,4.5514,236030458,200,unknown
stagger,E,45,1,27,2,4.562,410464994,sha256:10c3183ecaa6,0.6711,6085049,200,unknown
stagger,E,45,1,27,2,4.562,410464994,sha256:15991188a884,1.9011,25656055,200,unknown
stagger,E,45,1,27,2,4.562,410464994,sha256:5142ad1c6011,0.1631,250,200,unknown
stagger,E,45,1,28,2,4.563,410464994,sha256:299c82f5afaa,0.1628,6525,200,unknown
stagger,E,45,1,28,2,4.563,410464994,sha256:866771c43bf5,2.6094,49293124,200,unknown
stagger,E,45,1,28,2,4.563,410464994,sha256:ed881fbf1b07,1.8743,25614562,200,unknown
stagger,E,45,1,28,2,4.563,410464994,sha256:9da421ddeb65,2.9545,67778971,200,unknown
stagger,E,45,1,28,2,4.563,410464994,sha256:a793e3c6bce8,4.5500,236030458,200,unknown
stagger,E,45,1,28,2,4.563,410464994,sha256:10c3183ecaa6,0.6687,6085049,200,unknown
stagger,E,45,1,28,2,4.563,410464994,sha256:15991188a884,1.9220,25656055,200,unknown
stagger,E,45,1,28,2,4.563,410464994,sha256:5142ad1c6011,0.1607,250,200,unknown
stagger,E,45,1,29,2,4.563,410464994,sha256:299c82f5afaa,0.1607,6525,200,unknown
stagger,E,45,1,29,2,4.563,410464994,sha256:866771c43bf5,2.6039,49293124,200,unknown
stagger,E,45,1,29,2,4.563,410464994,sha256:ed881fbf1b07,1.9210,25614562,200,unknown
stagger,E,45,1,29,2,4.563,410464994,sha256:9da421ddeb65,2.9526,67778971,200,unknown
stagger,E,45,1,29,2,4.563,410464994,sha256:a793e3c6bce8,4.5465,236030458,200,unknown
stagger,E,45,1,29,2,4.563,410464994,sha256:10c3183ecaa6,0.6654,6085049,200,unknown
stagger,E,45,1,29,2,4.563,410464994,sha256:15991188a884,1.9136,25656055,200,unknown
stagger,E,45,1,29,2,4.563,410464994,sha256:5142ad1c6011,0.1562,250,200,unknown
stagger,E,45,1,30,2,4.560,410464994,sha256:299c82f5afaa,0.1360,6525,200,unknown
stagger,E,45,1,30,2,4.560,410464994,sha256:866771c43bf5,2.6007,49293124,200,unknown
stagger,E,45,1,30,2,4.560,410464994,sha256:ed881fbf1b07,2.1133,25614562,200,unknown
stagger,E,45,1,30,2,4.560,410464994,sha256:9da421ddeb65,2.9448,67778971,200,unknown
stagger,E,45,1,30,2,4.560,410464994,sha256:a793e3c6bce8,4.5391,236030458,200,unknown
stagger,E,45,1,30,2,4.560,410464994,sha256:10c3183ecaa6,0.6537,6085049,200,unknown
stagger,E,45,1,30,2,4.560,410464994,sha256:15991188a884,1.9103,25656055,200,unknown
stagger,E,45,1,30,2,4.560,410464994,sha256:5142ad1c6011,0.1529,250,200,unknown
stagger,E,45,1,31,2,4.560,410464994,sha256:299c82f5afaa,0.1316,6525,200,unknown
stagger,E,45,1,31,2,4.560,410464994,sha256:866771c43bf5,2.5973,49293124,200,unknown
stagger,E,45,1,31,2,4.560,410464994,sha256:ed881fbf1b07,1.9950,25614562,200,unknown
stagger,E,45,1,31,2,4.560,410464994,sha256:9da421ddeb65,2.9452,67778971,200,unknown
stagger,E,45,1,31,2,4.560,410464994,sha256:a793e3c6bce8,4.5363,236030458,200,unknown
stagger,E,45,1,31,2,4.560,410464994,sha256:10c3183ecaa6,0.6505,6085049,200,unknown
stagger,E,45,1,31,2,4.560,410464994,sha256:15991188a884,1.8638,25656055,200,unknown
stagger,E,45,1,31,2,4.560,410464994,sha256:5142ad1c6011,0.1498,250,200,unknown
stagger,E,45,1,32,2,4.561,410464994,sha256:299c82f5afaa,0.1310,6525,200,unknown
stagger,E,45,1,32,2,4.561,410464994,sha256:866771c43bf5,2.7502,49293124,200,unknown
stagger,E,45,1,32,2,4.561,410464994,sha256:ed881fbf1b07,2.0179,25614562,200,unknown
stagger,E,45,1,32,2,4.561,410464994,sha256:9da421ddeb65,2.9316,67778971,200,unknown
stagger,E,45,1,32,2,4.561,410464994,sha256:a793e3c6bce8,4.5361,236030458,200,unknown
stagger,E,45,1,32,2,4.561,410464994,sha256:10c3183ecaa6,0.6214,6085049,200,unknown
stagger,E,45,1,32,2,4.561,410464994,sha256:15991188a884,2.1771,25656055,200,unknown
stagger,E,45,1,32,2,4.561,410464994,sha256:5142ad1c6011,0.0685,250,200,unknown
stagger,E,45,1,33,2,4.560,410464994,sha256:299c82f5afaa,0.1473,6525,200,unknown
stagger,E,45,1,33,2,4.560,410464994,sha256:866771c43bf5,2.5749,49293124,200,unknown
stagger,E,45,1,33,2,4.560,410464994,sha256:ed881fbf1b07,1.8846,25614562,200,unknown
stagger,E,45,1,33,2,4.560,410464994,sha256:9da421ddeb65,2.9342,67778971,200,unknown
stagger,E,45,1,33,2,4.560,410464994,sha256:a793e3c6bce8,4.5321,236030458,200,unknown
stagger,E,45,1,33,2,4.560,410464994,sha256:10c3183ecaa6,0.6287,6085049,200,unknown
stagger,E,45,1,33,2,4.560,410464994,sha256:15991188a884,1.8902,25656055,200,unknown
stagger,E,45,1,33,2,4.560,410464994,sha256:5142ad1c6011,0.1263,250,200,unknown
stagger,E,45,1,34,2,4.564,410464994,sha256:299c82f5afaa,0.1236,6525,200,unknown
stagger,E,45,1,34,2,4.564,410464994,sha256:866771c43bf5,2.5887,49293124,200,unknown
stagger,E,45,1,34,2,4.564,410464994,sha256:ed881fbf1b07,2.4054,25614562,200,unknown
stagger,E,45,1,34,2,4.564,410464994,sha256:9da421ddeb65,2.9382,67778971,200,unknown
stagger,E,45,1,34,2,4.564,410464994,sha256:a793e3c6bce8,4.5337,236030458,200,unknown
stagger,E,45,1,34,2,4.564,410464994,sha256:10c3183ecaa6,0.6632,6085049,200,unknown
stagger,E,45,1,34,2,4.564,410464994,sha256:15991188a884,1.8799,25656055,200,unknown
stagger,E,45,1,34,2,4.564,410464994,sha256:5142ad1c6011,0.1418,250,200,unknown
stagger,E,45,1,35,2,4.559,410464994,sha256:299c82f5afaa,0.1208,6525,200,unknown
stagger,E,45,1,35,2,4.559,410464994,sha256:866771c43bf5,2.5865,49293124,200,unknown
stagger,E,45,1,35,2,4.559,410464994,sha256:ed881fbf1b07,1.8542,25614562,200,unknown
stagger,E,45,1,35,2,4.559,410464994,sha256:9da421ddeb65,2.9342,67778971,200,unknown
stagger,E,45,1,35,2,4.559,410464994,sha256:a793e3c6bce8,4.5252,236030458,200,unknown
stagger,E,45,1,35,2,4.559,410464994,sha256:10c3183ecaa6,0.6488,6085049,200,unknown
stagger,E,45,1,35,2,4.559,410464994,sha256:15991188a884,1.8908,25656055,200,unknown
stagger,E,45,1,35,2,4.559,410464994,sha256:5142ad1c6011,0.0618,250,200,unknown
stagger,E,45,1,36,2,4.556,410464994,sha256:299c82f5afaa,0.0871,6525,200,unknown
stagger,E,45,1,36,2,4.556,410464994,sha256:866771c43bf5,2.5702,49293124,200,unknown
stagger,E,45,1,36,2,4.556,410464994,sha256:ed881fbf1b07,1.9008,25614562,200,unknown
stagger,E,45,1,36,2,4.556,410464994,sha256:9da421ddeb65,2.9279,67778971,200,unknown
stagger,E,45,1,36,2,4.556,410464994,sha256:a793e3c6bce8,4.5193,236030458,200,unknown
stagger,E,45,1,36,2,4.556,410464994,sha256:10c3183ecaa6,0.6200,6085049,200,unknown
stagger,E,45,1,36,2,4.556,410464994,sha256:15991188a884,1.8938,25656055,200,unknown
stagger,E,45,1,36,2,4.556,410464994,sha256:5142ad1c6011,0.1382,250,200,unknown
stagger,E,45,1,37,2,4.560,410464994,sha256:299c82f5afaa,0.1145,6525,200,unknown
stagger,E,45,1,37,2,4.560,410464994,sha256:866771c43bf5,2.5809,49293124,200,unknown
stagger,E,45,1,37,2,4.560,410464994,sha256:ed881fbf1b07,1.8807,25614562,200,unknown
stagger,E,45,1,37,2,4.560,410464994,sha256:9da421ddeb65,2.9286,67778971,200,unknown
stagger,E,45,1,37,2,4.560,410464994,sha256:a793e3c6bce8,4.5207,236030458,200,unknown
stagger,E,45,1,37,2,4.560,410464994,sha256:10c3183ecaa6,0.6337,6085049,200,unknown
stagger,E,45,1,37,2,4.560,410464994,sha256:15991188a884,1.8912,25656055,200,unknown
stagger,E,45,1,37,2,4.560,410464994,sha256:5142ad1c6011,0.1338,250,200,unknown
stagger,E,45,1,38,2,4.560,410464994,sha256:299c82f5afaa,0.1139,6525,200,unknown
stagger,E,45,1,38,2,4.560,410464994,sha256:866771c43bf5,2.5837,49293124,200,unknown
stagger,E,45,1,38,2,4.560,410464994,sha256:ed881fbf1b07,1.8778,25614562,200,unknown
stagger,E,45,1,38,2,4.560,410464994,sha256:9da421ddeb65,2.9258,67778971,200,unknown
stagger,E,45,1,38,2,4.560,410464994,sha256:a793e3c6bce8,4.5183,236030458,200,unknown
stagger,E,45,1,38,2,4.560,410464994,sha256:10c3183ecaa6,0.6387,6085049,200,unknown
stagger,E,45,1,38,2,4.560,410464994,sha256:15991188a884,1.9165,25656055,200,unknown
stagger,E,45,1,38,2,4.560,410464994,sha256:5142ad1c6011,0.1113,250,200,unknown
stagger,E,45,1,39,2,4.559,410464994,sha256:299c82f5afaa,0.1325,6525,200,unknown
stagger,E,45,1,39,2,4.559,410464994,sha256:866771c43bf5,2.8431,49293124,200,unknown
stagger,E,45,1,39,2,4.559,410464994,sha256:ed881fbf1b07,1.8883,25614562,200,unknown
stagger,E,45,1,39,2,4.559,410464994,sha256:9da421ddeb65,2.9185,67778971,200,unknown
stagger,E,45,1,39,2,4.559,410464994,sha256:a793e3c6bce8,4.5137,236030458,200,unknown
stagger,E,45,1,39,2,4.559,410464994,sha256:10c3183ecaa6,0.6001,6085049,200,unknown
stagger,E,45,1,39,2,4.559,410464994,sha256:15991188a884,1.8798,25656055,200,unknown
stagger,E,45,1,39,2,4.559,410464994,sha256:5142ad1c6011,0.1089,250,200,unknown
stagger,E,45,1,40,2,4.556,410464994,sha256:299c82f5afaa,0.1061,6525,200,unknown
stagger,E,45,1,40,2,4.556,410464994,sha256:866771c43bf5,2.5689,49293124,200,unknown
stagger,E,45,1,40,2,4.556,410464994,sha256:ed881fbf1b07,1.8890,25614562,200,unknown
stagger,E,45,1,40,2,4.556,410464994,sha256:9da421ddeb65,2.9152,67778971,200,unknown
stagger,E,45,1,40,2,4.556,410464994,sha256:a793e3c6bce8,4.5088,236030458,200,unknown
stagger,E,45,1,40,2,4.556,410464994,sha256:10c3183ecaa6,0.5893,6085049,200,unknown
stagger,E,45,1,40,2,4.556,410464994,sha256:15991188a884,1.8634,25656055,200,unknown
stagger,E,45,1,40,2,4.556,410464994,sha256:5142ad1c6011,0.0738,250,200,unknown
stagger,E,45,1,41,2,4.559,410464994,sha256:299c82f5afaa,0.1065,6525,200,unknown
stagger,E,45,1,41,2,4.559,410464994,sha256:866771c43bf5,2.7368,49293124,200,unknown
stagger,E,45,1,41,2,4.559,410464994,sha256:ed881fbf1b07,1.8870,25614562,200,unknown
stagger,E,45,1,41,2,4.559,410464994,sha256:9da421ddeb65,2.9119,67778971,200,unknown
stagger,E,45,1,41,2,4.559,410464994,sha256:a793e3c6bce8,4.5107,236030458,200,unknown
stagger,E,45,1,41,2,4.559,410464994,sha256:10c3183ecaa6,0.5868,6085049,200,unknown
stagger,E,45,1,41,2,4.559,410464994,sha256:15991188a884,1.8859,25656055,200,unknown
stagger,E,45,1,41,2,4.559,410464994,sha256:5142ad1c6011,0.1050,250,200,unknown
stagger,E,45,1,42,2,4.560,410464994,sha256:299c82f5afaa,0.1019,6525,200,unknown
stagger,E,45,1,42,2,4.560,410464994,sha256:866771c43bf5,2.5545,49293124,200,unknown
stagger,E,45,1,42,2,4.560,410464994,sha256:ed881fbf1b07,1.9164,25614562,200,unknown
stagger,E,45,1,42,2,4.560,410464994,sha256:9da421ddeb65,2.9094,67778971,200,unknown
stagger,E,45,1,42,2,4.560,410464994,sha256:a793e3c6bce8,4.5097,236030458,200,unknown
stagger,E,45,1,42,2,4.560,410464994,sha256:10c3183ecaa6,0.5936,6085049,200,unknown
stagger,E,45,1,42,2,4.560,410464994,sha256:15991188a884,1.8596,25656055,200,unknown
stagger,E,45,1,42,2,4.560,410464994,sha256:5142ad1c6011,0.1209,250,200,unknown
stagger,E,45,1,43,2,4.559,410464994,sha256:299c82f5afaa,0.1217,6525,200,unknown
stagger,E,45,1,43,2,4.559,410464994,sha256:866771c43bf5,2.7475,49293124,200,unknown
stagger,E,45,1,43,2,4.559,410464994,sha256:ed881fbf1b07,1.8584,25614562,200,unknown
stagger,E,45,1,43,2,4.559,410464994,sha256:9da421ddeb65,2.9088,67778971,200,unknown
stagger,E,45,1,43,2,4.559,410464994,sha256:a793e3c6bce8,4.5067,236030458,200,unknown
stagger,E,45,1,43,2,4.559,410464994,sha256:10c3183ecaa6,0.6196,6085049,200,unknown
stagger,E,45,1,43,2,4.559,410464994,sha256:15991188a884,1.8767,25656055,200,unknown
stagger,E,45,1,43,2,4.559,410464994,sha256:5142ad1c6011,0.0970,250,200,unknown
stagger,E,45,1,44,2,4.559,410464994,sha256:299c82f5afaa,0.0983,6525,200,unknown
stagger,E,45,1,44,2,4.559,410464994,sha256:866771c43bf5,2.5474,49293124,200,unknown
stagger,E,45,1,44,2,4.559,410464994,sha256:ed881fbf1b07,1.9242,25614562,200,unknown
stagger,E,45,1,44,2,4.559,410464994,sha256:9da421ddeb65,2.9051,67778971,200,unknown
stagger,E,45,1,44,2,4.559,410464994,sha256:a793e3c6bce8,4.5030,236030458,200,unknown
stagger,E,45,1,44,2,4.559,410464994,sha256:10c3183ecaa6,0.6177,6085049,200,unknown
stagger,E,45,1,44,2,4.559,410464994,sha256:15991188a884,1.8551,25656055,200,unknown
stagger,E,45,1,44,2,4.559,410464994,sha256:5142ad1c6011,0.0662,250,200,unknown
stagger,E,45,1,45,2,4.558,410464994,sha256:299c82f5afaa,0.0656,6525,200,unknown
stagger,E,45,1,45,2,4.558,410464994,sha256:866771c43bf5,2.5489,49293124,200,unknown
stagger,E,45,1,45,2,4.558,410464994,sha256:ed881fbf1b07,1.9157,25614562,200,unknown
stagger,E,45,1,45,2,4.558,410464994,sha256:9da421ddeb65,2.9105,67778971,200,unknown
stagger,E,45,1,45,2,4.558,410464994,sha256:a793e3c6bce8,4.5012,236030458,200,unknown
stagger,E,45,1,45,2,4.558,410464994,sha256:10c3183ecaa6,0.6156,6085049,200,unknown
stagger,E,45,1,45,2,4.558,410464994,sha256:15991188a884,1.8535,25656055,200,unknown
stagger,E,45,1,45,2,4.558,410464994,sha256:5142ad1c6011,0.1160,250,200,unknown
stagger,E,45,1,46,2,4.558,410464994,sha256:299c82f5afaa,0.1160,6525,200,unknown
stagger,E,45,1,46,2,4.558,410464994,sha256:866771c43bf5,2.7849,49293124,200,unknown
stagger,E,45,1,46,2,4.558,410464994,sha256:ed881fbf1b07,1.8677,25614562,200,unknown
stagger,E,45,1,46,2,4.558,410464994,sha256:9da421ddeb65,3.0214,67778971,200,unknown
stagger,E,45,1,46,2,4.558,410464994,sha256:a793e3c6bce8,4.4998,236030458,200,unknown
stagger,E,45,1,46,2,4.558,410464994,sha256:10c3183ecaa6,0.5868,6085049,200,unknown
stagger,E,45,1,46,2,4.558,410464994,sha256:15991188a884,1.9046,25656055,200,unknown
stagger,E,45,1,46,2,4.558,410464994,sha256:5142ad1c6011,0.0630,250,200,unknown
stagger,E,45,1,47,2,4.558,410464994,sha256:299c82f5afaa,0.0959,6525,200,unknown
stagger,E,45,1,47,2,4.558,410464994,sha256:866771c43bf5,2.5591,49293124,200,unknown
stagger,E,45,1,47,2,4.558,410464994,sha256:ed881fbf1b07,1.8519,25614562,200,unknown
stagger,E,45,1,47,2,4.558,410464994,sha256:9da421ddeb65,3.0376,67778971,200,unknown
stagger,E,45,1,47,2,4.558,410464994,sha256:a793e3c6bce8,4.4986,236030458,200,unknown
stagger,E,45,1,47,2,4.558,410464994,sha256:10c3183ecaa6,0.5773,6085049,200,unknown
stagger,E,45,1,47,2,4.558,410464994,sha256:15991188a884,1.8442,25656055,200,unknown
stagger,E,45,1,47,2,4.558,410464994,sha256:5142ad1c6011,0.0925,250,200,unknown
stagger,E,45,1,48,2,4.559,410464994,sha256:299c82f5afaa,0.0953,6525,200,unknown
stagger,E,45,1,48,2,4.559,410464994,sha256:866771c43bf5,2.5447,49293124,200,unknown
stagger,E,45,1,48,2,4.559,410464994,sha256:ed881fbf1b07,1.8859,25614562,200,unknown
stagger,E,45,1,48,2,4.559,410464994,sha256:9da421ddeb65,2.9000,67778971,200,unknown
stagger,E,45,1,48,2,4.559,410464994,sha256:a793e3c6bce8,4.4997,236030458,200,unknown
stagger,E,45,1,48,2,4.559,410464994,sha256:10c3183ecaa6,0.5849,6085049,200,unknown
stagger,E,45,1,48,2,4.559,410464994,sha256:15991188a884,1.8700,25656055,200,unknown
stagger,E,45,1,48,2,4.559,410464994,sha256:5142ad1c6011,0.0486,250,200,unknown
stagger,E,45,1,49,2,4.559,410464994,sha256:299c82f5afaa,0.1129,6525,200,unknown
stagger,E,45,1,49,2,4.559,410464994,sha256:866771c43bf5,2.5537,49293124,200,unknown
stagger,E,45,1,49,2,4.559,410464994,sha256:ed881fbf1b07,1.8749,25614562,200,unknown
stagger,E,45,1,49,2,4.559,410464994,sha256:9da421ddeb65,2.8985,67778971,200,unknown
stagger,E,45,1,49,2,4.559,410464994,sha256:a793e3c6bce8,4.4980,236030458,200,unknown
stagger,E,45,1,49,2,4.559,410464994,sha256:10c3183ecaa6,0.5750,6085049,200,unknown
stagger,E,45,1,49,2,4.559,410464994,sha256:15991188a884,1.8570,25656055,200,unknown
stagger,E,45,1,49,2,4.559,410464994,sha256:5142ad1c6011,0.0476,250,200,unknown
stagger,E,45,2,0,1,34.388,410464994,sha256:299c82f5afaa,0.0716,6525,200,unknown
stagger,E,45,2,0,1,34.388,410464994,sha256:866771c43bf5,11.5055,49293124,200,unknown
stagger,E,45,2,0,1,34.388,410464994,sha256:ed881fbf1b07,11.4881,25614562,200,unknown
stagger,E,45,2,0,1,34.388,410464994,sha256:9da421ddeb65,18.6769,67778971,200,unknown
stagger,E,45,2,0,1,34.388,410464994,sha256:a793e3c6bce8,34.3839,236030458,200,unknown
stagger,E,45,2,0,1,34.388,410464994,sha256:10c3183ecaa6,4.9421,6085049,200,unknown
stagger,E,45,2,0,1,34.388,410464994,sha256:15991188a884,14.0030,25656055,200,unknown
stagger,E,45,2,0,1,34.388,410464994,sha256:5142ad1c6011,0.0706,250,200,unknown
stagger,E,45,2,1,1,34.388,410464994,sha256:299c82f5afaa,0.0691,6525,200,unknown
stagger,E,45,2,1,1,34.388,410464994,sha256:866771c43bf5,11.5035,49293124,200,unknown
stagger,E,45,2,1,1,34.388,410464994,sha256:ed881fbf1b07,11.4855,25614562,200,unknown
stagger,E,45,2,1,1,34.388,410464994,sha256:9da421ddeb65,18.6756,67778971,200,unknown
stagger,E,45,2,1,1,34.388,410464994,sha256:a793e3c6bce8,34.3817,236030458,200,unknown
stagger,E,45,2,1,1,34.388,410464994,sha256:10c3183ecaa6,4.9398,6085049,200,unknown
stagger,E,45,2,1,1,34.388,410464994,sha256:15991188a884,14.0006,25656055,200,unknown
stagger,E,45,2,1,1,34.388,410464994,sha256:5142ad1c6011,0.0679,250,200,unknown
stagger,E,45,2,2,1,34.387,410464994,sha256:299c82f5afaa,0.0668,6525,200,unknown
stagger,E,45,2,2,1,34.387,410464994,sha256:866771c43bf5,11.5017,49293124,200,unknown
stagger,E,45,2,2,1,34.387,410464994,sha256:ed881fbf1b07,11.4870,25614562,200,unknown
stagger,E,45,2,2,1,34.387,410464994,sha256:9da421ddeb65,18.6722,67778971,200,unknown
stagger,E,45,2,2,1,34.387,410464994,sha256:a793e3c6bce8,34.3788,236030458,200,unknown
stagger,E,45,2,2,1,34.387,410464994,sha256:10c3183ecaa6,4.9361,6085049,200,unknown
stagger,E,45,2,2,1,34.387,410464994,sha256:15991188a884,13.9980,25656055,200,unknown
stagger,E,45,2,2,1,34.387,410464994,sha256:5142ad1c6011,0.0658,250,200,unknown
stagger,E,45,2,3,1,34.387,410464994,sha256:299c82f5afaa,0.0644,6525,200,unknown
stagger,E,45,2,3,1,34.387,410464994,sha256:866771c43bf5,11.5004,49293124,200,unknown
stagger,E,45,2,3,1,34.387,410464994,sha256:ed881fbf1b07,11.4811,25614562,200,unknown
stagger,E,45,2,3,1,34.387,410464994,sha256:9da421ddeb65,18.6687,67778971,200,unknown
stagger,E,45,2,3,1,34.387,410464994,sha256:a793e3c6bce8,34.3767,236030458,200,unknown
stagger,E,45,2,3,1,34.387,410464994,sha256:10c3183ecaa6,4.9355,6085049,200,unknown
stagger,E,45,2,3,1,34.387,410464994,sha256:15991188a884,13.9979,25656055,200,unknown
stagger,E,45,2,3,1,34.387,410464994,sha256:5142ad1c6011,0.0635,250,200,unknown
stagger,E,45,2,4,1,34.387,410464994,sha256:299c82f5afaa,0.0624,6525,200,unknown
stagger,E,45,2,4,1,34.387,410464994,sha256:866771c43bf5,11.4965,49293124,200,unknown
stagger,E,45,2,4,1,34.387,410464994,sha256:ed881fbf1b07,11.4820,25614562,200,unknown
stagger,E,45,2,4,1,34.387,410464994,sha256:9da421ddeb65,18.6681,67778971,200,unknown
stagger,E,45,2,4,1,34.387,410464994,sha256:a793e3c6bce8,34.3745,236030458,200,unknown
stagger,E,45,2,4,1,34.387,410464994,sha256:10c3183ecaa6,4.9319,6085049,200,unknown
stagger,E,45,2,4,1,34.387,410464994,sha256:15991188a884,13.9958,25656055,200,unknown
stagger,E,45,2,4,1,34.387,410464994,sha256:5142ad1c6011,0.0618,250,200,unknown
stagger,E,45,2,5,1,34.387,410464994,sha256:299c82f5afaa,0.0593,6525,200,unknown
stagger,E,45,2,5,1,34.387,410464994,sha256:866771c43bf5,11.4961,49293124,200,unknown
stagger,E,45,2,5,1,34.387,410464994,sha256:ed881fbf1b07,11.4752,25614562,200,unknown
stagger,E,45,2,5,1,34.387,410464994,sha256:9da421ddeb65,18.6645,67778971,200,unknown
stagger,E,45,2,5,1,34.387,410464994,sha256:a793e3c6bce8,34.3709,236030458,200,unknown
stagger,E,45,2,5,1,34.387,410464994,sha256:10c3183ecaa6,4.9300,6085049,200,unknown
stagger,E,45,2,5,1,34.387,410464994,sha256:15991188a884,13.9908,25656055,200,unknown
stagger,E,45,2,5,1,34.387,410464994,sha256:5142ad1c6011,0.0580,250,200,unknown
stagger,E,45,2,6,1,34.388,410464994,sha256:299c82f5afaa,0.0565,6525,200,unknown
stagger,E,45,2,6,1,34.388,410464994,sha256:866771c43bf5,11.4907,49293124,200,unknown
stagger,E,45,2,6,1,34.388,410464994,sha256:ed881fbf1b07,11.4732,25614562,200,unknown
stagger,E,45,2,6,1,34.388,410464994,sha256:9da421ddeb65,18.6618,67778971,200,unknown
stagger,E,45,2,6,1,34.388,410464994,sha256:a793e3c6bce8,34.3698,236030458,200,unknown
stagger,E,45,2,6,1,34.388,410464994,sha256:10c3183ecaa6,4.9276,6085049,200,unknown
stagger,E,45,2,6,1,34.388,410464994,sha256:15991188a884,13.9882,25656055,200,unknown
stagger,E,45,2,6,1,34.388,410464994,sha256:5142ad1c6011,0.0558,250,200,unknown
stagger,E,45,2,7,1,34.388,410464994,sha256:299c82f5afaa,0.0544,6525,200,unknown
stagger,E,45,2,7,1,34.388,410464994,sha256:866771c43bf5,11.4915,49293124,200,unknown
stagger,E,45,2,7,1,34.388,410464994,sha256:ed881fbf1b07,11.4708,25614562,200,unknown
stagger,E,45,2,7,1,34.388,410464994,sha256:9da421ddeb65,18.6610,67778971,200,unknown
stagger,E,45,2,7,1,34.388,410464994,sha256:a793e3c6bce8,34.3677,236030458,200,unknown
stagger,E,45,2,7,1,34.388,410464994,sha256:10c3183ecaa6,4.9255,6085049,200,unknown
stagger,E,45,2,7,1,34.388,410464994,sha256:15991188a884,13.9879,25656055,200,unknown
stagger,E,45,2,7,1,34.388,410464994,sha256:5142ad1c6011,0.0537,250,200,unknown
stagger,E,45,2,8,1,34.388,410464994,sha256:299c82f5afaa,0.0522,6525,200,unknown
stagger,E,45,2,8,1,34.388,410464994,sha256:866771c43bf5,11.4864,49293124,200,unknown
stagger,E,45,2,8,1,34.388,410464994,sha256:ed881fbf1b07,11.4689,25614562,200,unknown
stagger,E,45,2,8,1,34.388,410464994,sha256:9da421ddeb65,18.6582,67778971,200,unknown
stagger,E,45,2,8,1,34.388,410464994,sha256:a793e3c6bce8,34.3656,236030458,200,unknown
stagger,E,45,2,8,1,34.388,410464994,sha256:10c3183ecaa6,4.9232,6085049,200,unknown
stagger,E,45,2,8,1,34.388,410464994,sha256:15991188a884,13.9857,25656055,200,unknown
stagger,E,45,2,8,1,34.388,410464994,sha256:5142ad1c6011,0.0514,250,200,unknown
stagger,E,45,2,9,1,34.387,410464994,sha256:299c82f5afaa,0.0499,6525,200,unknown
stagger,E,45,2,9,1,34.387,410464994,sha256:866771c43bf5,11.4843,49293124,200,unknown
stagger,E,45,2,9,1,34.387,410464994,sha256:ed881fbf1b07,11.4668,25614562,200,unknown
stagger,E,45,2,9,1,34.387,410464994,sha256:9da421ddeb65,18.6554,67778971,200,unknown
stagger,E,45,2,9,1,34.387,410464994,sha256:a793e3c6bce8,34.3629,236030458,200,unknown
stagger,E,45,2,9,1,34.387,410464994,sha256:10c3183ecaa6,4.9197,6085049,200,unknown
stagger,E,45,2,9,1,34.387,410464994,sha256:15991188a884,13.9818,25656055,200,unknown
stagger,E,45,2,9,1,34.387,410464994,sha256:5142ad1c6011,0.0495,250,200,unknown
stagger,E,45,2,10,1,34.387,410464994,sha256:299c82f5afaa,0.0477,6525,200,unknown
stagger,E,45,2,10,1,34.387,410464994,sha256:866771c43bf5,11.4817,49293124,200,unknown
stagger,E,45,2,10,1,34.387,410464994,sha256:ed881fbf1b07,11.4649,25614562,200,unknown
stagger,E,45,2,10,1,34.387,410464994,sha256:9da421ddeb65,18.6534,67778971,200,unknown
stagger,E,45,2,10,1,34.387,410464994,sha256:a793e3c6bce8,34.3606,236030458,200,unknown
stagger,E,45,2,10,1,34.387,410464994,sha256:10c3183ecaa6,4.9173,6085049,200,unknown
stagger,E,45,2,10,1,34.387,410464994,sha256:15991188a884,13.9795,25656055,200,unknown
stagger,E,45,2,10,1,34.387,410464994,sha256:5142ad1c6011,0.0476,250,200,unknown
stagger,E,45,2,11,1,34.387,410464994,sha256:299c82f5afaa,0.0458,6525,200,unknown
stagger,E,45,2,11,1,34.387,410464994,sha256:866771c43bf5,11.4800,49293124,200,unknown
stagger,E,45,2,11,1,34.387,410464994,sha256:ed881fbf1b07,11.4623,25614562,200,unknown
stagger,E,45,2,11,1,34.387,410464994,sha256:9da421ddeb65,18.6514,67778971,200,unknown
stagger,E,45,2,11,1,34.387,410464994,sha256:a793e3c6bce8,34.3585,236030458,200,unknown
stagger,E,45,2,11,1,34.387,410464994,sha256:10c3183ecaa6,4.9154,6085049,200,unknown
stagger,E,45,2,11,1,34.387,410464994,sha256:15991188a884,13.9776,25656055,200,unknown
stagger,E,45,2,11,1,34.387,410464994,sha256:5142ad1c6011,0.0449,250,200,unknown
stagger,E,45,2,12,1,34.387,410464994,sha256:299c82f5afaa,0.0438,6525,200,unknown
stagger,E,45,2,12,1,34.387,410464994,sha256:866771c43bf5,11.4782,49293124,200,unknown
stagger,E,45,2,12,1,34.387,410464994,sha256:ed881fbf1b07,11.4603,25614562,200,unknown
stagger,E,45,2,12,1,34.387,410464994,sha256:9da421ddeb65,18.6491,67778971,200,unknown
stagger,E,45,2,12,1,34.387,410464994,sha256:a793e3c6bce8,34.3569,236030458,200,unknown
stagger,E,45,2,12,1,34.387,410464994,sha256:10c3183ecaa6,4.9130,6085049,200,unknown
stagger,E,45,2,12,1,34.387,410464994,sha256:15991188a884,13.9754,25656055,200,unknown
stagger,E,45,2,12,1,34.387,410464994,sha256:5142ad1c6011,0.0432,250,200,unknown
stagger,E,45,2,13,1,34.387,410464994,sha256:299c82f5afaa,0.0414,6525,200,unknown
stagger,E,45,2,13,1,34.387,410464994,sha256:866771c43bf5,11.4774,49293124,200,unknown
stagger,E,45,2,13,1,34.387,410464994,sha256:ed881fbf1b07,11.4580,25614562,200,unknown
stagger,E,45,2,13,1,34.387,410464994,sha256:9da421ddeb65,18.6471,67778971,200,unknown
stagger,E,45,2,13,1,34.387,410464994,sha256:a793e3c6bce8,34.3542,236030458,200,unknown
stagger,E,45,2,13,1,34.387,410464994,sha256:10c3183ecaa6,4.9125,6085049,200,unknown
stagger,E,45,2,13,1,34.387,410464994,sha256:15991188a884,13.9733,25656055,200,unknown
stagger,E,45,2,13,1,34.387,410464994,sha256:5142ad1c6011,0.0405,250,200,unknown
stagger,E,45,2,14,1,34.387,410464994,sha256:299c82f5afaa,0.0391,6525,200,unknown
stagger,E,45,2,14,1,34.387,410464994,sha256:866771c43bf5,11.4734,49293124,200,unknown
stagger,E,45,2,14,1,34.387,410464994,sha256:ed881fbf1b07,11.4562,25614562,200,unknown
stagger,E,45,2,14,1,34.387,410464994,sha256:9da421ddeb65,18.6446,67778971,200,unknown
stagger,E,45,2,14,1,34.387,410464994,sha256:a793e3c6bce8,34.3520,236030458,200,unknown
stagger,E,45,2,14,1,34.387,410464994,sha256:10c3183ecaa6,4.9101,6085049,200,unknown
stagger,E,45,2,14,1,34.387,410464994,sha256:15991188a884,13.9710,25656055,200,unknown
stagger,E,45,2,14,1,34.387,410464994,sha256:5142ad1c6011,0.0387,250,200,unknown
stagger,E,45,2,15,1,34.387,410464994,sha256:299c82f5afaa,0.0370,6525,200,unknown
stagger,E,45,2,15,1,34.387,410464994,sha256:866771c43bf5,11.4717,49293124,200,unknown
stagger,E,45,2,15,1,34.387,410464994,sha256:ed881fbf1b07,11.4539,25614562,200,unknown
stagger,E,45,2,15,1,34.387,410464994,sha256:9da421ddeb65,18.6429,67778971,200,unknown
stagger,E,45,2,15,1,34.387,410464994,sha256:a793e3c6bce8,34.3499,236030458,200,unknown
stagger,E,45,2,15,1,34.387,410464994,sha256:10c3183ecaa6,4.9081,6085049,200,unknown
stagger,E,45,2,15,1,34.387,410464994,sha256:15991188a884,13.9691,25656055,200,unknown
stagger,E,45,2,15,1,34.387,410464994,sha256:5142ad1c6011,0.0363,250,200,unknown
stagger,E,45,2,16,1,34.387,410464994,sha256:299c82f5afaa,0.0350,6525,200,unknown
stagger,E,45,2,16,1,34.387,410464994,sha256:866771c43bf5,11.4709,49293124,200,unknown
stagger,E,45,2,16,1,34.387,410464994,sha256:ed881fbf1b07,11.4515,25614562,200,unknown
stagger,E,45,2,16,1,34.387,410464994,sha256:9da421ddeb65,18.6405,67778971,200,unknown
stagger,E,45,2,16,1,34.387,410464994,sha256:a793e3c6bce8,34.3483,236030458,200,unknown
stagger,E,45,2,16,1,34.387,410464994,sha256:10c3183ecaa6,4.9062,6085049,200,unknown
stagger,E,45,2,16,1,34.387,410464994,sha256:15991188a884,13.9667,25656055,200,unknown
stagger,E,45,2,16,1,34.387,410464994,sha256:5142ad1c6011,0.0331,250,200,unknown
stagger,E,45,2,17,1,34.386,410464994,sha256:299c82f5afaa,0.0320,6525,200,unknown
stagger,E,45,2,17,1,34.386,410464994,sha256:866771c43bf5,11.4655,49293124,200,unknown
stagger,E,45,2,17,1,34.386,410464994,sha256:ed881fbf1b07,11.4522,25614562,200,unknown
stagger,E,45,2,17,1,34.386,410464994,sha256:9da421ddeb65,18.6377,67778971,200,unknown
stagger,E,45,2,17,1,34.386,410464994,sha256:a793e3c6bce8,34.3442,236030458,200,unknown
stagger,E,45,2,17,1,34.386,410464994,sha256:10c3183ecaa6,4.9001,6085049,200,unknown
stagger,E,45,2,17,1,34.386,410464994,sha256:15991188a884,13.9636,25656055,200,unknown
stagger,E,45,2,17,1,34.386,410464994,sha256:5142ad1c6011,0.0311,250,200,unknown
stagger,E,45,2,18,1,34.387,410464994,sha256:299c82f5afaa,0.0296,6525,200,unknown
stagger,E,45,2,18,1,34.387,410464994,sha256:866771c43bf5,11.4650,49293124,200,unknown
stagger,E,45,2,18,1,34.387,410464994,sha256:ed881fbf1b07,11.4468,25614562,200,unknown
stagger,E,45,2,18,1,34.387,410464994,sha256:9da421ddeb65,18.6357,67778971,200,unknown
stagger,E,45,2,18,1,34.387,410464994,sha256:a793e3c6bce8,34.3435,236030458,200,unknown
stagger,E,45,2,18,1,34.387,410464994,sha256:10c3183ecaa6,4.9010,6085049,200,unknown
stagger,E,45,2,18,1,34.387,410464994,sha256:15991188a884,13.9620,25656055,200,unknown
stagger,E,45,2,18,1,34.387,410464994,sha256:5142ad1c6011,0.0296,250,200,unknown
stagger,E,45,2,19,1,34.387,410464994,sha256:299c82f5afaa,0.0279,6525,200,unknown
stagger,E,45,2,19,1,34.387,410464994,sha256:866771c43bf5,11.4629,49293124,200,unknown
stagger,E,45,2,19,1,34.387,410464994,sha256:ed881fbf1b07,11.4487,25614562,200,unknown
stagger,E,45,2,19,1,34.387,410464994,sha256:9da421ddeb65,18.6339,67778971,200,unknown
stagger,E,45,2,19,1,34.387,410464994,sha256:a793e3c6bce8,34.3418,236030458,200,unknown
stagger,E,45,2,19,1,34.387,410464994,sha256:10c3183ecaa6,4.8978,6085049,200,unknown
stagger,E,45,2,19,1,34.387,410464994,sha256:15991188a884,13.9602,25656055,200,unknown
stagger,E,45,2,19,1,34.387,410464994,sha256:5142ad1c6011,0.0279,250,200,unknown
stagger,E,45,2,20,1,34.387,410464994,sha256:299c82f5afaa,0.0266,6525,200,unknown
stagger,E,45,2,20,1,34.387,410464994,sha256:866771c43bf5,11.4604,49293124,200,unknown
stagger,E,45,2,20,1,34.387,410464994,sha256:ed881fbf1b07,11.4432,25614562,200,unknown
stagger,E,45,2,20,1,34.387,410464994,sha256:9da421ddeb65,18.6334,67778971,200,unknown
stagger,E,45,2,20,1,34.387,410464994,sha256:a793e3c6bce8,34.3402,236030458,200,unknown
stagger,E,45,2,20,1,34.387,410464994,sha256:10c3183ecaa6,4.8977,6085049,200,unknown
stagger,E,45,2,20,1,34.387,410464994,sha256:15991188a884,13.9584,25656055,200,unknown
stagger,E,45,2,20,1,34.387,410464994,sha256:5142ad1c6011,0.0267,250,200,unknown
stagger,E,45,2,21,1,34.386,410464994,sha256:299c82f5afaa,0.0251,6525,200,unknown
stagger,E,45,2,21,1,34.386,410464994,sha256:866771c43bf5,11.4609,49293124,200,unknown
stagger,E,45,2,21,1,34.386,410464994,sha256:ed881fbf1b07,11.4454,25614562,200,unknown
stagger,E,45,2,21,1,34.386,410464994,sha256:9da421ddeb65,18.6317,67778971,200,unknown
stagger,E,45,2,21,1,34.386,410464994,sha256:a793e3c6bce8,34.3379,236030458,200,unknown
stagger,E,45,2,21,1,34.386,410464994,sha256:10c3183ecaa6,4.8947,6085049,200,unknown
stagger,E,45,2,21,1,34.386,410464994,sha256:15991188a884,13.9588,25656055,200,unknown
stagger,E,45,2,21,1,34.386,410464994,sha256:5142ad1c6011,0.0251,250,200,unknown
stagger,E,45,2,22,1,34.386,410464994,sha256:299c82f5afaa,0.0237,6525,200,unknown
stagger,E,45,2,22,1,34.386,410464994,sha256:866771c43bf5,11.4605,49293124,200,unknown
stagger,E,45,2,22,1,34.386,410464994,sha256:ed881fbf1b07,11.4399,25614562,200,unknown
stagger,E,45,2,22,1,34.386,410464994,sha256:9da421ddeb65,18.6303,67778971,200,unknown
stagger,E,45,2,22,1,34.386,410464994,sha256:a793e3c6bce8,34.3370,236030458,200,unknown
stagger,E,45,2,22,1,34.386,410464994,sha256:10c3183ecaa6,4.8932,6085049,200,unknown
stagger,E,45,2,22,1,34.386,410464994,sha256:15991188a884,13.9556,25656055,200,unknown
stagger,E,45,2,22,1,34.386,410464994,sha256:5142ad1c6011,0.0232,250,200,unknown
stagger,E,45,2,23,1,34.386,410464994,sha256:299c82f5afaa,0.0222,6525,200,unknown
stagger,E,45,2,23,1,34.386,410464994,sha256:866771c43bf5,11.4555,49293124,200,unknown
stagger,E,45,2,23,1,34.386,410464994,sha256:ed881fbf1b07,11.4384,25614562,200,unknown
stagger,E,45,2,23,1,34.386,410464994,sha256:9da421ddeb65,18.6273,67778971,200,unknown
stagger,E,45,2,23,1,34.386,410464994,sha256:a793e3c6bce8,34.3353,236030458,200,unknown
stagger,E,45,2,23,1,34.386,410464994,sha256:10c3183ecaa6,4.8916,6085049,200,unknown
stagger,E,45,2,23,1,34.386,410464994,sha256:15991188a884,13.9537,25656055,200,unknown
stagger,E,45,2,23,1,34.386,410464994,sha256:5142ad1c6011,0.0213,250,200,unknown
stagger,E,45,2,24,1,34.386,410464994,sha256:299c82f5afaa,0.0208,6525,200,unknown
stagger,E,45,2,24,1,34.386,410464994,sha256:866771c43bf5,11.4549,49293124,200,unknown
stagger,E,45,2,24,1,34.386,410464994,sha256:ed881fbf1b07,11.4366,25614562,200,unknown
stagger,E,45,2,24,1,34.386,410464994,sha256:9da421ddeb65,18.6261,67778971,200,unknown
stagger,E,45,2,24,1,34.386,410464994,sha256:a793e3c6bce8,34.3329,236030458,200,unknown
stagger,E,45,2,24,1,34.386,410464994,sha256:10c3183ecaa6,4.8912,6085049,200,unknown
stagger,E,45,2,24,1,34.386,410464994,sha256:15991188a884,13.9521,25656055,200,unknown
stagger,E,45,2,24,1,34.386,410464994,sha256:5142ad1c6011,0.0199,250,200,unknown
stagger,E,45,2,25,2,5.116,410464994,sha256:299c82f5afaa,0.1276,6525,200,unknown
stagger,E,45,2,25,2,5.116,410464994,sha256:866771c43bf5,3.2330,49293124,200,unknown
stagger,E,45,2,25,2,5.116,410464994,sha256:ed881fbf1b07,2.0894,25614562,200,unknown
stagger,E,45,2,25,2,5.116,410464994,sha256:9da421ddeb65,3.7817,67778971,200,unknown
stagger,E,45,2,25,2,5.116,410464994,sha256:a793e3c6bce8,5.1106,236030458,200,unknown
stagger,E,45,2,25,2,5.116,410464994,sha256:10c3183ecaa6,0.5654,6085049,200,unknown
stagger,E,45,2,25,2,5.116,410464994,sha256:15991188a884,1.9666,25656055,200,unknown
stagger,E,45,2,25,2,5.116,410464994,sha256:5142ad1c6011,0.1178,250,200,unknown
stagger,E,45,2,26,2,5.119,410464994,sha256:299c82f5afaa,0.0700,6525,200,unknown
stagger,E,45,2,26,2,5.119,410464994,sha256:866771c43bf5,3.2598,49293124,200,unknown
stagger,E,45,2,26,2,5.119,410464994,sha256:ed881fbf1b07,1.5082,25614562,200,unknown
stagger,E,45,2,26,2,5.119,410464994,sha256:9da421ddeb65,4.1594,67778971,200,unknown
stagger,E,45,2,26,2,5.119,410464994,sha256:a793e3c6bce8,5.1114,236030458,200,unknown
stagger,E,45,2,26,2,5.119,410464994,sha256:10c3183ecaa6,0.5808,6085049,200,unknown
stagger,E,45,2,26,2,5.119,410464994,sha256:15991188a884,2.9270,25656055,200,unknown
stagger,E,45,2,26,2,5.119,410464994,sha256:5142ad1c6011,0.1093,250,200,unknown
stagger,E,45,2,27,2,5.177,410464994,sha256:299c82f5afaa,0.0678,6525,200,unknown
stagger,E,45,2,27,2,5.177,410464994,sha256:866771c43bf5,3.1710,49293124,200,unknown
stagger,E,45,2,27,2,5.177,410464994,sha256:ed881fbf1b07,1.9922,25614562,200,unknown
stagger,E,45,2,27,2,5.177,410464994,sha256:9da421ddeb65,4.4217,67778971,200,unknown
stagger,E,45,2,27,2,5.177,410464994,sha256:a793e3c6bce8,5.1690,236030458,200,unknown
stagger,E,45,2,27,2,5.177,410464994,sha256:10c3183ecaa6,0.5394,6085049,200,unknown
stagger,E,45,2,27,2,5.177,410464994,sha256:15991188a884,1.9914,25656055,200,unknown
stagger,E,45,2,27,2,5.177,410464994,sha256:5142ad1c6011,0.1018,250,200,unknown
stagger,E,45,2,28,2,5.165,410464994,sha256:299c82f5afaa,0.1217,6525,200,unknown
stagger,E,45,2,28,2,5.165,410464994,sha256:866771c43bf5,3.2242,49293124,200,unknown
stagger,E,45,2,28,2,5.165,410464994,sha256:ed881fbf1b07,1.9962,25614562,200,unknown
stagger,E,45,2,28,2,5.165,410464994,sha256:9da421ddeb65,3.6966,67778971,200,unknown
stagger,E,45,2,28,2,5.165,410464994,sha256:a793e3c6bce8,5.1541,236030458,200,unknown
stagger,E,45,2,28,2,5.165,410464994,sha256:10c3183ecaa6,0.5333,6085049,200,unknown
stagger,E,45,2,28,2,5.165,410464994,sha256:15991188a884,2.0527,25656055,200,unknown
stagger,E,45,2,28,2,5.165,410464994,sha256:5142ad1c6011,0.1300,250,200,unknown
stagger,E,45,2,29,2,5.174,410464994,sha256:299c82f5afaa,0.0688,6525,200,unknown
stagger,E,45,2,29,2,5.174,410464994,sha256:866771c43bf5,3.2278,49293124,200,unknown
stagger,E,45,2,29,2,5.174,410464994,sha256:ed881fbf1b07,1.9937,25614562,200,unknown
stagger,E,45,2,29,2,5.174,410464994,sha256:9da421ddeb65,3.7057,67778971,200,unknown
stagger,E,45,2,29,2,5.174,410464994,sha256:a793e3c6bce8,5.1614,236030458,200,unknown
stagger,E,45,2,29,2,5.174,410464994,sha256:10c3183ecaa6,0.5369,6085049,200,unknown
stagger,E,45,2,29,2,5.174,410464994,sha256:15991188a884,2.0600,25656055,200,unknown
stagger,E,45,2,29,2,5.174,410464994,sha256:5142ad1c6011,0.0617,250,200,unknown
stagger,E,45,2,30,2,5.112,410464994,sha256:299c82f5afaa,0.0622,6525,200,unknown
stagger,E,45,2,30,2,5.112,410464994,sha256:866771c43bf5,3.2429,49293124,200,unknown
stagger,E,45,2,30,2,5.112,410464994,sha256:ed881fbf1b07,1.2480,25614562,200,unknown
stagger,E,45,2,30,2,5.112,410464994,sha256:9da421ddeb65,3.7974,67778971,200,unknown
stagger,E,45,2,30,2,5.112,410464994,sha256:a793e3c6bce8,5.0962,236030458,200,unknown
stagger,E,45,2,30,2,5.112,410464994,sha256:10c3183ecaa6,0.1662,6085049,200,unknown
stagger,E,45,2,30,2,5.112,410464994,sha256:15991188a884,2.4603,25656055,200,unknown
stagger,E,45,2,30,2,5.112,410464994,sha256:5142ad1c6011,0.0851,250,200,unknown
stagger,E,45,2,31,2,5.171,410464994,sha256:299c82f5afaa,0.0806,6525,200,unknown
stagger,E,45,2,31,2,5.171,410464994,sha256:866771c43bf5,3.2372,49293124,200,unknown
stagger,E,45,2,31,2,5.171,410464994,sha256:ed881fbf1b07,2.0875,25614562,200,unknown
stagger,E,45,2,31,2,5.171,410464994,sha256:9da421ddeb65,3.6787,67778971,200,unknown
stagger,E,45,2,31,2,5.171,410464994,sha256:a793e3c6bce8,5.1536,236030458,200,unknown
stagger,E,45,2,31,2,5.171,410464994,sha256:10c3183ecaa6,1.9427,6085049,200,unknown
stagger,E,45,2,31,2,5.171,410464994,sha256:15991188a884,3.9304,25656055,200,unknown
stagger,E,45,2,31,2,5.171,410464994,sha256:5142ad1c6011,0.0684,250,200,unknown
stagger,E,45,2,32,2,5.164,410464994,sha256:299c82f5afaa,0.0762,6525,200,unknown
stagger,E,45,2,32,2,5.164,410464994,sha256:866771c43bf5,3.7647,49293124,200,unknown
stagger,E,45,2,32,2,5.164,410464994,sha256:ed881fbf1b07,1.9787,25614562,200,unknown
stagger,E,45,2,32,2,5.164,410464994,sha256:9da421ddeb65,3.6631,67778971,200,unknown
stagger,E,45,2,32,2,5.164,410464994,sha256:a793e3c6bce8,5.1440,236030458,200,unknown
stagger,E,45,2,32,2,5.164,410464994,sha256:10c3183ecaa6,0.5645,6085049,200,unknown
stagger,E,45,2,32,2,5.164,410464994,sha256:15991188a884,1.9527,25656055,200,unknown
stagger,E,45,2,32,2,5.164,410464994,sha256:5142ad1c6011,0.0546,250,200,unknown
stagger,E,45,2,33,2,5.157,410464994,sha256:299c82f5afaa,0.0599,6525,200,unknown
stagger,E,45,2,33,2,5.157,410464994,sha256:866771c43bf5,2.8320,49293124,200,unknown
stagger,E,45,2,33,2,5.157,410464994,sha256:ed881fbf1b07,1.9920,25614562,200,unknown
stagger,E,45,2,33,2,5.157,410464994,sha256:9da421ddeb65,3.6744,67778971,200,unknown
stagger,E,45,2,33,2,5.157,410464994,sha256:a793e3c6bce8,5.1346,236030458,200,unknown
stagger,E,45,2,33,2,5.157,410464994,sha256:10c3183ecaa6,0.1610,6085049,200,unknown
stagger,E,45,2,33,2,5.157,410464994,sha256:15991188a884,2.0683,25656055,200,unknown
stagger,E,45,2,33,2,5.157,410464994,sha256:5142ad1c6011,0.0724,250,200,unknown
stagger,E,45,2,34,2,5.160,410464994,sha256:299c82f5afaa,0.1020,6525,200,unknown
stagger,E,45,2,34,2,5.160,410464994,sha256:866771c43bf5,3.2480,49293124,200,unknown
stagger,E,45,2,34,2,5.160,410464994,sha256:ed881fbf1b07,2.0754,25614562,200,unknown
stagger,E,45,2,34,2,5.160,410464994,sha256:9da421ddeb65,3.6717,67778971,200,unknown
stagger,E,45,2,34,2,5.160,410464994,sha256:a793e3c6bce8,5.1342,236030458,200,unknown
stagger,E,45,2,34,2,5.160,410464994,sha256:10c3183ecaa6,0.5468,6085049,200,unknown
stagger,E,45,2,34,2,5.160,410464994,sha256:15991188a884,2.1321,25656055,200,unknown
stagger,E,45,2,34,2,5.160,410464994,sha256:5142ad1c6011,0.1055,250,200,unknown
stagger,E,45,2,35,2,5.150,410464994,sha256:299c82f5afaa,0.0507,6525,200,unknown
stagger,E,45,2,35,2,5.150,410464994,sha256:866771c43bf5,3.3164,49293124,200,unknown
stagger,E,45,2,35,2,5.150,410464994,sha256:ed881fbf1b07,2.0993,25614562,200,unknown
stagger,E,45,2,35,2,5.150,410464994,sha256:9da421ddeb65,3.6515,67778971,200,unknown
stagger,E,45,2,35,2,5.150,410464994,sha256:a793e3c6bce8,5.1212,236030458,200,unknown
stagger,E,45,2,35,2,5.150,410464994,sha256:10c3183ecaa6,0.7282,6085049,200,unknown
stagger,E,45,2,35,2,5.150,410464994,sha256:15991188a884,2.3020,25656055,200,unknown
stagger,E,45,2,35,2,5.150,410464994,sha256:5142ad1c6011,0.0604,250,200,unknown
stagger,E,45,2,36,2,5.155,410464994,sha256:299c82f5afaa,0.1058,6525,200,unknown
stagger,E,45,2,36,2,5.155,410464994,sha256:866771c43bf5,3.3141,49293124,200,unknown
stagger,E,45,2,36,2,5.155,410464994,sha256:ed881fbf1b07,2.0122,25614562,200,unknown
stagger,E,45,2,36,2,5.155,410464994,sha256:9da421ddeb65,3.7361,67778971,200,unknown
stagger,E,45,2,36,2,5.155,410464994,sha256:a793e3c6bce8,5.1236,236030458,200,unknown
stagger,E,45,2,36,2,5.155,410464994,sha256:10c3183ecaa6,0.2453,6085049,200,unknown
stagger,E,45,2,36,2,5.155,410464994,sha256:15991188a884,2.2380,25656055,200,unknown
stagger,E,45,2,36,2,5.155,410464994,sha256:5142ad1c6011,0.0557,250,200,unknown
stagger,E,45,2,37,2,5.174,410464994,sha256:299c82f5afaa,0.0609,6525,200,unknown
stagger,E,45,2,37,2,5.174,410464994,sha256:866771c43bf5,3.3249,49293124,200,unknown
stagger,E,45,2,37,2,5.174,410464994,sha256:ed881fbf1b07,2.3277,25614562,200,unknown
stagger,E,45,2,37,2,5.174,410464994,sha256:9da421ddeb65,3.6178,67778971,200,unknown
stagger,E,45,2,37,2,5.174,410464994,sha256:a793e3c6bce8,5.1426,236030458,200,unknown
stagger,E,45,2,37,2,5.174,410464994,sha256:10c3183ecaa6,1.0381,6085049,200,unknown
stagger,E,45,2,37,2,5.174,410464994,sha256:15991188a884,3.3149,25656055,200,unknown
stagger,E,45,2,37,2,5.174,410464994,sha256:5142ad1c6011,0.0656,250,200,unknown
stagger,E,45,2,38,2,5.154,410464994,sha256:299c82f5afaa,0.0884,6525,200,unknown
stagger,E,45,2,38,2,5.154,410464994,sha256:866771c43bf5,2.9858,49293124,200,unknown
stagger,E,45,2,38,2,5.154,410464994,sha256:ed881fbf1b07,2.2270,25614562,200,unknown
stagger,E,45,2,38,2,5.154,410464994,sha256:9da421ddeb65,3.6044,67778971,200,unknown
stagger,E,45,2,38,2,5.154,410464994,sha256:a793e3c6bce8,5.1193,236030458,200,unknown
stagger,E,45,2,38,2,5.154,410464994,sha256:10c3183ecaa6,0.5088,6085049,200,unknown
stagger,E,45,2,38,2,5.154,410464994,sha256:15991188a884,1.9960,25656055,200,unknown
stagger,E,45,2,38,2,5.154,410464994,sha256:5142ad1c6011,0.0594,250,200,unknown
stagger,E,45,2,39,2,5.214,410464994,sha256:299c82f5afaa,0.0717,6525,200,unknown
stagger,E,45,2,39,2,5.214,410464994,sha256:866771c43bf5,3.3303,49293124,200,unknown
stagger,E,45,2,39,2,5.214,410464994,sha256:ed881fbf1b07,3.2988,25614562,200,unknown
stagger,E,45,2,39,2,5.214,410464994,sha256:9da421ddeb65,3.9512,67778971,200,unknown
stagger,E,45,2,39,2,5.214,410464994,sha256:a793e3c6bce8,5.1784,236030458,200,unknown
stagger,E,45,2,39,2,5.214,410464994,sha256:10c3183ecaa6,2.3475,6085049,200,unknown
stagger,E,45,2,39,2,5.214,410464994,sha256:15991188a884,2.4311,25656055,200,unknown
stagger,E,45,2,39,2,5.214,410464994,sha256:5142ad1c6011,0.0699,250,200,unknown
stagger,E,45,2,40,2,5.171,410464994,sha256:299c82f5afaa,0.0480,6525,200,unknown
stagger,E,45,2,40,2,5.171,410464994,sha256:866771c43bf5,3.3329,49293124,200,unknown
stagger,E,45,2,40,2,5.171,410464994,sha256:ed881fbf1b07,2.3161,25614562,200,unknown
stagger,E,45,2,40,2,5.171,410464994,sha256:9da421ddeb65,3.6575,67778971,200,unknown
stagger,E,45,2,40,2,5.171,410464994,sha256:a793e3c6bce8,5.1324,236030458,200,unknown
stagger,E,45,2,40,2,5.171,410464994,sha256:10c3183ecaa6,0.3157,6085049,200,unknown
stagger,E,45,2,40,2,5.171,410464994,sha256:15991188a884,1.8634,25656055,200,unknown
stagger,E,45,2,40,2,5.171,410464994,sha256:5142ad1c6011,0.0940,250,200,unknown
stagger,E,45,2,41,2,5.133,410464994,sha256:299c82f5afaa,0.0617,6525,200,unknown
stagger,E,45,2,41,2,5.133,410464994,sha256:866771c43bf5,3.2171,49293124,200,unknown
stagger,E,45,2,41,2,5.133,410464994,sha256:ed881fbf1b07,1.8712,25614562,200,unknown
stagger,E,45,2,41,2,5.133,410464994,sha256:9da421ddeb65,3.6570,67778971,200,unknown
stagger,E,45,2,41,2,5.133,410464994,sha256:a793e3c6bce8,5.0908,236030458,200,unknown
stagger,E,45,2,41,2,5.133,410464994,sha256:10c3183ecaa6,0.4486,6085049,200,unknown
stagger,E,45,2,41,2,5.133,410464994,sha256:15991188a884,1.9536,25656055,200,unknown
stagger,E,45,2,41,2,5.133,410464994,sha256:5142ad1c6011,0.0658,250,200,unknown
stagger,E,45,2,42,2,5.171,410464994,sha256:299c82f5afaa,0.0924,6525,200,unknown
stagger,E,45,2,42,2,5.171,410464994,sha256:866771c43bf5,3.1042,49293124,200,unknown
stagger,E,45,2,42,2,5.171,410464994,sha256:ed881fbf1b07,1.9487,25614562,200,unknown
stagger,E,45,2,42,2,5.171,410464994,sha256:9da421ddeb65,3.6611,67778971,200,unknown
stagger,E,45,2,42,2,5.171,410464994,sha256:a793e3c6bce8,5.1284,236030458,200,unknown
stagger,E,45,2,42,2,5.171,410464994,sha256:10c3183ecaa6,0.5218,6085049,200,unknown
stagger,E,45,2,42,2,5.171,410464994,sha256:15991188a884,3.5321,25656055,200,unknown
stagger,E,45,2,42,2,5.171,410464994,sha256:5142ad1c6011,0.0912,250,200,unknown
stagger,E,45,2,43,2,5.171,410464994,sha256:299c82f5afaa,0.0601,6525,200,unknown
stagger,E,45,2,43,2,5.171,410464994,sha256:866771c43bf5,3.2020,49293124,200,unknown
stagger,E,45,2,43,2,5.171,410464994,sha256:ed881fbf1b07,1.9759,25614562,200,unknown
stagger,E,45,2,43,2,5.171,410464994,sha256:9da421ddeb65,4.2974,67778971,200,unknown
stagger,E,45,2,43,2,5.171,410464994,sha256:a793e3c6bce8,5.1268,236030458,200,unknown
stagger,E,45,2,43,2,5.171,410464994,sha256:10c3183ecaa6,0.5306,6085049,200,unknown
stagger,E,45,2,43,2,5.171,410464994,sha256:15991188a884,2.0112,25656055,200,unknown
stagger,E,45,2,43,2,5.171,410464994,sha256:5142ad1c6011,0.0597,250,200,unknown
stagger,E,45,2,44,2,5.157,410464994,sha256:299c82f5afaa,0.0944,6525,200,unknown
stagger,E,45,2,44,2,5.157,410464994,sha256:866771c43bf5,3.1140,49293124,200,unknown
stagger,E,45,2,44,2,5.157,410464994,sha256:ed881fbf1b07,1.9836,25614562,200,unknown
stagger,E,45,2,44,2,5.157,410464994,sha256:9da421ddeb65,3.6414,67778971,200,unknown
stagger,E,45,2,44,2,5.157,410464994,sha256:a793e3c6bce8,5.1112,236030458,200,unknown
stagger,E,45,2,44,2,5.157,410464994,sha256:10c3183ecaa6,0.9125,6085049,200,unknown
stagger,E,45,2,44,2,5.157,410464994,sha256:15991188a884,2.4019,25656055,200,unknown
stagger,E,45,2,44,2,5.157,410464994,sha256:5142ad1c6011,0.0690,250,200,unknown
stagger,E,45,2,45,2,5.152,410464994,sha256:299c82f5afaa,0.0605,6525,200,unknown
stagger,E,45,2,45,2,5.152,410464994,sha256:866771c43bf5,3.1352,49293124,200,unknown
stagger,E,45,2,45,2,5.152,410464994,sha256:ed881fbf1b07,1.9503,25614562,200,unknown
stagger,E,45,2,45,2,5.152,410464994,sha256:9da421ddeb65,3.8522,67778971,200,unknown
stagger,E,45,2,45,2,5.152,410464994,sha256:a793e3c6bce8,5.1044,236030458,200,unknown
stagger,E,45,2,45,2,5.152,410464994,sha256:10c3183ecaa6,0.8165,6085049,200,unknown
stagger,E,45,2,45,2,5.152,410464994,sha256:15991188a884,1.8707,25656055,200,unknown
stagger,E,45,2,45,2,5.152,410464994,sha256:5142ad1c6011,0.0810,250,200,unknown
stagger,E,45,2,46,2,5.156,410464994,sha256:299c82f5afaa,0.0672,6525,200,unknown
stagger,E,45,2,46,2,5.156,410464994,sha256:866771c43bf5,3.1347,49293124,200,unknown
stagger,E,45,2,46,2,5.156,410464994,sha256:ed881fbf1b07,2.3024,25614562,200,unknown
stagger,E,45,2,46,2,5.156,410464994,sha256:9da421ddeb65,3.6925,67778971,200,unknown
stagger,E,45,2,46,2,5.156,410464994,sha256:a793e3c6bce8,5.1068,236030458,200,unknown
stagger,E,45,2,46,2,5.156,410464994,sha256:10c3183ecaa6,0.5069,6085049,200,unknown
stagger,E,45,2,46,2,5.156,410464994,sha256:15991188a884,1.9319,25656055,200,unknown
stagger,E,45,2,46,2,5.156,410464994,sha256:5142ad1c6011,0.0816,250,200,unknown
stagger,E,45,2,47,2,5.161,410464994,sha256:299c82f5afaa,0.0453,6525,200,unknown
stagger,E,45,2,47,2,5.161,410464994,sha256:866771c43bf5,3.7889,49293124,200,unknown
stagger,E,45,2,47,2,5.161,410464994,sha256:ed881fbf1b07,2.3497,25614562,200,unknown
stagger,E,45,2,47,2,5.161,410464994,sha256:9da421ddeb65,3.5868,67778971,200,unknown
stagger,E,45,2,47,2,5.161,410464994,sha256:a793e3c6bce8,5.1093,236030458,200,unknown
stagger,E,45,2,47,2,5.161,410464994,sha256:10c3183ecaa6,0.4662,6085049,200,unknown
stagger,E,45,2,47,2,5.161,410464994,sha256:15991188a884,1.9566,25656055,200,unknown
stagger,E,45,2,47,2,5.161,410464994,sha256:5142ad1c6011,0.0462,250,200,unknown
stagger,E,45,2,48,2,5.227,410464994,sha256:299c82f5afaa,0.0563,6525,200,unknown
stagger,E,45,2,48,2,5.227,410464994,sha256:866771c43bf5,3.0960,49293124,200,unknown
stagger,E,45,2,48,2,5.227,410464994,sha256:ed881fbf1b07,1.7006,25614562,200,unknown
stagger,E,45,2,48,2,5.227,410464994,sha256:9da421ddeb65,3.6367,67778971,200,unknown
stagger,E,45,2,48,2,5.227,410464994,sha256:a793e3c6bce8,5.1752,236030458,200,unknown
stagger,E,45,2,48,2,5.227,410464994,sha256:10c3183ecaa6,0.4254,6085049,200,unknown
stagger,E,45,2,48,2,5.227,410464994,sha256:15991188a884,2.4281,25656055,200,unknown
stagger,E,45,2,48,2,5.227,410464994,sha256:5142ad1c6011,0.0461,250,200,unknown
stagger,E,45,2,49,2,5.146,410464994,sha256:299c82f5afaa,0.0460,6525,200,unknown
stagger,E,45,2,49,2,5.146,410464994,sha256:866771c43bf5,3.2992,49293124,200,unknown
stagger,E,45,2,49,2,5.146,410464994,sha256:ed881fbf1b07,1.9049,25614562,200,unknown
stagger,E,45,2,49,2,5.146,410464994,sha256:9da421ddeb65,4.0197,67778971,200,unknown
stagger,E,45,2,49,2,5.146,410464994,sha256:a793e3c6bce8,5.0911,236030458,200,unknown
stagger,E,45,2,49,2,5.146,410464994,sha256:10c3183ecaa6,1.0692,6085049,200,unknown
stagger,E,45,2,49,2,5.146,410464994,sha256:15991188a884,1.9594,25656055,200,unknown
stagger,E,45,2,49,2,5.146,410464994,sha256:5142ad1c6011,0.0504,250,200,unknown
stagger,E,45,3,0,1,34.389,410464994,sha256:299c82f5afaa,0.0822,6525,200,unknown
stagger,E,45,3,0,1,34.389,410464994,sha256:866771c43bf5,21.0012,49293124,200,unknown
stagger,E,45,3,0,1,34.389,410464994,sha256:ed881fbf1b07,12.9744,25614562,200,unknown
stagger,E,45,3,0,1,34.389,410464994,sha256:9da421ddeb65,18.7610,67778971,200,unknown
stagger,E,45,3,0,1,34.389,410464994,sha256:a793e3c6bce8,34.3850,236030458,200,unknown
stagger,E,45,3,0,1,34.389,410464994,sha256:10c3183ecaa6,4.7026,6085049,200,unknown
stagger,E,45,3,0,1,34.389,410464994,sha256:15991188a884,6.5414,25656055,200,unknown
stagger,E,45,3,0,1,34.389,410464994,sha256:5142ad1c6011,0.0809,250,200,unknown
stagger,E,45,3,1,1,34.389,410464994,sha256:299c82f5afaa,0.0767,6525,200,unknown
stagger,E,45,3,1,1,34.389,410464994,sha256:866771c43bf5,20.9976,49293124,200,unknown
stagger,E,45,3,1,1,34.389,410464994,sha256:ed881fbf1b07,12.9721,25614562,200,unknown
stagger,E,45,3,1,1,34.389,410464994,sha256:9da421ddeb65,18.7588,67778971,200,unknown
stagger,E,45,3,1,1,34.389,410464994,sha256:a793e3c6bce8,34.3828,236030458,200,unknown
stagger,E,45,3,1,1,34.389,410464994,sha256:10c3183ecaa6,4.7002,6085049,200,unknown
stagger,E,45,3,1,1,34.389,410464994,sha256:15991188a884,6.5407,25656055,200,unknown
stagger,E,45,3,1,1,34.389,410464994,sha256:5142ad1c6011,0.0786,250,200,unknown
stagger,E,45,3,2,1,34.389,410464994,sha256:299c82f5afaa,0.0739,6525,200,unknown
stagger,E,45,3,2,1,34.389,410464994,sha256:866771c43bf5,20.9954,49293124,200,unknown
stagger,E,45,3,2,1,34.389,410464994,sha256:ed881fbf1b07,12.9700,25614562,200,unknown
stagger,E,45,3,2,1,34.389,410464994,sha256:9da421ddeb65,18.7550,67778971,200,unknown
stagger,E,45,3,2,1,34.389,410464994,sha256:a793e3c6bce8,34.3805,236030458,200,unknown
stagger,E,45,3,2,1,34.389,410464994,sha256:10c3183ecaa6,4.6996,6085049,200,unknown
stagger,E,45,3,2,1,34.389,410464994,sha256:15991188a884,6.5371,25656055,200,unknown
stagger,E,45,3,2,1,34.389,410464994,sha256:5142ad1c6011,0.0754,250,200,unknown
stagger,E,45,3,3,1,34.389,410464994,sha256:299c82f5afaa,0.0834,6525,200,unknown
stagger,E,45,3,3,1,34.389,410464994,sha256:866771c43bf5,20.9946,49293124,200,unknown
stagger,E,45,3,3,1,34.389,410464994,sha256:ed881fbf1b07,12.9680,25614562,200,unknown
stagger,E,45,3,3,1,34.389,410464994,sha256:9da421ddeb65,18.7528,67778971,200,unknown
stagger,E,45,3,3,1,34.389,410464994,sha256:a793e3c6bce8,34.3783,236030458,200,unknown
stagger,E,45,3,3,1,34.389,410464994,sha256:10c3183ecaa6,4.6961,6085049,200,unknown
stagger,E,45,3,3,1,34.389,410464994,sha256:15991188a884,6.5364,25656055,200,unknown
stagger,E,45,3,3,1,34.389,410464994,sha256:5142ad1c6011,0.0740,250,200,unknown
stagger,E,45,3,4,1,34.389,410464994,sha256:299c82f5afaa,0.0701,6525,200,unknown
stagger,E,45,3,4,1,34.389,410464994,sha256:866771c43bf5,20.9891,49293124,200,unknown
stagger,E,45,3,4,1,34.389,410464994,sha256:ed881fbf1b07,12.9641,25614562,200,unknown
stagger,E,45,3,4,1,34.389,410464994,sha256:9da421ddeb65,18.7487,67778971,200,unknown
stagger,E,45,3,4,1,34.389,410464994,sha256:a793e3c6bce8,34.3745,236030458,200,unknown
stagger,E,45,3,4,1,34.389,410464994,sha256:10c3183ecaa6,4.6919,6085049,200,unknown
stagger,E,45,3,4,1,34.389,410464994,sha256:15991188a884,6.5327,25656055,200,unknown
stagger,E,45,3,4,1,34.389,410464994,sha256:5142ad1c6011,0.0691,250,200,unknown
stagger,E,45,3,5,1,34.389,410464994,sha256:299c82f5afaa,0.0653,6525,200,unknown
stagger,E,45,3,5,1,34.389,410464994,sha256:866771c43bf5,20.9884,49293124,200,unknown
stagger,E,45,3,5,1,34.389,410464994,sha256:ed881fbf1b07,12.9620,25614562,200,unknown
stagger,E,45,3,5,1,34.389,410464994,sha256:9da421ddeb65,18.7483,67778971,200,unknown
stagger,E,45,3,5,1,34.389,410464994,sha256:a793e3c6bce8,34.3724,236030458,200,unknown
stagger,E,45,3,5,1,34.389,410464994,sha256:10c3183ecaa6,4.6896,6085049,200,unknown
stagger,E,45,3,5,1,34.389,410464994,sha256:15991188a884,6.5304,25656055,200,unknown
stagger,E,45,3,5,1,34.389,410464994,sha256:5142ad1c6011,0.0655,250,200,unknown
stagger,E,45,3,6,1,34.389,410464994,sha256:299c82f5afaa,0.0631,6525,200,unknown
stagger,E,45,3,6,1,34.389,410464994,sha256:866771c43bf5,20.9848,49293124,200,unknown
stagger,E,45,3,6,1,34.389,410464994,sha256:ed881fbf1b07,12.9598,25614562,200,unknown
stagger,E,45,3,6,1,34.389,410464994,sha256:9da421ddeb65,18.7446,67778971,200,unknown
stagger,E,45,3,6,1,34.389,410464994,sha256:a793e3c6bce8,34.3706,236030458,200,unknown
stagger,E,45,3,6,1,34.389,410464994,sha256:10c3183ecaa6,4.6875,6085049,200,unknown
stagger,E,45,3,6,1,34.389,410464994,sha256:15991188a884,6.5281,25656055,200,unknown
stagger,E,45,3,6,1,34.389,410464994,sha256:5142ad1c6011,0.0652,250,200,unknown
stagger,E,45,3,7,1,34.388,410464994,sha256:299c82f5afaa,0.0620,6525,200,unknown
stagger,E,45,3,7,1,34.388,410464994,sha256:866771c43bf5,20.9841,49293124,200,unknown
stagger,E,45,3,7,1,34.388,410464994,sha256:ed881fbf1b07,12.9575,25614562,200,unknown
stagger,E,45,3,7,1,34.388,410464994,sha256:9da421ddeb65,18.7443,67778971,200,unknown
stagger,E,45,3,7,1,34.388,410464994,sha256:a793e3c6bce8,34.3680,236030458,200,unknown
stagger,E,45,3,7,1,34.388,410464994,sha256:10c3183ecaa6,4.6856,6085049,200,unknown
stagger,E,45,3,7,1,34.388,410464994,sha256:15991188a884,6.5259,25656055,200,unknown
stagger,E,45,3,7,1,34.388,410464994,sha256:5142ad1c6011,0.0616,250,200,unknown
stagger,E,45,3,8,1,34.389,410464994,sha256:299c82f5afaa,0.0591,6525,200,unknown
stagger,E,45,3,8,1,34.389,410464994,sha256:866771c43bf5,20.9821,49293124,200,unknown
stagger,E,45,3,8,1,34.389,410464994,sha256:ed881fbf1b07,12.9583,25614562,200,unknown
stagger,E,45,3,8,1,34.389,410464994,sha256:9da421ddeb65,18.7416,67778971,200,unknown
stagger,E,45,3,8,1,34.389,410464994,sha256:a793e3c6bce8,34.3660,236030458,200,unknown
stagger,E,45,3,8,1,34.389,410464994,sha256:10c3183ecaa6,4.6833,6085049,200,unknown
stagger,E,45,3,8,1,34.389,410464994,sha256:15991188a884,6.5221,25656055,200,unknown
stagger,E,45,3,8,1,34.389,410464994,sha256:5142ad1c6011,0.0608,250,200,unknown
stagger,E,45,3,9,1,34.388,410464994,sha256:299c82f5afaa,0.0574,6525,200,unknown
stagger,E,45,3,9,1,34.388,410464994,sha256:866771c43bf5,20.9786,49293124,200,unknown
stagger,E,45,3,9,1,34.388,410464994,sha256:ed881fbf1b07,12.9523,25614562,200,unknown
stagger,E,45,3,9,1,34.388,410464994,sha256:9da421ddeb65,18.7396,67778971,200,unknown
stagger,E,45,3,9,1,34.388,410464994,sha256:a793e3c6bce8,34.3633,236030458,200,unknown
stagger,E,45,3,9,1,34.388,410464994,sha256:10c3183ecaa6,4.6807,6085049,200,unknown
stagger,E,45,3,9,1,34.388,410464994,sha256:15991188a884,6.5210,25656055,200,unknown
stagger,E,45,3,9,1,34.388,410464994,sha256:5142ad1c6011,0.0583,250,200,unknown
stagger,E,45,3,10,1,34.388,410464994,sha256:299c82f5afaa,0.0560,6525,200,unknown
stagger,E,45,3,10,1,34.388,410464994,sha256:866771c43bf5,20.9757,49293124,200,unknown
stagger,E,45,3,10,1,34.388,410464994,sha256:ed881fbf1b07,12.9508,25614562,200,unknown
stagger,E,45,3,10,1,34.388,410464994,sha256:9da421ddeb65,18.7352,67778971,200,unknown
stagger,E,45,3,10,1,34.388,410464994,sha256:a793e3c6bce8,34.3610,236030458,200,unknown
stagger,E,45,3,10,1,34.388,410464994,sha256:10c3183ecaa6,4.6784,6085049,200,unknown
stagger,E,45,3,10,1,34.388,410464994,sha256:15991188a884,6.5191,25656055,200,unknown
stagger,E,45,3,10,1,34.388,410464994,sha256:5142ad1c6011,0.0545,250,200,unknown
stagger,E,45,3,11,1,34.388,410464994,sha256:299c82f5afaa,0.0558,6525,200,unknown
stagger,E,45,3,11,1,34.388,410464994,sha256:866771c43bf5,20.9750,49293124,200,unknown
stagger,E,45,3,11,1,34.388,410464994,sha256:ed881fbf1b07,12.9513,25614562,200,unknown
stagger,E,45,3,11,1,34.388,410464994,sha256:9da421ddeb65,18.7349,67778971,200,unknown
stagger,E,45,3,11,1,34.388,410464994,sha256:a793e3c6bce8,34.3588,236030458,200,unknown
stagger,E,45,3,11,1,34.388,410464994,sha256:10c3183ecaa6,4.6761,6085049,200,unknown
stagger,E,45,3,11,1,34.388,410464994,sha256:15991188a884,6.5149,25656055,200,unknown
stagger,E,45,3,11,1,34.388,410464994,sha256:5142ad1c6011,0.0525,250,200,unknown
stagger,E,45,3,12,1,34.388,410464994,sha256:299c82f5afaa,0.0509,6525,200,unknown
stagger,E,45,3,12,1,34.388,410464994,sha256:866771c43bf5,20.9701,49293124,200,unknown
stagger,E,45,3,12,1,34.388,410464994,sha256:ed881fbf1b07,12.9458,25614562,200,unknown
stagger,E,45,3,12,1,34.388,410464994,sha256:9da421ddeb65,18.7325,67778971,200,unknown
stagger,E,45,3,12,1,34.388,410464994,sha256:a793e3c6bce8,34.3566,236030458,200,unknown
stagger,E,45,3,12,1,34.388,410464994,sha256:10c3183ecaa6,4.6741,6085049,200,unknown
stagger,E,45,3,12,1,34.388,410464994,sha256:15991188a884,6.5127,25656055,200,unknown
stagger,E,45,3,12,1,34.388,410464994,sha256:5142ad1c6011,0.0517,250,200,unknown
stagger,E,45,3,13,1,34.388,410464994,sha256:299c82f5afaa,0.0484,6525,200,unknown
stagger,E,45,3,13,1,34.388,410464994,sha256:866771c43bf5,20.9692,49293124,200,unknown
stagger,E,45,3,13,1,34.388,410464994,sha256:ed881fbf1b07,12.9437,25614562,200,unknown
stagger,E,45,3,13,1,34.388,410464994,sha256:9da421ddeb65,18.7306,67778971,200,unknown
stagger,E,45,3,13,1,34.388,410464994,sha256:a793e3c6bce8,34.3544,236030458,200,unknown
stagger,E,45,3,13,1,34.388,410464994,sha256:10c3183ecaa6,4.6720,6085049,200,unknown
stagger,E,45,3,13,1,34.388,410464994,sha256:15991188a884,6.5123,25656055,200,unknown
stagger,E,45,3,13,1,34.388,410464994,sha256:5142ad1c6011,0.0480,250,200,unknown
stagger,E,45,3,14,1,34.388,410464994,sha256:299c82f5afaa,0.0467,6525,200,unknown
stagger,E,45,3,14,1,34.388,410464994,sha256:866771c43bf5,20.9669,49293124,200,unknown
stagger,E,45,3,14,1,34.388,410464994,sha256:ed881fbf1b07,12.9418,25614562,200,unknown
stagger,E,45,3,14,1,34.388,410464994,sha256:9da421ddeb65,18.7288,67778971,200,unknown
stagger,E,45,3,14,1,34.388,410464994,sha256:a793e3c6bce8,34.3523,236030458,200,unknown
stagger,E,45,3,14,1,34.388,410464994,sha256:10c3183ecaa6,4.6696,6085049,200,unknown
stagger,E,45,3,14,1,34.388,410464994,sha256:15991188a884,6.5086,25656055,200,unknown
stagger,E,45,3,14,1,34.388,410464994,sha256:5142ad1c6011,0.0472,250,200,unknown
stagger,E,45,3,15,1,34.388,410464994,sha256:299c82f5afaa,0.0430,6525,200,unknown
stagger,E,45,3,15,1,34.388,410464994,sha256:866771c43bf5,20.9650,49293124,200,unknown
stagger,E,45,3,15,1,34.388,410464994,sha256:ed881fbf1b07,12.9425,25614562,200,unknown
stagger,E,45,3,15,1,34.388,410464994,sha256:9da421ddeb65,18.7265,67778971,200,unknown
stagger,E,45,3,15,1,34.388,410464994,sha256:a793e3c6bce8,34.3505,236030458,200,unknown
stagger,E,45,3,15,1,34.388,410464994,sha256:10c3183ecaa6,4.6676,6085049,200,unknown
stagger,E,45,3,15,1,34.388,410464994,sha256:15991188a884,6.5081,25656055,200,unknown
stagger,E,45,3,15,1,34.388,410464994,sha256:5142ad1c6011,0.0439,250,200,unknown
stagger,E,45,3,16,1,34.388,410464994,sha256:299c82f5afaa,0.0424,6525,200,unknown
stagger,E,45,3,16,1,34.388,410464994,sha256:866771c43bf5,20.9642,49293124,200,unknown
stagger,E,45,3,16,1,34.388,410464994,sha256:ed881fbf1b07,12.9376,25614562,200,unknown
stagger,E,45,3,16,1,34.388,410464994,sha256:9da421ddeb65,18.7223,67778971,200,unknown
stagger,E,45,3,16,1,34.388,410464994,sha256:a793e3c6bce8,34.3481,236030458,200,unknown
stagger,E,45,3,16,1,34.388,410464994,sha256:10c3183ecaa6,4.6640,6085049,200,unknown
stagger,E,45,3,16,1,34.388,410464994,sha256:15991188a884,6.5030,25656055,200,unknown
stagger,E,45,3,16,1,34.388,410464994,sha256:5142ad1c6011,0.0414,250,200,unknown
stagger,E,45,3,17,1,34.387,410464994,sha256:299c82f5afaa,0.0379,6525,200,unknown
stagger,E,45,3,17,1,34.387,410464994,sha256:866771c43bf5,20.9607,49293124,200,unknown
stagger,E,45,3,17,1,34.387,410464994,sha256:ed881fbf1b07,12.9340,25614562,200,unknown
stagger,E,45,3,17,1,34.387,410464994,sha256:9da421ddeb65,18.7211,67778971,200,unknown
stagger,E,45,3,17,1,34.387,410464994,sha256:a793e3c6bce8,34.3443,236030458,200,unknown
stagger,E,45,3,17,1,34.387,410464994,sha256:10c3183ecaa6,4.6625,6085049,200,unknown
stagger,E,45,3,17,1,34.387,410464994,sha256:15991188a884,6.5014,25656055,200,unknown
stagger,E,45,3,17,1,34.387,410464994,sha256:5142ad1c6011,0.0402,250,200,unknown
stagger,E,45,3,18,1,34.388,410464994,sha256:299c82f5afaa,0.0370,6525,200,unknown
stagger,E,45,3,18,1,34.388,410464994,sha256:866771c43bf5,20.9568,49293124,200,unknown
stagger,E,45,3,18,1,34.388,410464994,sha256:ed881fbf1b07,12.9330,25614562,200,unknown
stagger,E,45,3,18,1,34.388,410464994,sha256:9da421ddeb65,18.7199,67778971,200,unknown
stagger,E,45,3,18,1,34.388,410464994,sha256:a793e3c6bce8,34.3439,236030458,200,unknown
stagger,E,45,3,18,1,34.388,410464994,sha256:10c3183ecaa6,4.6609,6085049,200,unknown
stagger,E,45,3,18,1,34.388,410464994,sha256:15991188a884,6.5011,25656055,200,unknown
stagger,E,45,3,18,1,34.388,410464994,sha256:5142ad1c6011,0.0379,250,200,unknown
stagger,E,45,3,19,1,34.388,410464994,sha256:299c82f5afaa,0.0346,6525,200,unknown
stagger,E,45,3,19,1,34.388,410464994,sha256:866771c43bf5,20.9562,49293124,200,unknown
stagger,E,45,3,19,1,34.388,410464994,sha256:ed881fbf1b07,12.9307,25614562,200,unknown
stagger,E,45,3,19,1,34.388,410464994,sha256:9da421ddeb65,18.7180,67778971,200,unknown
stagger,E,45,3,19,1,34.388,410464994,sha256:a793e3c6bce8,34.3422,236030458,200,unknown
stagger,E,45,3,19,1,34.388,410464994,sha256:10c3183ecaa6,4.6590,6085049,200,unknown
stagger,E,45,3,19,1,34.388,410464994,sha256:15991188a884,6.4997,25656055,200,unknown
stagger,E,45,3,19,1,34.388,410464994,sha256:5142ad1c6011,0.0363,250,200,unknown
stagger,E,45,3,20,1,34.387,410464994,sha256:299c82f5afaa,0.0334,6525,200,unknown
stagger,E,45,3,20,1,34.387,410464994,sha256:866771c43bf5,20.9542,49293124,200,unknown
stagger,E,45,3,20,1,34.387,410464994,sha256:ed881fbf1b07,12.9296,25614562,200,unknown
stagger,E,45,3,20,1,34.387,410464994,sha256:9da421ddeb65,18.7163,67778971,200,unknown
stagger,E,45,3,20,1,34.387,410464994,sha256:a793e3c6bce8,34.3393,236030458,200,unknown
stagger,E,45,3,20,1,34.387,410464994,sha256:10c3183ecaa6,4.6577,6085049,200,unknown
stagger,E,45,3,20,1,34.387,410464994,sha256:15991188a884,6.4980,25656055,200,unknown
stagger,E,45,3,20,1,34.387,410464994,sha256:5142ad1c6011,0.0350,250,200,unknown
stagger,E,45,3,21,1,34.387,410464994,sha256:299c82f5afaa,0.0326,6525,200,unknown
stagger,E,45,3,21,1,34.387,410464994,sha256:866771c43bf5,20.9529,49293124,200,unknown
stagger,E,45,3,21,1,34.387,410464994,sha256:ed881fbf1b07,12.9276,25614562,200,unknown
stagger,E,45,3,21,1,34.387,410464994,sha256:9da421ddeb65,18.7142,67778971,200,unknown
stagger,E,45,3,21,1,34.387,410464994,sha256:a793e3c6bce8,34.3377,236030458,200,unknown
stagger,E,45,3,21,1,34.387,410464994,sha256:10c3183ecaa6,4.6562,6085049,200,unknown
stagger,E,45,3,21,1,34.387,410464994,sha256:15991188a884,6.4946,25656055,200,unknown
stagger,E,45,3,21,1,34.387,410464994,sha256:5142ad1c6011,0.0332,250,200,unknown
stagger,E,45,3,22,1,34.387,410464994,sha256:299c82f5afaa,0.0302,6525,200,unknown
stagger,E,45,3,22,1,34.387,410464994,sha256:866771c43bf5,20.9524,49293124,200,unknown
stagger,E,45,3,22,1,34.387,410464994,sha256:ed881fbf1b07,12.9261,25614562,200,unknown
stagger,E,45,3,22,1,34.387,410464994,sha256:9da421ddeb65,18.7131,67778971,200,unknown
stagger,E,45,3,22,1,34.387,410464994,sha256:a793e3c6bce8,34.3361,236030458,200,unknown
stagger,E,45,3,22,1,34.387,410464994,sha256:10c3183ecaa6,4.6544,6085049,200,unknown
stagger,E,45,3,22,1,34.387,410464994,sha256:15991188a884,6.4947,25656055,200,unknown
stagger,E,45,3,22,1,34.387,410464994,sha256:5142ad1c6011,0.0308,250,200,unknown
stagger,E,45,3,23,1,34.387,410464994,sha256:299c82f5afaa,0.0287,6525,200,unknown
stagger,E,45,3,23,1,34.387,410464994,sha256:866771c43bf5,20.9508,49293124,200,unknown
stagger,E,45,3,23,1,34.387,410464994,sha256:ed881fbf1b07,12.9246,25614562,200,unknown
stagger,E,45,3,23,1,34.387,410464994,sha256:9da421ddeb65,18.7113,67778971,200,unknown
stagger,E,45,3,23,1,34.387,410464994,sha256:a793e3c6bce8,34.3352,236030458,200,unknown
stagger,E,45,3,23,1,34.387,410464994,sha256:10c3183ecaa6,4.6530,6085049,200,unknown
stagger,E,45,3,23,1,34.387,410464994,sha256:15991188a884,6.4934,25656055,200,unknown
stagger,E,45,3,23,1,34.387,410464994,sha256:5142ad1c6011,0.0299,250,200,unknown
stagger,E,45,3,24,1,34.387,410464994,sha256:299c82f5afaa,0.0266,6525,200,unknown
stagger,E,45,3,24,1,34.387,410464994,sha256:866771c43bf5,20.9492,49293124,200,unknown
stagger,E,45,3,24,1,34.387,410464994,sha256:ed881fbf1b07,12.9230,25614562,200,unknown
stagger,E,45,3,24,1,34.387,410464994,sha256:9da421ddeb65,18.7097,67778971,200,unknown
stagger,E,45,3,24,1,34.387,410464994,sha256:a793e3c6bce8,34.3340,236030458,200,unknown
stagger,E,45,3,24,1,34.387,410464994,sha256:10c3183ecaa6,4.6514,6085049,200,unknown
stagger,E,45,3,24,1,34.387,410464994,sha256:15991188a884,6.4901,25656055,200,unknown
stagger,E,45,3,24,1,34.387,410464994,sha256:5142ad1c6011,0.0289,250,200,unknown
stagger,E,45,3,25,2,4.983,410464994,sha256:299c82f5afaa,0.0503,6525,200,unknown
stagger,E,45,3,25,2,4.983,410464994,sha256:866771c43bf5,3.5199,49293124,200,unknown
stagger,E,45,3,25,2,4.983,410464994,sha256:ed881fbf1b07,1.6875,25614562,200,unknown
stagger,E,45,3,25,2,4.983,410464994,sha256:9da421ddeb65,3.3722,67778971,200,unknown
stagger,E,45,3,25,2,4.983,410464994,sha256:a793e3c6bce8,4.9790,236030458,200,unknown
stagger,E,45,3,25,2,4.983,410464994,sha256:10c3183ecaa6,0.8311,6085049,200,unknown
stagger,E,45,3,25,2,4.983,410464994,sha256:15991188a884,1.9650,25656055,200,unknown
stagger,E,45,3,25,2,4.983,410464994,sha256:5142ad1c6011,0.0514,250,200,unknown
stagger,E,45,3,26,2,5.037,410464994,sha256:299c82f5afaa,0.0488,6525,200,unknown
stagger,E,45,3,26,2,5.037,410464994,sha256:866771c43bf5,3.1129,49293124,200,unknown
stagger,E,45,3,26,2,5.037,410464994,sha256:ed881fbf1b07,2.4163,25614562,200,unknown
stagger,E,45,3,26,2,5.037,410464994,sha256:9da421ddeb65,3.4825,67778971,200,unknown
stagger,E,45,3,26,2,5.037,410464994,sha256:a793e3c6bce8,5.0330,236030458,200,unknown
stagger,E,45,3,26,2,5.037,410464994,sha256:10c3183ecaa6,0.4071,6085049,200,unknown
stagger,E,45,3,26,2,5.037,410464994,sha256:15991188a884,2.0164,25656055,200,unknown
stagger,E,45,3,26,2,5.037,410464994,sha256:5142ad1c6011,0.0630,250,200,unknown
stagger,E,45,3,27,2,4.959,410464994,sha256:299c82f5afaa,0.0930,6525,200,unknown
stagger,E,45,3,27,2,4.959,410464994,sha256:866771c43bf5,3.1544,49293124,200,unknown
stagger,E,45,3,27,2,4.959,410464994,sha256:ed881fbf1b07,1.8799,25614562,200,unknown
stagger,E,45,3,27,2,4.959,410464994,sha256:9da421ddeb65,3.5704,67778971,200,unknown
stagger,E,45,3,27,2,4.959,410464994,sha256:a793e3c6bce8,4.9528,236030458,200,unknown
stagger,E,45,3,27,2,4.959,410464994,sha256:10c3183ecaa6,0.9389,6085049,200,unknown
stagger,E,45,3,27,2,4.959,410464994,sha256:15991188a884,2.3036,25656055,200,unknown
stagger,E,45,3,27,2,4.959,410464994,sha256:5142ad1c6011,0.0863,250,200,unknown
stagger,E,45,3,28,2,5.020,410464994,sha256:299c82f5afaa,0.0685,6525,200,unknown
stagger,E,45,3,28,2,5.020,410464994,sha256:866771c43bf5,3.0939,49293124,200,unknown
stagger,E,45,3,28,2,5.020,410464994,sha256:ed881fbf1b07,2.0176,25614562,200,unknown
stagger,E,45,3,28,2,5.020,410464994,sha256:9da421ddeb65,3.4841,67778971,200,unknown
stagger,E,45,3,28,2,5.020,410464994,sha256:a793e3c6bce8,5.0135,236030458,200,unknown
stagger,E,45,3,28,2,5.020,410464994,sha256:10c3183ecaa6,0.6344,6085049,200,unknown
stagger,E,45,3,28,2,5.020,410464994,sha256:15991188a884,2.0141,25656055,200,unknown
stagger,E,45,3,28,2,5.020,410464994,sha256:5142ad1c6011,0.0842,250,200,unknown
stagger,E,45,3,29,2,4.998,410464994,sha256:299c82f5afaa,0.0570,6525,200,unknown
stagger,E,45,3,29,2,4.998,410464994,sha256:866771c43bf5,3.1363,49293124,200,unknown
stagger,E,45,3,29,2,4.998,410464994,sha256:ed881fbf1b07,3.3793,25614562,200,unknown
stagger,E,45,3,29,2,4.998,410464994,sha256:9da421ddeb65,3.5567,67778971,200,unknown
stagger,E,45,3,29,2,4.998,410464994,sha256:a793e3c6bce8,4.9906,236030458,200,unknown
stagger,E,45,3,29,2,4.998,410464994,sha256:10c3183ecaa6,0.5010,6085049,200,unknown
stagger,E,45,3,29,2,4.998,410464994,sha256:15991188a884,2.0093,25656055,200,unknown
stagger,E,45,3,29,2,4.998,410464994,sha256:5142ad1c6011,0.0697,250,200,unknown
stagger,E,45,3,30,2,5.004,410464994,sha256:299c82f5afaa,0.0918,6525,200,unknown
stagger,E,45,3,30,2,5.004,410464994,sha256:866771c43bf5,3.2891,49293124,200,unknown
stagger,E,45,3,30,2,5.004,410464994,sha256:ed881fbf1b07,1.9792,25614562,200,unknown
stagger,E,45,3,30,2,5.004,410464994,sha256:9da421ddeb65,3.5165,67778971,200,unknown
stagger,E,45,3,30,2,5.004,410464994,sha256:a793e3c6bce8,4.9953,236030458,200,unknown
stagger,E,45,3,30,2,5.004,410464994,sha256:10c3183ecaa6,0.8078,6085049,200,unknown
stagger,E,45,3,30,2,5.004,410464994,sha256:15991188a884,2.0330,25656055,200,unknown
stagger,E,45,3,30,2,5.004,410464994,sha256:5142ad1c6011,0.0988,250,200,unknown
stagger,E,45,3,31,2,4.975,410464994,sha256:299c82f5afaa,0.0829,6525,200,unknown
stagger,E,45,3,31,2,4.975,410464994,sha256:866771c43bf5,3.6793,49293124,200,unknown
stagger,E,45,3,31,2,4.975,410464994,sha256:ed881fbf1b07,2.0336,25614562,200,unknown
stagger,E,45,3,31,2,4.975,410464994,sha256:9da421ddeb65,3.4768,67778971,200,unknown
stagger,E,45,3,31,2,4.975,410464994,sha256:a793e3c6bce8,4.9638,236030458,200,unknown
stagger,E,45,3,31,2,4.975,410464994,sha256:10c3183ecaa6,1.1803,6085049,200,unknown
stagger,E,45,3,31,2,4.975,410464994,sha256:15991188a884,2.0018,25656055,200,unknown
stagger,E,45,3,31,2,4.975,410464994,sha256:5142ad1c6011,0.0902,250,200,unknown
stagger,E,45,3,32,2,4.994,410464994,sha256:299c82f5afaa,0.0818,6525,200,unknown
stagger,E,45,3,32,2,4.994,410464994,sha256:866771c43bf5,3.1452,49293124,200,unknown
stagger,E,45,3,32,2,4.994,410464994,sha256:ed881fbf1b07,2.0620,25614562,200,unknown
stagger,E,45,3,32,2,4.994,410464994,sha256:9da421ddeb65,3.4554,67778971,200,unknown
stagger,E,45,3,32,2,4.994,410464994,sha256:a793e3c6bce8,4.9830,236030458,200,unknown
stagger,E,45,3,32,2,4.994,410464994,sha256:10c3183ecaa6,0.5232,6085049,200,unknown
stagger,E,45,3,32,2,4.994,410464994,sha256:15991188a884,1.8209,25656055,200,unknown
stagger,E,45,3,32,2,4.994,410464994,sha256:5142ad1c6011,0.0432,250,200,unknown
stagger,E,45,3,33,2,4.994,410464994,sha256:299c82f5afaa,0.0977,6525,200,unknown
stagger,E,45,3,33,2,4.994,410464994,sha256:866771c43bf5,3.0981,49293124,200,unknown
stagger,E,45,3,33,2,4.994,410464994,sha256:ed881fbf1b07,2.3985,25614562,200,unknown
stagger,E,45,3,33,2,4.994,410464994,sha256:9da421ddeb65,3.5188,67778971,200,unknown
stagger,E,45,3,33,2,4.994,410464994,sha256:a793e3c6bce8,4.9819,236030458,200,unknown
stagger,E,45,3,33,2,4.994,410464994,sha256:10c3183ecaa6,1.0949,6085049,200,unknown
stagger,E,45,3,33,2,4.994,410464994,sha256:15991188a884,3.5517,25656055,200,unknown
stagger,E,45,3,33,2,4.994,410464994,sha256:5142ad1c6011,0.0980,250,200,unknown
stagger,E,45,3,34,2,5.063,410464994,sha256:299c82f5afaa,0.0400,6525,200,unknown
stagger,E,45,3,34,2,5.063,410464994,sha256:866771c43bf5,4.0850,49293124,200,unknown
stagger,E,45,3,34,2,5.063,410464994,sha256:ed881fbf1b07,2.0244,25614562,200,unknown
stagger,E,45,3,34,2,5.063,410464994,sha256:9da421ddeb65,3.5428,67778971,200,unknown
stagger,E,45,3,34,2,5.063,410464994,sha256:a793e3c6bce8,5.0503,236030458,200,unknown
stagger,E,45,3,34,2,5.063,410464994,sha256:10c3183ecaa6,0.5943,6085049,200,unknown
stagger,E,45,3,34,2,5.063,410464994,sha256:15991188a884,2.3116,25656055,200,unknown
stagger,E,45,3,34,2,5.063,410464994,sha256:5142ad1c6011,0.0955,250,200,unknown
stagger,E,45,3,35,2,5.010,410464994,sha256:299c82f5afaa,0.0506,6525,200,unknown
stagger,E,45,3,35,2,5.010,410464994,sha256:866771c43bf5,3.1352,49293124,200,unknown
stagger,E,45,3,35,2,5.010,410464994,sha256:ed881fbf1b07,2.0544,25614562,200,unknown
stagger,E,45,3,35,2,5.010,410464994,sha256:9da421ddeb65,3.5189,67778971,200,unknown
stagger,E,45,3,35,2,5.010,410464994,sha256:a793e3c6bce8,4.9946,236030458,200,unknown
stagger,E,45,3,35,2,5.010,410464994,sha256:10c3183ecaa6,1.0300,6085049,200,unknown
stagger,E,45,3,35,2,5.010,410464994,sha256:15991188a884,1.9961,25656055,200,unknown
stagger,E,45,3,35,2,5.010,410464994,sha256:5142ad1c6011,0.0400,250,200,unknown
stagger,E,45,3,36,2,4.988,410464994,sha256:299c82f5afaa,0.0410,6525,200,unknown
stagger,E,45,3,36,2,4.988,410464994,sha256:866771c43bf5,3.0073,49293124,200,unknown
stagger,E,45,3,36,2,4.988,410464994,sha256:ed881fbf1b07,1.9866,25614562,200,unknown
stagger,E,45,3,36,2,4.988,410464994,sha256:9da421ddeb65,3.5533,67778971,200,unknown
stagger,E,45,3,36,2,4.988,410464994,sha256:a793e3c6bce8,4.9714,236030458,200,unknown
stagger,E,45,3,36,2,4.988,410464994,sha256:10c3183ecaa6,0.7572,6085049,200,unknown
stagger,E,45,3,36,2,4.988,410464994,sha256:15991188a884,2.0165,25656055,200,unknown
stagger,E,45,3,36,2,4.988,410464994,sha256:5142ad1c6011,0.0403,250,200,unknown
stagger,E,45,3,37,2,4.982,410464994,sha256:299c82f5afaa,0.0919,6525,200,unknown
stagger,E,45,3,37,2,4.982,410464994,sha256:866771c43bf5,3.1150,49293124,200,unknown
stagger,E,45,3,37,2,4.982,410464994,sha256:ed881fbf1b07,2.0638,25614562,200,unknown
stagger,E,45,3,37,2,4.982,410464994,sha256:9da421ddeb65,3.5983,67778971,200,unknown
stagger,E,45,3,37,2,4.982,410464994,sha256:a793e3c6bce8,4.9637,236030458,200,unknown
stagger,E,45,3,37,2,4.982,410464994,sha256:10c3183ecaa6,1.0171,6085049,200,unknown
stagger,E,45,3,37,2,4.982,410464994,sha256:15991188a884,3.3881,25656055,200,unknown
stagger,E,45,3,37,2,4.982,410464994,sha256:5142ad1c6011,0.0339,250,200,unknown
stagger,E,45,3,38,2,5.096,410464994,sha256:299c82f5afaa,0.0554,6525,200,unknown
stagger,E,45,3,38,2,5.096,410464994,sha256:866771c43bf5,3.3263,49293124,200,unknown
stagger,E,45,3,38,2,5.096,410464994,sha256:ed881fbf1b07,2.0449,25614562,200,unknown
stagger,E,45,3,38,2,5.096,410464994,sha256:9da421ddeb65,3.5866,67778971,200,unknown
stagger,E,45,3,38,2,5.096,410464994,sha256:a793e3c6bce8,5.0776,236030458,200,unknown
stagger,E,45,3,38,2,5.096,410464994,sha256:10c3183ecaa6,0.5232,6085049,200,unknown
stagger,E,45,3,38,2,5.096,410464994,sha256:15991188a884,2.0444,25656055,200,unknown
stagger,E,45,3,38,2,5.096,410464994,sha256:5142ad1c6011,0.0776,250,200,unknown
stagger,E,45,3,39,2,4.980,410464994,sha256:299c82f5afaa,0.0580,6525,200,unknown
stagger,E,45,3,39,2,4.980,410464994,sha256:866771c43bf5,3.1141,49293124,200,unknown
stagger,E,45,3,39,2,4.980,410464994,sha256:ed881fbf1b07,1.9953,25614562,200,unknown
stagger,E,45,3,39,2,4.980,410464994,sha256:9da421ddeb65,3.5496,67778971,200,unknown
stagger,E,45,3,39,2,4.980,410464994,sha256:a793e3c6bce8,4.9593,236030458,200,unknown
stagger,E,45,3,39,2,4.980,410464994,sha256:10c3183ecaa6,0.5524,6085049,200,unknown
stagger,E,45,3,39,2,4.980,410464994,sha256:15991188a884,2.9344,25656055,200,unknown
stagger,E,45,3,39,2,4.980,410464994,sha256:5142ad1c6011,0.0701,250,200,unknown
stagger,E,45,3,40,2,4.980,410464994,sha256:299c82f5afaa,0.0812,6525,200,unknown
stagger,E,45,3,40,2,4.980,410464994,sha256:866771c43bf5,3.0563,49293124,200,unknown
stagger,E,45,3,40,2,4.980,410464994,sha256:ed881fbf1b07,1.9712,25614562,200,unknown
stagger,E,45,3,40,2,4.980,410464994,sha256:9da421ddeb65,3.5516,67778971,200,unknown
stagger,E,45,3,40,2,4.980,410464994,sha256:a793e3c6bce8,4.9582,236030458,200,unknown
stagger,E,45,3,40,2,4.980,410464994,sha256:10c3183ecaa6,0.5440,6085049,200,unknown
stagger,E,45,3,40,2,4.980,410464994,sha256:15991188a884,1.9620,25656055,200,unknown
stagger,E,45,3,40,2,4.980,410464994,sha256:5142ad1c6011,0.0732,250,200,unknown
stagger,E,45,3,41,2,4.986,410464994,sha256:299c82f5afaa,0.0783,6525,200,unknown
stagger,E,45,3,41,2,4.986,410464994,sha256:866771c43bf5,3.1406,49293124,200,unknown
stagger,E,45,3,41,2,4.986,410464994,sha256:ed881fbf1b07,2.3966,25614562,200,unknown
stagger,E,45,3,41,2,4.986,410464994,sha256:9da421ddeb65,3.5115,67778971,200,unknown
stagger,E,45,3,41,2,4.986,410464994,sha256:a793e3c6bce8,4.9635,236030458,200,unknown
stagger,E,45,3,41,2,4.986,410464994,sha256:10c3183ecaa6,0.7273,6085049,200,unknown
stagger,E,45,3,41,2,4.986,410464994,sha256:15991188a884,2.4359,25656055,200,unknown
stagger,E,45,3,41,2,4.986,410464994,sha256:5142ad1c6011,0.0427,250,200,unknown
stagger,E,45,3,42,2,5.095,410464994,sha256:299c82f5afaa,0.0423,6525,200,unknown
stagger,E,45,3,42,2,5.095,410464994,sha256:866771c43bf5,3.0426,49293124,200,unknown
stagger,E,45,3,42,2,5.095,410464994,sha256:ed881fbf1b07,2.0548,25614562,200,unknown
stagger,E,45,3,42,2,5.095,410464994,sha256:9da421ddeb65,3.4467,67778971,200,unknown
stagger,E,45,3,42,2,5.095,410464994,sha256:a793e3c6bce8,5.0722,236030458,200,unknown
stagger,E,45,3,42,2,5.095,410464994,sha256:10c3183ecaa6,0.5593,6085049,200,unknown
stagger,E,45,3,42,2,5.095,410464994,sha256:15991188a884,1.9792,25656055,200,unknown
stagger,E,45,3,42,2,5.095,410464994,sha256:5142ad1c6011,0.0726,250,200,unknown
stagger,E,45,3,43,2,5.027,410464994,sha256:299c82f5afaa,0.0834,6525,200,unknown
stagger,E,45,3,43,2,5.027,410464994,sha256:866771c43bf5,3.1014,49293124,200,unknown
stagger,E,45,3,43,2,5.027,410464994,sha256:ed881fbf1b07,2.2711,25614562,200,unknown
stagger,E,45,3,43,2,5.027,410464994,sha256:9da421ddeb65,3.7150,67778971,200,unknown
stagger,E,45,3,43,2,5.027,410464994,sha256:a793e3c6bce8,5.0026,236030458,200,unknown
stagger,E,45,3,43,2,5.027,410464994,sha256:10c3183ecaa6,0.7883,6085049,200,unknown
stagger,E,45,3,43,2,5.027,410464994,sha256:15991188a884,3.3396,25656055,200,unknown
stagger,E,45,3,43,2,5.027,410464994,sha256:5142ad1c6011,0.0269,250,200,unknown
stagger,E,45,3,44,2,4.994,410464994,sha256:299c82f5afaa,0.0271,6525,200,unknown
stagger,E,45,3,44,2,4.994,410464994,sha256:866771c43bf5,3.1576,49293124,200,unknown
stagger,E,45,3,44,2,4.994,410464994,sha256:ed881fbf1b07,2.0801,25614562,200,unknown
stagger,E,45,3,44,2,4.994,410464994,sha256:9da421ddeb65,3.4625,67778971,200,unknown
stagger,E,45,3,44,2,4.994,410464994,sha256:a793e3c6bce8,4.9678,236030458,200,unknown
stagger,E,45,3,44,2,4.994,410464994,sha256:10c3183ecaa6,0.5453,6085049,200,unknown
stagger,E,45,3,44,2,4.994,410464994,sha256:15991188a884,2.0271,25656055,200,unknown
stagger,E,45,3,44,2,4.994,410464994,sha256:5142ad1c6011,0.0810,250,200,unknown
stagger,E,45,3,45,2,5.009,410464994,sha256:299c82f5afaa,0.0474,6525,200,unknown
stagger,E,45,3,45,2,5.009,410464994,sha256:866771c43bf5,3.0928,49293124,200,unknown
stagger,E,45,3,45,2,5.009,410464994,sha256:ed881fbf1b07,2.0856,25614562,200,unknown
stagger,E,45,3,45,2,5.009,410464994,sha256:9da421ddeb65,3.5304,67778971,200,unknown
stagger,E,45,3,45,2,5.009,410464994,sha256:a793e3c6bce8,4.9828,236030458,200,unknown
stagger,E,45,3,45,2,5.009,410464994,sha256:10c3183ecaa6,0.8624,6085049,200,unknown
stagger,E,45,3,45,2,5.009,410464994,sha256:15991188a884,2.3441,25656055,200,unknown
stagger,E,45,3,45,2,5.009,410464994,sha256:5142ad1c6011,0.0319,250,200,unknown
stagger,E,45,3,46,2,5.035,410464994,sha256:299c82f5afaa,0.0270,6525,200,unknown
stagger,E,45,3,46,2,5.035,410464994,sha256:866771c43bf5,3.1059,49293124,200,unknown
stagger,E,45,3,46,2,5.035,410464994,sha256:ed881fbf1b07,1.9821,25614562,200,unknown
stagger,E,45,3,46,2,5.035,410464994,sha256:9da421ddeb65,3.4694,67778971,200,unknown
stagger,E,45,3,46,2,5.035,410464994,sha256:a793e3c6bce8,5.0076,236030458,200,unknown
stagger,E,45,3,46,2,5.035,410464994,sha256:10c3183ecaa6,0.5327,6085049,200,unknown
stagger,E,45,3,46,2,5.035,410464994,sha256:15991188a884,2.2757,25656055,200,unknown
stagger,E,45,3,46,2,5.035,410464994,sha256:5142ad1c6011,0.0322,250,200,unknown
stagger,E,45,3,47,2,5.019,410464994,sha256:299c82f5afaa,0.0657,6525,200,unknown
stagger,E,45,3,47,2,5.019,410464994,sha256:866771c43bf5,3.0318,49293124,200,unknown
stagger,E,45,3,47,2,5.019,410464994,sha256:ed881fbf1b07,1.9403,25614562,200,unknown
stagger,E,45,3,47,2,5.019,410464994,sha256:9da421ddeb65,3.5328,67778971,200,unknown
stagger,E,45,3,47,2,5.019,410464994,sha256:a793e3c6bce8,4.9905,236030458,200,unknown
stagger,E,45,3,47,2,5.019,410464994,sha256:10c3183ecaa6,0.4585,6085049,200,unknown
stagger,E,45,3,47,2,5.019,410464994,sha256:15991188a884,2.1663,25656055,200,unknown
stagger,E,45,3,47,2,5.019,410464994,sha256:5142ad1c6011,0.0490,250,200,unknown
stagger,E,45,3,48,2,4.994,410464994,sha256:299c82f5afaa,0.0237,6525,200,unknown
stagger,E,45,3,48,2,4.994,410464994,sha256:866771c43bf5,3.2075,49293124,200,unknown
stagger,E,45,3,48,2,4.994,410464994,sha256:ed881fbf1b07,2.2295,25614562,200,unknown
stagger,E,45,3,48,2,4.994,410464994,sha256:9da421ddeb65,3.7473,67778971,200,unknown
stagger,E,45,3,48,2,4.994,410464994,sha256:a793e3c6bce8,4.9623,236030458,200,unknown
stagger,E,45,3,48,2,4.994,410464994,sha256:10c3183ecaa6,0.5321,6085049,200,unknown
stagger,E,45,3,48,2,4.994,410464994,sha256:15991188a884,2.0496,25656055,200,unknown
stagger,E,45,3,48,2,4.994,410464994,sha256:5142ad1c6011,0.0489,250,200,unknown
stagger,E,45,3,49,2,4.994,410464994,sha256:299c82f5afaa,0.0645,6525,200,unknown
stagger,E,45,3,49,2,4.994,410464994,sha256:866771c43bf5,3.1031,49293124,200,unknown
stagger,E,45,3,49,2,4.994,410464994,sha256:ed881fbf1b07,1.9814,25614562,200,unknown
stagger,E,45,3,49,2,4.994,410464994,sha256:9da421ddeb65,3.7787,67778971,200,unknown
stagger,E,45,3,49,2,4.994,410464994,sha256:a793e3c6bce8,4.9617,236030458,200,unknown
stagger,E,45,3,49,2,4.994,410464994,sha256:10c3183ecaa6,0.5543,6085049,200,unknown
stagger,E,45,3,49,2,4.994,410464994,sha256:15991188a884,2.0245,25656055,200,unknown
stagger,E,45,3,49,2,4.994,410464994,sha256:5142ad1c6011,0.0443,250,200,unknown
eviction,1_cold_A,0,1,0,1,34.363,410464994,sha256:299c82f5afaa,0.0532,6525,200,unknown
eviction,1_cold_A,0,1,0,1,34.363,410464994,sha256:866771c43bf5,15.6686,49293124,200,unknown
eviction,1_cold_A,0,1,0,1,34.363,410464994,sha256:ed881fbf1b07,11.2141,25614562,200,unknown
eviction,1_cold_A,0,1,0,1,34.363,410464994,sha256:9da421ddeb65,20.5558,67778971,200,unknown
eviction,1_cold_A,0,1,0,1,34.363,410464994,sha256:a793e3c6bce8,34.3614,236030458,200,unknown
eviction,1_cold_A,0,1,0,1,34.363,410464994,sha256:10c3183ecaa6,3.0839,6085049,200,unknown
eviction,1_cold_A,0,1,0,1,34.363,410464994,sha256:15991188a884,10.6368,25656055,200,unknown
eviction,1_cold_A,0,1,0,1,34.363,410464994,sha256:5142ad1c6011,0.0481,250,200,unknown
eviction,1_cold_A,0,1,1,1,34.362,410464994,sha256:299c82f5afaa,0.0516,6525,200,unknown
eviction,1_cold_A,0,1,1,1,34.362,410464994,sha256:866771c43bf5,15.6667,49293124,200,unknown
eviction,1_cold_A,0,1,1,1,34.362,410464994,sha256:ed881fbf1b07,11.2126,25614562,200,unknown
eviction,1_cold_A,0,1,1,1,34.362,410464994,sha256:9da421ddeb65,20.5539,67778971,200,unknown
eviction,1_cold_A,0,1,1,1,34.362,410464994,sha256:a793e3c6bce8,34.3593,236030458,200,unknown
eviction,1_cold_A,0,1,1,1,34.362,410464994,sha256:10c3183ecaa6,3.0831,6085049,200,unknown
eviction,1_cold_A,0,1,1,1,34.362,410464994,sha256:15991188a884,10.6362,25656055,200,unknown
eviction,1_cold_A,0,1,1,1,34.362,410464994,sha256:5142ad1c6011,0.0479,250,200,unknown
eviction,1_cold_A,0,1,2,1,34.363,410464994,sha256:299c82f5afaa,0.0504,6525,200,unknown
eviction,1_cold_A,0,1,2,1,34.363,410464994,sha256:866771c43bf5,15.6651,49293124,200,unknown
eviction,1_cold_A,0,1,2,1,34.363,410464994,sha256:ed881fbf1b07,11.2114,25614562,200,unknown
eviction,1_cold_A,0,1,2,1,34.363,410464994,sha256:9da421ddeb65,20.5532,67778971,200,unknown
eviction,1_cold_A,0,1,2,1,34.363,410464994,sha256:a793e3c6bce8,34.3587,236030458,200,unknown
eviction,1_cold_A,0,1,2,1,34.363,410464994,sha256:10c3183ecaa6,3.0816,6085049,200,unknown
eviction,1_cold_A,0,1,2,1,34.363,410464994,sha256:15991188a884,10.6344,25656055,200,unknown
eviction,1_cold_A,0,1,2,1,34.363,410464994,sha256:5142ad1c6011,0.0469,250,200,unknown
eviction,1_cold_A,0,1,3,1,34.362,410464994,sha256:299c82f5afaa,0.0494,6525,200,unknown
eviction,1_cold_A,0,1,3,1,34.362,410464994,sha256:866771c43bf5,15.6642,49293124,200,unknown
eviction,1_cold_A,0,1,3,1,34.362,410464994,sha256:ed881fbf1b07,11.2106,25614562,200,unknown
eviction,1_cold_A,0,1,3,1,34.362,410464994,sha256:9da421ddeb65,20.5515,67778971,200,unknown
eviction,1_cold_A,0,1,3,1,34.362,410464994,sha256:a793e3c6bce8,34.3571,236030458,200,unknown
eviction,1_cold_A,0,1,3,1,34.362,410464994,sha256:10c3183ecaa6,3.0807,6085049,200,unknown
eviction,1_cold_A,0,1,3,1,34.362,410464994,sha256:15991188a884,10.6331,25656055,200,unknown
eviction,1_cold_A,0,1,3,1,34.362,410464994,sha256:5142ad1c6011,0.0446,250,200,unknown
eviction,1_cold_A,0,1,4,1,34.362,410464994,sha256:299c82f5afaa,0.0483,6525,200,unknown
eviction,1_cold_A,0,1,4,1,34.362,410464994,sha256:866771c43bf5,15.6626,49293124,200,unknown
eviction,1_cold_A,0,1,4,1,34.362,410464994,sha256:ed881fbf1b07,11.2095,25614562,200,unknown
eviction,1_cold_A,0,1,4,1,34.362,410464994,sha256:9da421ddeb65,20.5508,67778971,200,unknown
eviction,1_cold_A,0,1,4,1,34.362,410464994,sha256:a793e3c6bce8,34.3560,236030458,200,unknown
eviction,1_cold_A,0,1,4,1,34.362,410464994,sha256:10c3183ecaa6,3.0796,6085049,200,unknown
eviction,1_cold_A,0,1,4,1,34.362,410464994,sha256:15991188a884,10.6325,25656055,200,unknown
eviction,1_cold_A,0,1,4,1,34.362,410464994,sha256:5142ad1c6011,0.0445,250,200,unknown
eviction,1_cold_A,0,1,5,1,34.362,410464994,sha256:299c82f5afaa,0.0464,6525,200,unknown
eviction,1_cold_A,0,1,5,1,34.362,410464994,sha256:866771c43bf5,15.6615,49293124,200,unknown
eviction,1_cold_A,0,1,5,1,34.362,410464994,sha256:ed881fbf1b07,11.2083,25614562,200,unknown
eviction,1_cold_A,0,1,5,1,34.362,410464994,sha256:9da421ddeb65,20.5496,67778971,200,unknown
eviction,1_cold_A,0,1,5,1,34.362,410464994,sha256:a793e3c6bce8,34.3546,236030458,200,unknown
eviction,1_cold_A,0,1,5,1,34.362,410464994,sha256:10c3183ecaa6,3.0781,6085049,200,unknown
eviction,1_cold_A,0,1,5,1,34.362,410464994,sha256:15991188a884,10.6309,25656055,200,unknown
eviction,1_cold_A,0,1,5,1,34.362,410464994,sha256:5142ad1c6011,0.0429,250,200,unknown
eviction,1_cold_A,0,1,6,1,34.362,410464994,sha256:299c82f5afaa,0.0456,6525,200,unknown
eviction,1_cold_A,0,1,6,1,34.362,410464994,sha256:866771c43bf5,15.6607,49293124,200,unknown
eviction,1_cold_A,0,1,6,1,34.362,410464994,sha256:ed881fbf1b07,11.2066,25614562,200,unknown
eviction,1_cold_A,0,1,6,1,34.362,410464994,sha256:9da421ddeb65,20.5485,67778971,200,unknown
eviction,1_cold_A,0,1,6,1,34.362,410464994,sha256:a793e3c6bce8,34.3536,236030458,200,unknown
eviction,1_cold_A,0,1,6,1,34.362,410464994,sha256:10c3183ecaa6,3.0771,6085049,200,unknown
eviction,1_cold_A,0,1,6,1,34.362,410464994,sha256:15991188a884,10.6302,25656055,200,unknown
eviction,1_cold_A,0,1,6,1,34.362,410464994,sha256:5142ad1c6011,0.0422,250,200,unknown
eviction,1_cold_A,0,1,7,1,34.362,410464994,sha256:299c82f5afaa,0.0447,6525,200,unknown
eviction,1_cold_A,0,1,7,1,34.362,410464994,sha256:866771c43bf5,15.6581,49293124,200,unknown
eviction,1_cold_A,0,1,7,1,34.362,410464994,sha256:ed881fbf1b07,11.2048,25614562,200,unknown
eviction,1_cold_A,0,1,7,1,34.362,410464994,sha256:9da421ddeb65,20.5456,67778971,200,unknown
eviction,1_cold_A,0,1,7,1,34.362,410464994,sha256:a793e3c6bce8,34.3515,236030458,200,unknown
eviction,1_cold_A,0,1,7,1,34.362,410464994,sha256:10c3183ecaa6,3.0746,6085049,200,unknown
eviction,1_cold_A,0,1,7,1,34.362,410464994,sha256:15991188a884,10.6279,25656055,200,unknown
eviction,1_cold_A,0,1,7,1,34.362,410464994,sha256:5142ad1c6011,0.0398,250,200,unknown
eviction,1_cold_A,0,1,8,1,34.362,410464994,sha256:299c82f5afaa,0.0424,6525,200,unknown
eviction,1_cold_A,0,1,8,1,34.362,410464994,sha256:866771c43bf5,15.6486,49293124,200,unknown
eviction,1_cold_A,0,1,8,1,34.362,410464994,sha256:ed881fbf1b07,11.1952,25614562,200,unknown
eviction,1_cold_A,0,1,8,1,34.362,410464994,sha256:9da421ddeb65,20.5365,67778971,200,unknown
eviction,1_cold_A,0,1,8,1,34.362,410464994,sha256:a793e3c6bce8,34.3415,236030458,200,unknown
eviction,1_cold_A,0,1,8,1,34.362,410464994,sha256:10c3183ecaa6,3.0649,6085049,200,unknown
eviction,1_cold_A,0,1,8,1,34.362,410464994,sha256:15991188a884,10.6175,25656055,200,unknown
eviction,1_cold_A,0,1,8,1,34.362,410464994,sha256:5142ad1c6011,0.0298,250,200,unknown
eviction,1_cold_A,0,1,9,1,34.362,410464994,sha256:299c82f5afaa,0.0320,6525,200,unknown
eviction,1_cold_A,0,1,9,1,34.362,410464994,sha256:866771c43bf5,15.6472,49293124,200,unknown
eviction,1_cold_A,0,1,9,1,34.362,410464994,sha256:ed881fbf1b07,11.1936,25614562,200,unknown
eviction,1_cold_A,0,1,9,1,34.362,410464994,sha256:9da421ddeb65,20.5352,67778971,200,unknown
eviction,1_cold_A,0,1,9,1,34.362,410464994,sha256:a793e3c6bce8,34.3406,236030458,200,unknown
eviction,1_cold_A,0,1,9,1,34.362,410464994,sha256:10c3183ecaa6,3.0639,6085049,200,unknown
eviction,1_cold_A,0,1,9,1,34.362,410464994,sha256:15991188a884,10.6165,25656055,200,unknown
eviction,1_cold_A,0,1,9,1,34.362,410464994,sha256:5142ad1c6011,0.0283,250,200,unknown
eviction,2_warm_A,0,1,0,1,1.624,410464994,sha256:299c82f5afaa,0.0405,6525,200,unknown
eviction,2_warm_A,0,1,0,1,1.624,410464994,sha256:866771c43bf5,0.8225,49293124,200,unknown
eviction,2_warm_A,0,1,0,1,1.624,410464994,sha256:ed881fbf1b07,0.5034,25614562,200,unknown
eviction,2_warm_A,0,1,0,1,1.624,410464994,sha256:9da421ddeb65,0.9478,67778971,200,unknown
eviction,2_warm_A,0,1,0,1,1.624,410464994,sha256:a793e3c6bce8,1.6210,236030458,200,unknown
eviction,2_warm_A,0,1,0,1,1.624,410464994,sha256:10c3183ecaa6,0.2185,6085049,200,unknown
eviction,2_warm_A,0,1,0,1,1.624,410464994,sha256:15991188a884,0.4752,25656055,200,unknown
eviction,2_warm_A,0,1,0,1,1.624,410464994,sha256:5142ad1c6011,0.0381,250,200,unknown
eviction,2_warm_A,0,1,1,1,1.604,410464994,sha256:299c82f5afaa,0.0379,6525,200,unknown
eviction,2_warm_A,0,1,1,1,1.604,410464994,sha256:866771c43bf5,0.8364,49293124,200,unknown
eviction,2_warm_A,0,1,1,1,1.604,410464994,sha256:ed881fbf1b07,0.6376,25614562,200,unknown
eviction,2_warm_A,0,1,1,1,1.604,410464994,sha256:9da421ddeb65,1.0224,67778971,200,unknown
eviction,2_warm_A,0,1,1,1,1.604,410464994,sha256:a793e3c6bce8,1.5984,236030458,200,unknown
eviction,2_warm_A,0,1,1,1,1.604,410464994,sha256:10c3183ecaa6,0.1099,6085049,200,unknown
eviction,2_warm_A,0,1,1,1,1.604,410464994,sha256:15991188a884,0.6452,25656055,200,unknown
eviction,2_warm_A,0,1,1,1,1.604,410464994,sha256:5142ad1c6011,0.0361,250,200,unknown
eviction,2_warm_A,0,1,2,1,1.640,410464994,sha256:299c82f5afaa,0.0359,6525,200,unknown
eviction,2_warm_A,0,1,2,1,1.640,410464994,sha256:866771c43bf5,0.9035,49293124,200,unknown
eviction,2_warm_A,0,1,2,1,1.640,410464994,sha256:ed881fbf1b07,0.6366,25614562,200,unknown
eviction,2_warm_A,0,1,2,1,1.640,410464994,sha256:9da421ddeb65,0.9936,67778971,200,unknown
eviction,2_warm_A,0,1,2,1,1.640,410464994,sha256:a793e3c6bce8,1.6333,236030458,200,unknown
eviction,2_warm_A,0,1,2,1,1.640,410464994,sha256:10c3183ecaa6,0.3752,6085049,200,unknown
eviction,2_warm_A,0,1,2,1,1.640,410464994,sha256:15991188a884,0.5985,25656055,200,unknown
eviction,2_warm_A,0,1,2,1,1.640,410464994,sha256:5142ad1c6011,0.0407,250,200,unknown
eviction,2_warm_A,0,1,3,1,1.625,410464994,sha256:299c82f5afaa,0.0411,6525,200,unknown
eviction,2_warm_A,0,1,3,1,1.625,410464994,sha256:866771c43bf5,0.8037,49293124,200,unknown
eviction,2_warm_A,0,1,3,1,1.625,410464994,sha256:ed881fbf1b07,0.7854,25614562,200,unknown
eviction,2_warm_A,0,1,3,1,1.625,410464994,sha256:9da421ddeb65,1.0227,67778971,200,unknown
eviction,2_warm_A,0,1,3,1,1.625,410464994,sha256:a793e3c6bce8,1.6152,236030458,200,unknown
eviction,2_warm_A,0,1,3,1,1.625,410464994,sha256:10c3183ecaa6,0.3731,6085049,200,unknown
eviction,2_warm_A,0,1,3,1,1.625,410464994,sha256:15991188a884,0.5539,25656055,200,unknown
eviction,2_warm_A,0,1,3,1,1.625,410464994,sha256:5142ad1c6011,0.0351,250,200,unknown
eviction,2_warm_A,0,1,4,1,1.641,410464994,sha256:299c82f5afaa,0.0331,6525,200,unknown
eviction,2_warm_A,0,1,4,1,1.641,410464994,sha256:866771c43bf5,0.8396,49293124,200,unknown
eviction,2_warm_A,0,1,4,1,1.641,410464994,sha256:ed881fbf1b07,0.5921,25614562,200,unknown
eviction,2_warm_A,0,1,4,1,1.641,410464994,sha256:9da421ddeb65,0.9659,67778971,200,unknown
eviction,2_warm_A,0,1,4,1,1.641,410464994,sha256:a793e3c6bce8,1.6300,236030458,200,unknown
eviction,2_warm_A,0,1,4,1,1.641,410464994,sha256:10c3183ecaa6,0.1945,6085049,200,unknown
eviction,2_warm_A,0,1,4,1,1.641,410464994,sha256:15991188a884,0.5332,25656055,200,unknown
eviction,2_warm_A,0,1,4,1,1.641,410464994,sha256:5142ad1c6011,0.0417,250,200,unknown
eviction,2_warm_A,0,1,5,1,1.629,410464994,sha256:299c82f5afaa,0.0422,6525,200,unknown
eviction,2_warm_A,0,1,5,1,1.629,410464994,sha256:866771c43bf5,0.8475,49293124,200,unknown
eviction,2_warm_A,0,1,5,1,1.629,410464994,sha256:ed881fbf1b07,0.4899,25614562,200,unknown
eviction,2_warm_A,0,1,5,1,1.629,410464994,sha256:9da421ddeb65,0.9917,67778971,200,unknown
eviction,2_warm_A,0,1,5,1,1.629,410464994,sha256:a793e3c6bce8,1.6150,236030458,200,unknown
eviction,2_warm_A,0,1,5,1,1.629,410464994,sha256:10c3183ecaa6,0.1446,6085049,200,unknown
eviction,2_warm_A,0,1,5,1,1.629,410464994,sha256:15991188a884,0.5595,25656055,200,unknown
eviction,2_warm_A,0,1,5,1,1.629,410464994,sha256:5142ad1c6011,0.0364,250,200,unknown
eviction,2_warm_A,0,1,6,1,1.646,410464994,sha256:299c82f5afaa,0.0346,6525,200,unknown
eviction,2_warm_A,0,1,6,1,1.646,410464994,sha256:866771c43bf5,0.8268,49293124,200,unknown
eviction,2_warm_A,0,1,6,1,1.646,410464994,sha256:ed881fbf1b07,0.5318,25614562,200,unknown
eviction,2_warm_A,0,1,6,1,1.646,410464994,sha256:9da421ddeb65,0.9689,67778971,200,unknown
eviction,2_warm_A,0,1,6,1,1.646,410464994,sha256:a793e3c6bce8,1.6314,236030458,200,unknown
eviction,2_warm_A,0,1,6,1,1.646,410464994,sha256:10c3183ecaa6,0.2825,6085049,200,unknown
eviction,2_warm_A,0,1,6,1,1.646,410464994,sha256:15991188a884,0.7694,25656055,200,unknown
eviction,2_warm_A,0,1,6,1,1.646,410464994,sha256:5142ad1c6011,0.0391,250,200,unknown
eviction,2_warm_A,0,1,7,1,1.633,410464994,sha256:299c82f5afaa,0.0269,6525,200,unknown
eviction,2_warm_A,0,1,7,1,1.633,410464994,sha256:866771c43bf5,0.8409,49293124,200,unknown
eviction,2_warm_A,0,1,7,1,1.633,410464994,sha256:ed881fbf1b07,0.6165,25614562,200,unknown
eviction,2_warm_A,0,1,7,1,1.633,410464994,sha256:9da421ddeb65,0.9746,67778971,200,unknown
eviction,2_warm_A,0,1,7,1,1.633,410464994,sha256:a793e3c6bce8,1.6154,236030458,200,unknown
eviction,2_warm_A,0,1,7,1,1.633,410464994,sha256:10c3183ecaa6,0.2217,6085049,200,unknown
eviction,2_warm_A,0,1,7,1,1.633,410464994,sha256:15991188a884,0.7032,25656055,200,unknown
eviction,2_warm_A,0,1,7,1,1.633,410464994,sha256:5142ad1c6011,0.0378,250,200,unknown
eviction,2_warm_A,0,1,8,1,1.632,410464994,sha256:299c82f5afaa,0.0317,6525,200,unknown
eviction,2_warm_A,0,1,8,1,1.632,410464994,sha256:866771c43bf5,0.8225,49293124,200,unknown
eviction,2_warm_A,0,1,8,1,1.632,410464994,sha256:ed881fbf1b07,0.5622,25614562,200,unknown
eviction,2_warm_A,0,1,8,1,1.632,410464994,sha256:9da421ddeb65,1.0210,67778971,200,unknown
eviction,2_warm_A,0,1,8,1,1.632,410464994,sha256:a793e3c6bce8,1.6126,236030458,200,unknown
eviction,2_warm_A,0,1,8,1,1.632,410464994,sha256:10c3183ecaa6,0.3624,6085049,200,unknown
eviction,2_warm_A,0,1,8,1,1.632,410464994,sha256:15991188a884,0.6629,25656055,200,unknown
eviction,2_warm_A,0,1,8,1,1.632,410464994,sha256:5142ad1c6011,0.0437,250,200,unknown
eviction,2_warm_A,0,1,9,1,1.643,410464994,sha256:299c82f5afaa,0.0336,6525,200,unknown
eviction,2_warm_A,0,1,9,1,1.643,410464994,sha256:866771c43bf5,0.8176,49293124,200,unknown
eviction,2_warm_A,0,1,9,1,1.643,410464994,sha256:ed881fbf1b07,0.5625,25614562,200,unknown
eviction,2_warm_A,0,1,9,1,1.643,410464994,sha256:9da421ddeb65,1.0500,67778971,200,unknown
eviction,2_warm_A,0,1,9,1,1.643,410464994,sha256:a793e3c6bce8,1.6205,236030458,200,unknown
eviction,2_warm_A,0,1,9,1,1.643,410464994,sha256:10c3183ecaa6,0.1665,6085049,200,unknown
eviction,2_warm_A,0,1,9,1,1.643,410464994,sha256:15991188a884,0.7005,25656055,200,unknown
eviction,2_warm_A,0,1,9,1,1.643,410464994,sha256:5142ad1c6011,0.0283,250,200,unknown
eviction,3_cold_B,0,1,0,1,33.329,398105662,sha256:c757e338c34e,0.0858,6749,200,unknown
eviction,3_cold_B,0,1,0,1,33.329,398105662,sha256:6a7e0620566c,28.9573,48488777,200,unknown
eviction,3_cold_B,0,1,0,1,33.329,398105662,sha256:aab3b37e4807,23.1618,24038450,200,unknown
eviction,3_cold_B,0,1,0,1,33.329,398105662,sha256:fa27031269f0,28.5580,64395853,200,unknown
eviction,3_cold_B,0,1,0,1,33.329,398105662,sha256:c032818082ff,33.3255,211511102,200,unknown
eviction,3_cold_B,0,1,0,1,33.329,398105662,sha256:d7c06b313a3b,0.0639,3321,200,unknown
eviction,3_cold_B,0,1,0,1,33.329,398105662,sha256:5deb59bf774c,29.1250,48410294,200,unknown
eviction,3_cold_B,0,1,0,1,33.329,398105662,sha256:73cc2a4f3388,1.4039,1250671,200,unknown
eviction,3_cold_B,0,1,0,1,33.329,398105662,sha256:d4df152001f9,0.0745,445,200,unknown
eviction,3_cold_B,0,1,1,1,33.329,398105662,sha256:c757e338c34e,0.0825,6749,200,unknown
eviction,3_cold_B,0,1,1,1,33.329,398105662,sha256:6a7e0620566c,28.9540,48488777,200,unknown
eviction,3_cold_B,0,1,1,1,33.329,398105662,sha256:aab3b37e4807,23.1595,24038450,200,unknown
eviction,3_cold_B,0,1,1,1,33.329,398105662,sha256:fa27031269f0,28.5553,64395853,200,unknown
eviction,3_cold_B,0,1,1,1,33.329,398105662,sha256:c032818082ff,33.3228,211511102,200,unknown
eviction,3_cold_B,0,1,1,1,33.329,398105662,sha256:d7c06b313a3b,0.0604,3321,200,unknown
eviction,3_cold_B,0,1,1,1,33.329,398105662,sha256:5deb59bf774c,29.1223,48410294,200,unknown
eviction,3_cold_B,0,1,1,1,33.329,398105662,sha256:73cc2a4f3388,1.4017,1250671,200,unknown
eviction,3_cold_B,0,1,1,1,33.329,398105662,sha256:d4df152001f9,0.0729,445,200,unknown
eviction,3_cold_B,0,1,2,1,33.329,398105662,sha256:c757e338c34e,0.0795,6749,200,unknown
eviction,3_cold_B,0,1,2,1,33.329,398105662,sha256:6a7e0620566c,28.9514,48488777,200,unknown
eviction,3_cold_B,0,1,2,1,33.329,398105662,sha256:aab3b37e4807,23.1571,24038450,200,unknown
eviction,3_cold_B,0,1,2,1,33.329,398105662,sha256:fa27031269f0,28.5529,64395853,200,unknown
eviction,3_cold_B,0,1,2,1,33.329,398105662,sha256:c032818082ff,33.3205,211511102,200,unknown
eviction,3_cold_B,0,1,2,1,33.329,398105662,sha256:d7c06b313a3b,0.0582,3321,200,unknown
eviction,3_cold_B,0,1,2,1,33.329,398105662,sha256:5deb59bf774c,29.1199,48410294,200,unknown
eviction,3_cold_B,0,1,2,1,33.329,398105662,sha256:73cc2a4f3388,1.3990,1250671,200,unknown
eviction,3_cold_B,0,1,2,1,33.329,398105662,sha256:d4df152001f9,0.0701,445,200,unknown
eviction,3_cold_B,0,1,3,1,33.328,398105662,sha256:c757e338c34e,0.0775,6749,200,unknown
eviction,3_cold_B,0,1,3,1,33.328,398105662,sha256:6a7e0620566c,28.9491,48488777,200,unknown
eviction,3_cold_B,0,1,3,1,33.328,398105662,sha256:aab3b37e4807,23.1541,24038450,200,unknown
eviction,3_cold_B,0,1,3,1,33.328,398105662,sha256:fa27031269f0,28.5505,64395853,200,unknown
eviction,3_cold_B,0,1,3,1,33.328,398105662,sha256:c032818082ff,33.3175,211511102,200,unknown
eviction,3_cold_B,0,1,3,1,33.328,398105662,sha256:d7c06b313a3b,0.0568,3321,200,unknown
eviction,3_cold_B,0,1,3,1,33.328,398105662,sha256:5deb59bf774c,29.1176,48410294,200,unknown
eviction,3_cold_B,0,1,3,1,33.328,398105662,sha256:73cc2a4f3388,1.3968,1250671,200,unknown
eviction,3_cold_B,0,1,3,1,33.328,398105662,sha256:d4df152001f9,0.0676,445,200,unknown
eviction,3_cold_B,0,1,4,1,33.328,398105662,sha256:c757e338c34e,0.0749,6749,200,unknown
eviction,3_cold_B,0,1,4,1,33.328,398105662,sha256:6a7e0620566c,28.9468,48488777,200,unknown
eviction,3_cold_B,0,1,4,1,33.328,398105662,sha256:aab3b37e4807,23.1518,24038450,200,unknown
eviction,3_cold_B,0,1,4,1,33.328,398105662,sha256:fa27031269f0,28.5481,64395853,200,unknown
eviction,3_cold_B,0,1,4,1,33.328,398105662,sha256:c032818082ff,33.3151,211511102,200,unknown
eviction,3_cold_B,0,1,4,1,33.328,398105662,sha256:d7c06b313a3b,0.0538,3321,200,unknown
eviction,3_cold_B,0,1,4,1,33.328,398105662,sha256:5deb59bf774c,29.1152,48410294,200,unknown
eviction,3_cold_B,0,1,4,1,33.328,398105662,sha256:73cc2a4f3388,1.3945,1250671,200,unknown
eviction,3_cold_B,0,1,4,1,33.328,398105662,sha256:d4df152001f9,0.0658,445,200,unknown
eviction,3_cold_B,0,1,5,1,33.328,398105662,sha256:c757e338c34e,0.0726,6749,200,unknown
eviction,3_cold_B,0,1,5,1,33.328,398105662,sha256:6a7e0620566c,28.9436,48488777,200,unknown
eviction,3_cold_B,0,1,5,1,33.328,398105662,sha256:aab3b37e4807,23.1494,24038450,200,unknown
eviction,3_cold_B,0,1,5,1,33.328,398105662,sha256:fa27031269f0,28.5460,64395853,200,unknown
eviction,3_cold_B,0,1,5,1,33.328,398105662,sha256:c032818082ff,33.3133,211511102,200,unknown
eviction,3_cold_B,0,1,5,1,33.328,398105662,sha256:d7c06b313a3b,0.0519,3321,200,unknown
eviction,3_cold_B,0,1,5,1,33.328,398105662,sha256:5deb59bf774c,29.1127,48410294,200,unknown
eviction,3_cold_B,0,1,5,1,33.328,398105662,sha256:73cc2a4f3388,1.3920,1250671,200,unknown
eviction,3_cold_B,0,1,5,1,33.328,398105662,sha256:d4df152001f9,0.0631,445,200,unknown
eviction,3_cold_B,0,1,6,1,33.328,398105662,sha256:c757e338c34e,0.0693,6749,200,unknown
eviction,3_cold_B,0,1,6,1,33.328,398105662,sha256:6a7e0620566c,28.9418,48488777,200,unknown
eviction,3_cold_B,0,1,6,1,33.328,398105662,sha256:aab3b37e4807,23.1473,24038450,200,unknown
eviction,3_cold_B,0,1,6,1,33.328,398105662,sha256:fa27031269f0,28.5432,64395853,200,unknown
eviction,3_cold_B,0,1,6,1,33.328,398105662,sha256:c032818082ff,33.3109,211511102,200,unknown
eviction,3_cold_B,0,1,6,1,33.328,398105662,sha256:d7c06b313a3b,0.0491,3321,200,unknown
eviction,3_cold_B,0,1,6,1,33.328,398105662,sha256:5deb59bf774c,29.1104,48410294,200,unknown
eviction,3_cold_B,0,1,6,1,33.328,398105662,sha256:73cc2a4f3388,1.3896,1250671,200,unknown
eviction,3_cold_B,0,1,6,1,33.328,398105662,sha256:d4df152001f9,0.0605,445,200,unknown
eviction,3_cold_B,0,1,7,1,33.328,398105662,sha256:c757e338c34e,0.0666,6749,200,unknown
eviction,3_cold_B,0,1,7,1,33.328,398105662,sha256:6a7e0620566c,28.9388,48488777,200,unknown
eviction,3_cold_B,0,1,7,1,33.328,398105662,sha256:aab3b37e4807,23.1443,24038450,200,unknown
eviction,3_cold_B,0,1,7,1,33.328,398105662,sha256:fa27031269f0,28.5406,64395853,200,unknown
eviction,3_cold_B,0,1,7,1,33.328,398105662,sha256:c032818082ff,33.3079,211511102,200,unknown
eviction,3_cold_B,0,1,7,1,33.328,398105662,sha256:d7c06b313a3b,0.0467,3321,200,unknown
eviction,3_cold_B,0,1,7,1,33.328,398105662,sha256:5deb59bf774c,29.1079,48410294,200,unknown
eviction,3_cold_B,0,1,7,1,33.328,398105662,sha256:73cc2a4f3388,1.3872,1250671,200,unknown
eviction,3_cold_B,0,1,7,1,33.328,398105662,sha256:d4df152001f9,0.0582,445,200,unknown
eviction,3_cold_B,0,1,8,1,33.328,398105662,sha256:c757e338c34e,0.0637,6749,200,unknown
eviction,3_cold_B,0,1,8,1,33.328,398105662,sha256:6a7e0620566c,28.9363,48488777,200,unknown
eviction,3_cold_B,0,1,8,1,33.328,398105662,sha256:aab3b37e4807,23.1424,24038450,200,unknown
eviction,3_cold_B,0,1,8,1,33.328,398105662,sha256:fa27031269f0,28.5384,64395853,200,unknown
eviction,3_cold_B,0,1,8,1,33.328,398105662,sha256:c032818082ff,33.3059,211511102,200,unknown
eviction,3_cold_B,0,1,8,1,33.328,398105662,sha256:d7c06b313a3b,0.0443,3321,200,unknown
eviction,3_cold_B,0,1,8,1,33.328,398105662,sha256:5deb59bf774c,29.1056,48410294,200,unknown
eviction,3_cold_B,0,1,8,1,33.328,398105662,sha256:73cc2a4f3388,1.3846,1250671,200,unknown
eviction,3_cold_B,0,1,8,1,33.328,398105662,sha256:d4df152001f9,0.0553,445,200,unknown
eviction,3_cold_B,0,1,9,1,33.328,398105662,sha256:c757e338c34e,0.0612,6749,200,unknown
eviction,3_cold_B,0,1,9,1,33.328,398105662,sha256:6a7e0620566c,28.9346,48488777,200,unknown
eviction,3_cold_B,0,1,9,1,33.328,398105662,sha256:aab3b37e4807,23.1397,24038450,200,unknown
eviction,3_cold_B,0,1,9,1,33.328,398105662,sha256:fa27031269f0,28.5359,64395853,200,unknown
eviction,3_cold_B,0,1,9,1,33.328,398105662,sha256:c032818082ff,33.3036,211511102,200,unknown
eviction,3_cold_B,0,1,9,1,33.328,398105662,sha256:d7c06b313a3b,0.0420,3321,200,unknown
eviction,3_cold_B,0,1,9,1,33.328,398105662,sha256:5deb59bf774c,29.1017,48410294,200,unknown
eviction,3_cold_B,0,1,9,1,33.328,398105662,sha256:73cc2a4f3388,1.3804,1250671,200,unknown
eviction,3_cold_B,0,1,9,1,33.328,398105662,sha256:d4df152001f9,0.0512,445,200,unknown
eviction,4_recheck_A,0,1,0,1,32.211,410464994,sha256:299c82f5afaa,0.0455,6525,200,unknown
eviction,4_recheck_A,0,1,0,1,32.211,410464994,sha256:866771c43bf5,10.0517,49293124,200,unknown
eviction,4_recheck_A,0,1,0,1,32.211,410464994,sha256:ed881fbf1b07,13.1225,25614562,200,unknown
eviction,4_recheck_A,0,1,0,1,32.211,410464994,sha256:9da421ddeb65,20.1639,67778971,200,unknown
eviction,4_recheck_A,0,1,0,1,32.211,410464994,sha256:a793e3c6bce8,32.2083,236030458,200,unknown
eviction,4_recheck_A,0,1,0,1,32.211,410464994,sha256:10c3183ecaa6,1.8710,6085049,200,unknown
eviction,4_recheck_A,0,1,0,1,32.211,410464994,sha256:15991188a884,0.1684,25656055,200,unknown
eviction,4_recheck_A,0,1,0,1,32.211,410464994,sha256:5142ad1c6011,0.0441,250,200,unknown
eviction,4_recheck_A,0,1,1,1,32.211,410464994,sha256:299c82f5afaa,0.0416,6525,200,unknown
eviction,4_recheck_A,0,1,1,1,32.211,410464994,sha256:866771c43bf5,10.0490,49293124,200,unknown
eviction,4_recheck_A,0,1,1,1,32.211,410464994,sha256:ed881fbf1b07,13.1196,25614562,200,unknown
eviction,4_recheck_A,0,1,1,1,32.211,410464994,sha256:9da421ddeb65,20.1614,67778971,200,unknown
eviction,4_recheck_A,0,1,1,1,32.211,410464994,sha256:a793e3c6bce8,32.2061,236030458,200,unknown
eviction,4_recheck_A,0,1,1,1,32.211,410464994,sha256:10c3183ecaa6,1.8688,6085049,200,unknown
eviction,4_recheck_A,0,1,1,1,32.211,410464994,sha256:15991188a884,0.1281,25656055,200,unknown
eviction,4_recheck_A,0,1,1,1,32.211,410464994,sha256:5142ad1c6011,0.0410,250,200,unknown
eviction,4_recheck_A,0,1,2,1,32.211,410464994,sha256:299c82f5afaa,0.0394,6525,200,unknown
eviction,4_recheck_A,0,1,2,1,32.211,410464994,sha256:866771c43bf5,10.0467,49293124,200,unknown
eviction,4_recheck_A,0,1,2,1,32.211,410464994,sha256:ed881fbf1b07,13.1175,25614562,200,unknown
eviction,4_recheck_A,0,1,2,1,32.211,410464994,sha256:9da421ddeb65,20.1593,67778971,200,unknown
eviction,4_recheck_A,0,1,2,1,32.211,410464994,sha256:a793e3c6bce8,32.2038,236030458,200,unknown
eviction,4_recheck_A,0,1,2,1,32.211,410464994,sha256:10c3183ecaa6,1.8666,6085049,200,unknown
eviction,4_recheck_A,0,1,2,1,32.211,410464994,sha256:15991188a884,0.1222,25656055,200,unknown
eviction,4_recheck_A,0,1,2,1,32.211,410464994,sha256:5142ad1c6011,0.0401,250,200,unknown
eviction,4_recheck_A,0,1,3,1,32.211,410464994,sha256:299c82f5afaa,0.0362,6525,200,unknown
eviction,4_recheck_A,0,1,3,1,32.211,410464994,sha256:866771c43bf5,10.0450,49293124,200,unknown
eviction,4_recheck_A,0,1,3,1,32.211,410464994,sha256:ed881fbf1b07,13.1153,25614562,200,unknown
eviction,4_recheck_A,0,1,3,1,32.211,410464994,sha256:9da421ddeb65,20.1572,67778971,200,unknown
eviction,4_recheck_A,0,1,3,1,32.211,410464994,sha256:a793e3c6bce8,32.2017,236030458,200,unknown
eviction,4_recheck_A,0,1,3,1,32.211,410464994,sha256:10c3183ecaa6,1.8647,6085049,200,unknown
eviction,4_recheck_A,0,1,3,1,32.211,410464994,sha256:15991188a884,0.1800,25656055,200,unknown
eviction,4_recheck_A,0,1,3,1,32.211,410464994,sha256:5142ad1c6011,0.0375,250,200,unknown
eviction,4_recheck_A,0,1,4,1,32.211,410464994,sha256:299c82f5afaa,0.0342,6525,200,unknown
eviction,4_recheck_A,0,1,4,1,32.211,410464994,sha256:866771c43bf5,10.0428,49293124,200,unknown
eviction,4_recheck_A,0,1,4,1,32.211,410464994,sha256:ed881fbf1b07,13.1130,25614562,200,unknown
eviction,4_recheck_A,0,1,4,1,32.211,410464994,sha256:9da421ddeb65,20.1549,67778971,200,unknown
eviction,4_recheck_A,0,1,4,1,32.211,410464994,sha256:a793e3c6bce8,32.1990,236030458,200,unknown
eviction,4_recheck_A,0,1,4,1,32.211,410464994,sha256:10c3183ecaa6,1.8626,6085049,200,unknown
eviction,4_recheck_A,0,1,4,1,32.211,410464994,sha256:15991188a884,0.1780,25656055,200,unknown
eviction,4_recheck_A,0,1,4,1,32.211,410464994,sha256:5142ad1c6011,0.0356,250,200,unknown
eviction,4_recheck_A,0,1,5,1,32.211,410464994,sha256:299c82f5afaa,0.0327,6525,200,unknown
eviction,4_recheck_A,0,1,5,1,32.211,410464994,sha256:866771c43bf5,10.0401,49293124,200,unknown
eviction,4_recheck_A,0,1,5,1,32.211,410464994,sha256:ed881fbf1b07,13.1109,25614562,200,unknown
eviction,4_recheck_A,0,1,5,1,32.211,410464994,sha256:9da421ddeb65,20.1529,67778971,200,unknown
eviction,4_recheck_A,0,1,5,1,32.211,410464994,sha256:a793e3c6bce8,32.1977,236030458,200,unknown
eviction,4_recheck_A,0,1,5,1,32.211,410464994,sha256:10c3183ecaa6,1.8604,6085049,200,unknown
eviction,4_recheck_A,0,1,5,1,32.211,410464994,sha256:15991188a884,0.1378,25656055,200,unknown
eviction,4_recheck_A,0,1,5,1,32.211,410464994,sha256:5142ad1c6011,0.0338,250,200,unknown
eviction,4_recheck_A,0,1,6,1,32.211,410464994,sha256:299c82f5afaa,0.0334,6525,200,unknown
eviction,4_recheck_A,0,1,6,1,32.211,410464994,sha256:866771c43bf5,10.0377,49293124,200,unknown
eviction,4_recheck_A,0,1,6,1,32.211,410464994,sha256:ed881fbf1b07,13.1086,25614562,200,unknown
eviction,4_recheck_A,0,1,6,1,32.211,410464994,sha256:9da421ddeb65,20.1501,67778971,200,unknown
eviction,4_recheck_A,0,1,6,1,32.211,410464994,sha256:a793e3c6bce8,32.1949,236030458,200,unknown
eviction,4_recheck_A,0,1,6,1,32.211,410464994,sha256:10c3183ecaa6,1.8579,6085049,200,unknown
eviction,4_recheck_A,0,1,6,1,32.211,410464994,sha256:15991188a884,0.1728,25656055,200,unknown
eviction,4_recheck_A,0,1,6,1,32.211,410464994,sha256:5142ad1c6011,0.0311,250,200,unknown
eviction,4_recheck_A,0,1,7,1,32.211,410464994,sha256:299c82f5afaa,0.0272,6525,200,unknown
eviction,4_recheck_A,0,1,7,1,32.211,410464994,sha256:866771c43bf5,10.0352,49293124,200,unknown
eviction,4_recheck_A,0,1,7,1,32.211,410464994,sha256:ed881fbf1b07,13.1060,25614562,200,unknown
eviction,4_recheck_A,0,1,7,1,32.211,410464994,sha256:9da421ddeb65,20.1480,67778971,200,unknown
eviction,4_recheck_A,0,1,7,1,32.211,410464994,sha256:a793e3c6bce8,32.1919,236030458,200,unknown
eviction,4_recheck_A,0,1,7,1,32.211,410464994,sha256:10c3183ecaa6,1.8555,6085049,200,unknown
eviction,4_recheck_A,0,1,7,1,32.211,410464994,sha256:15991188a884,0.1650,25656055,200,unknown
eviction,4_recheck_A,0,1,7,1,32.211,410464994,sha256:5142ad1c6011,0.0283,250,200,unknown
eviction,4_recheck_A,0,1,8,1,32.211,410464994,sha256:299c82f5afaa,0.0286,6525,200,unknown
eviction,4_recheck_A,0,1,8,1,32.211,410464994,sha256:866771c43bf5,10.0332,49293124,200,unknown
eviction,4_recheck_A,0,1,8,1,32.211,410464994,sha256:ed881fbf1b07,13.1040,25614562,200,unknown
eviction,4_recheck_A,0,1,8,1,32.211,410464994,sha256:9da421ddeb65,20.1454,67778971,200,unknown
eviction,4_recheck_A,0,1,8,1,32.211,410464994,sha256:a793e3c6bce8,32.1905,236030458,200,unknown
eviction,4_recheck_A,0,1,8,1,32.211,410464994,sha256:10c3183ecaa6,1.8532,6085049,200,unknown
eviction,4_recheck_A,0,1,8,1,32.211,410464994,sha256:15991188a884,0.1660,25656055,200,unknown
eviction,4_recheck_A,0,1,8,1,32.211,410464994,sha256:5142ad1c6011,0.0264,250,200,unknown
eviction,4_recheck_A,0,1,9,1,32.211,410464994,sha256:299c82f5afaa,0.0237,6525,200,unknown
eviction,4_recheck_A,0,1,9,1,32.211,410464994,sha256:866771c43bf5,10.0313,49293124,200,unknown
eviction,4_recheck_A,0,1,9,1,32.211,410464994,sha256:ed881fbf1b07,13.1013,25614562,200,unknown
eviction,4_recheck_A,0,1,9,1,32.211,410464994,sha256:9da421ddeb65,20.1435,67778971,200,unknown
eviction,4_recheck_A,0,1,9,1,32.211,410464994,sha256:a793e3c6bce8,32.1875,236030458,200,unknown
eviction,4_recheck_A,0,1,9,1,32.211,410464994,sha256:10c3183ecaa6,1.8515,6085049,200,unknown
eviction,4_recheck_A,0,1,9,1,32.211,410464994,sha256:15991188a884,0.1165,25656055,200,unknown
eviction,4_recheck_A,0,1,9,1,32.211,410464994,sha256:5142ad1c6011,0.0246,250,200,unknown
