*   << Request  >> 9539827   
-   Timestamp      Start: 1777019233.412103 0.000000 0.000000
-   Timestamp      Req: 1777019233.412103 0.000000 0.000000
-   ReqURL         /v2/library/python/manifests/3.12
-   VCL_call       RECV
-   VCL_call       RECV
-   VCL_call       HASH
-   VCL_call       MISS
-   Link           bereq 9539828 fetch
-   Timestamp      Fetch: 1777019233.420158 0.008054 0.008054
-   VCL_call       DELIVER
-   Timestamp      Process: 1777019233.420187 0.008083 0.000029
-   Timestamp      Resp: 1777019233.420287 0.008183 0.000100
**  << BeReq    >> 9539828   
--  Timestamp      Start: 1777019233.412377 0.000000 0.000000
--  VCL_call       BACKEND_FETCH
--  Timestamp      Fetch: 1777019233.412615 0.000237 0.000237
--  Timestamp      Connected: 1777019233.417172 0.004795 0.004557
--  Timestamp      Bereq: 1777019233.417282 0.004905 0.000110
--  Timestamp      Beresp: 1777019233.419933 0.007555 0.002650
--  VCL_call       BACKEND_RESPONSE
--  VCL_call       VHA_INTERNAL
--  Timestamp      Process: 1777019233.419987 0.007609 0.000054
--  Timestamp      BerespBody: 1777019233.420169 0.007792 0.000182

*   << Request  >> 9808120   
-   Timestamp      Start: 1777019280.534064 0.000000 0.000000
-   Timestamp      Req: 1777019280.534064 0.000000 0.000000
-   ReqURL         /v2/library/python/blobs/sha256:299c82f5afaaeffd7b830ea495aaf3c8762b75208245ba5f7c5a69c528f6fce6
-   VCL_call       RECV
-   VCL_call       RECV
-   VCL_call       HASH
-   Hit            11147373 3153600000.006796 10.000000 0.000000 0 6525
-   Timestamp      Waitinglist: 1777019280.541395 0.007331 0.007331
-   VCL_call       HIT
-   VCL_call       DELIVER
-   Timestamp      Process: 1777019280.541405 0.007341 0.000010
-   Timestamp      Resp: 1777019280.557263 0.023200 0.015858

*   << Request  >> 11565156  
-   Timestamp      Start: 1777019280.531667 0.000000 0.000000
-   Timestamp      Req: 1777019280.531667 0.000000 0.000000
-   ReqURL         /v2/library/python/blobs/sha256:299c82f5afaaeffd7b830ea495aaf3c8762b75208245ba5f7c5a69c528f6fce6
-   VCL_call       RECV
-   VCL_call       RECV
-   VCL_call       HASH
-   Hit            11147373 3153600000.009192 10.000000 0.000000 0 6525
-   Timestamp      Waitinglist: 1777019280.541428 0.009761 0.009761
-   VCL_call       HIT
-   VCL_call       DELIVER
-   Timestamp      Process: 1777019280.541433 0.009766 0.000005
-   Timestamp      Resp: 1777019280.557345 0.025677 0.015912

*   << Request  >> 11853876  
-   Timestamp      Start: 1777019280.532271 0.000000 0.000000
-   Timestamp      Req: 1777019280.532271 0.000000 0.000000
-   ReqURL         /v2/library/python/blobs/sha256:299c82f5afaaeffd7b830ea495aaf3c8762b75208245ba5f7c5a69c528f6fce6
-   VCL_call       RECV
-   VCL_call       RECV
-   VCL_call       HASH
-   Hit            11147373 3153600000.008588 10.000000 0.000000 0 6525
-   Timestamp      Waitinglist: 1777019280.541448 0.009176 0.009176
-   VCL_call       HIT
-   VCL_call       DELIVER
-   Timestamp      Process: 1777019280.541452 0.009180 0.000004
-   Timestamp      Resp: 1777019280.557392 0.025121 0.015940

*   << Request  >> 11374702  
-   Timestamp      Start: 1777019280.527127 0.000000 0.000000
-   Timestamp      Req: 1777019280.527127 0.000000 0.000000
-   ReqURL         /v2/library/python/blobs/sha256:5142ad1c601197a4231430196ca8fcc3d53bd3aa7377b381c5310530a9ddba66
-   VCL_call       RECV
-   VCL_call       RECV
-   VCL_call       HASH
-   Hit            12013619 3153600000.029580 10.000000 0.000000 250 250
-   Timestamp      Waitinglist: 1777019280.557375 0.030248 0.030248
-   VCL_call       HIT
-   VCL_call       DELIVER
-   Timestamp      Process: 1777019280.557392 0.030265 0.000016
-   Timestamp      Resp: 1777019280.557450 0.030323 0.000058

*   << Request  >> 10573980  
-   Timestamp      Start: 1777019280.531519 0.000000 0.000000
-   Timestamp      Req: 1777019280.531519 0.000000 0.000000
-   ReqURL         /v2/library/python/blobs/sha256:5142ad1c601197a4231430196ca8fcc3d53bd3aa7377b381c5310530a9ddba66
-   VCL_call       RECV
-   VCL_call       RECV
-   VCL_call       HASH
-   Hit            12013619 3153600000.025188 10.000000 0.000000 250 250
-   Timestamp      Waitinglist: 1777019280.557500 0.025982 0.025982
-   VCL_call       HIT
-   VCL_call       DELIVER
-   Timestamp      Process: 1777019280.557505 0.025986 0.000004
-   Timestamp      Resp: 1777019280.557544 0.026025 0.000039

*   << Request  >> 11374700  
-   Timestamp      Start: 1777019280.526767 0.000000 0.000000
-   Timestamp      Req: 1777019280.526767 0.000000 0.000000
-   ReqURL         /v2/library/python/blobs/sha256:5142ad1c601197a4231430196ca8fcc3d53bd3aa7377b381c5310530a9ddba66
-   VCL_call       RECV
-   VCL_call       RECV
-   VCL_call       HASH
-   Hit            12013619 3153600000.029940 10.000000 0.000000 250 250
-   Timestamp      Waitinglist: 1777019280.557380 0.030613 0.030613
-   VCL_call       HIT
-   VCL_call       DELIVER
-   Timestamp      Process: 1777019280.557394 0.030627 0.000014
-   Timestamp      Resp: 1777019280.557572 0.030805 0.000178

*   << Request  >> 11241570  
-   Timestamp      Start: 1777019280.534421 0.000000 0.000000
-   Timestamp      Req: 1777019280.534421 0.000000 0.000000
-   ReqURL         /v2/library/python/blobs/sha256:5142ad1c601197a4231430196ca8fcc3d53bd3aa7377b381c5310530a9ddba66
-   VCL_call       RECV
-   VCL_call       RECV
-   VCL_call       HASH
-   Hit            12013619 3153600000.022285 10.000000 0.000000 250 250
-   Timestamp      Waitinglist: 1777019280.557561 0.023139 0.023139
-   VCL_call       HIT
-   VCL_call       DELIVER
-   Timestamp      Process: 1777019280.557565 0.023144 0.000005
-   Timestamp      Resp: 1777019280.557595 0.023173 0.000029

*   << Request  >> 11812921  
-   Timestamp      Start: 1777019280.530555 0.000000 0.000000
-   Timestamp      Req: 1777019280.530555 0.000000 0.000000
-   ReqURL         /v2/library/python/blobs/sha256:5142ad1c601197a4231430196ca8fcc3d53bd3aa7377b381c5310530a9ddba66
-   VCL_call       RECV
-   VCL_call       RECV
-   VCL_call       HASH
-   Hit            12013619 3153600000.026152 10.000000 0.000000 250 250
-   Timestamp      Waitinglist: 1777019280.557433 0.026878 0.026878
-   VCL_call       HIT
-   VCL_call       DELIVER
-   Timestamp      Process: 1777019280.557439 0.026884 0.000006
-   Timestamp      Resp: 1777019280.557463 0.026908 0.000025

*   << Request  >> 11976764  
-   Timestamp      Start: 1777019280.528828 0.000000 0.000000
-   Timestamp      Req: 1777019280.528828 0.000000 0.000000
-   ReqURL         /v2/library/python/blobs/sha256:5142ad1c601197a4231430196ca8fcc3d53bd3aa7377b381c5310530a9ddba66
-   VCL_call       RECV
-   VCL_call       RECV
-   VCL_call       HASH
-   Hit            12013619 3153600000.027879 10.000000 0.000000 250 250
-   Timestamp      Waitinglist: 1777019280.557599 0.028770 0.028770
-   VCL_call       HIT
-   VCL_call       DELIVER
-   Timestamp      Process: 1777019280.557613 0.028785 0.000014
-   Timestamp      Resp: 1777019280.557693 0.028864 0.000080

*   << Request  >> 9949432   
-   Timestamp      Start: 1777019280.528602 0.000000 0.000000
-   Timestamp      Req: 1777019280.528602 0.000000 0.000000
-   ReqURL         /v2/library/python/blobs/sha256:5142ad1c601197a4231430196ca8fcc3d53bd3aa7377b381c5310530a9ddba66
-   VCL_call       RECV
-   VCL_call       RECV
-   VCL_call       HASH
-   Hit            12013619 3153600000.028105 10.000000 0.000000 250 250
-   Timestamp      Waitinglist: 1777019280.557650 0.029048 0.029048
-   VCL_call       HIT
-   VCL_call       DELIVER
-   Timestamp      Process: 1777019280.557664 0.029062 0.000014
-   Timestamp      Resp: 1777019280.557748 0.029146 0.000084

*   << Request  >> 11214958  
-   Timestamp      Start: 1777019280.529548 0.000000 0.000000
-   Timestamp      Req: 1777019280.529548 0.000000 0.000000
-   ReqURL         /v2/library/python/blobs/sha256:5142ad1c601197a4231430196ca8fcc3d53bd3aa7377b381c5310530a9ddba66
-   VCL_call       RECV
-   VCL_call       RECV
-   VCL_call       HASH
-   Hit            12013619 3153600000.027159 10.000000 0.000000 250 250
-   Timestamp      Waitinglist: 1777019280.557745 0.028197 0.028197
-   VCL_call       HIT
-   VCL_call       DELIVER
-   Timestamp      Process: 1777019280.557758 0.028210 0.000013
-   Timestamp      Resp: 1777019280.557840 0.028292 0.000082

*   << Request  >> 11710499  
-   Timestamp      Start: 1777019280.534526 0.000000 0.000000
-   Timestamp      Req: 1777019280.534526 0.000000 0.000000
-   ReqURL         /v2/library/python/blobs/sha256:299c82f5afaaeffd7b830ea495aaf3c8762b75208245ba5f7c5a69c528f6fce6
-   VCL_call       RECV
-   VCL_call       RECV
-   VCL_call       HASH
-   Hit            11147373 3153600000.006333 10.000000 0.000000 0 6525
-   Timestamp      Waitinglist: 1777019280.541282 0.006756 0.006756
-   VCL_call       HIT
-   VCL_call       DELIVER
-   Timestamp      Process: 1777019280.541290 0.006764 0.000008
-   Timestamp      Resp: 1777019280.557938 0.023412 0.016648

*   << Request  >> 11817028  
-   Timestamp      Start: 1777019280.529750 0.000000 0.000000
-   Timestamp      Req: 1777019280.529750 0.000000 0.000000
-   ReqURL         /v2/library/python/blobs/sha256:5142ad1c601197a4231430196ca8fcc3d53bd3aa7377b381c5310530a9ddba66
-   VCL_call       RECV
-   VCL_call       RECV
-   VCL_call       HASH
-   Hit            12013619 3153600000.026957 10.000000 0.000000 250 250
-   Timestamp      Waitinglist: 1777019280.557788 0.028038 0.028038
-   VCL_call       HIT
-   VCL_call       DELIVER
-   Timestamp      Process: 1777019280.557801 0.028051 0.000013
-   Timestamp      Resp: 1777019280.557954 0.028204 0.000154

*   << Request  >> 11034797  
-   Timestamp      Start: 1777019280.534889 0.000000 0.000000
-   Timestamp      Req: 1777019280.534889 0.000000 0.000000
-   ReqURL         /v2/library/python/blobs/sha256:299c82f5afaaeffd7b830ea495aaf3c8762b75208245ba5f7c5a69c528f6fce6
-   VCL_call       RECV
-   VCL_call       RECV
-   VCL_call       HASH
-   Hit            11147373 3153600000.005970 10.000000 0.000000 0 6525
-   Timestamp      Waitinglist: 1777019280.541327 0.006438 0.006438
-   VCL_call       HIT
-   VCL_call       DELIVER
-   Timestamp      Process: 1777019280.541337 0.006448 0.000010
-   Timestamp      Resp: 1777019280.558036 0.023147 0.016699

*   << Request  >> 10291416  
-   Timestamp      Start: 1777019280.530691 0.000000 0.000000
-   Timestamp      Req: 1777019280.530691 0.000000 0.000000
-   ReqURL         /v2/library/python/blobs/sha256:299c82f5afaaeffd7b830ea495aaf3c8762b75208245ba5f7c5a69c528f6fce6
-   VCL_call       RECV
-   VCL_call       RECV
-   VCL_call       HASH
-   Hit            11147373 3153600000.010169 10.000000 0.000000 0 6525
-   Timestamp      Waitinglist: 1777019280.541394 0.010703 0.010703
-   VCL_call       HIT
-   VCL_call       DELIVER
-   Timestamp      Process: 1777019280.541404 0.010713 0.000010
-   Timestamp      Resp: 1777019280.558134 0.027444 0.016731

*   << Request  >> 11698228  
-   Timestamp      Start: 1777019280.535268 0.000000 0.000000
-   Timestamp      Req: 1777019280.535268 0.000000 0.000000
-   ReqURL         /v2/library/python/blobs/sha256:299c82f5afaaeffd7b830ea495aaf3c8762b75208245ba5f7c5a69c528f6fce6
-   VCL_call       RECV
-   VCL_call       RECV
-   VCL_call       HASH
-   Hit            11147373 3153600000.005592 10.000000 0.000000 0 6525
-   Timestamp      Waitinglist: 1777019280.541273 0.006005 0.006005
-   VCL_call       HIT
-   VCL_call       DELIVER
-   Timestamp      Process: 1777019280.541278 0.006011 0.000005
-   Timestamp      Resp: 1777019280.558141 0.022874 0.016863

*   << Request  >> 11804715  
-   Timestamp      Start: 1777019280.534483 0.000000 0.000000
-   Timestamp      Req: 1777019280.534483 0.000000 0.000000
-   ReqURL         /v2/library/python/blobs/sha256:299c82f5afaaeffd7b830ea495aaf3c8762b75208245ba5f7c5a69c528f6fce6
-   VCL_call       RECV
-   VCL_call       RECV
-   VCL_call       HASH
-   Hit            11147373 3153600000.006377 10.000000 0.000000 0 6525
-   Timestamp      Waitinglist: 1777019280.541293 0.006811 0.006811
-   VCL_call       HIT
-   VCL_call       DELIVER
-   Timestamp      Process: 1777019280.541299 0.006816 0.000006
-   Timestamp      Resp: 1777019280.558230 0.023747 0.016931

*   << Request  >> 10713239  
-   Timestamp      Start: 1777019280.532582 0.000000 0.000000
-   Timestamp      Req: 1777019280.532582 0.000000 0.000000
-   ReqURL         /v2/library/python/blobs/sha256:299c82f5afaaeffd7b830ea495aaf3c8762b75208245ba5f7c5a69c528f6fce6
-   VCL_call       RECV
-   VCL_call       RECV
-   VCL_call       HASH
-   Hit            11147373 3153600000.008278 10.000000 0.000000 0 6525
-   Timestamp      Waitinglist: 1777019280.541323 0.008741 0.008741
-   VCL_call       HIT
-   VCL_call       DELIVER
-   Timestamp      Process: 1777019280.541329 0.008747 0.000006
-   Timestamp      Resp: 1777019280.558331 0.025749 0.017001

*   << Request  >> 11642922  
-   Timestamp      Start: 1777019280.536222 0.000000 0.000000
-   Timestamp      Req: 1777019280.536222 0.000000 0.000000
-   ReqURL         /v2/library/python/blobs/sha256:5142ad1c601197a4231430196ca8fcc3d53bd3aa7377b381c5310530a9ddba66
-   VCL_call       RECV
-   VCL_call       RECV
-   VCL_call       HASH
-   Hit            12013619 3153600000.020485 10.000000 0.000000 250 250
-   Timestamp      Waitinglist: 1777019280.558353 0.022131 0.022131
-   VCL_call       HIT
-   VCL_call       DELIVER
-   Timestamp      Process: 1777019280.558358 0.022136 0.000005
-   Timestamp      Resp: 1777019280.558392 0.022170 0.000034

*   << Request  >> 11343992  
-   Timestamp      Start: 1777019280.529848 0.000000 0.000000
-   Timestamp      Req: 1777019280.529848 0.000000 0.000000
-   ReqURL         /v2/library/python/blobs/sha256:299c82f5afaaeffd7b830ea495aaf3c8762b75208245ba5f7c5a69c528f6fce6
-   VCL_call       RECV
-   VCL_call       RECV
-   VCL_call       HASH
-   Hit            11147373 3153600000.011011 10.000000 0.000000 0 6525
-   Timestamp      Waitinglist: 1777019280.541368 0.011520 0.011520
-   VCL_call       HIT
-   VCL_call       DELIVER
-   Timestamp      Process: 1777019280.541373 0.011525 0.000005
-   Timestamp      Resp: 1777019280.558441 0.028593 0.017067

*   << Request  >> 11122810  
-   Timestamp      Start: 1777019280.534161 0.000000 0.000000
-   Timestamp      Req: 1777019280.534161 0.000000 0.000000
-   ReqURL         /v2/library/python/blobs/sha256:299c82f5afaaeffd7b830ea495aaf3c8762b75208245ba5f7c5a69c528f6fce6
-   VCL_call       RECV
-   VCL_call       RECV
-   VCL_call       HASH
-   Hit            11147373 3153600000.006699 10.000000 0.000000 0 6525
-   Timestamp      Waitinglist: 1777019280.541389 0.007228 0.007228
-   VCL_call       HIT
-   VCL_call       DELIVER
-   Timestamp      Process: 1777019280.541394 0.007233 0.000005
-   Timestamp      Resp: 1777019280.558549 0.024388 0.017154

*   << Request  >> 10879148  
-   Timestamp      Start: 1777019280.535983 0.000000 0.000000
-   Timestamp      Req: 1777019280.535983 0.000000 0.000000
-   ReqURL         /v2/library/python/blobs/sha256:299c82f5afaaeffd7b830ea495aaf3c8762b75208245ba5f7c5a69c528f6fce6
-   VCL_call       RECV
-   VCL_call       RECV
-   VCL_call       HASH
-   Hit            11147373 3153600000.004877 10.000000 0.000000 0 6525
-   Timestamp      Waitinglist: 1777019280.541409 0.005426 0.005426
-   VCL_call       HIT
-   VCL_call       DELIVER
-   Timestamp      Process: 1777019280.541414 0.005431 0.000005
-   Timestamp      Resp: 1777019280.558735 0.022752 0.017322

*   << Request  >> 11499616  
-   Timestamp      Start: 1777019280.530340 0.000000 0.000000
-   Timestamp      Req: 1777019280.530340 0.000000 0.000000
-   ReqURL         /v2/library/python/blobs/sha256:5142ad1c601197a4231430196ca8fcc3d53bd3aa7377b381c5310530a9ddba66
-   VCL_call       RECV
-   VCL_call       RECV
-   VCL_call       HASH
-   Hit            12013619 3153600000.026366 10.000000 0.000000 250 250
-   Timestamp      Waitinglist: 1777019280.558840 0.028499 0.028499
-   VCL_call       HIT
-   VCL_call       DELIVER
-   Timestamp      Process: 1777019280.558853 0.028512 0.000013
-   Timestamp      Resp: 1777019280.558910 0.028569 0.000057

*   << Request  >> 12009528  
-   Timestamp      Start: 1777019280.528203 0.000000 0.000000
-   Timestamp      Req: 1777019280.528203 0.000000 0.000000
-   ReqURL         /v2/library/python/blobs/sha256:5142ad1c601197a4231430196ca8fcc3d53bd3aa7377b381c5310530a9ddba66
-   VCL_call       RECV
-   VCL_call       RECV
-   VCL_call       HASH
-   Hit            12013619 3153600000.028503 10.000000 0.000000 250 250
-   Timestamp      Waitinglist: 1777019280.558297 0.030094 0.030094
-   VCL_call       HIT
-   VCL_call       DELIVER
-   Timestamp      Process: 1777019280.558310 0.030107 0.000013
-   Timestamp      Resp: 1777019280.558913 0.030709 0.000602

*   << Request  >> 12005417  
-   Timestamp      Start: 1777019280.536252 0.000000 0.000000
-   Timestamp      Req: 1777019280.536252 0.000000 0.000000
-   ReqURL         /v2/library/python/blobs/sha256:5142ad1c601197a4231430196ca8fcc3d53bd3aa7377b381c5310530a9ddba66
-   VCL_call       RECV
-   VCL_call       RECV
-   VCL_call       HASH
-   Hit            12013619 3153600000.020455 10.000000 0.000000 250 250
-   Timestamp      Waitinglist: 1777019280.558959 0.022707 0.022707
-   VCL_call       HIT
-   VCL_call       DELIVER
-   Timestamp      Process: 1777019280.558969 0.022718 0.000010
-   Timestamp      Resp: 1777019280.559010 0.022758 0.000040

*   << Request  >> 10787002  
-   Timestamp      Start: 1777019280.532407 0.000000 0.000000
-   Timestamp      Req: 1777019280.532407 0.000000 0.000000
-   ReqURL         /v2/library/python/blobs/sha256:5142ad1c601197a4231430196ca8fcc3d53bd3aa7377b381c5310530a9ddba66
-   VCL_call       RECV
-   VCL_call       RECV
-   VCL_call       HASH
-   Hit            12013619 3153600000.024301 10.000000 0.000000 250 250
-   Timestamp      Waitinglist: 1777019280.558171 0.025765 0.025765
-   VCL_call       HIT
-   VCL_call       DELIVER
-   Timestamp      Process: 1777019280.558184 0.025777 0.000013
-   Timestamp      Resp: 1777019280.558237 0.025831 0.000053

*   << Request  >> 11014300  
-   Timestamp      Start: 1777019280.531287 0.000000 0.000000
-   Timestamp      Req: 1777019280.531287 0.000000 0.000000
-   ReqURL         /v2/library/python/blobs/sha256:5142ad1c601197a4231430196ca8fcc3d53bd3aa7377b381c5310530a9ddba66
-   VCL_call       RECV
-   VCL_call       RECV
-   VCL_call       HASH
-   Hit            12013619 3153600000.025420 10.000000 0.000000 250 250
-   Timestamp      Waitinglist: 1777019280.558946 0.027659 0.027659
-   VCL_call       HIT
-   VCL_call       DELIVER
-   Timestamp      Process: 1777019280.558957 0.027670 0.000011
-   Timestamp      Resp: 1777019280.559040 0.027753 0.000083

*   << Request  >> 10909879  
-   Timestamp      Start: 1777019280.532522 0.000000 0.000000
-   Timestamp      Req: 1777019280.532522 0.000000 0.000000
-   ReqURL         /v2/library/python/blobs/sha256:5142ad1c601197a4231430196ca8fcc3d53bd3aa7377b381c5310530a9ddba66
-   VCL_call       RECV
-   VCL_call       RECV
-   VCL_call       HASH
-   Hit            12013619 3153600000.024185 10.000000 0.000000 250 250
-   Timestamp      Waitinglist: 1777019280.559087 0.026566 0.026566
-   VCL_call       HIT
-   VCL_call       DELIVER
-   Timestamp      Process: 1777019280.559099 0.026578 0.000012
-   Timestamp      Resp: 1777019280.559150 0.026628 0.000050

*   << Request  >> 11411565  
-   Timestamp      Start: 1777019280.527389 0.000000 0.000000
-   Timestamp      Req: 1777019280.527389 0.000000 0.000000
-   ReqURL         /v2/library/python/blobs/sha256:299c82f5afaaeffd7b830ea495aaf3c8762b75208245ba5f7c5a69c528f6fce6
-   VCL_call       RECV
-   VCL_call       RECV
-   VCL_call       HASH
-   Hit            11147373 3153600000.013471 10.000000 0.000000 0 6525
-   Timestamp      Waitinglist: 1777019280.541080 0.013692 0.013692
-   VCL_call       HIT
-   VCL_call       DELIVER
-   Timestamp      Process: 1777019280.541097 0.013708 0.000016
-   Timestamp      Resp: 1777019280.559164 0.031775 0.018067

*   << Request  >> 11147372  
-   Timestamp      Start: 1777019280.524256 0.000000 0.000000
-   Timestamp      Req: 1777019280.524256 0.000000 0.000000
-   ReqURL         /v2/library/python/blobs/sha256:299c82f5afaaeffd7b830ea495aaf3c8762b75208245ba5f7c5a69c528f6fce6
-   VCL_call       RECV
-   VCL_call       RECV
-   VCL_call       HASH
-   VCL_call       MISS
-   Link           bereq 11147373 fetch
-   Timestamp      Fetch: 1777019280.541022 0.016765 0.016765
-   VCL_call       DELIVER
-   Timestamp      Process: 1777019280.541040 0.016784 0.000019
-   Timestamp      Resp: 1777019280.558047 0.033791 0.017007
**  << BeReq    >> 11147373  
--  Timestamp      Start: 1777019280.524541 0.000000 0.000000
--  VCL_call       BACKEND_FETCH
--  Timestamp      Fetch: 1777019280.524703 0.000162 0.000162
--  Timestamp      Connected: 1777019280.524770 0.000230 0.000067
--  Timestamp      Bereq: 1777019280.524938 0.000397 0.000168
--  Timestamp      Beresp: 1777019280.540859 0.016319 0.015922
--  VCL_call       BACKEND_RESPONSE
--  VCL_call       VHA_INTERNAL
--  Timestamp      Process: 1777019280.540907 0.016366 0.000047
--  Timestamp      BerespBody: 1777019280.557202 0.032662 0.016296

*   << Request  >> 11675697  
-   Timestamp      Start: 1777019280.533031 0.000000 0.000000
-   Timestamp      Req: 1777019280.533031 0.000000 0.000000
-   ReqURL         /v2/library/python/blobs/sha256:5142ad1c601197a4231430196ca8fcc3d53bd3aa7377b381c5310530a9ddba66
-   VCL_call       RECV
-   VCL_call       RECV
-   VCL_call       HASH
-   Hit            12013619 3153600000.023676 10.000000 0.000000 250 250
-   Timestamp      Waitinglist: 1777019280.559191 0.026160 0.026160
-   VCL_call       HIT
-   VCL_call       DELIVER
-   Timestamp      Process: 1777019280.559201 0.026170 0.000010
-   Timestamp      Resp: 1777019280.559277 0.026246 0.000075

*   << Request  >> 11890739  
-   Timestamp      Start: 1777019280.528656 0.000000 0.000000
-   Timestamp      Req: 1777019280.528656 0.000000 0.000000
-   ReqURL         /v2/library/python/blobs/sha256:299c82f5afaaeffd7b830ea495aaf3c8762b75208245ba5f7c5a69c528f6fce6
-   VCL_call       RECV
-   VCL_call       RECV
-   VCL_call       HASH
-   Hit            11147373 3153600000.012203 10.000000 0.000000 0 6525
-   Timestamp      Waitinglist: 1777019280.541233 0.012577 0.012577
-   VCL_call       HIT
-   VCL_call       DELIVER
-   Timestamp      Process: 1777019280.541252 0.012595 0.000018
-   Timestamp      Resp: 1777019280.559302 0.030645 0.018050

*   << Request  >> 11991091  
-   Timestamp      Start: 1777019280.534639 0.000000 0.000000
-   Timestamp      Req: 1777019280.534639 0.000000 0.000000
-   ReqURL         /v2/library/python/blobs/sha256:5142ad1c601197a4231430196ca8fcc3d53bd3aa7377b381c5310530a9ddba66
-   VCL_call       RECV
-   VCL_call       RECV
-   VCL_call       HASH
-   Hit            12013619 3153600000.022068 10.000000 0.000000 250 250
-   Timestamp      Waitinglist: 1777019280.559325 0.024686 0.024686
-   VCL_call       HIT
-   VCL_call       DELIVER
-   Timestamp      Process: 1777019280.559337 0.024699 0.000013
-   Timestamp      Resp: 1777019280.559406 0.024768 0.000069

*   << Request  >> 12013618  
-   Timestamp      Start: 1777019280.526163 0.000000 0.000000
-   Timestamp      Req: 1777019280.526163 0.000000 0.000000
-   ReqURL         /v2/library/python/blobs/sha256:5142ad1c601197a4231430196ca8fcc3d53bd3aa7377b381c5310530a9ddba66
-   VCL_call       RECV
-   VCL_call       RECV
-   VCL_call       HASH
-   VCL_call       MISS
-   Link           bereq 12013619 fetch
-   Timestamp      Fetch: 1777019280.559403 0.033240 0.033240
-   VCL_call       DELIVER
-   Timestamp      Process: 1777019280.559415 0.033252 0.000012
-   Timestamp      Resp: 1777019280.559475 0.033311 0.000059
**  << BeReq    >> 12013619  
--  Timestamp      Start: 1777019280.526371 0.000000 0.000000
--  VCL_call       BACKEND_FETCH
--  Timestamp      Fetch: 1777019280.526549 0.000178 0.000178
--  Timestamp      Connected: 1777019280.531437 0.005067 0.004889
--  Timestamp      Bereq: 1777019280.531522 0.005151 0.000084
--  Timestamp      Beresp: 1777019280.556707 0.030336 0.025185
--  VCL_call       BACKEND_RESPONSE
--  VCL_call       VHA_INTERNAL
--  Timestamp      Process: 1777019280.556769 0.030398 0.000062
--  Timestamp      BerespBody: 1777019280.559354 0.032984 0.002586

*   << Request  >> 11976762  
-   Timestamp      Start: 1777019280.527096 0.000000 0.000000
-   Timestamp      Req: 1777019280.527096 0.000000 0.000000
-   ReqURL         /v2/library/python/blobs/sha256:5142ad1c601197a4231430196ca8fcc3d53bd3aa7377b381c5310530a9ddba66
-   VCL_call       RECV
-   VCL_call       RECV
-   VCL_call       HASH
-   Hit            12013619 3153600000.029611 10.000000 0.000000 0 250
-   Timestamp      Waitinglist: 1777019280.556941 0.029845 0.029845
-   VCL_call       HIT
-   VCL_call       DELIVER
-   Timestamp      Process: 1777019280.556947 0.029851 0.000007
-   Timestamp      Resp: 1777019280.559525 0.032429 0.002577

*   << Request  >> 11733028  
-   Timestamp      Start: 1777019280.534765 0.000000 0.000000
-   Timestamp      Req: 1777019280.534765 0.000000 0.000000
-   ReqURL         /v2/library/python/blobs/sha256:5142ad1c601197a4231430196ca8fcc3d53bd3aa7377b381c5310530a9ddba66
-   VCL_call       RECV
-   VCL_call       RECV
-   VCL_call       HASH
-   Hit            12013619 3153600000.021942 10.000000 0.000000 250 250
-   Timestamp      Waitinglist: 1777019280.559451 0.024686 0.024686
-   VCL_call       HIT
-   VCL_call       DELIVER
-   Timestamp      Process: 1777019280.559463 0.024698 0.000012
-   Timestamp      Resp: 1777019280.559538 0.024774 0.000075

*   << Request  >> 11823150  
-   Timestamp      Start: 1777019280.535144 0.000000 0.000000
-   Timestamp      Req: 1777019280.535144 0.000000 0.000000
-   ReqURL         /v2/library/python/blobs/sha256:5142ad1c601197a4231430196ca8fcc3d53bd3aa7377b381c5310530a9ddba66
-   VCL_call       RECV
-   VCL_call       RECV
-   VCL_call       HASH
-   Hit            12013619 3153600000.021563 10.000000 0.000000
-   Timestamp      Waitinglist: 1777019280.559585 0.024441 0.024441
-   VCL_call       HIT
-   VCL_call       DELIVER
-   Timestamp      Process: 1777019280.559596 0.024452 0.000011
-   Timestamp      Resp: 1777019280.559669 0.024525 0.000073

*   << Request  >> 11921444  
-   Timestamp      Start: 1777019280.535534 0.000000 0.000000
-   Timestamp      Req: 1777019280.535534 0.000000 0.000000
-   ReqURL         /v2/library/python/blobs/sha256:5142ad1c601197a4231430196ca8fcc3d53bd3aa7377b381c5310530a9ddba66
-   VCL_call       RECV
-   VCL_call       RECV
-   VCL_call       HASH
-   Hit            12013619 3153600000.021173 10.000000 0.000000
-   Timestamp      Waitinglist: 1777019280.559705 0.024171 0.024171
-   VCL_call       HIT
-   VCL_call       DELIVER
-   Timestamp      Process: 1777019280.559717 0.024183 0.000012
-   Timestamp      Resp: 1777019280.559832 0.024298 0.000115

*   << Request  >> 11925553  
-   Timestamp      Start: 1777019280.536065 0.000000 0.000000
-   Timestamp      Req: 1777019280.536065 0.000000 0.000000
-   ReqURL         /v2/library/python/blobs/sha256:5142ad1c601197a4231430196ca8fcc3d53bd3aa7377b381c5310530a9ddba66
-   VCL_call       RECV
-   VCL_call       RECV
-   VCL_call       HASH
-   Hit            12013619 3153600000.020642 10.000000 0.000000
-   Timestamp      Waitinglist: 1777019280.559881 0.023817 0.023817
-   VCL_call       HIT
-   VCL_call       DELIVER
-   Timestamp      Process: 1777019280.559894 0.023829 0.000013
-   Timestamp      Resp: 1777019280.559944 0.023879 0.000049

*   << Request  >> 11755556  
-   Timestamp      Start: 1777019280.526845 0.000000 0.000000
-   Timestamp      Req: 1777019280.526845 0.000000 0.000000
-   ReqURL         /v2/library/python/blobs/sha256:299c82f5afaaeffd7b830ea495aaf3c8762b75208245ba5f7c5a69c528f6fce6
-   VCL_call       RECV
-   VCL_call       RECV
-   VCL_call       HASH
-   Hit            11147373 3153600000.014014 10.000000 0.000000 0 6525
-   Timestamp      Waitinglist: 1777019280.541110 0.014264 0.014264
-   VCL_call       HIT
-   VCL_call       DELIVER
-   Timestamp      Process: 1777019280.541142 0.014297 0.000032
-   Timestamp      Resp: 1777019280.560218 0.033373 0.019076

*   << Request  >> 12009526  
-   Timestamp      Start: 1777019280.526655 0.000000 0.000000
-   Timestamp      Req: 1777019280.526655 0.000000 0.000000
-   ReqURL         /v2/library/python/blobs/sha256:5142ad1c601197a4231430196ca8fcc3d53bd3aa7377b381c5310530a9ddba66
-   VCL_call       RECV
-   VCL_call       RECV
-   VCL_call       HASH
-   Hit            12013619 3153600000.030051 10.000000 0.000000 250 250
-   Timestamp      Waitinglist: 1777019280.557078 0.030423 0.030423
-   VCL_call       HIT
-   VCL_call       DELIVER
-   Timestamp      Process: 1777019280.557144 0.030489 0.000066
-   Timestamp      Resp: 1777019280.557255 0.030599 0.000110

*   << Request  >> 11972647  
-   Timestamp      Start: 1777019280.524938 0.000000 0.000000
-   Timestamp      Req: 1777019280.524938 0.000000 0.000000
-   ReqURL         /v2/library/python/blobs/sha256:299c82f5afaaeffd7b830ea495aaf3c8762b75208245ba5f7c5a69c528f6fce6
-   VCL_call       RECV
-   VCL_call       RECV
-   VCL_call       HASH
-   Hit            11147373 3153600000.015922 10.000000 0.000000 0 6525
-   Timestamp      Waitinglist: 1777019280.541219 0.016281 0.016281
-   VCL_call       HIT
-   VCL_call       DELIVER
-   Timestamp      Process: 1777019280.541236 0.016298 0.000017
-   Timestamp      Resp: 1777019280.560386 0.035448 0.019150

*   << Request  >> 12046383  
-   Timestamp      Start: 1777019280.531122 0.000000 0.000000
-   Timestamp      Req: 1777019280.531122 0.000000 0.000000
-   ReqURL         /v2/library/python/blobs/sha256:299c82f5afaaeffd7b830ea495aaf3c8762b75208245ba5f7c5a69c528f6fce6
-   VCL_call       RECV
-   VCL_call       RECV
-   VCL_call       HASH
-   Hit            11147373 3153600000.009737 10.000000 0.000000 0 6525
-   Timestamp      Waitinglist: 1777019280.541281 0.010159 0.010159
-   VCL_call       HIT
-   VCL_call       DELIVER
-   Timestamp      Process: 1777019280.541290 0.010168 0.000009
-   Timestamp      Resp: 1777019280.564160 0.033038 0.022870

*   << Request  >> 11911213  
-   Timestamp      Start: 1777019280.529233 0.000000 0.000000
-   Timestamp      Req: 1777019280.529233 0.000000 0.000000
-   ReqURL         /v2/library/python/blobs/sha256:299c82f5afaaeffd7b830ea495aaf3c8762b75208245ba5f7c5a69c528f6fce6
-   VCL_call       RECV
-   VCL_call       RECV
-   VCL_call       HASH
-   Hit            11147373 3153600000.011627 10.000000 0.000000 0 6525
-   Timestamp      Waitinglist: 1777019280.541327 0.012095 0.012095
-   VCL_call       HIT
-   VCL_call       DELIVER
-   Timestamp      Process: 1777019280.541337 0.012104 0.000010
-   Timestamp      Resp: 1777019280.564255 0.035022 0.022918

*   << Request  >> 11919416  
-   Timestamp      Start: 1777019280.528935 0.000000 0.000000
-   Timestamp      Req: 1777019280.528935 0.000000 0.000000
-   ReqURL         /v2/library/python/blobs/sha256:299c82f5afaaeffd7b830ea495aaf3c8762b75208245ba5f7c5a69c528f6fce6
-   VCL_call       RECV
-   VCL_call       RECV
-   VCL_call       HASH
-   Hit            11147373 3153600000.011924 10.000000 0.000000 0 6525
-   Timestamp      Waitinglist: 1777019280.541411 0.012475 0.012475
-   VCL_call       HIT
-   VCL_call       DELIVER
-   Timestamp      Process: 1777019280.541420 0.012484 0.000009
-   Timestamp      Resp: 1777019280.564965 0.036030 0.023546

*   << Request  >> 11319384  
-   Timestamp      Start: 1777019280.530142 0.000000 0.000000
-   Timestamp      Req: 1777019280.530142 0.000000 0.000000
-   ReqURL         /v2/library/python/blobs/sha256:299c82f5afaaeffd7b830ea495aaf3c8762b75208245ba5f7c5a69c528f6fce6
-   VCL_call       RECV
-   VCL_call       RECV
-   VCL_call       HASH
-   Hit            11147373 3153600000.010717 10.000000 0.000000 0 6525
-   Timestamp      Waitinglist: 1777019280.541375 0.011233 0.011233
-   VCL_call       HIT
-   VCL_call       DELIVER
-   Timestamp      Process: 1777019280.541386 0.011244 0.000011
-   Timestamp      Resp: 1777019280.565010 0.034868 0.023623

*   << Request  >> 12038194  
-   Timestamp      Start: 1777019280.530298 0.000000 0.000000
-   Timestamp      Req: 1777019280.530298 0.000000 0.000000
-   ReqURL         /v2/library/python/blobs/sha256:299c82f5afaaeffd7b830ea495aaf3c8762b75208245ba5f7c5a69c528f6fce6
-   VCL_call       RECV
-   VCL_call       RECV
-   VCL_call       HASH
-   Hit            11147373 3153600000.010562 10.000000 0.000000 0 6525
-   Timestamp      Waitinglist: 1777019280.541215 0.010918 0.010918
-   VCL_call       HIT
-   VCL_call       DELIVER
-   Timestamp      Process: 1777019280.541234 0.010936 0.000018
-   Timestamp      Resp: 1777019280.567129 0.036832 0.025896

*   << Request  >> 12038193  
-   Timestamp      Start: 1777019280.528765 0.000000 0.000000
-   Timestamp      Req: 1777019280.528765 0.000000 0.000000
-   ReqURL         /v2/library/python/blobs/sha256:299c82f5afaaeffd7b830ea495aaf3c8762b75208245ba5f7c5a69c528f6fce6
-   VCL_call       RECV
-   VCL_call       RECV
-   VCL_call       HASH
-   Hit            11147373 3153600000.012094 10.000000 0.000000 0 6525
-   Timestamp      Waitinglist: 1777019280.541443 0.012679 0.012679
-   VCL_call       HIT
-   VCL_call       DELIVER
-   Timestamp      Process: 1777019280.541454 0.012689 0.000010
-   Timestamp      Resp: 1777019280.567295 0.038531 0.025842

*   << Request  >> 11919415  
-   Timestamp      Start: 1777019280.528051 0.000000 0.000000
-   Timestamp      Req: 1777019280.528051 0.000000 0.000000
-   ReqURL         /v2/library/python/blobs/sha256:299c82f5afaaeffd7b830ea495aaf3c8762b75208245ba5f7c5a69c528f6fce6
-   VCL_call       RECV
-   VCL_call       RECV
-   VCL_call       HASH
-   Hit            11147373 3153600000.012808 10.000000 0.000000 0 6525
-   Timestamp      Waitinglist: 1777019280.541128 0.013076 0.013076
-   VCL_call       HIT
-   VCL_call       DELIVER
-   Timestamp      Process: 1777019280.541140 0.013088 0.000012
-   Timestamp      Resp: 1777019280.567598 0.039546 0.026458

*   << Request  >> 12081154  
-   Timestamp      Start: 1777019280.535662 0.000000 0.000000
-   Timestamp      Req: 1777019280.535662 0.000000 0.000000
-   ReqURL         /v2/library/python/blobs/sha256:299c82f5afaaeffd7b830ea495aaf3c8762b75208245ba5f7c5a69c528f6fce6
-   VCL_call       RECV
-   VCL_call       RECV
-   VCL_call       HASH
-   Hit            11147373 3153600000.005198 10.000000 0.000000 0 6525
-   Timestamp      Waitinglist: 1777019280.541491 0.005829 0.005829
-   VCL_call       HIT
-   VCL_call       DELIVER
-   Timestamp      Process: 1777019280.541503 0.005842 0.000013
-   Timestamp      Resp: 1777019280.567807 0.032146 0.026304

*   << Request  >> 11747384  
-   Timestamp      Start: 1777019280.534308 0.000000 0.000000
-   Timestamp      Req: 1777019280.534308 0.000000 0.000000
-   ReqURL         /v2/library/python/blobs/sha256:10c3183ecaa658630d9f8995f15982970814ef12f11420f550231b00c7bea70b
-   VCL_call       RECV
-   VCL_call       RECV
-   VCL_call       HASH
-   Hit            11151471 3153600000.045752 10.000000 0.000000 0 6085049
-   Timestamp      Waitinglist: 1777019280.584218 0.049909 0.049909
-   VCL_call       HIT
-   VCL_call       DELIVER
-   Timestamp      Process: 1777019280.584221 0.049912 0.000003
-   Timestamp      Resp: 1777019284.434964 3.900656 3.850743

*   << Request  >> 11462762  
-   Timestamp      Start: 1777019280.536025 0.000000 0.000000
-   Timestamp      Req: 1777019280.536025 0.000000 0.000000
-   ReqURL         /v2/library/python/blobs/sha256:10c3183ecaa658630d9f8995f15982970814ef12f11420f550231b00c7bea70b
-   VCL_call       RECV
-   VCL_call       RECV
-   VCL_call       HASH
-   Hit            11151471 3153600000.044036 10.000000 0.000000 0 6085049
-   Timestamp      Waitinglist: 1777019280.584387 0.048362 0.048362
-   VCL_call       HIT
-   VCL_call       DELIVER
-   Timestamp      Process: 1777019280.584390 0.048365 0.000003
-   Timestamp      Resp: 1777019284.435036 3.899012 3.850646

*   << Request  >> 11350157  
-   Timestamp      Start: 1777019280.529037 0.000000 0.000000
-   Timestamp      Req: 1777019280.529037 0.000000 0.000000
-   ReqURL         /v2/library/python/blobs/sha256:10c3183ecaa658630d9f8995f15982970814ef12f11420f550231b00c7bea70b
-   VCL_call       RECV
-   VCL_call       RECV
-   VCL_call       HASH
-   Hit            11151471 3153600000.051023 10.000000 0.000000 0 6085049
-   Timestamp      Waitinglist: 1777019280.580271 0.051234 0.051234
-   VCL_call       HIT
-   VCL_call       DELIVER
-   Timestamp      Process: 1777019280.580275 0.051237 0.000003
-   Timestamp      Resp: 1777019284.435031 3.905993 3.854756

*   << Request  >> 12066854  
-   Timestamp      Start: 1777019280.533669 0.000000 0.000000
-   Timestamp      Req: 1777019280.533669 0.000000 0.000000
-   ReqURL         /v2/library/python/blobs/sha256:10c3183ecaa658630d9f8995f15982970814ef12f11420f550231b00c7bea70b
-   VCL_call       RECV
-   VCL_call       RECV
-   VCL_call       HASH
-   Hit            11151471 3153600000.046391 10.000000 0.000000 0 6085049
-   Timestamp      Waitinglist: 1777019280.584096 0.050428 0.050428
-   VCL_call       HIT
-   VCL_call       DELIVER
-   Timestamp      Process: 1777019280.584100 0.050431 0.000003
-   Timestamp      Resp: 1777019284.435078 3.901409 3.850978

*   << Request  >> 11872308  
-   Timestamp      Start: 1777019280.528510 0.000000 0.000000
-   Timestamp      Req: 1777019280.528510 0.000000 0.000000
-   ReqURL         /v2/library/python/blobs/sha256:10c3183ecaa658630d9f8995f15982970814ef12f11420f550231b00c7bea70b
-   VCL_call       RECV
-   VCL_call       RECV
-   VCL_call       HASH
-   Hit            11151471 3153600000.051550 10.000000 0.000000 0 6085049
-   Timestamp      Waitinglist: 1777019280.580607 0.052097 0.052097
-   VCL_call       HIT
-   VCL_call       DELIVER
-   Timestamp      Process: 1777019280.580610 0.052100 0.000003
-   Timestamp      Resp: 1777019284.435164 3.906654 3.854554

*   << Request  >> 11260020  
-   Timestamp      Start: 1777019280.529715 0.000000 0.000000
-   Timestamp      Req: 1777019280.529715 0.000000 0.000000
-   ReqURL         /v2/library/python/blobs/sha256:10c3183ecaa658630d9f8995f15982970814ef12f11420f550231b00c7bea70b
-   VCL_call       RECV
-   VCL_call       RECV
-   VCL_call       HASH
-   Hit            11151471 3153600000.050345 10.000000 0.000000 0 6085049
-   Timestamp      Waitinglist: 1777019280.580292 0.050578 0.050578
-   VCL_call       HIT
-   VCL_call       DELIVER
-   Timestamp      Process: 1777019280.580301 0.050587 0.000009
-   Timestamp      Resp: 1777019284.435187 3.905472 3.854885

*   << Request  >> 11833394  
-   Timestamp      Start: 1777019280.532952 0.000000 0.000000
-   Timestamp      Req: 1777019280.532952 0.000000 0.000000
-   ReqURL         /v2/library/python/blobs/sha256:10c3183ecaa658630d9f8995f15982970814ef12f11420f550231b00c7bea70b
-   VCL_call       RECV
-   VCL_call       RECV
-   VCL_call       HASH
-   Hit            11151471 3153600000.047109 10.000000 0.000000 0 6085049
-   Timestamp      Waitinglist: 1777019280.584046 0.051095 0.051095
-   VCL_call       HIT
-   VCL_call       DELIVER
-   Timestamp      Process: 1777019280.584049 0.051098 0.000003
-   Timestamp      Resp: 1777019284.435320 3.902368 3.851270

*   << Request  >> 11993134  
-   Timestamp      Start: 1777019280.532888 0.000000 0.000000
-   Timestamp      Req: 1777019280.532888 0.000000 0.000000
-   ReqURL         /v2/library/python/blobs/sha256:10c3183ecaa658630d9f8995f15982970814ef12f11420f550231b00c7bea70b
-   VCL_call       RECV
-   VCL_call       RECV
-   VCL_call       HASH
-   Hit            11151471 3153600000.047172 10.000000 0.000000 0 6085049
-   Timestamp      Waitinglist: 1777019280.580490 0.047601 0.047601
-   VCL_call       HIT
-   VCL_call       DELIVER
-   Timestamp      Process: 1777019280.580494 0.047606 0.000005
-   Timestamp      Resp: 1777019284.435357 3.902468 3.854862

*   << Request  >> 11151470  
-   Timestamp      Start: 1777019280.524584 0.000000 0.000000
-   Timestamp      Req: 1777019280.524584 0.000000 0.000000
-   ReqURL         /v2/library/python/blobs/sha256:10c3183ecaa658630d9f8995f15982970814ef12f11420f550231b00c7bea70b
-   VCL_call       RECV
-   VCL_call       RECV
-   VCL_call       HASH
-   VCL_call       MISS
-   Link           bereq 11151471 fetch
-   Timestamp      Fetch: 1777019280.580189 0.055605 0.055605
-   VCL_call       DELIVER
-   Timestamp      Process: 1777019280.580194 0.055610 0.000005
-   Timestamp      Resp: 1777019284.435398 3.910814 3.855204
**  << BeReq    >> 11151471  
--  Timestamp      Start: 1777019280.526697 0.000000 0.000000
--  VCL_call       BACKEND_FETCH
--  Timestamp      Fetch: 1777019280.535168 0.008471 0.008471
--  Timestamp      Connected: 1777019280.536438 0.009741 0.001270
--  Timestamp      Bereq: 1777019280.536521 0.009824 0.000083
--  Timestamp      Beresp: 1777019280.580060 0.053363 0.043539
--  VCL_call       BACKEND_RESPONSE
--  VCL_call       VHA_INTERNAL
--  Timestamp      Process: 1777019280.580097 0.053400 0.000037
--  Timestamp      BerespBody: 1777019284.434935 3.908238 3.854838

*   << Request  >> 11952173  
-   Timestamp      Start: 1777019280.532159 0.000000 0.000000
-   Timestamp      Req: 1777019280.532159 0.000000 0.000000
-   ReqURL         /v2/library/python/blobs/sha256:10c3183ecaa658630d9f8995f15982970814ef12f11420f550231b00c7bea70b
-   VCL_call       RECV
-   VCL_call       RECV
-   VCL_call       HASH
-   Hit            11151471 3153600000.047901 10.000000 0.000000 0 6085049
-   Timestamp      Waitinglist: 1777019280.580267 0.048108 0.048108
-   VCL_call       HIT
-   VCL_call       DELIVER
-   Timestamp      Process: 1777019280.580271 0.048112 0.000004
-   Timestamp      Resp: 1777019284.435434 3.903274 3.855163

*   << Request  >> 11763756  
-   Timestamp      Start: 1777019280.537168 0.000000 0.000000
-   Timestamp      Req: 1777019280.537168 0.000000 0.000000
-   ReqURL         /v2/library/python/blobs/sha256:10c3183ecaa658630d9f8995f15982970814ef12f11420f550231b00c7bea70b
-   VCL_call       RECV
-   VCL_call       RECV
-   VCL_call       HASH
-   Hit            11151471 3153600000.042892 10.000000 0.000000 0 6085049
-   Timestamp      Waitinglist: 1777019280.584436 0.047268 0.047268
-   VCL_call       HIT
-   VCL_call       DELIVER
-   Timestamp      Process: 1777019280.584439 0.047271 0.000003
-   Timestamp      Resp: 1777019284.435539 3.898371 3.851100

*   << Request  >> 11094152  
-   Timestamp      Start: 1777019280.534386 0.000000 0.000000
-   Timestamp      Req: 1777019280.534386 0.000000 0.000000
-   ReqURL         /v2/library/python/blobs/sha256:10c3183ecaa658630d9f8995f15982970814ef12f11420f550231b00c7bea70b
-   VCL_call       RECV
-   VCL_call       RECV
-   VCL_call       HASH
-   Hit            11151471 3153600000.045674 10.000000 0.000000 0 6085049
-   Timestamp      Waitinglist: 1777019280.584257 0.049871 0.049871
-   VCL_call       HIT
-   VCL_call       DELIVER
-   Timestamp      Process: 1777019280.584260 0.049874 0.000003
-   Timestamp      Resp: 1777019284.435540 3.901154 3.851280

*   << Request  >> 11374704  
-   Timestamp      Start: 1777019280.527600 0.000000 0.000000
-   Timestamp      Req: 1777019280.527600 0.000000 0.000000
-   ReqURL         /v2/library/python/blobs/sha256:10c3183ecaa658630d9f8995f15982970814ef12f11420f550231b00c7bea70b
-   VCL_call       RECV
-   VCL_call       RECV
-   VCL_call       HASH
-   Hit            11151471 3153600000.052460 10.000000 0.000000 0 6085049
-   Timestamp      Waitinglist: 1777019280.580174 0.052574 0.052574
-   VCL_call       HIT
-   VCL_call       DELIVER
-   Timestamp      Process: 1777019280.580179 0.052579 0.000005
-   Timestamp      Resp: 1777019284.435577 3.907977 3.855398

*   << Request  >> 11700282  
-   Timestamp      Start: 1777019280.534042 0.000000 0.000000
-   Timestamp      Req: 1777019280.534042 0.000000 0.000000
-   ReqURL         /v2/library/python/blobs/sha256:10c3183ecaa658630d9f8995f15982970814ef12f11420f550231b00c7bea70b
-   VCL_call       RECV
-   VCL_call       RECV
-   VCL_call       HASH
-   Hit            11151471 3153600000.046018 10.000000 0.000000 0 6085049
-   Timestamp      Waitinglist: 1777019280.584181 0.050139 0.050139
-   VCL_call       HIT
-   VCL_call       DELIVER
-   Timestamp      Process: 1777019280.584184 0.050142 0.000003
-   Timestamp      Resp: 1777019284.435608 3.901566 3.851424

*   << Request  >> 11743295  
-   Timestamp      Start: 1777019280.526697 0.000000 0.000000
-   Timestamp      Req: 1777019280.526697 0.000000 0.000000
-   ReqURL         /v2/library/python/blobs/sha256:10c3183ecaa658630d9f8995f15982970814ef12f11420f550231b00c7bea70b
-   VCL_call       RECV
-   VCL_call       RECV
-   VCL_call       HASH
-   Hit            11151471 3153600000.053363 10.000000 0.000000 0 6085049
-   Timestamp      Waitinglist: 1777019280.580563 0.053865 0.053865
-   VCL_call       HIT
-   VCL_call       DELIVER
-   Timestamp      Process: 1777019280.580567 0.053869 0.000004
-   Timestamp      Resp: 1777019284.435773 3.909076 3.855206

*   << Request  >> 11563095  
-   Timestamp      Start: 1777019280.535676 0.000000 0.000000
-   Timestamp      Req: 1777019280.535676 0.000000 0.000000
-   ReqURL         /v2/library/python/blobs/sha256:10c3183ecaa658630d9f8995f15982970814ef12f11420f550231b00c7bea70b
-   VCL_call       RECV
-   VCL_call       RECV
-   VCL_call       HASH
-   Hit            11151471 3153600000.044384 10.000000 0.000000 0 6085049
-   Timestamp      Waitinglist: 1777019280.583645 0.047969 0.047969
-   VCL_call       HIT
-   VCL_call       DELIVER
-   Timestamp      Process: 1777019280.583651 0.047975 0.000006
-   Timestamp      Resp: 1777019284.435883 3.900207 3.852232

*   << Request  >> 11864108  
-   Timestamp      Start: 1777019280.534380 0.000000 0.000000
-   Timestamp      Req: 1777019280.534380 0.000000 0.000000
-   ReqURL         /v2/library/python/blobs/sha256:10c3183ecaa658630d9f8995f15982970814ef12f11420f550231b00c7bea70b
-   VCL_call       RECV
-   VCL_call       RECV
-   VCL_call       HASH
-   Hit            11151471 3153600000.045680 10.000000 0.000000 0 6085049
-   Timestamp      Waitinglist: 1777019280.584297 0.049917 0.049917
-   VCL_call       HIT
-   VCL_call       DELIVER
-   Timestamp      Process: 1777019280.584301 0.049920 0.000003
-   Timestamp      Resp: 1777019284.435921 3.901541 3.851620

*   << Request  >> 11743296  
-   Timestamp      Start: 1777019280.528179 0.000000 0.000000
-   Timestamp      Req: 1777019280.528179 0.000000 0.000000
-   ReqURL         /v2/library/python/blobs/sha256:10c3183ecaa658630d9f8995f15982970814ef12f11420f550231b00c7bea70b
-   VCL_call       RECV
-   VCL_call       RECV
-   VCL_call       HASH
-   Hit            11151471 3153600000.051881 10.000000 0.000000 0 6085049
-   Timestamp      Waitinglist: 1777019280.580593 0.052414 0.052414
-   VCL_call       HIT
-   VCL_call       DELIVER
-   Timestamp      Process: 1777019280.580596 0.052418 0.000003
-   Timestamp      Resp: 1777019284.436008 3.907829 3.855412

*   << Request  >> 11956268  
-   Timestamp      Start: 1777019280.530564 0.000000 0.000000
-   Timestamp      Req: 1777019280.530564 0.000000 0.000000
-   ReqURL         /v2/library/python/blobs/sha256:10c3183ecaa658630d9f8995f15982970814ef12f11420f550231b00c7bea70b
-   VCL_call       RECV
-   VCL_call       RECV
-   VCL_call       HASH
-   Hit            11151471 3153600000.049496 10.000000 0.000000 0 6085049
-   Timestamp      Waitinglist: 1777019280.580314 0.049750 0.049750
-   VCL_call       HIT
-   VCL_call       DELIVER
-   Timestamp      Process: 1777019280.580318 0.049754 0.000004
-   Timestamp      Resp: 1777019284.436024 3.905460 3.855707

*   << Request  >> 10924190  
-   Timestamp      Start: 1777019280.528280 0.000000 0.000000
-   Timestamp      Req: 1777019280.528280 0.000000 0.000000
-   ReqURL         /v2/library/python/blobs/sha256:10c3183ecaa658630d9f8995f15982970814ef12f11420f550231b00c7bea70b
-   VCL_call       RECV
-   VCL_call       RECV
-   VCL_call       HASH
-   Hit            11151471 3153600000.051780 10.000000 0.000000 0 6085049
-   Timestamp      Waitinglist: 1777019280.580245 0.051965 0.051965
-   VCL_call       HIT
-   VCL_call       DELIVER
-   Timestamp      Process: 1777019280.580248 0.051968 0.000003
-   Timestamp      Resp: 1777019284.436042 3.907761 3.855793

*   << Request  >> 11243632  
-   Timestamp      Start: 1777019280.527768 0.000000 0.000000
-   Timestamp      Req: 1777019280.527768 0.000000 0.000000
-   ReqURL         /v2/library/python/blobs/sha256:10c3183ecaa658630d9f8995f15982970814ef12f11420f550231b00c7bea70b
-   VCL_call       RECV
-   VCL_call       RECV
-   VCL_call       HASH
-   Hit            11151471 3153600000.052292 10.000000 0.000000 0 6085049
-   Timestamp      Waitinglist: 1777019280.580217 0.052449 0.052449
-   VCL_call       HIT
-   VCL_call       DELIVER
-   Timestamp      Process: 1777019280.580221 0.052453 0.000003
-   Timestamp      Resp: 1777019284.436130 3.908362 3.855909

*   << Request  >> 11370624  
-   Timestamp      Start: 1777019280.527719 0.000000 0.000000
-   Timestamp      Req: 1777019280.527719 0.000000 0.000000
-   ReqURL         /v2/library/python/blobs/sha256:10c3183ecaa658630d9f8995f15982970814ef12f11420f550231b00c7bea70b
-   VCL_call       RECV
-   VCL_call       RECV
-   VCL_call       HASH
-   Hit            11151471 3153600000.052341 10.000000 0.000000 0 6085049
-   Timestamp      Waitinglist: 1777019280.580579 0.052860 0.052860
-   VCL_call       HIT
-   VCL_call       DELIVER
-   Timestamp      Process: 1777019280.580582 0.052863 0.000004
-   Timestamp      Resp: 1777019284.436149 3.908430 3.855567

*   << Request  >> 11962424  
-   Timestamp      Start: 1777019280.536157 0.000000 0.000000
-   Timestamp      Req: 1777019280.536157 0.000000 0.000000
-   ReqURL         /v2/library/python/blobs/sha256:10c3183ecaa658630d9f8995f15982970814ef12f11420f550231b00c7bea70b
-   VCL_call       RECV
-   VCL_call       RECV
-   VCL_call       HASH
-   Hit            11151471 3153600000.043903 10.000000 0.000000 0 6085049
-   Timestamp      Waitinglist: 1777019280.583995 0.047838 0.047838
-   VCL_call       HIT
-   VCL_call       DELIVER
-   Timestamp      Process: 1777019280.584000 0.047843 0.000005
-   Timestamp      Resp: 1777019284.436276 3.900119 3.852276

*   << Request  >> 11602016  
-   Timestamp      Start: 1777019280.533796 0.000000 0.000000
-   Timestamp      Req: 1777019280.533796 0.000000 0.000000
-   ReqURL         /v2/library/python/blobs/sha256:10c3183ecaa658630d9f8995f15982970814ef12f11420f550231b00c7bea70b
-   VCL_call       RECV
-   VCL_call       RECV
-   VCL_call       HASH
-   Hit            11151471 3153600000.046264 10.000000 0.000000 0 6085049
-   Timestamp      Waitinglist: 1777019280.584145 0.050349 0.050349
-   VCL_call       HIT
-   VCL_call       DELIVER
-   Timestamp      Process: 1777019280.584148 0.050352 0.000003
-   Timestamp      Resp: 1777019284.436430 3.902634 3.852282

*   << Request  >> 11174002  
-   Timestamp      Start: 1777019280.535713 0.000000 0.000000
-   Timestamp      Req: 1777019280.535713 0.000000 0.000000
-   ReqURL         /v2/library/python/blobs/sha256:10c3183ecaa658630d9f8995f15982970814ef12f11420f550231b00c7bea70b
-   VCL_call       RECV
-   VCL_call       RECV
-   VCL_call       HASH
-   Hit            11151471 3153600000.044347 10.000000 0.000000 0 6085049
-   Timestamp      Waitinglist: 1777019280.584347 0.048634 0.048634
-   VCL_call       HIT
-   VCL_call       DELIVER
-   Timestamp      Process: 1777019280.584350 0.048636 0.000003
-   Timestamp      Resp: 1777019284.436099 3.900386 3.851749

*   << Request  >> 12228610  
-   Timestamp      Start: 1777019285.525715 0.000000 0.000000
-   Timestamp      Req: 1777019285.525715 0.000000 0.000000
-   ReqURL         /v2/library/python/blobs/sha256:299c82f5afaaeffd7b830ea495aaf3c8762b75208245ba5f7c5a69c528f6fce6
-   VCL_call       RECV
-   VCL_call       RECV
-   VCL_call       HASH
-   Hit            11147373 3153599995.015144 10.000000 0.000000
-   VCL_call       HIT
-   VCL_call       DELIVER
-   Timestamp      Process: 1777019285.525870 0.000155 0.000155
-   Timestamp      Resp: 1777019285.525909 0.000194 0.000039

*   << Request  >> 12179458  
-   Timestamp      Start: 1777019285.526104 0.000000 0.000000
-   Timestamp      Req: 1777019285.526104 0.000000 0.000000
-   ReqURL         /v2/library/python/blobs/sha256:5142ad1c601197a4231430196ca8fcc3d53bd3aa7377b381c5310530a9ddba66
-   VCL_call       RECV
-   VCL_call       RECV
-   VCL_call       HASH
-   Hit            12013619 3153599995.030602 10.000000 0.000000
-   VCL_call       HIT
-   VCL_call       DELIVER
-   Timestamp      Process: 1777019285.526168 0.000064 0.000064
-   Timestamp      Resp: 1777019285.526212 0.000108 0.000043

*   << Request  >> 12238850  
-   Timestamp      Start: 1777019285.526245 0.000000 0.000000
-   Timestamp      Req: 1777019285.526245 0.000000 0.000000
-   ReqURL         /v2/library/python/blobs/sha256:299c82f5afaaeffd7b830ea495aaf3c8762b75208245ba5f7c5a69c528f6fce6
-   VCL_call       RECV
-   VCL_call       RECV
-   VCL_call       HASH
-   Hit            11147373 3153599995.014615 10.000000 0.000000
-   VCL_call       HIT
-   VCL_call       DELIVER
-   Timestamp      Process: 1777019285.526309 0.000064 0.000064
-   Timestamp      Resp: 1777019285.526336 0.000092 0.000027

*   << Request  >> 12201986  
-   Timestamp      Start: 1777019285.527053 0.000000 0.000000
-   Timestamp      Req: 1777019285.527053 0.000000 0.000000
-   ReqURL         /v2/library/python/blobs/sha256:299c82f5afaaeffd7b830ea495aaf3c8762b75208245ba5f7c5a69c528f6fce6
-   VCL_call       RECV
-   VCL_call       RECV
-   VCL_call       HASH
-   Hit            11147373 3153599995.013806 10.000000 0.000000
-   VCL_call       HIT
-   VCL_call       DELIVER
-   Timestamp      Process: 1777019285.527118 0.000065 0.000065
-   Timestamp      Resp: 1777019285.527160 0.000107 0.000042

*   << Request  >> 12197890  
-   Timestamp      Start: 1777019285.527143 0.000000 0.000000
-   Timestamp      Req: 1777019285.527143 0.000000 0.000000
-   ReqURL         /v2/library/python/blobs/sha256:299c82f5afaaeffd7b830ea495aaf3c8762b75208245ba5f7c5a69c528f6fce6
-   VCL_call       RECV
-   VCL_call       RECV
-   VCL_call       HASH
-   Hit            11147373 3153599995.013716 10.000000 0.000000
-   VCL_call       HIT
-   VCL_call       DELIVER
-   Timestamp      Process: 1777019285.527196 0.000052 0.000052
-   Timestamp      Resp: 1777019285.527230 0.000086 0.000034

*   << Request  >> 12177410  
-   Timestamp      Start: 1777019285.527453 0.000000 0.000000
-   Timestamp      Req: 1777019285.527453 0.000000 0.000000
-   ReqURL         /v2/library/python/blobs/sha256:5142ad1c601197a4231430196ca8fcc3d53bd3aa7377b381c5310530a9ddba66
-   VCL_call       RECV
-   VCL_call       RECV
-   VCL_call       HASH
-   Hit            12013619 3153599995.029254 10.000000 0.000000
-   VCL_call       HIT
-   VCL_call       DELIVER
-   Timestamp      Process: 1777019285.527501 0.000048 0.000048
-   Timestamp      Resp: 1777019285.527530 0.000077 0.000029

*   << Request  >> 12187650  
-   Timestamp      Start: 1777019285.527553 0.000000 0.000000
-   Timestamp      Req: 1777019285.527553 0.000000 0.000000
-   ReqURL         /v2/library/python/blobs/sha256:5142ad1c601197a4231430196ca8fcc3d53bd3aa7377b381c5310530a9ddba66
-   VCL_call       RECV
-   VCL_call       RECV
-   VCL_call       HASH
-   Hit            12013619 3153599995.029154 10.000000 0.000000
-   VCL_call       HIT
-   VCL_call       DELIVER
-   Timestamp      Process: 1777019285.527609 0.000056 0.000056
-   Timestamp      Resp: 1777019285.527643 0.000090 0.000034

*   << Request  >> 12195842  
-   Timestamp      Start: 1777019285.527630 0.000000 0.000000
-   Timestamp      Req: 1777019285.527630 0.000000 0.000000
-   ReqURL         /v2/library/python/blobs/sha256:5142ad1c601197a4231430196ca8fcc3d53bd3aa7377b381c5310530a9ddba66
-   VCL_call       RECV
-   VCL_call       RECV
-   VCL_call       HASH
-   Hit            12013619 3153599995.029078 10.000000 0.000000
-   VCL_call       HIT
-   VCL_call       DELIVER
-   Timestamp      Process: 1777019285.527707 0.000077 0.000077
-   Timestamp      Resp: 1777019285.527779 0.000149 0.000072

*   << Request  >> 12216322  
-   Timestamp      Start: 1777019285.527782 0.000000 0.000000
-   Timestamp      Req: 1777019285.527782 0.000000 0.000000
-   ReqURL         /v2/library/python/blobs/sha256:299c82f5afaaeffd7b830ea495aaf3c8762b75208245ba5f7c5a69c528f6fce6
-   VCL_call       RECV
-   VCL_call       RECV
-   VCL_call       HASH
-   Hit            11147373 3153599995.013077 10.000000 0.000000
-   VCL_call       HIT
-   VCL_call       DELIVER
-   Timestamp      Process: 1777019285.527929 0.000147 0.000147
-   Timestamp      Resp: 1777019285.527967 0.000185 0.000038

*   << Request  >> 12214274  
-   Timestamp      Start: 1777019285.528342 0.000000 0.000000
-   Timestamp      Req: 1777019285.528342 0.000000 0.000000
-   ReqURL         /v2/library/python/blobs/sha256:299c82f5afaaeffd7b830ea495aaf3c8762b75208245ba5f7c5a69c528f6fce6
-   VCL_call       RECV
-   VCL_call       RECV
-   VCL_call       HASH
-   Hit            11147373 3153599995.012517 10.000000 0.000000
-   VCL_call       HIT
-   VCL_call       DELIVER
-   Timestamp      Process: 1777019285.528415 0.000072 0.000072
-   Timestamp      Resp: 1777019285.528460 0.000118 0.000045

*   << Request  >> 12148738  
-   Timestamp      Start: 1777019285.529758 0.000000 0.000000
-   Timestamp      Req: 1777019285.529758 0.000000 0.000000
-   ReqURL         /v2/library/python/blobs/sha256:5142ad1c601197a4231430196ca8fcc3d53bd3aa7377b381c5310530a9ddba66
-   VCL_call       RECV
-   VCL_call       RECV
-   VCL_call       HASH
-   Hit            12013619 3153599995.026949 10.000000 0.000000
-   VCL_call       HIT
-   VCL_call       DELIVER
-   Timestamp      Process: 1777019285.529824 0.000066 0.000066
-   Timestamp      Resp: 1777019285.529862 0.000104 0.000037

*   << Request  >> 12109826  
-   Timestamp      Start: 1777019285.530046 0.000000 0.000000
-   Timestamp      Req: 1777019285.530046 0.000000 0.000000
-   ReqURL         /v2/library/python/blobs/sha256:5142ad1c601197a4231430196ca8fcc3d53bd3aa7377b381c5310530a9ddba66
-   VCL_call       RECV
-   VCL_call       RECV
-   VCL_call       HASH
-   Hit            12013619 3153599995.026661 10.000000 0.000000
-   VCL_call       HIT
-   VCL_call       DELIVER
-   Timestamp      Process: 1777019285.530098 0.000053 0.000053
-   Timestamp      Resp: 1777019285.530149 0.000104 0.000051

*   << Request  >> 12126210  
-   Timestamp      Start: 1777019285.530829 0.000000 0.000000
-   Timestamp      Req: 1777019285.530829 0.000000 0.000000
-   ReqURL         /v2/library/python/blobs/sha256:299c82f5afaaeffd7b830ea495aaf3c8762b75208245ba5f7c5a69c528f6fce6
-   VCL_call       RECV
-   VCL_call       RECV
-   VCL_call       HASH
-   Hit            11147373 3153599995.010031 10.000000 0.000000
-   VCL_call       HIT
-   VCL_call       DELIVER
-   Timestamp      Process: 1777019285.530909 0.000080 0.000080
-   Timestamp      Resp: 1777019285.530948 0.000119 0.000039

*   << Request  >> 12130306  
-   Timestamp      Start: 1777019285.530974 0.000000 0.000000
-   Timestamp      Req: 1777019285.530974 0.000000 0.000000
-   ReqURL         /v2/library/python/blobs/sha256:299c82f5afaaeffd7b830ea495aaf3c8762b75208245ba5f7c5a69c528f6fce6
-   VCL_call       RECV
-   VCL_call       RECV
-   VCL_call       HASH
-   Hit            11147373 3153599995.009886 10.000000 0.000000
-   VCL_call       HIT
-   VCL_call       DELIVER
-   Timestamp      Process: 1777019285.531028 0.000054 0.000054
-   Timestamp      Resp: 1777019285.531054 0.000081 0.000027

*   << Request  >> 11296874  
-   Timestamp      Start: 1777019285.531144 0.000000 0.000000
-   Timestamp      Req: 1777019285.531144 0.000000 0.000000
-   ReqURL         /v2/library/python/blobs/sha256:299c82f5afaaeffd7b830ea495aaf3c8762b75208245ba5f7c5a69c528f6fce6
-   VCL_call       RECV
-   VCL_call       RECV
-   VCL_call       HASH
-   Hit            11147373 3153599995.009715 10.000000 0.000000
-   VCL_call       HIT
-   VCL_call       DELIVER
-   Timestamp      Process: 1777019285.531166 0.000021 0.000021
-   Timestamp      Resp: 1777019285.531187 0.000043 0.000021

*   << Request  >> 11882535  
-   Timestamp      Start: 1777019285.531406 0.000000 0.000000
-   Timestamp      Req: 1777019285.531406 0.000000 0.000000
-   ReqURL         /v2/library/python/blobs/sha256:299c82f5afaaeffd7b830ea495aaf3c8762b75208245ba5f7c5a69c528f6fce6
-   VCL_call       RECV
-   VCL_call       RECV
-   VCL_call       HASH
-   Hit            11147373 3153599995.009453 10.000000 0.000000
-   VCL_call       HIT
-   VCL_call       DELIVER
-   Timestamp      Process: 1777019285.531436 0.000030 0.000030
-   Timestamp      Resp: 1777019285.531460 0.000054 0.000024

*   << Request  >> 10879150  
-   Timestamp      Start: 1777019285.531478 0.000000 0.000000
-   Timestamp      Req: 1777019285.531478 0.000000 0.000000
-   ReqURL         /v2/library/python/blobs/sha256:5142ad1c601197a4231430196ca8fcc3d53bd3aa7377b381c5310530a9ddba66
-   VCL_call       RECV
-   VCL_call       RECV
-   VCL_call       HASH
-   Hit            12013619 3153599995.025229 10.000000 0.000000
-   VCL_call       HIT
-   VCL_call       DELIVER
-   Timestamp      Process: 1777019285.531504 0.000026 0.000026
-   Timestamp      Resp: 1777019285.531532 0.000054 0.000028

*   << Request  >> 11034799  
-   Timestamp      Start: 1777019285.531739 0.000000 0.000000
-   Timestamp      Req: 1777019285.531739 0.000000 0.000000
-   ReqURL         /v2/library/python/blobs/sha256:5142ad1c601197a4231430196ca8fcc3d53bd3aa7377b381c5310530a9ddba66
-   VCL_call       RECV
-   VCL_call       RECV
-   VCL_call       HASH
-   Hit            12013619 3153599995.024968 10.000000 0.000000
-   VCL_call       HIT
-   VCL_call       DELIVER
-   Timestamp      Process: 1777019285.531787 0.000048 0.000048
-   Timestamp      Resp: 1777019285.531829 0.000090 0.000042

*   << Request  >> 11602018  
-   Timestamp      Start: 1777019285.531950 0.000000 0.000000
-   Timestamp      Req: 1777019285.531950 0.000000 0.000000
-   ReqURL         /v2/library/python/blobs/sha256:5142ad1c601197a4231430196ca8fcc3d53bd3aa7377b381c5310530a9ddba66
-   VCL_call       RECV
-   VCL_call       RECV
-   VCL_call       HASH
-   Hit            12013619 3153599995.024757 10.000000 0.000000
-   VCL_call       HIT
-   VCL_call       DELIVER
-   Timestamp      Process: 1777019285.531985 0.000035 0.000035
-   Timestamp      Resp: 1777019285.532015 0.000065 0.000029

*   << Request  >> 12021811  
-   Timestamp      Start: 1777019285.532114 0.000000 0.000000
-   Timestamp      Req: 1777019285.532114 0.000000 0.000000
-   ReqURL         /v2/library/python/blobs/sha256:299c82f5afaaeffd7b830ea495aaf3c8762b75208245ba5f7c5a69c528f6fce6
-   VCL_call       RECV
-   VCL_call       RECV
-   VCL_call       HASH
-   Hit            11147373 3153599995.008746 10.000000 0.000000
-   VCL_call       HIT
-   VCL_call       DELIVER
-   Timestamp      Process: 1777019285.532146 0.000032 0.000032
-   Timestamp      Resp: 1777019285.532184 0.000070 0.000038

*   << Request  >> 11147375  
-   Timestamp      Start: 1777019285.532162 0.000000 0.000000
-   Timestamp      Req: 1777019285.532162 0.000000 0.000000
-   ReqURL         /v2/library/python/blobs/sha256:5142ad1c601197a4231430196ca8fcc3d53bd3aa7377b381c5310530a9ddba66
-   VCL_call       RECV
-   VCL_call       RECV
-   VCL_call       HASH
-   Hit            12013619 3153599995.024545 10.000000 0.000000
-   VCL_call       HIT
-   VCL_call       DELIVER
-   Timestamp      Process: 1777019285.532211 0.000048 0.000048
-   Timestamp      Resp: 1777019285.532232 0.000070 0.000022

*   << Request  >> 11993136  
-   Timestamp      Start: 1777019285.532432 0.000000 0.000000
-   Timestamp      Req: 1777019285.532432 0.000000 0.000000
-   ReqURL         /v2/library/python/blobs/sha256:5142ad1c601197a4231430196ca8fcc3d53bd3aa7377b381c5310530a9ddba66
-   VCL_call       RECV
-   VCL_call       RECV
-   VCL_call       HASH
-   Hit            12013619 3153599995.024275 10.000000 0.000000
-   VCL_call       HIT
-   VCL_call       DELIVER
-   Timestamp      Process: 1777019285.532462 0.000030 0.000030
-   Timestamp      Resp: 1777019285.532482 0.000050 0.000020

*   << Request  >> 12070948  
-   Timestamp      Start: 1777019285.532424 0.000000 0.000000
-   Timestamp      Req: 1777019285.532424 0.000000 0.000000
-   ReqURL         /v2/library/python/blobs/sha256:5142ad1c601197a4231430196ca8fcc3d53bd3aa7377b381c5310530a9ddba66
-   VCL_call       RECV
-   VCL_call       RECV
-   VCL_call       HASH
-   Hit            12013619 3153599995.024282 10.000000 0.000000
-   VCL_call       HIT
-   VCL_call       DELIVER
-   Timestamp      Process: 1777019285.532460 0.000035 0.000035
-   Timestamp      Resp: 1777019285.532487 0.000063 0.000028

*   << Request  >> 11202674  
-   Timestamp      Start: 1777019285.532634 0.000000 0.000000
-   Timestamp      Req: 1777019285.532634 0.000000 0.000000
-   ReqURL         /v2/library/python/blobs/sha256:5142ad1c601197a4231430196ca8fcc3d53bd3aa7377b381c5310530a9ddba66
-   VCL_call       RECV
-   VCL_call       RECV
-   VCL_call       HASH
-   Hit            12013619 3153599995.024073 10.000000 0.000000
-   VCL_call       HIT
-   VCL_call       DELIVER
-   Timestamp      Process: 1777019285.532663 0.000029 0.000029
-   Timestamp      Resp: 1777019285.532699 0.000065 0.000036

*   << Request  >> 11952175  
-   Timestamp      Start: 1777019285.532872 0.000000 0.000000
-   Timestamp      Req: 1777019285.532872 0.000000 0.000000
-   ReqURL         /v2/library/python/blobs/sha256:5142ad1c601197a4231430196ca8fcc3d53bd3aa7377b381c5310530a9ddba66
-   VCL_call       RECV
-   VCL_call       RECV
-   VCL_call       HASH
-   Hit            12013619 3153599995.023834 10.000000 0.000000
-   VCL_call       HIT
-   VCL_call       DELIVER
-   Timestamp      Process: 1777019285.532903 0.000030 0.000030
-   Timestamp      Resp: 1777019285.532940 0.000068 0.000037

*   << Request  >> 12244994  
-   Timestamp      Start: 1777019285.532975 0.000000 0.000000
-   Timestamp      Req: 1777019285.532975 0.000000 0.000000
-   ReqURL         /v2/library/python/blobs/sha256:5142ad1c601197a4231430196ca8fcc3d53bd3aa7377b381c5310530a9ddba66
-   VCL_call       RECV
-   VCL_call       RECV
-   VCL_call       HASH
-   Hit            12013619 3153599995.023732 10.000000 0.000000
-   VCL_call       HIT
-   VCL_call       DELIVER
-   Timestamp      Process: 1777019285.533037 0.000062 0.000062
-   Timestamp      Resp: 1777019285.533098 0.000123 0.000061

*   << Request  >> 11964464  
-   Timestamp      Start: 1777019285.533065 0.000000 0.000000
-   Timestamp      Req: 1777019285.533065 0.000000 0.000000
-   ReqURL         /v2/library/python/blobs/sha256:5142ad1c601197a4231430196ca8fcc3d53bd3aa7377b381c5310530a9ddba66
-   VCL_call       RECV
-   VCL_call       RECV
-   VCL_call       HASH
-   Hit            12013619 3153599995.023642 10.000000 0.000000
-   VCL_call       HIT
-   VCL_call       DELIVER
-   Timestamp      Process: 1777019285.533088 0.000023 0.000023
-   Timestamp      Resp: 1777019285.533118 0.000052 0.000029

*   << Request  >> 11090041  
-   Timestamp      Start: 1777019285.533092 0.000000 0.000000
-   Timestamp      Req: 1777019285.533092 0.000000 0.000000
-   ReqURL         /v2/library/python/blobs/sha256:299c82f5afaaeffd7b830ea495aaf3c8762b75208245ba5f7c5a69c528f6fce6
-   VCL_call       RECV
-   VCL_call       RECV
-   VCL_call       HASH
-   Hit            11147373 3153599995.007768 10.000000 0.000000
-   VCL_call       HIT
-   VCL_call       DELIVER
-   Timestamp      Process: 1777019285.533128 0.000036 0.000036
-   Timestamp      Resp: 1777019285.533168 0.000076 0.000040

*   << Request  >> 12261378  
-   Timestamp      Start: 1777019285.533482 0.000000 0.000000
-   Timestamp      Req: 1777019285.533482 0.000000 0.000000
-   ReqURL         /v2/library/python/blobs/sha256:5142ad1c601197a4231430196ca8fcc3d53bd3aa7377b381c5310530a9ddba66
-   VCL_call       RECV
-   VCL_call       RECV
-   VCL_call       HASH
-   Hit            12013619 3153599995.023225 10.000000 0.000000
-   VCL_call       HIT
-   VCL_call       DELIVER
-   Timestamp      Process: 1777019285.533546 0.000064 0.000064
-   Timestamp      Resp: 1777019285.533572 0.000090 0.000026

*   << Request  >> 12294146  
-   Timestamp      Start: 1777019285.534079 0.000000 0.000000
-   Timestamp      Req: 1777019285.534079 0.000000 0.000000
-   ReqURL         /v2/library/python/blobs/sha256:5142ad1c601197a4231430196ca8fcc3d53bd3aa7377b381c5310530a9ddba66
-   VCL_call       RECV
-   VCL_call       RECV
-   VCL_call       HASH
-   Hit            12013619 3153599995.022628 10.000000 0.000000
-   VCL_call       HIT
-   VCL_call       DELIVER
-   Timestamp      Process: 1777019285.534124 0.000045 0.000045
-   Timestamp      Resp: 1777019285.534150 0.000071 0.000026

*   << Request  >> 12138498  
-   Timestamp      Start: 1777019285.529201 0.000000 0.000000
-   Timestamp      Req: 1777019285.529201 0.000000 0.000000
-   ReqURL         /v2/library/python/blobs/sha256:299c82f5afaaeffd7b830ea495aaf3c8762b75208245ba5f7c5a69c528f6fce6
-   VCL_call       RECV
-   VCL_call       RECV
-   VCL_call       HASH
-   Hit            11147373 3153599995.011659 10.000000 0.000000
-   VCL_call       HIT
-   VCL_call       DELIVER
-   Timestamp      Process: 1777019285.534187 0.004986 0.004986
-   Timestamp      Resp: 1777019285.534219 0.005018 0.000031

*   << Request  >> 12120066  
-   Timestamp      Start: 1777019285.530412 0.000000 0.000000
-   Timestamp      Req: 1777019285.530412 0.000000 0.000000
-   ReqURL         /v2/library/python/blobs/sha256:299c82f5afaaeffd7b830ea495aaf3c8762b75208245ba5f7c5a69c528f6fce6
-   VCL_call       RECV
-   VCL_call       RECV
-   VCL_call       HASH
-   Hit            11147373 3153599995.010448 10.000000 0.000000
-   VCL_call       HIT
-   VCL_call       DELIVER
-   Timestamp      Process: 1777019285.534260 0.003848 0.003848
-   Timestamp      Resp: 1777019285.534298 0.003886 0.000038

*   << Request  >> 12277762  
-   Timestamp      Start: 1777019285.534218 0.000000 0.000000
-   Timestamp      Req: 1777019285.534218 0.000000 0.000000
-   ReqURL         /v2/library/python/blobs/sha256:5142ad1c601197a4231430196ca8fcc3d53bd3aa7377b381c5310530a9ddba66
-   VCL_call       RECV
-   VCL_call       RECV
-   VCL_call       HASH
-   Hit            12013619 3153599995.022489 10.000000 0.000000
-   VCL_call       HIT
-   VCL_call       DELIVER
-   Timestamp      Process: 1777019285.534295 0.000077 0.000077
-   Timestamp      Resp: 1777019285.534386 0.000168 0.000091

*   << Request  >> 12322818  
-   Timestamp      Start: 1777019285.534796 0.000000 0.000000
-   Timestamp      Req: 1777019285.534796 0.000000 0.000000
-   ReqURL         /v2/library/python/blobs/sha256:5142ad1c601197a4231430196ca8fcc3d53bd3aa7377b381c5310530a9ddba66
-   VCL_call       RECV
-   VCL_call       RECV
-   VCL_call       HASH
-   Hit            12013619 3153599995.021911 10.000000 0.000000
-   VCL_call       HIT
-   VCL_call       DELIVER
-   Timestamp      Process: 1777019285.534856 0.000060 0.000060
-   Timestamp      Resp: 1777019285.534889 0.000092 0.000032

*   << Request  >> 12247042  
-   Timestamp      Start: 1777019285.533377 0.000000 0.000000
-   Timestamp      Req: 1777019285.533377 0.000000 0.000000
-   ReqURL         /v2/library/python/blobs/sha256:299c82f5afaaeffd7b830ea495aaf3c8762b75208245ba5f7c5a69c528f6fce6
-   VCL_call       RECV
-   VCL_call       RECV
-   VCL_call       HASH
-   Hit            11147373 3153599995.007483 10.000000 0.000000
-   VCL_call       HIT
-   VCL_call       DELIVER
-   Timestamp      Process: 1777019285.534991 0.001614 0.001614
-   Timestamp      Resp: 1777019285.535028 0.001650 0.000036

*   << Request  >> 12144642  
-   Timestamp      Start: 1777019285.529502 0.000000 0.000000
-   Timestamp      Req: 1777019285.529502 0.000000 0.000000
-   ReqURL         /v2/library/python/blobs/sha256:5142ad1c601197a4231430196ca8fcc3d53bd3aa7377b381c5310530a9ddba66
-   VCL_call       RECV
-   VCL_call       RECV
-   VCL_call       HASH
-   Hit            12013619 3153599995.027205 10.000000 0.000000
-   VCL_call       HIT
-   VCL_call       DELIVER
-   Timestamp      Process: 1777019285.535103 0.005601 0.005601
-   Timestamp      Resp: 1777019285.535140 0.005638 0.000037

*   << Request  >> 11243634  
-   Timestamp      Start: 1777019285.535208 0.000000 0.000000
-   Timestamp      Req: 1777019285.535208 0.000000 0.000000
-   ReqURL         /v2/library/python/blobs/sha256:299c82f5afaaeffd7b830ea495aaf3c8762b75208245ba5f7c5a69c528f6fce6
-   VCL_call       RECV
-   VCL_call       RECV
-   VCL_call       HASH
-   Hit            11147373 3153599995.005651 10.000000 0.000000
-   VCL_call       HIT
-   VCL_call       DELIVER
-   Timestamp      Process: 1777019285.535261 0.000053 0.000053
-   Timestamp      Resp: 1777019285.535312 0.000103 0.000051

*   << Request  >> 12343298  
-   Timestamp      Start: 1777019285.535760 0.000000 0.000000
-   Timestamp      Req: 1777019285.535760 0.000000 0.000000
-   ReqURL         /v2/library/python/blobs/sha256:299c82f5afaaeffd7b830ea495aaf3c8762b75208245ba5f7c5a69c528f6fce6
-   VCL_call       RECV
-   VCL_call       RECV
-   VCL_call       HASH
-   Hit            11147373 3153599995.005099 10.000000 0.000000
-   VCL_call       HIT
-   VCL_call       DELIVER
-   Timestamp      Process: 1777019285.535821 0.000061 0.000061
-   Timestamp      Resp: 1777019285.535852 0.000092 0.000031

*   << Request  >> 12154882  
-   Timestamp      Start: 1777019285.528439 0.000000 0.000000
-   Timestamp      Req: 1777019285.528439 0.000000 0.000000
-   ReqURL         /v2/library/python/blobs/sha256:299c82f5afaaeffd7b830ea495aaf3c8762b75208245ba5f7c5a69c528f6fce6
-   VCL_call       RECV
-   VCL_call       RECV
-   VCL_call       HASH
-   Hit            11147373 3153599995.012421 10.000000 0.000000
-   VCL_call       HIT
-   VCL_call       DELIVER
-   Timestamp      Process: 1777019285.535939 0.007500 0.007500
-   Timestamp      Resp: 1777019285.535975 0.007537 0.000036

*   << Request  >> 12292098  
-   Timestamp      Start: 1777019285.534836 0.000000 0.000000
-   Timestamp      Req: 1777019285.534836 0.000000 0.000000
-   ReqURL         /v2/library/python/blobs/sha256:299c82f5afaaeffd7b830ea495aaf3c8762b75208245ba5f7c5a69c528f6fce6
-   VCL_call       RECV
-   VCL_call       RECV
-   VCL_call       HASH
-   Hit            11147373 3153599995.006023 10.000000 0.000000
-   VCL_call       HIT
-   VCL_call       DELIVER
-   Timestamp      Process: 1777019285.536029 0.001193 0.001193
-   Timestamp      Resp: 1777019285.536053 0.001217 0.000024

*   << Request  >> 11675699  
-   Timestamp      Start: 1777019285.529273 0.000000 0.000000
-   Timestamp      Req: 1777019285.529273 0.000000 0.000000
-   ReqURL         /v2/library/python/blobs/sha256:5142ad1c601197a4231430196ca8fcc3d53bd3aa7377b381c5310530a9ddba66
-   VCL_call       RECV
-   VCL_call       RECV
-   VCL_call       HASH
-   Hit            12013619 3153599995.027434 10.000000 0.000000
-   VCL_call       HIT
-   VCL_call       DELIVER
-   Timestamp      Process: 1777019285.536145 0.006872 0.006872
-   Timestamp      Resp: 1777019285.536167 0.006894 0.000022

*   << Request  >> 11810847  
-   Timestamp      Start: 1777019285.536411 0.000000 0.000000
-   Timestamp      Req: 1777019285.536411 0.000000 0.000000
-   ReqURL         /v2/library/python/blobs/sha256:299c82f5afaaeffd7b830ea495aaf3c8762b75208245ba5f7c5a69c528f6fce6
-   VCL_call       RECV
-   VCL_call       RECV
-   VCL_call       HASH
-   Hit            11147373 3153599995.004449 10.000000 0.000000
-   VCL_call       HIT
-   VCL_call       DELIVER
-   Timestamp      Process: 1777019285.536464 0.000054 0.000054
-   Timestamp      Resp: 1777019285.536507 0.000096 0.000043

*   << Request  >> 12279810  
-   Timestamp      Start: 1777019285.534400 0.000000 0.000000
-   Timestamp      Req: 1777019285.534400 0.000000 0.000000
-   ReqURL         /v2/library/python/blobs/sha256:299c82f5afaaeffd7b830ea495aaf3c8762b75208245ba5f7c5a69c528f6fce6
-   VCL_call       RECV
-   VCL_call       RECV
-   VCL_call       HASH
-   Hit            11147373 3153599995.006459 10.000000 0.000000
-   VCL_call       HIT
-   VCL_call       DELIVER
-   Timestamp      Process: 1777019285.536740 0.002339 0.002339
-   Timestamp      Resp: 1777019285.536764 0.002364 0.000025

*   << Request  >> 12324866  
-   Timestamp      Start: 1777019285.537364 0.000000 0.000000
-   Timestamp      Req: 1777019285.537364 0.000000 0.000000
-   ReqURL         /v2/library/python/blobs/sha256:299c82f5afaaeffd7b830ea495aaf3c8762b75208245ba5f7c5a69c528f6fce6
-   VCL_call       RECV
-   VCL_call       RECV
-   VCL_call       HASH
-   Hit            11147373 3153599995.003495 10.000000 0.000000
-   VCL_call       HIT
-   VCL_call       DELIVER
-   Timestamp      Process: 1777019285.537411 0.000047 0.000047
-   Timestamp      Resp: 1777019285.537460 0.000096 0.000049

*   << Request  >> 12306434  
-   Timestamp      Start: 1777019285.534486 0.000000 0.000000
-   Timestamp      Req: 1777019285.534486 0.000000 0.000000
-   ReqURL         /v2/library/python/blobs/sha256:5142ad1c601197a4231430196ca8fcc3d53bd3aa7377b381c5310530a9ddba66
-   VCL_call       RECV
-   VCL_call       RECV
-   VCL_call       HASH
-   Hit            12013619 3153599995.022221 10.000000 0.000000
-   VCL_call       HIT
-   VCL_call       DELIVER
-   Timestamp      Process: 1777019285.536699 0.002213 0.002213
-   Timestamp      Resp: 1777019285.537477 0.002992 0.000778

*   << Request  >> 12263426  
-   Timestamp      Start: 1777019285.533446 0.000000 0.000000
-   Timestamp      Req: 1777019285.533446 0.000000 0.000000
-   ReqURL         /v2/library/python/blobs/sha256:299c82f5afaaeffd7b830ea495aaf3c8762b75208245ba5f7c5a69c528f6fce6
-   VCL_call       RECV
-   VCL_call       RECV
-   VCL_call       HASH
-   Hit            11147373 3153599995.007414 10.000000 0.000000
-   VCL_call       HIT
-   VCL_call       DELIVER
-   Timestamp      Process: 1777019285.533499 0.000053 0.000053
-   Timestamp      Resp: 1777019285.537540 0.004094 0.004041

*   << Request  >> 12341250  
-   Timestamp      Start: 1777019285.539584 0.000000 0.000000
-   Timestamp      Req: 1777019285.539584 0.000000 0.000000
-   ReqURL         /v2/library/python/blobs/sha256:5142ad1c601197a4231430196ca8fcc3d53bd3aa7377b381c5310530a9ddba66
-   VCL_call       RECV
-   VCL_call       RECV
-   VCL_call       HASH
-   Hit            12013619 3153599995.017123 10.000000 0.000000
-   VCL_call       HIT
-   VCL_call       DELIVER
-   Timestamp      Process: 1777019285.539634 0.000050 0.000050
-   Timestamp      Resp: 1777019285.539674 0.000090 0.000040

*   << Request  >> 12357634  
-   Timestamp      Start: 1777019285.539997 0.000000 0.000000
-   Timestamp      Req: 1777019285.539997 0.000000 0.000000
-   ReqURL         /v2/library/python/blobs/sha256:5142ad1c601197a4231430196ca8fcc3d53bd3aa7377b381c5310530a9ddba66
-   VCL_call       RECV
-   VCL_call       RECV
-   VCL_call       HASH
-   Hit            12013619 3153599995.016710 10.000000 0.000000
-   VCL_call       HIT
-   VCL_call       DELIVER
-   Timestamp      Process: 1777019285.540061 0.000065 0.000065
-   Timestamp      Resp: 1777019285.540101 0.000104 0.000039

*   << Request  >> 12105730  
-   Timestamp      Start: 1777019285.549633 0.000000 0.000000
-   Timestamp      Req: 1777019285.549633 0.000000 0.000000
-   ReqURL         /v2/library/python/blobs/sha256:299c82f5afaaeffd7b830ea495aaf3c8762b75208245ba5f7c5a69c528f6fce6
-   VCL_call       RECV
-   VCL_call       RECV
-   VCL_call       HASH
-   Hit            11147373 3153599994.991226 10.000000 0.000000
-   VCL_call       HIT
-   VCL_call       DELIVER
-   Timestamp      Process: 1777019285.549669 0.000036 0.000036
-   Timestamp      Resp: 1777019285.549688 0.000055 0.000018

*   << Request  >> 12308482  
-   Timestamp      Start: 1777019285.562546 0.000000 0.000000
-   Timestamp      Req: 1777019285.562546 0.000000 0.000000
-   ReqURL         /v2/library/python/blobs/sha256:299c82f5afaaeffd7b830ea495aaf3c8762b75208245ba5f7c5a69c528f6fce6
-   VCL_call       RECV
-   VCL_call       RECV
-   VCL_call       HASH
-   Hit            11147373 3153599994.978313 10.000000 0.000000
-   VCL_call       HIT
-   VCL_call       DELIVER
-   Timestamp      Process: 1777019285.562678 0.000131 0.000131
-   Timestamp      Resp: 1777019285.562711 0.000164 0.000033

*   << Request  >> 12208130  
-   Timestamp      Start: 1777019285.527933 0.000000 0.000000
-   Timestamp      Req: 1777019285.527933 0.000000 0.000000
-   ReqURL         /v2/library/python/blobs/sha256:10c3183ecaa658630d9f8995f15982970814ef12f11420f550231b00c7bea70b
-   VCL_call       RECV
-   VCL_call       RECV
-   VCL_call       HASH
-   Hit            11151471 3153599995.052127 10.000000 0.000000
-   VCL_call       HIT
-   VCL_call       DELIVER
-   Timestamp      Process: 1777019285.527989 0.000056 0.000056
-   Timestamp      Resp: 1777019285.734742 0.206809 0.206753

*   << Request  >> 12183554  
-   Timestamp      Start: 1777019285.526373 0.000000 0.000000
-   Timestamp      Req: 1777019285.526373 0.000000 0.000000
-   ReqURL         /v2/library/python/blobs/sha256:10c3183ecaa658630d9f8995f15982970814ef12f11420f550231b00c7bea70b
-   VCL_call       RECV
-   VCL_call       RECV
-   VCL_call       HASH
-   Hit            11151471 3153599995.053688 10.000000 0.000000
-   VCL_call       HIT
-   VCL_call       DELIVER
-   Timestamp      Process: 1777019285.526421 0.000049 0.000049
-   Timestamp      Resp: 1777019285.767041 0.240668 0.240620

*   << Request  >> 12161026  
-   Timestamp      Start: 1777019285.527791 0.000000 0.000000
-   Timestamp      Req: 1777019285.527791 0.000000 0.000000
-   ReqURL         /v2/library/python/blobs/sha256:10c3183ecaa658630d9f8995f15982970814ef12f11420f550231b00c7bea70b
-   VCL_call       RECV
-   VCL_call       RECV
-   VCL_call       HASH
-   Hit            11151471 3153599995.052270 10.000000 0.000000
-   VCL_call       HIT
-   VCL_call       DELIVER
-   Timestamp      Process: 1777019285.527939 0.000148 0.000148
-   Timestamp      Resp: 1777019285.911567 0.383776 0.383628

*   << Request  >> 10909881  
-   Timestamp      Start: 1777019285.528945 0.000000 0.000000
-   Timestamp      Req: 1777019285.528945 0.000000 0.000000
-   ReqURL         /v2/library/python/blobs/sha256:10c3183ecaa658630d9f8995f15982970814ef12f11420f550231b00c7bea70b
-   VCL_call       RECV
-   VCL_call       RECV
-   VCL_call       HASH
-   Hit            11151471 3153599995.051115 10.000000 0.000000
-   VCL_call       HIT
-   VCL_call       DELIVER
-   Timestamp      Process: 1777019285.528983 0.000038 0.000038
-   Timestamp      Resp: 1777019285.927751 0.398806 0.398767

*   << Request  >> 11798578  
-   Timestamp      Start: 1777019285.535529 0.000000 0.000000
-   Timestamp      Req: 1777019285.535529 0.000000 0.000000
-   ReqURL         /v2/library/python/blobs/sha256:10c3183ecaa658630d9f8995f15982970814ef12f11420f550231b00c7bea70b
-   VCL_call       RECV
-   VCL_call       RECV
-   VCL_call       HASH
-   Hit            11151471 3153599995.044532 10.000000 0.000000
-   VCL_call       HIT
-   VCL_call       DELIVER
-   Timestamp      Process: 1777019285.535570 0.000041 0.000041
-   Timestamp      Resp: 1777019286.012514 0.476986 0.476945

*   << Request  >> 11909166  
-   Timestamp      Start: 1777019285.536669 0.000000 0.000000
-   Timestamp      Req: 1777019285.536669 0.000000 0.000000
-   ReqURL         /v2/library/python/blobs/sha256:10c3183ecaa658630d9f8995f15982970814ef12f11420f550231b00c7bea70b
-   VCL_call       RECV
-   VCL_call       RECV
-   VCL_call       HASH
-   Hit            11151471 3153599995.043391 10.000000 0.000000
-   VCL_call       HIT
-   VCL_call       DELIVER
-   Timestamp      Process: 1777019285.536719 0.000049 0.000049
-   Timestamp      Resp: 1777019286.018100 0.481431 0.481381

*   << Request  >> 12240898  
-   Timestamp      Start: 1777019285.532785 0.000000 0.000000
-   Timestamp      Req: 1777019285.532785 0.000000 0.000000
-   ReqURL         /v2/library/python/blobs/sha256:10c3183ecaa658630d9f8995f15982970814ef12f11420f550231b00c7bea70b
-   VCL_call       RECV
-   VCL_call       RECV
-   VCL_call       HASH
-   Hit            11151471 3153599995.047276 10.000000 0.000000
-   VCL_call       HIT
-   VCL_call       DELIVER
-   Timestamp      Process: 1777019285.536282 0.003497 0.003497
-   Timestamp      Resp: 1777019286.025022 0.492237 0.488740

*   << Request  >> 11743298  
-   Timestamp      Start: 1777019285.535129 0.000000 0.000000
-   Timestamp      Req: 1777019285.535129 0.000000 0.000000
-   ReqURL         /v2/library/python/blobs/sha256:10c3183ecaa658630d9f8995f15982970814ef12f11420f550231b00c7bea70b
-   VCL_call       RECV
-   VCL_call       RECV
-   VCL_call       HASH
-   Hit            11151471 3153599995.044931 10.000000 0.000000
-   VCL_call       HIT
-   VCL_call       DELIVER
-   Timestamp      Process: 1777019285.535160 0.000031 0.000031
-   Timestamp      Resp: 1777019286.027022 0.491893 0.491863

*   << Request  >> 11833396  
-   Timestamp      Start: 1777019285.534866 0.000000 0.000000
-   Timestamp      Req: 1777019285.534866 0.000000 0.000000
-   ReqURL         /v2/library/python/blobs/sha256:10c3183ecaa658630d9f8995f15982970814ef12f11420f550231b00c7bea70b
-   VCL_call       RECV
-   VCL_call       RECV
-   VCL_call       HASH
-   Hit            11151471 3153599995.045195 10.000000 0.000000
-   VCL_call       HIT
-   VCL_call       DELIVER
-   Timestamp      Process: 1777019285.534889 0.000024 0.000024
-   Timestamp      Resp: 1777019286.034235 0.499369 0.499345

*   << Request  >> 12101634  
-   Timestamp      Start: 1777019285.534981 0.000000 0.000000
-   Timestamp      Req: 1777019285.534981 0.000000 0.000000
-   ReqURL         /v2/library/python/blobs/sha256:10c3183ecaa658630d9f8995f15982970814ef12f11420f550231b00c7bea70b
-   VCL_call       RECV
-   VCL_call       RECV
-   VCL_call       HASH
-   Hit            11151471 3153599995.045079 10.000000 0.000000
-   VCL_call       HIT
-   VCL_call       DELIVER
-   Timestamp      Process: 1777019285.535015 0.000034 0.000034
-   Timestamp      Resp: 1777019286.038707 0.503726 0.503692

*   << Request  >> 10877043  
-   Timestamp      Start: 1777019285.534130 0.000000 0.000000
-   Timestamp      Req: 1777019285.534130 0.000000 0.000000
-   ReqURL         /v2/library/python/blobs/sha256:10c3183ecaa658630d9f8995f15982970814ef12f11420f550231b00c7bea70b
-   VCL_call       RECV
-   VCL_call       RECV
-   VCL_call       HASH
-   Hit            11151471 3153599995.045930 10.000000 0.000000
-   VCL_call       HIT
-   VCL_call       DELIVER
-   Timestamp      Process: 1777019285.534181 0.000051 0.000051
-   Timestamp      Resp: 1777019286.042184 0.508054 0.508003

*   << Request  >> 10881182  
-   Timestamp      Start: 1777019285.536415 0.000000 0.000000
-   Timestamp      Req: 1777019285.536415 0.000000 0.000000
-   ReqURL         /v2/library/python/blobs/sha256:10c3183ecaa658630d9f8995f15982970814ef12f11420f550231b00c7bea70b
-   VCL_call       RECV
-   VCL_call       RECV
-   VCL_call       HASH
-   Hit            11151471 3153599995.043645 10.000000 0.000000
-   VCL_call       HIT
-   VCL_call       DELIVER
-   Timestamp      Process: 1777019285.536446 0.000031 0.000031
-   Timestamp      Resp: 1777019286.058085 0.521671 0.521640

*   << Request  >> 12302338  
-   Timestamp      Start: 1777019285.534316 0.000000 0.000000
-   Timestamp      Req: 1777019285.534316 0.000000 0.000000
-   ReqURL         /v2/library/python/blobs/sha256:10c3183ecaa658630d9f8995f15982970814ef12f11420f550231b00c7bea70b
-   VCL_call       RECV
-   VCL_call       RECV
-   VCL_call       HASH
-   Hit            11151471 3153599995.045744 10.000000 0.000000
-   VCL_call       HIT
-   VCL_call       DELIVER
-   Timestamp      Process: 1777019285.534377 0.000061 0.000061
-   Timestamp      Resp: 1777019286.058119 0.523803 0.523742

*   << Request  >> 12257282  
-   Timestamp      Start: 1777019285.533838 0.000000 0.000000
-   Timestamp      Req: 1777019285.533838 0.000000 0.000000
-   ReqURL         /v2/library/python/blobs/sha256:10c3183ecaa658630d9f8995f15982970814ef12f11420f550231b00c7bea70b
-   VCL_call       RECV
-   VCL_call       RECV
-   VCL_call       HASH
-   Hit            11151471 3153599995.046222 10.000000 0.000000
-   VCL_call       HIT
-   VCL_call       DELIVER
-   Timestamp      Process: 1777019285.533887 0.000049 0.000049
-   Timestamp      Resp: 1777019286.060665 0.526827 0.526778

*   << Request  >> 11642924  
-   Timestamp      Start: 1777019285.536341 0.000000 0.000000
-   Timestamp      Req: 1777019285.536341 0.000000 0.000000
-   ReqURL         /v2/library/python/blobs/sha256:10c3183ecaa658630d9f8995f15982970814ef12f11420f550231b00c7bea70b
-   VCL_call       RECV
-   VCL_call       RECV
-   VCL_call       HASH
-   Hit            11151471 3153599995.043719 10.000000 0.000000
-   VCL_call       HIT
-   VCL_call       DELIVER
-   Timestamp      Process: 1777019285.536373 0.000032 0.000032
-   Timestamp      Resp: 1777019286.101613 0.565272 0.565240

*   << Request  >> 12222466  
-   Timestamp      Start: 1777019285.528705 0.000000 0.000000
-   Timestamp      Req: 1777019285.528705 0.000000 0.000000
-   ReqURL         /v2/library/python/blobs/sha256:10c3183ecaa658630d9f8995f15982970814ef12f11420f550231b00c7bea70b
-   VCL_call       RECV
-   VCL_call       RECV
-   VCL_call       HASH
-   Hit            11151471 3153599995.051355 10.000000 0.000000
-   VCL_call       HIT
-   VCL_call       DELIVER
-   Timestamp      Process: 1777019285.528766 0.000061 0.000061
-   Timestamp      Resp: 1777019286.113453 0.584748 0.584687

*   << Request  >> 12095490  
-   Timestamp      Start: 1777019285.534628 0.000000 0.000000
-   Timestamp      Req: 1777019285.534628 0.000000 0.000000
-   ReqURL         /v2/library/python/blobs/sha256:10c3183ecaa658630d9f8995f15982970814ef12f11420f550231b00c7bea70b
-   VCL_call       RECV
-   VCL_call       RECV
-   VCL_call       HASH
-   Hit            11151471 3153599995.045432 10.000000 0.000000
-   VCL_call       HIT
-   VCL_call       DELIVER
-   Timestamp      Process: 1777019285.534682 0.000053 0.000053
-   Timestamp      Resp: 1777019286.201453 0.666825 0.666772

*   << Request  >> 12185602  
-   Timestamp      Start: 1777019285.526697 0.000000 0.000000
-   Timestamp      Req: 1777019285.526697 0.000000 0.000000
-   ReqURL         /v2/library/python/blobs/sha256:10c3183ecaa658630d9f8995f15982970814ef12f11420f550231b00c7bea70b
-   VCL_call       RECV
-   VCL_call       RECV
-   VCL_call       HASH
-   Hit            11151471 3153599995.053364 10.000000 0.000000
-   VCL_call       HIT
-   VCL_call       DELIVER
-   Timestamp      Process: 1777019285.526752 0.000055 0.000055
-   Timestamp      Resp: 1777019286.348923 0.822226 0.822171

*   << Request  >> 11374706  
-   Timestamp      Start: 1777019285.535351 0.000000 0.000000
-   Timestamp      Req: 1777019285.535351 0.000000 0.000000
-   ReqURL         /v2/library/python/blobs/sha256:10c3183ecaa658630d9f8995f15982970814ef12f11420f550231b00c7bea70b
-   VCL_call       RECV
-   VCL_call       RECV
-   VCL_call       HASH
-   Hit            11151471 3153599995.044709 10.000000 0.000000
-   VCL_call       HIT
-   VCL_call       DELIVER
-   Timestamp      Process: 1777019285.535393 0.000042 0.000042
-   Timestamp      Resp: 1777019286.348945 0.813594 0.813552

*   << Request  >> 12337154  
-   Timestamp      Start: 1777019285.536878 0.000000 0.000000
-   Timestamp      Req: 1777019285.536878 0.000000 0.000000
-   ReqURL         /v2/library/python/blobs/sha256:10c3183ecaa658630d9f8995f15982970814ef12f11420f550231b00c7bea70b
-   VCL_call       RECV
-   VCL_call       RECV
-   VCL_call       HASH
-   Hit            11151471 3153599995.043182 10.000000 0.000000
-   VCL_call       HIT
-   VCL_call       DELIVER
-   Timestamp      Process: 1777019285.536943 0.000066 0.000066
-   Timestamp      Resp: 1777019286.356718 0.819840 0.819775

*   << Request  >> 11950121  
-   Timestamp      Start: 1777019285.536921 0.000000 0.000000
-   Timestamp      Req: 1777019285.536921 0.000000 0.000000
-   ReqURL         /v2/library/python/blobs/sha256:10c3183ecaa658630d9f8995f15982970814ef12f11420f550231b00c7bea70b
-   VCL_call       RECV
-   VCL_call       RECV
-   VCL_call       HASH
-   Hit            11151471 3153599995.043139 10.000000 0.000000
-   VCL_call       HIT
-   VCL_call       DELIVER
-   Timestamp      Process: 1777019285.536960 0.000039 0.000039
-   Timestamp      Resp: 1777019286.579792 1.042871 1.042832

*   << Request  >> 12273666  
-   Timestamp      Start: 1777019285.534007 0.000000 0.000000
-   Timestamp      Req: 1777019285.534007 0.000000 0.000000
-   ReqURL         /v2/library/python/blobs/sha256:10c3183ecaa658630d9f8995f15982970814ef12f11420f550231b00c7bea70b
-   VCL_call       RECV
-   VCL_call       RECV
-   VCL_call       HASH
-   Hit            11151471 3153599995.046054 10.000000 0.000000
-   VCL_call       HIT
-   VCL_call       DELIVER
-   Timestamp      Process: 1777019285.536595 0.002589 0.002589
-   Timestamp      Resp: 1777019286.718351 1.184344 1.181756

*   << Request  >> 12316674  
-   Timestamp      Start: 1777019285.537473 0.000000 0.000000
-   Timestamp      Req: 1777019285.537473 0.000000 0.000000
-   ReqURL         /v2/library/python/blobs/sha256:10c3183ecaa658630d9f8995f15982970814ef12f11420f550231b00c7bea70b
-   VCL_call       RECV
-   VCL_call       RECV
-   VCL_call       HASH
-   Hit            11151471 3153599995.042587 10.000000 0.000000
-   VCL_call       HIT
-   VCL_call       DELIVER
-   Timestamp      Process: 1777019285.537604 0.000131 0.000131
-   Timestamp      Resp: 1777019286.739345 1.201872 1.201741

*   << Request  >> 12353538  
-   Timestamp      Start: 1777019285.538683 0.000000 0.000000
-   Timestamp      Req: 1777019285.538683 0.000000 0.000000
-   ReqURL         /v2/library/python/blobs/sha256:10c3183ecaa658630d9f8995f15982970814ef12f11420f550231b00c7bea70b
-   VCL_call       RECV
-   VCL_call       RECV
-   VCL_call       HASH
-   Hit            11151471 3153599995.041378 10.000000 0.000000
-   VCL_call       HIT
-   VCL_call       DELIVER
-   Timestamp      Process: 1777019285.538728 0.000045 0.000045
-   Timestamp      Resp: 1777019287.356328 1.817645 1.817600

*   << Request  >> 12087298  
-   Timestamp      Start: 1777019285.549789 0.000000 0.000000
-   Timestamp      Req: 1777019285.549789 0.000000 0.000000
-   ReqURL         /v2/library/python/blobs/sha256:10c3183ecaa658630d9f8995f15982970814ef12f11420f550231b00c7bea70b
-   VCL_call       RECV
-   VCL_call       RECV
-   VCL_call       HASH
-   Hit            11151471 3153599995.030271 10.000000 0.000000
-   VCL_call       HIT
-   VCL_call       DELIVER
-   Timestamp      Process: 1777019285.549833 0.000044 0.000044
-   Timestamp      Resp: 1777019290.947517 5.397728 5.397684

*   << Request  >> 12029994  
-   Timestamp      Start: 1777019280.529684 0.000000 0.000000
-   Timestamp      Req: 1777019280.529684 0.000000 0.000000
-   ReqURL         /v2/library/python/blobs/sha256:15991188a884d2f9355785d54a0fcd42fad2ac642f7b2d91f0dcba38d7082556
-   VCL_call       RECV
-   VCL_call       RECV
-   VCL_call       HASH
-   Hit            11393130 3153600000.037646 10.000000 0.000000 0 25656055
-   Timestamp      Waitinglist: 1777019280.567576 0.037892 0.037892
-   VCL_call       HIT
-   VCL_call       DELIVER
-   Timestamp      Process: 1777019280.567592 0.037908 0.000016
-   Timestamp      Resp: 1777019292.897010 12.367326 12.329418

*   << Request  >> 12044325  
-   Timestamp      Start: 1777019280.537055 0.000000 0.000000
-   Timestamp      Req: 1777019280.537055 0.000000 0.000000
-   ReqURL         /v2/library/python/blobs/sha256:15991188a884d2f9355785d54a0fcd42fad2ac642f7b2d91f0dcba38d7082556
-   VCL_call       RECV
-   VCL_call       RECV
-   VCL_call       HASH
-   Hit            11393130 3153600000.030274 10.000000 0.000000 0 25656055
-   Timestamp      Waitinglist: 1777019280.567801 0.030746 0.030746
-   VCL_call       HIT
-   VCL_call       DELIVER
-   Timestamp      Process: 1777019280.567832 0.030776 0.000030
-   Timestamp      Resp: 1777019292.897054 12.359999 12.329223

*   << Request  >> 11327596  
-   Timestamp      Start: 1777019280.537045 0.000000 0.000000
-   Timestamp      Req: 1777019280.537045 0.000000 0.000000
-   ReqURL         /v2/library/python/blobs/sha256:15991188a884d2f9355785d54a0fcd42fad2ac642f7b2d91f0dcba38d7082556
-   VCL_call       RECV
-   VCL_call       RECV
-   VCL_call       HASH
-   Hit            11393130 3153600000.030286 10.000000 0.000000 0 25656055
-   Timestamp      Waitinglist: 1777019280.567756 0.030712 0.030712
-   VCL_call       HIT
-   VCL_call       DELIVER
-   Timestamp      Process: 1777019280.567776 0.030731 0.000020
-   Timestamp      Resp: 1777019292.897062 12.360017 12.329286

*   << Request  >> 12167170  
-   Timestamp      Start: 1777019285.528643 0.000000 0.000000
-   Timestamp      Req: 1777019285.528643 0.000000 0.000000
-   ReqURL         /v2/library/python/blobs/sha256:15991188a884d2f9355785d54a0fcd42fad2ac642f7b2d91f0dcba38d7082556
-   VCL_call       RECV
-   VCL_call       RECV
-   VCL_call       HASH
-   Hit            11393130 3153599995.038688 10.000000 0.000000 9664718 25656055
-   VCL_call       HIT
-   VCL_call       DELIVER
-   Timestamp      Process: 1777019285.528718 0.000076 0.000076
-   Timestamp      Resp: 1777019292.896887 7.368244 7.368168

*   << Request  >> 12128258  
-   Timestamp      Start: 1777019285.530244 0.000000 0.000000
-   Timestamp      Req: 1777019285.530244 0.000000 0.000000
-   ReqURL         /v2/library/python/blobs/sha256:15991188a884d2f9355785d54a0fcd42fad2ac642f7b2d91f0dcba38d7082556
-   VCL_call       RECV
-   VCL_call       RECV
-   VCL_call       HASH
-   Hit            11393130 3153599995.037086 10.000000 0.000000 9664718 25656055
-   VCL_call       HIT
-   VCL_call       DELIVER
-   Timestamp      Process: 1777019285.530297 0.000053 0.000053
-   Timestamp      Resp: 1777019292.896907 7.366663 7.366610

*   << Request  >> 12025888  
-   Timestamp      Start: 1777019280.534805 0.000000 0.000000
-   Timestamp      Req: 1777019280.534805 0.000000 0.000000
-   ReqURL         /v2/library/python/blobs/sha256:15991188a884d2f9355785d54a0fcd42fad2ac642f7b2d91f0dcba38d7082556
-   VCL_call       RECV
-   VCL_call       RECV
-   VCL_call       HASH
-   Hit            11393130 3153600000.032525 10.000000 0.000000 0 25656055
-   Timestamp      Waitinglist: 1777019280.567692 0.032886 0.032886
-   VCL_call       HIT
-   VCL_call       DELIVER
-   Timestamp      Process: 1777019280.567694 0.032889 0.000003
-   Timestamp      Resp: 1777019292.897079 12.362274 12.329385

*   << Request  >> 12093442  
-   Timestamp      Start: 1777019285.539197 0.000000 0.000000
-   Timestamp      Req: 1777019285.539197 0.000000 0.000000
-   ReqURL         /v2/library/python/blobs/sha256:15991188a884d2f9355785d54a0fcd42fad2ac642f7b2d91f0dcba38d7082556
-   VCL_call       RECV
-   VCL_call       RECV
-   VCL_call       HASH
-   Hit            11393130 3153599995.028133 10.000000 0.000000 9664718 25656055
-   VCL_call       HIT
-   VCL_call       DELIVER
-   Timestamp      Process: 1777019285.539242 0.000046 0.000046
-   Timestamp      Resp: 1777019292.896943 7.357746 7.357701

*   << Request  >> 10881180  
-   Timestamp      Start: 1777019280.536446 0.000000 0.000000
-   Timestamp      Req: 1777019280.536446 0.000000 0.000000
-   ReqURL         /v2/library/python/blobs/sha256:15991188a884d2f9355785d54a0fcd42fad2ac642f7b2d91f0dcba38d7082556
-   VCL_call       RECV
-   VCL_call       RECV
-   VCL_call       HASH
-   Hit            11393130 3153600000.030884 10.000000 0.000000 0 25656055
-   Timestamp      Waitinglist: 1777019280.567718 0.031272 0.031272
-   VCL_call       HIT
-   VCL_call       DELIVER
-   Timestamp      Process: 1777019280.567726 0.031280 0.000008
-   Timestamp      Resp: 1777019292.897106 12.360660 12.329380

*   << Request  >> 11567206  
-   Timestamp      Start: 1777019280.530627 0.000000 0.000000
-   Timestamp      Req: 1777019280.530627 0.000000 0.000000
-   ReqURL         /v2/library/python/blobs/sha256:15991188a884d2f9355785d54a0fcd42fad2ac642f7b2d91f0dcba38d7082556
-   VCL_call       RECV
-   VCL_call       RECV
-   VCL_call       HASH
-   Hit            11393130 3153600000.036703 10.000000 0.000000 0 25656055
-   Timestamp      Waitinglist: 1777019280.568344 0.037717 0.037717
-   VCL_call       HIT
-   VCL_call       DELIVER
-   Timestamp      Process: 1777019280.568358 0.037730 0.000014
-   Timestamp      Resp: 1777019292.896980 12.366353 12.328623

*   << Request  >> 12175362  
-   Timestamp      Start: 1777019285.526667 0.000000 0.000000
-   Timestamp      Req: 1777019285.526667 0.000000 0.000000
-   ReqURL         /v2/library/python/blobs/sha256:15991188a884d2f9355785d54a0fcd42fad2ac642f7b2d91f0dcba38d7082556
-   VCL_call       RECV
-   VCL_call       RECV
-   VCL_call       HASH
-   Hit            11393130 3153599995.040663 10.000000 0.000000 9664718 25656055
-   VCL_call       HIT
-   VCL_call       DELIVER
-   Timestamp      Process: 1777019285.526727 0.000060 0.000060
-   Timestamp      Resp: 1777019292.897159 7.370492 7.370433

*   << Request  >> 11894825  
-   Timestamp      Start: 1777019280.531204 0.000000 0.000000
-   Timestamp      Req: 1777019280.531204 0.000000 0.000000
-   ReqURL         /v2/library/python/blobs/sha256:15991188a884d2f9355785d54a0fcd42fad2ac642f7b2d91f0dcba38d7082556
-   VCL_call       RECV
-   VCL_call       RECV
-   VCL_call       HASH
-   Hit            11393130 3153600000.036126 10.000000 0.000000 0 25656055
-   Timestamp      Waitinglist: 1777019280.567616 0.036411 0.036411
-   VCL_call       HIT
-   VCL_call       DELIVER
-   Timestamp      Process: 1777019280.567619 0.036415 0.000003
-   Timestamp      Resp: 1777019292.897190 12.365986 12.329571

*   << Request  >> 12122114  
-   Timestamp      Start: 1777019285.530445 0.000000 0.000000
-   Timestamp      Req: 1777019285.530445 0.000000 0.000000
-   ReqURL         /v2/library/python/blobs/sha256:15991188a884d2f9355785d54a0fcd42fad2ac642f7b2d91f0dcba38d7082556
-   VCL_call       RECV
-   VCL_call       RECV
-   VCL_call       HASH
-   Hit            11393130 3153599995.036885 10.000000 0.000000 9664718 25656055
-   VCL_call       HIT
-   VCL_call       DELIVER
-   Timestamp      Process: 1777019285.530491 0.000046 0.000046
-   Timestamp      Resp: 1777019292.897231 7.366787 7.366741

*   << Request  >> 12132354  
-   Timestamp      Start: 1777019285.530631 0.000000 0.000000
-   Timestamp      Req: 1777019285.530631 0.000000 0.000000
-   ReqURL         /v2/library/python/blobs/sha256:15991188a884d2f9355785d54a0fcd42fad2ac642f7b2d91f0dcba38d7082556
-   VCL_call       RECV
-   VCL_call       RECV
-   VCL_call       HASH
-   Hit            11393130 3153599995.036699 10.000000 0.000000 9664718 25656055
-   VCL_call       HIT
-   VCL_call       DELIVER
-   Timestamp      Process: 1777019285.530726 0.000095 0.000095
-   Timestamp      Resp: 1777019292.897393 7.366762 7.366667

*   << Request  >> 10934475  
-   Timestamp      Start: 1777019280.537263 0.000000 0.000000
-   Timestamp      Req: 1777019280.537263 0.000000 0.000000
-   ReqURL         /v2/library/python/blobs/sha256:15991188a884d2f9355785d54a0fcd42fad2ac642f7b2d91f0dcba38d7082556
-   VCL_call       RECV
-   VCL_call       RECV
-   VCL_call       HASH
-   Hit            11393130 3153600000.030067 10.000000 0.000000 0 25656055
-   Timestamp      Waitinglist: 1777019280.567729 0.030466 0.030466
-   VCL_call       HIT
-   VCL_call       DELIVER
-   Timestamp      Process: 1777019280.567732 0.030470 0.000004
-   Timestamp      Resp: 1777019292.897410 12.360147 12.329678

*   << Request  >> 11714603  
-   Timestamp      Start: 1777019285.528599 0.000000 0.000000
-   Timestamp      Req: 1777019285.528599 0.000000 0.000000
-   ReqURL         /v2/library/python/blobs/sha256:15991188a884d2f9355785d54a0fcd42fad2ac642f7b2d91f0dcba38d7082556
-   VCL_call       RECV
-   VCL_call       RECV
-   VCL_call       HASH
-   Hit            11393130 3153599995.038731 10.000000 0.000000 9664718 25656055
-   VCL_call       HIT
-   VCL_call       DELIVER
-   Timestamp      Process: 1777019285.528630 0.000031 0.000031
-   Timestamp      Resp: 1777019292.897452 7.368853 7.368822

*   << Request  >> 11731015  
-   Timestamp      Start: 1777019280.532452 0.000000 0.000000
-   Timestamp      Req: 1777019280.532452 0.000000 0.000000
-   ReqURL         /v2/library/python/blobs/sha256:15991188a884d2f9355785d54a0fcd42fad2ac642f7b2d91f0dcba38d7082556
-   VCL_call       RECV
-   VCL_call       RECV
-   VCL_call       HASH
-   Hit            11393130 3153600000.034879 10.000000 0.000000 0 25656055
-   Timestamp      Waitinglist: 1777019280.567650 0.035199 0.035199
-   VCL_call       HIT
-   VCL_call       DELIVER
-   Timestamp      Process: 1777019280.567660 0.035208 0.000010
-   Timestamp      Resp: 1777019292.897465 12.365014 12.329805

*   << Request  >> 11972650  
-   Timestamp      Start: 1777019280.531991 0.000000 0.000000
-   Timestamp      Req: 1777019280.531991 0.000000 0.000000
-   ReqURL         /v2/library/python/blobs/sha256:15991188a884d2f9355785d54a0fcd42fad2ac642f7b2d91f0dcba38d7082556
-   VCL_call       RECV
-   VCL_call       RECV
-   VCL_call       HASH
-   Hit            11393130 3153600000.035339 10.000000 0.000000 0 25656055
-   Timestamp      Waitinglist: 1777019280.567650 0.035659 0.035659
-   VCL_call       HIT
-   VCL_call       DELIVER
-   Timestamp      Process: 1777019280.567653 0.035662 0.000003
-   Timestamp      Resp: 1777019292.896987 12.364996 12.329335

*   << Request  >> 11659310  
-   Timestamp      Start: 1777019280.531076 0.000000 0.000000
-   Timestamp      Req: 1777019280.531076 0.000000 0.000000
-   ReqURL         /v2/library/python/blobs/sha256:15991188a884d2f9355785d54a0fcd42fad2ac642f7b2d91f0dcba38d7082556
-   VCL_call       RECV
-   VCL_call       RECV
-   VCL_call       HASH
-   Hit            11393130 3153600000.036254 10.000000 0.000000 0 25656055
-   Timestamp      Waitinglist: 1777019280.567582 0.036506 0.036506
-   VCL_call       HIT
-   VCL_call       DELIVER
-   Timestamp      Process: 1777019280.567585 0.036510 0.000003
-   Timestamp      Resp: 1777019292.897479 12.366403 12.329894

*   << Request  >> 11614275  
-   Timestamp      Start: 1777019280.535769 0.000000 0.000000
-   Timestamp      Req: 1777019280.535769 0.000000 0.000000
-   ReqURL         /v2/library/python/blobs/sha256:15991188a884d2f9355785d54a0fcd42fad2ac642f7b2d91f0dcba38d7082556
-   VCL_call       RECV
-   VCL_call       RECV
-   VCL_call       HASH
-   Hit            11393130 3153600000.031561 10.000000 0.000000 0 25656055
-   Timestamp      Waitinglist: 1777019280.567716 0.031947 0.031947
-   VCL_call       HIT
-   VCL_call       DELIVER
-   Timestamp      Process: 1777019280.567719 0.031950 0.000003
-   Timestamp      Resp: 1777019292.897497 12.361727 12.329778

*   << Request  >> 11683890  
-   Timestamp      Start: 1777019285.537930 0.000000 0.000000
-   Timestamp      Req: 1777019285.537930 0.000000 0.000000
-   ReqURL         /v2/library/python/blobs/sha256:15991188a884d2f9355785d54a0fcd42fad2ac642f7b2d91f0dcba38d7082556
-   VCL_call       RECV
-   VCL_call       RECV
-   VCL_call       HASH
-   Hit            11393130 3153599995.029400 10.000000 0.000000 9664718 25656055
-   VCL_call       HIT
-   VCL_call       DELIVER
-   Timestamp      Process: 1777019285.537967 0.000037 0.000037
-   Timestamp      Resp: 1777019292.897542 7.359612 7.359574

*   << Request  >> 11978800  
-   Timestamp      Start: 1777019280.529830 0.000000 0.000000
-   Timestamp      Req: 1777019280.529830 0.000000 0.000000
-   ReqURL         /v2/library/python/blobs/sha256:15991188a884d2f9355785d54a0fcd42fad2ac642f7b2d91f0dcba38d7082556
-   VCL_call       RECV
-   VCL_call       RECV
-   VCL_call       HASH
-   Hit            11393130 3153600000.037500 10.000000 0.000000 0 25656055
-   Timestamp      Waitinglist: 1777019280.567518 0.037688 0.037688
-   VCL_call       HIT
-   VCL_call       DELIVER
-   Timestamp      Process: 1777019280.567526 0.037696 0.000008
-   Timestamp      Resp: 1777019292.897513 12.367683 12.329987

*   << Request  >> 12259330  
-   Timestamp      Start: 1777019285.533355 0.000000 0.000000
-   Timestamp      Req: 1777019285.533355 0.000000 0.000000
-   ReqURL         /v2/library/python/blobs/sha256:15991188a884d2f9355785d54a0fcd42fad2ac642f7b2d91f0dcba38d7082556
-   VCL_call       RECV
-   VCL_call       RECV
-   VCL_call       HASH
-   Hit            11393130 3153599995.033975 10.000000 0.000000 9664718 25656055
-   VCL_call       HIT
-   VCL_call       DELIVER
-   Timestamp      Process: 1777019285.535215 0.001860 0.001860
-   Timestamp      Resp: 1777019292.975511 7.442155 7.440295

*   << Request  >> 12118018  
-   Timestamp      Start: 1777019285.530432 0.000000 0.000000
-   Timestamp      Req: 1777019285.530432 0.000000 0.000000
-   ReqURL         /v2/library/python/blobs/sha256:ed881fbf1b07b42dd470cd5b56a8feb684d60879c6f8028a9e7a8715e0e72361
-   VCL_call       RECV
-   VCL_call       RECV
-   VCL_call       HASH
-   Hit            11556969 3153599995.035054 10.000000 0.000000 9121718 25614562
-   VCL_call       HIT
-   VCL_call       DELIVER
-   Timestamp      Process: 1777019285.530499 0.000067 0.000067
-   Timestamp      Resp: 1777019293.135928 7.605496 7.605429

*   << Request  >> 11409501  
-   Timestamp      Start: 1777019285.532301 0.000000 0.000000
-   Timestamp      Req: 1777019285.532301 0.000000 0.000000
-   ReqURL         /v2/library/python/blobs/sha256:ed881fbf1b07b42dd470cd5b56a8feb684d60879c6f8028a9e7a8715e0e72361
-   VCL_call       RECV
-   VCL_call       RECV
-   VCL_call       HASH
-   Hit            11556969 3153599995.033185 10.000000 0.000000 9121718 25614562
-   VCL_call       HIT
-   VCL_call       DELIVER
-   Timestamp      Process: 1777019285.532329 0.000027 0.000027
-   Timestamp      Resp: 1777019293.135955 7.603653 7.603626

*   << Request  >> 11561062  
-   Timestamp      Start: 1777019285.531253 0.000000 0.000000
-   Timestamp      Req: 1777019285.531253 0.000000 0.000000
-   ReqURL         /v2/library/python/blobs/sha256:ed881fbf1b07b42dd470cd5b56a8feb684d60879c6f8028a9e7a8715e0e72361
-   VCL_call       RECV
-   VCL_call       RECV
-   VCL_call       HASH
-   Hit            11556969 3153599995.034233 10.000000 0.000000 9121718 25614562
-   VCL_call       HIT
-   VCL_call       DELIVER
-   Timestamp      Process: 1777019285.531277 0.000023 0.000023
-   Timestamp      Resp: 1777019293.136006 7.604752 7.604729

*   << Request  >> 12040245  
-   Timestamp      Start: 1777019280.529431 0.000000 0.000000
-   Timestamp      Req: 1777019280.529431 0.000000 0.000000
-   ReqURL         /v2/library/python/blobs/sha256:ed881fbf1b07b42dd470cd5b56a8feb684d60879c6f8028a9e7a8715e0e72361
-   VCL_call       RECV
-   VCL_call       RECV
-   VCL_call       HASH
-   Hit            11556969 3153600000.036055 10.000000 0.000000 0 25614562
-   Timestamp      Waitinglist: 1777019280.566045 0.036614 0.036614
-   VCL_call       HIT
-   VCL_call       DELIVER
-   Timestamp      Process: 1777019280.566051 0.036620 0.000006
-   Timestamp      Resp: 1777019293.136012 12.606581 12.569961

*   << Request  >> 10686617  
-   Timestamp      Start: 1777019280.531723 0.000000 0.000000
-   Timestamp      Req: 1777019280.531723 0.000000 0.000000
-   ReqURL         /v2/library/python/blobs/sha256:ed881fbf1b07b42dd470cd5b56a8feb684d60879c6f8028a9e7a8715e0e72361
-   VCL_call       RECV
-   VCL_call       RECV
-   VCL_call       HASH
-   Hit            11556969 3153600000.033763 10.000000 0.000000 0 25614562
-   Timestamp      Waitinglist: 1777019280.566534 0.034811 0.034811
-   VCL_call       HIT
-   VCL_call       DELIVER
-   Timestamp      Process: 1777019280.566544 0.034821 0.000010
-   Timestamp      Resp: 1777019293.136036 12.604313 12.569492

*   << Request  >> 10758311  
-   Timestamp      Start: 1777019280.528501 0.000000 0.000000
-   Timestamp      Req: 1777019280.528501 0.000000 0.000000
-   ReqURL         /v2/library/python/blobs/sha256:ed881fbf1b07b42dd470cd5b56a8feb684d60879c6f8028a9e7a8715e0e72361
-   VCL_call       RECV
-   VCL_call       RECV
-   VCL_call       HASH
-   Hit            11556969 3153600000.036985 10.000000 0.000000 0 25614562
-   Timestamp      Waitinglist: 1777019280.566736 0.038234 0.038234
-   VCL_call       HIT
-   VCL_call       DELIVER
-   Timestamp      Process: 1777019280.566743 0.038242 0.000008
-   Timestamp      Resp: 1777019293.136050 12.607549 12.569307

*   << Request  >> 11915323  
-   Timestamp      Start: 1777019280.532678 0.000000 0.000000
-   Timestamp      Req: 1777019280.532678 0.000000 0.000000
-   ReqURL         /v2/library/python/blobs/sha256:ed881fbf1b07b42dd470cd5b56a8feb684d60879c6f8028a9e7a8715e0e72361
-   VCL_call       RECV
-   VCL_call       RECV
-   VCL_call       HASH
-   Hit            11556969 3153600000.032808 10.000000 0.000000 0 25614562
-   Timestamp      Waitinglist: 1777019280.566565 0.033887 0.033887
-   VCL_call       HIT
-   VCL_call       DELIVER
-   Timestamp      Process: 1777019280.566570 0.033892 0.000005
-   Timestamp      Resp: 1777019293.136062 12.603384 12.569492

*   << Request  >> 11296872  
-   Timestamp      Start: 1777019280.535877 0.000000 0.000000
-   Timestamp      Req: 1777019280.535877 0.000000 0.000000
-   ReqURL         /v2/library/python/blobs/sha256:ed881fbf1b07b42dd470cd5b56a8feb684d60879c6f8028a9e7a8715e0e72361
-   VCL_call       RECV
-   VCL_call       RECV
-   VCL_call       HASH
-   Hit            11556969 3153600000.029609 10.000000 0.000000 0 25614562
-   Timestamp      Waitinglist: 1777019280.566705 0.030828 0.030828
-   VCL_call       HIT
-   VCL_call       DELIVER
-   Timestamp      Process: 1777019280.566709 0.030832 0.000004
-   Timestamp      Resp: 1777019293.136085 12.600208 12.569376

*   << Request  >> 11761714  
-   Timestamp      Start: 1777019280.530128 0.000000 0.000000
-   Timestamp      Req: 1777019280.530128 0.000000 0.000000
-   ReqURL         /v2/library/python/blobs/sha256:ed881fbf1b07b42dd470cd5b56a8feb684d60879c6f8028a9e7a8715e0e72361
-   VCL_call       RECV
-   VCL_call       RECV
-   VCL_call       HASH
-   Hit            11556969 3153600000.035358 10.000000 0.000000 0 25614562
-   Timestamp      Waitinglist: 1777019280.566845 0.036717 0.036717
-   VCL_call       HIT
-   VCL_call       DELIVER
-   Timestamp      Process: 1777019280.566854 0.036726 0.000009
-   Timestamp      Resp: 1777019293.136095 12.605968 12.569242

*   << Request  >> 12140546  
-   Timestamp      Start: 1777019285.531554 0.000000 0.000000
-   Timestamp      Req: 1777019285.531554 0.000000 0.000000
-   ReqURL         /v2/library/python/blobs/sha256:ed881fbf1b07b42dd470cd5b56a8feb684d60879c6f8028a9e7a8715e0e72361
-   VCL_call       RECV
-   VCL_call       RECV
-   VCL_call       HASH
-   Hit            11556969 3153599995.033932 10.000000 0.000000 9121718 25614562
-   VCL_call       HIT
-   VCL_call       DELIVER
-   Timestamp      Process: 1777019285.531604 0.000050 0.000050
-   Timestamp      Resp: 1777019293.136102 7.604548 7.604498

*   << Request  >> 12032048  
-   Timestamp      Start: 1777019280.533382 0.000000 0.000000
-   Timestamp      Req: 1777019280.533382 0.000000 0.000000
-   ReqURL         /v2/library/python/blobs/sha256:ed881fbf1b07b42dd470cd5b56a8feb684d60879c6f8028a9e7a8715e0e72361
-   VCL_call       RECV
-   VCL_call       RECV
-   VCL_call       HASH
-   Hit            11556969 3153600000.032104 10.000000 0.000000 0 25614562
-   Timestamp      Waitinglist: 1777019280.566572 0.033190 0.033190
-   VCL_call       HIT
-   VCL_call       DELIVER
-   Timestamp      Process: 1777019280.566580 0.033197 0.000007
-   Timestamp      Resp: 1777019293.136130 12.602748 12.569551

*   << Request  >> 12075051  
-   Timestamp      Start: 1777019280.537462 0.000000 0.000000
-   Timestamp      Req: 1777019280.537462 0.000000 0.000000
-   ReqURL         /v2/library/python/blobs/sha256:ed881fbf1b07b42dd470cd5b56a8feb684d60879c6f8028a9e7a8715e0e72361
-   VCL_call       RECV
-   VCL_call       RECV
-   VCL_call       HASH
-   Hit            11556969 3153600000.028024 10.000000 0.000000 0 25614562
-   Timestamp      Waitinglist: 1777019280.566688 0.029226 0.029226
-   VCL_call       HIT
-   VCL_call       DELIVER
-   Timestamp      Process: 1777019280.566692 0.029230 0.000004
-   Timestamp      Resp: 1777019293.136133 12.598671 12.569441

*   << Request  >> 11907116  
-   Timestamp      Start: 1777019280.533291 0.000000 0.000000
-   Timestamp      Req: 1777019280.533291 0.000000 0.000000
-   ReqURL         /v2/library/python/blobs/sha256:ed881fbf1b07b42dd470cd5b56a8feb684d60879c6f8028a9e7a8715e0e72361
-   VCL_call       RECV
-   VCL_call       RECV
-   VCL_call       HASH
-   Hit            11556969 3153600000.032195 10.000000 0.000000 0 25614562
-   Timestamp      Waitinglist: 1777019280.566438 0.033147 0.033147
-   VCL_call       HIT
-   VCL_call       DELIVER
-   Timestamp      Process: 1777019280.566452 0.033162 0.000015
-   Timestamp      Resp: 1777019293.136171 12.602880 12.569719

*   << Request  >> 11950119  
-   Timestamp      Start: 1777019280.536252 0.000000 0.000000
-   Timestamp      Req: 1777019280.536252 0.000000 0.000000
-   ReqURL         /v2/library/python/blobs/sha256:ed881fbf1b07b42dd470cd5b56a8feb684d60879c6f8028a9e7a8715e0e72361
-   VCL_call       RECV
-   VCL_call       RECV
-   VCL_call       HASH
-   Hit            11556969 3153600000.029234 10.000000 0.000000 0 25614562
-   Timestamp      Waitinglist: 1777019280.566606 0.030354 0.030354
-   VCL_call       HIT
-   VCL_call       DELIVER
-   Timestamp      Process: 1777019280.566611 0.030359 0.000005
-   Timestamp      Resp: 1777019293.136172 12.599921 12.569562

*   << Request  >> 12283906  
-   Timestamp      Start: 1777019285.534531 0.000000 0.000000
-   Timestamp      Req: 1777019285.534531 0.000000 0.000000
-   ReqURL         /v2/library/python/blobs/sha256:ed881fbf1b07b42dd470cd5b56a8feb684d60879c6f8028a9e7a8715e0e72361
-   VCL_call       RECV
-   VCL_call       RECV
-   VCL_call       HASH
-   Hit            11556969 3153599995.030954 10.000000 0.000000 9121718 25614562
-   VCL_call       HIT
-   VCL_call       DELIVER
-   Timestamp      Process: 1777019285.534606 0.000075 0.000075
-   Timestamp      Resp: 1777019293.136201 7.601670 7.601595

*   << Request  >> 11358310  
-   Timestamp      Start: 1777019280.537251 0.000000 0.000000
-   Timestamp      Req: 1777019280.537251 0.000000 0.000000
-   ReqURL         /v2/library/python/blobs/sha256:ed881fbf1b07b42dd470cd5b56a8feb684d60879c6f8028a9e7a8715e0e72361
-   VCL_call       RECV
-   VCL_call       RECV
-   VCL_call       HASH
-   Hit            11556969 3153600000.028235 10.000000 0.000000 0 25614562
-   Timestamp      Waitinglist: 1777019280.566626 0.029375 0.029375
-   VCL_call       HIT
-   VCL_call       DELIVER
-   Timestamp      Process: 1777019280.566630 0.029379 0.000005
-   Timestamp      Resp: 1777019293.136233 12.598982 12.569603

*   << Request  >> 12234754  
-   Timestamp      Start: 1777019285.525855 0.000000 0.000000
-   Timestamp      Req: 1777019285.525855 0.000000 0.000000
-   ReqURL         /v2/library/python/blobs/sha256:ed881fbf1b07b42dd470cd5b56a8feb684d60879c6f8028a9e7a8715e0e72361
-   VCL_call       RECV
-   VCL_call       RECV
-   VCL_call       HASH
-   Hit            11556969 3153599995.039631 10.000000 0.000000 9121718 25614562
-   VCL_call       HIT
-   VCL_call       DELIVER
-   Timestamp      Process: 1777019285.525964 0.000109 0.000109
-   Timestamp      Resp: 1777019293.136266 7.610411 7.610302

*   << Request  >> 11421814  
-   Timestamp      Start: 1777019280.529612 0.000000 0.000000
-   Timestamp      Req: 1777019280.529612 0.000000 0.000000
-   ReqURL         /v2/library/python/blobs/sha256:ed881fbf1b07b42dd470cd5b56a8feb684d60879c6f8028a9e7a8715e0e72361
-   VCL_call       RECV
-   VCL_call       RECV
-   VCL_call       HASH
-   Hit            11556969 3153600000.035874 10.000000 0.000000 0 25614562
-   Timestamp      Waitinglist: 1777019280.566445 0.036833 0.036833
-   VCL_call       HIT
-   VCL_call       DELIVER
-   Timestamp      Process: 1777019280.566462 0.036850 0.000016
-   Timestamp      Resp: 1777019293.136295 12.606683 12.569833

*   << Request  >> 11556968  
-   Timestamp      Start: 1777019280.529068 0.000000 0.000000
-   Timestamp      Req: 1777019280.529068 0.000000 0.000000
-   ReqURL         /v2/library/python/blobs/sha256:ed881fbf1b07b42dd470cd5b56a8feb684d60879c6f8028a9e7a8715e0e72361
-   VCL_call       RECV
-   VCL_call       RECV
-   VCL_call       HASH
-   VCL_call       MISS
-   Link           bereq 11556969 fetch
-   Timestamp      Fetch: 1777019280.566541 0.037473 0.037473
-   VCL_call       DELIVER
-   Timestamp      Process: 1777019280.566551 0.037483 0.000010
-   Timestamp      Resp: 1777019293.136328 12.607261 12.569778
**  << BeReq    >> 11556969  
--  Timestamp      Start: 1777019280.530651 0.000000 0.000000
--  VCL_call       BACKEND_FETCH
--  Timestamp      Fetch: 1777019280.530801 0.000149 0.000149
--  Timestamp      Connected: 1777019280.536381 0.005730 0.005581
--  Timestamp      Bereq: 1777019280.536478 0.005827 0.000097
--  Timestamp      Beresp: 1777019280.565486 0.034835 0.029008
--  VCL_call       BACKEND_RESPONSE
--  VCL_call       VHA_INTERNAL
--  Timestamp      Process: 1777019280.565626 0.034975 0.000140
--  Timestamp      BerespBody: 1777019293.135914 12.605263 12.570288

*   << Request  >> 12158978  
-   Timestamp      Start: 1777019285.528421 0.000000 0.000000
-   Timestamp      Req: 1777019285.528421 0.000000 0.000000
-   ReqURL         /v2/library/python/blobs/sha256:ed881fbf1b07b42dd470cd5b56a8feb684d60879c6f8028a9e7a8715e0e72361
-   VCL_call       RECV
-   VCL_call       RECV
-   VCL_call       HASH
-   Hit            11556969 3153599995.037065 10.000000 0.000000 9121718 25614562
-   VCL_call       HIT
-   VCL_call       DELIVER
-   Timestamp      Process: 1777019285.528508 0.000087 0.000087
-   Timestamp      Resp: 1777019293.136363 7.607942 7.607855

*   << Request  >> 11409499  
-   Timestamp      Start: 1777019280.534796 0.000000 0.000000
-   Timestamp      Req: 1777019280.534796 0.000000 0.000000
-   ReqURL         /v2/library/python/blobs/sha256:ed881fbf1b07b42dd470cd5b56a8feb684d60879c6f8028a9e7a8715e0e72361
-   VCL_call       RECV
-   VCL_call       RECV
-   VCL_call       HASH
-   Hit            11556969 3153600000.030690 10.000000 0.000000 0 25614562
-   Timestamp      Waitinglist: 1777019280.566518 0.031722 0.031722
-   VCL_call       HIT
-   VCL_call       DELIVER
-   Timestamp      Process: 1777019280.566525 0.031729 0.000008
-   Timestamp      Resp: 1777019293.136396 12.601601 12.569871

*   << Request  >> 11221088  
-   Timestamp      Start: 1777019285.541426 0.000000 0.000000
-   Timestamp      Req: 1777019285.541426 0.000000 0.000000
-   ReqURL         /v2/library/python/blobs/sha256:ed881fbf1b07b42dd470cd5b56a8feb684d60879c6f8028a9e7a8715e0e72361
-   VCL_call       RECV
-   VCL_call       RECV
-   VCL_call       HASH
-   Hit            11556969 3153599995.024060 10.000000 0.000000 9121718 25614562
-   VCL_call       HIT
-   VCL_call       DELIVER
-   Timestamp      Process: 1777019285.541466 0.000040 0.000040
-   Timestamp      Resp: 1777019293.136403 7.594978 7.594938

*   << Request  >> 11100283  
-   Timestamp      Start: 1777019280.529797 0.000000 0.000000
-   Timestamp      Req: 1777019280.529797 0.000000 0.000000
-   ReqURL         /v2/library/python/blobs/sha256:ed881fbf1b07b42dd470cd5b56a8feb684d60879c6f8028a9e7a8715e0e72361
-   VCL_call       RECV
-   VCL_call       RECV
-   VCL_call       HASH
-   Hit            11556969 3153600000.035689 10.000000 0.000000 0 25614562
-   Timestamp      Waitinglist: 1777019280.566154 0.036356 0.036356
-   VCL_call       HIT
-   VCL_call       DELIVER
-   Timestamp      Process: 1777019280.566157 0.036360 0.000004
-   Timestamp      Resp: 1777019293.136430 12.606633 12.570273

*   << Request  >> 11159657  
-   Timestamp      Start: 1777019285.532033 0.000000 0.000000
-   Timestamp      Req: 1777019285.532033 0.000000 0.000000
-   ReqURL         /v2/library/python/blobs/sha256:ed881fbf1b07b42dd470cd5b56a8feb684d60879c6f8028a9e7a8715e0e72361
-   VCL_call       RECV
-   VCL_call       RECV
-   VCL_call       HASH
-   Hit            11556969 3153599995.033453 10.000000 0.000000 9121718 25614562
-   VCL_call       HIT
-   VCL_call       DELIVER
-   Timestamp      Process: 1777019285.532060 0.000027 0.000027
-   Timestamp      Resp: 1777019293.136476 7.604443 7.604415

*   << Request  >> 11073676  
-   Timestamp      Start: 1777019280.529959 0.000000 0.000000
-   Timestamp      Req: 1777019280.529959 0.000000 0.000000
-   ReqURL         /v2/library/python/blobs/sha256:ed881fbf1b07b42dd470cd5b56a8feb684d60879c6f8028a9e7a8715e0e72361
-   VCL_call       RECV
-   VCL_call       RECV
-   VCL_call       HASH
-   Hit            11556969 3153600000.035526 10.000000 0.000000 0 25614562
-   Timestamp      Waitinglist: 1777019280.566792 0.036833 0.036833
-   VCL_call       HIT
-   VCL_call       DELIVER
-   Timestamp      Process: 1777019280.566801 0.036841 0.000009
-   Timestamp      Resp: 1777019293.136504 12.606545 12.569704

*   << Request  >> 10727599  
-   Timestamp      Start: 1777019280.535514 0.000000 0.000000
-   Timestamp      Req: 1777019280.535514 0.000000 0.000000
-   ReqURL         /v2/library/python/blobs/sha256:ed881fbf1b07b42dd470cd5b56a8feb684d60879c6f8028a9e7a8715e0e72361
-   VCL_call       RECV
-   VCL_call       RECV
-   VCL_call       HASH
-   Hit            11556969 3153600000.029972 10.000000 0.000000 0 25614562
-   Timestamp      Waitinglist: 1777019280.566677 0.031163 0.031163
-   VCL_call       HIT
-   VCL_call       DELIVER
-   Timestamp      Process: 1777019280.566685 0.031171 0.000008
-   Timestamp      Resp: 1777019293.136543 12.601029 12.569858

*   << Request  >> 12298242  
-   Timestamp      Start: 1777019285.539123 0.000000 0.000000
-   Timestamp      Req: 1777019285.539123 0.000000 0.000000
-   ReqURL         /v2/library/python/blobs/sha256:ed881fbf1b07b42dd470cd5b56a8feb684d60879c6f8028a9e7a8715e0e72361
-   VCL_call       RECV
-   VCL_call       RECV
-   VCL_call       HASH
-   Hit            11556969 3153599995.026363 10.000000 0.000000 9121718 25614562
-   VCL_call       HIT
-   VCL_call       DELIVER
-   Timestamp      Process: 1777019285.539196 0.000073 0.000073
-   Timestamp      Resp: 1777019293.136561 7.597438 7.597365

*   << Request  >> 12220418  
-   Timestamp      Start: 1777019285.528488 0.000000 0.000000
-   Timestamp      Req: 1777019285.528488 0.000000 0.000000
-   ReqURL         /v2/library/python/blobs/sha256:ed881fbf1b07b42dd470cd5b56a8feb684d60879c6f8028a9e7a8715e0e72361
-   VCL_call       RECV
-   VCL_call       RECV
-   VCL_call       HASH
-   Hit            11556969 3153599995.036998 10.000000 0.000000 9121718 25614562
-   VCL_call       HIT
-   VCL_call       DELIVER
-   Timestamp      Process: 1777019285.528570 0.000083 0.000083
-   Timestamp      Resp: 1777019293.136571 7.608084 7.608001

*   << Request  >> 11890740  
-   Timestamp      Start: 1777019280.531744 0.000000 0.000000
-   Timestamp      Req: 1777019280.531744 0.000000 0.000000
-   ReqURL         /v2/library/python/blobs/sha256:ed881fbf1b07b42dd470cd5b56a8feb684d60879c6f8028a9e7a8715e0e72361
-   VCL_call       RECV
-   VCL_call       RECV
-   VCL_call       HASH
-   Hit            11556969 3153600000.033742 10.000000 0.000000 0 25614562
-   Timestamp      Waitinglist: 1777019280.566586 0.034842 0.034842
-   VCL_call       HIT
-   VCL_call       DELIVER
-   Timestamp      Process: 1777019280.566591 0.034847 0.000005
-   Timestamp      Resp: 1777019293.136603 12.604859 12.570012

*   << Request  >> 11909164  
-   Timestamp      Start: 1777019280.536345 0.000000 0.000000
-   Timestamp      Req: 1777019280.536345 0.000000 0.000000
-   ReqURL         /v2/library/python/blobs/sha256:ed881fbf1b07b42dd470cd5b56a8feb684d60879c6f8028a9e7a8715e0e72361
-   VCL_call       RECV
-   VCL_call       RECV
-   VCL_call       HASH
-   Hit            11556969 3153600000.029141 10.000000 0.000000 0 25614562
-   Timestamp      Waitinglist: 1777019280.566766 0.030421 0.030421
-   VCL_call       HIT
-   VCL_call       DELIVER
-   Timestamp      Process: 1777019280.566775 0.030430 0.000009
-   Timestamp      Resp: 1777019293.136648 12.600303 12.569873

*   << Request  >> 12163074  
-   Timestamp      Start: 1777019285.528860 0.000000 0.000000
-   Timestamp      Req: 1777019285.528860 0.000000 0.000000
-   ReqURL         /v2/library/python/blobs/sha256:ed881fbf1b07b42dd470cd5b56a8feb684d60879c6f8028a9e7a8715e0e72361
-   VCL_call       RECV
-   VCL_call       RECV
-   VCL_call       HASH
-   Hit            11556969 3153599995.036626 10.000000 0.000000 9121718 25614562
-   VCL_call       HIT
-   VCL_call       DELIVER
-   Timestamp      Process: 1777019285.528927 0.000067 0.000067
-   Timestamp      Resp: 1777019293.136693 7.607833 7.607767

*   << Request  >> 12251138  
-   Timestamp      Start: 1777019285.533172 0.000000 0.000000
-   Timestamp      Req: 1777019285.533172 0.000000 0.000000
-   ReqURL         /v2/library/python/blobs/sha256:ed881fbf1b07b42dd470cd5b56a8feb684d60879c6f8028a9e7a8715e0e72361
-   VCL_call       RECV
-   VCL_call       RECV
-   VCL_call       HASH
-   Hit            11556969 3153599995.032314 10.000000 0.000000 9121718 25614562
-   VCL_call       HIT
-   VCL_call       DELIVER
-   Timestamp      Process: 1777019285.535102 0.001930 0.001930
-   Timestamp      Resp: 1777019293.136925 7.603753 7.601823

*   << Request  >> 12171266  
-   Timestamp      Start: 1777019285.528167 0.000000 0.000000
-   Timestamp      Req: 1777019285.528167 0.000000 0.000000
-   ReqURL         /v2/library/python/blobs/sha256:ed881fbf1b07b42dd470cd5b56a8feb684d60879c6f8028a9e7a8715e0e72361
-   VCL_call       RECV
-   VCL_call       RECV
-   VCL_call       HASH
-   Hit            11556969 3153599995.037319 10.000000 0.000000 9121718 25614562
-   VCL_call       HIT
-   VCL_call       DELIVER
-   Timestamp      Process: 1777019285.528254 0.000087 0.000087
-   Timestamp      Resp: 1777019293.137182 7.609014 7.608927

*   << Request  >> 11800652  
-   Timestamp      Start: 1777019280.529871 0.000000 0.000000
-   Timestamp      Req: 1777019280.529871 0.000000 0.000000
-   ReqURL         /v2/library/python/blobs/sha256:15991188a884d2f9355785d54a0fcd42fad2ac642f7b2d91f0dcba38d7082556
-   VCL_call       RECV
-   VCL_call       RECV
-   VCL_call       HASH
-   Hit            11393130 3153600000.037459 10.000000 0.000000 0 25656055
-   Timestamp      Waitinglist: 1777019280.567497 0.037627 0.037627
-   VCL_call       HIT
-   VCL_call       DELIVER
-   Timestamp      Process: 1777019280.567509 0.037638 0.000012
-   Timestamp      Resp: 1777019293.302271 12.772401 12.734762

*   << Request  >> 11974708  
-   Timestamp      Start: 1777019285.532970 0.000000 0.000000
-   Timestamp      Req: 1777019285.532970 0.000000 0.000000
-   ReqURL         /v2/library/python/blobs/sha256:ed881fbf1b07b42dd470cd5b56a8feb684d60879c6f8028a9e7a8715e0e72361
-   VCL_call       RECV
-   VCL_call       RECV
-   VCL_call       HASH
-   Hit            11556969 3153599995.032516 10.000000 0.000000 9121718 25614562
-   VCL_call       HIT
-   VCL_call       DELIVER
-   Timestamp      Process: 1777019285.533000 0.000029 0.000029
-   Timestamp      Resp: 1777019293.322138 7.789168 7.789139

*   << Request  >> 12009530  
-   Timestamp      Start: 1777019285.539063 0.000000 0.000000
-   Timestamp      Req: 1777019285.539063 0.000000 0.000000
-   ReqURL         /v2/library/python/blobs/sha256:15991188a884d2f9355785d54a0fcd42fad2ac642f7b2d91f0dcba38d7082556
-   VCL_call       RECV
-   VCL_call       RECV
-   VCL_call       HASH
-   Hit            11393130 3153599995.028267 10.000000 0.000000 9664718 25656055
-   VCL_call       HIT
-   VCL_call       DELIVER
-   Timestamp      Process: 1777019285.539092 0.000029 0.000029
-   Timestamp      Resp: 1777019293.356393 7.817330 7.817301

*   << Request  >> 12136450  
-   Timestamp      Start: 1777019285.529120 0.000000 0.000000
-   Timestamp      Req: 1777019285.529120 0.000000 0.000000
-   ReqURL         /v2/library/python/blobs/sha256:15991188a884d2f9355785d54a0fcd42fad2ac642f7b2d91f0dcba38d7082556
-   VCL_call       RECV
-   VCL_call       RECV
-   VCL_call       HASH
-   Hit            11393130 3153599995.038210 10.000000 0.000000 9664718 25656055
-   VCL_call       HIT
-   VCL_call       DELIVER
-   Timestamp      Process: 1777019285.536962 0.007842 0.007842
-   Timestamp      Resp: 1777019293.359556 7.830436 7.822594

*   << Request  >> 11837496  
-   Timestamp      Start: 1777019280.532578 0.000000 0.000000
-   Timestamp      Req: 1777019280.532578 0.000000 0.000000
-   ReqURL         /v2/library/python/blobs/sha256:ed881fbf1b07b42dd470cd5b56a8feb684d60879c6f8028a9e7a8715e0e72361
-   VCL_call       RECV
-   VCL_call       RECV
-   VCL_call       HASH
-   Hit            11556969 3153600000.032907 10.000000 0.000000 0 25614562
-   Timestamp      Waitinglist: 1777019280.566620 0.034042 0.034042
-   VCL_call       HIT
-   VCL_call       DELIVER
-   Timestamp      Process: 1777019280.566629 0.034050 0.000009
-   Timestamp      Resp: 1777019293.423001 12.890423 12.856372

*   << Request  >> 11794494  
-   Timestamp      Start: 1777019285.538224 0.000000 0.000000
-   Timestamp      Req: 1777019285.538224 0.000000 0.000000
-   ReqURL         /v2/library/python/blobs/sha256:ed881fbf1b07b42dd470cd5b56a8feb684d60879c6f8028a9e7a8715e0e72361
-   VCL_call       RECV
-   VCL_call       RECV
-   VCL_call       HASH
-   Hit            11556969 3153599995.027262 10.000000 0.000000 9121718 25614562
-   VCL_call       HIT
-   VCL_call       DELIVER
-   Timestamp      Process: 1777019285.538253 0.000029 0.000029
-   Timestamp      Resp: 1777019293.460508 7.922284 7.922256

*   << Request  >> 11612226  
-   Timestamp      Start: 1777019285.539376 0.000000 0.000000
-   Timestamp      Req: 1777019285.539376 0.000000 0.000000
-   ReqURL         /v2/library/python/blobs/sha256:ed881fbf1b07b42dd470cd5b56a8feb684d60879c6f8028a9e7a8715e0e72361
-   VCL_call       RECV
-   VCL_call       RECV
-   VCL_call       HASH
-   Hit            11556969 3153599995.026111 10.000000 0.000000 9121718 25614562
-   VCL_call       HIT
-   VCL_call       DELIVER
-   Timestamp      Process: 1777019285.539406 0.000031 0.000031
-   Timestamp      Resp: 1777019293.463160 7.923785 7.923754

*   << Request  >> 12355586  
-   Timestamp      Start: 1777019285.535625 0.000000 0.000000
-   Timestamp      Req: 1777019285.535625 0.000000 0.000000
-   ReqURL         /v2/library/python/blobs/sha256:15991188a884d2f9355785d54a0fcd42fad2ac642f7b2d91f0dcba38d7082556
-   VCL_call       RECV
-   VCL_call       RECV
-   VCL_call       HASH
-   Hit            11393130 3153599995.031706 10.000000 0.000000 9664718 25656055
-   VCL_call       HIT
-   VCL_call       DELIVER
-   Timestamp      Process: 1777019285.535671 0.000046 0.000046
-   Timestamp      Resp: 1777019293.499029 7.963404 7.963358

*   << Request  >> 12339202  
-   Timestamp      Start: 1777019285.535154 0.000000 0.000000
-   Timestamp      Req: 1777019285.535154 0.000000 0.000000
-   ReqURL         /v2/library/python/blobs/sha256:15991188a884d2f9355785d54a0fcd42fad2ac642f7b2d91f0dcba38d7082556
-   VCL_call       RECV
-   VCL_call       RECV
-   VCL_call       HASH
-   Hit            11393130 3153599995.032176 10.000000 0.000000 9664718 25656055
-   VCL_call       HIT
-   VCL_call       DELIVER
-   Timestamp      Process: 1777019285.536822 0.001668 0.001668
-   Timestamp      Resp: 1777019293.565549 8.030395 8.028727

*   << Request  >> 11370626  
-   Timestamp      Start: 1777019285.538066 0.000000 0.000000
-   Timestamp      Req: 1777019285.538066 0.000000 0.000000
-   ReqURL         /v2/library/python/blobs/sha256:15991188a884d2f9355785d54a0fcd42fad2ac642f7b2d91f0dcba38d7082556
-   VCL_call       RECV
-   VCL_call       RECV
-   VCL_call       HASH
-   Hit            11393130 3153599995.029264 10.000000 0.000000 9664718 25656055
-   VCL_call       HIT
-   VCL_call       DELIVER
-   Timestamp      Process: 1777019285.538094 0.000028 0.000028
-   Timestamp      Resp: 1777019293.597978 8.059912 8.059884

*   << Request  >> 12304386  
-   Timestamp      Start: 1777019285.536072 0.000000 0.000000
-   Timestamp      Req: 1777019285.536072 0.000000 0.000000
-   ReqURL         /v2/library/python/blobs/sha256:15991188a884d2f9355785d54a0fcd42fad2ac642f7b2d91f0dcba38d7082556
-   VCL_call       RECV
-   VCL_call       RECV
-   VCL_call       HASH
-   Hit            11393130 3153599995.031258 10.000000 0.000000 9664718 25656055
-   VCL_call       HIT
-   VCL_call       DELIVER
-   Timestamp      Process: 1777019285.536126 0.000054 0.000054
-   Timestamp      Resp: 1777019293.601469 8.065397 8.065343

*   << Request  >> 12275714  
-   Timestamp      Start: 1777019285.534025 0.000000 0.000000
-   Timestamp      Req: 1777019285.534025 0.000000 0.000000
-   ReqURL         /v2/library/python/blobs/sha256:15991188a884d2f9355785d54a0fcd42fad2ac642f7b2d91f0dcba38d7082556
-   VCL_call       RECV
-   VCL_call       RECV
-   VCL_call       HASH
-   Hit            11393130 3153599995.033305 10.000000 0.000000 9664718 25656055
-   VCL_call       HIT
-   VCL_call       DELIVER
-   Timestamp      Process: 1777019285.534069 0.000044 0.000044
-   Timestamp      Resp: 1777019293.605051 8.071025 8.070982

*   << Request  >> 10342642  
-   Timestamp      Start: 1777019280.532295 0.000000 0.000000
-   Timestamp      Req: 1777019280.532295 0.000000 0.000000
-   ReqURL         /v2/library/python/blobs/sha256:15991188a884d2f9355785d54a0fcd42fad2ac642f7b2d91f0dcba38d7082556
-   VCL_call       RECV
-   VCL_call       RECV
-   VCL_call       HASH
-   Hit            11393130 3153600000.035035 10.000000 0.000000 0 25656055
-   Timestamp      Waitinglist: 1777019280.567715 0.035420 0.035420
-   VCL_call       HIT
-   VCL_call       DELIVER
-   Timestamp      Process: 1777019280.567721 0.035425 0.000005
-   Timestamp      Resp: 1777019293.727148 13.194852 13.159427

*   << Request  >> 12318722  
-   Timestamp      Start: 1777019285.535246 0.000000 0.000000
-   Timestamp      Req: 1777019285.535246 0.000000 0.000000
-   ReqURL         /v2/library/python/blobs/sha256:15991188a884d2f9355785d54a0fcd42fad2ac642f7b2d91f0dcba38d7082556
-   VCL_call       RECV
-   VCL_call       RECV
-   VCL_call       HASH
-   Hit            11393130 3153599995.032084 10.000000 0.000000 9664718 25656055
-   VCL_call       HIT
-   VCL_call       DELIVER
-   Timestamp      Process: 1777019285.535306 0.000060 0.000060
-   Timestamp      Resp: 1777019293.972261 8.437016 8.436955

*   << Request  >> 11393129  
-   Timestamp      Start: 1777019280.528928 0.000000 0.000000
-   Timestamp      Req: 1777019280.528928 0.000000 0.000000
-   ReqURL         /v2/library/python/blobs/sha256:15991188a884d2f9355785d54a0fcd42fad2ac642f7b2d91f0dcba38d7082556
-   VCL_call       RECV
-   VCL_call       RECV
-   VCL_call       HASH
-   VCL_call       MISS
-   Link           bereq 11393130 fetch
-   Timestamp      Fetch: 1777019280.567541 0.038613 0.038613
-   VCL_call       DELIVER
-   Timestamp      Process: 1777019280.567549 0.038621 0.000008
-   Timestamp      Resp: 1777019294.097718 13.568790 13.530169
**  << BeReq    >> 11393130  
--  Timestamp      Start: 1777019280.531550 0.000000 0.000000
--  VCL_call       BACKEND_FETCH
--  Timestamp      Fetch: 1777019280.531695 0.000145 0.000145
--  Timestamp      Connected: 1777019280.534908 0.003358 0.003213
--  Timestamp      Bereq: 1777019280.534991 0.003441 0.000083
--  Timestamp      Beresp: 1777019280.567330 0.035780 0.032339
--  VCL_call       BACKEND_RESPONSE
--  VCL_call       VHA_INTERNAL
--  Timestamp      Process: 1777019280.567371 0.035821 0.000041
--  Timestamp      BerespBody: 1777019292.896859 12.365309 12.329488

*   << Request  >> 10739879  
-   Timestamp      Start: 1777019280.534277 0.000000 0.000000
-   Timestamp      Req: 1777019280.534277 0.000000 0.000000
-   ReqURL         /v2/library/python/blobs/sha256:ed881fbf1b07b42dd470cd5b56a8feb684d60879c6f8028a9e7a8715e0e72361
-   VCL_call       RECV
-   VCL_call       RECV
-   VCL_call       HASH
-   Hit            11556969 3153600000.031209 10.000000 0.000000 0 25614562
-   Timestamp      Waitinglist: 1777019280.566649 0.032372 0.032372
-   VCL_call       HIT
-   VCL_call       DELIVER
-   Timestamp      Process: 1777019280.566657 0.032380 0.000008
-   Timestamp      Resp: 1777019294.106178 13.571901 13.539521

*   << Request  >> 12113922  
-   Timestamp      Start: 1777019285.530176 0.000000 0.000000
-   Timestamp      Req: 1777019285.530176 0.000000 0.000000
-   ReqURL         /v2/library/python/blobs/sha256:ed881fbf1b07b42dd470cd5b56a8feb684d60879c6f8028a9e7a8715e0e72361
-   VCL_call       RECV
-   VCL_call       RECV
-   VCL_call       HASH
-   Hit            11556969 3153599995.035310 10.000000 0.000000 9121718 25614562
-   VCL_call       HIT
-   VCL_call       DELIVER
-   Timestamp      Process: 1777019285.530241 0.000065 0.000065
-   Timestamp      Resp: 1777019294.114503 8.584327 8.584262

*   << Request  >> 11669561  
-   Timestamp      Start: 1777019280.531573 0.000000 0.000000
-   Timestamp      Req: 1777019280.531573 0.000000 0.000000
-   ReqURL         /v2/library/python/blobs/sha256:15991188a884d2f9355785d54a0fcd42fad2ac642f7b2d91f0dcba38d7082556
-   VCL_call       RECV
-   VCL_call       RECV
-   VCL_call       HASH
-   Hit            11393130 3153600000.035757 10.000000 0.000000 0 25656055
-   Timestamp      Waitinglist: 1777019280.567631 0.036058 0.036058
-   VCL_call       HIT
-   VCL_call       DELIVER
-   Timestamp      Process: 1777019280.567635 0.036062 0.000003
-   Timestamp      Resp: 1777019294.121060 13.589487 13.553426

*   << Request  >> 11946030  
-   Timestamp      Start: 1777019280.533264 0.000000 0.000000
-   Timestamp      Req: 1777019280.533264 0.000000 0.000000
-   ReqURL         /v2/library/python/blobs/sha256:15991188a884d2f9355785d54a0fcd42fad2ac642f7b2d91f0dcba38d7082556
-   VCL_call       RECV
-   VCL_call       RECV
-   VCL_call       HASH
-   Hit            11393130 3153600000.034066 10.000000 0.000000 0 25656055
-   Timestamp      Waitinglist: 1777019280.567688 0.034424 0.034424
-   VCL_call       HIT
-   VCL_call       DELIVER
-   Timestamp      Process: 1777019280.567696 0.034432 0.000009
-   Timestamp      Resp: 1777019294.288967 13.755702 13.721270

*   << Request  >> 11104394  
-   Timestamp      Start: 1777019280.533957 0.000000 0.000000
-   Timestamp      Req: 1777019280.533957 0.000000 0.000000
-   ReqURL         /v2/library/python/blobs/sha256:15991188a884d2f9355785d54a0fcd42fad2ac642f7b2d91f0dcba38d7082556
-   VCL_call       RECV
-   VCL_call       RECV
-   VCL_call       HASH
-   Hit            11393130 3153600000.033373 10.000000 0.000000 0 25656055
-   Timestamp      Waitinglist: 1777019280.567677 0.033720 0.033720
-   VCL_call       HIT
-   VCL_call       DELIVER
-   Timestamp      Process: 1777019280.567681 0.033724 0.000003
-   Timestamp      Resp: 1777019294.633163 14.099205 14.065482

*   << Request  >> 12224514  
-   Timestamp      Start: 1777019285.528185 0.000000 0.000000
-   Timestamp      Req: 1777019285.528185 0.000000 0.000000
-   ReqURL         /v2/library/python/blobs/sha256:15991188a884d2f9355785d54a0fcd42fad2ac642f7b2d91f0dcba38d7082556
-   VCL_call       RECV
-   VCL_call       RECV
-   VCL_call       HASH
-   Hit            11393130 3153599995.039145 10.000000 0.000000 9664718 25656055
-   VCL_call       HIT
-   VCL_call       DELIVER
-   Timestamp      Process: 1777019285.528246 0.000061 0.000061
-   Timestamp      Resp: 1777019294.792382 9.264197 9.264136

*   << Request  >> 12189698  
-   Timestamp      Start: 1777019285.526859 0.000000 0.000000
-   Timestamp      Req: 1777019285.526859 0.000000 0.000000
-   ReqURL         /v2/library/python/blobs/sha256:15991188a884d2f9355785d54a0fcd42fad2ac642f7b2d91f0dcba38d7082556
-   VCL_call       RECV
-   VCL_call       RECV
-   VCL_call       HASH
-   Hit            11393130 3153599995.040471 10.000000 0.000000 9664718 25656055
-   VCL_call       HIT
-   VCL_call       DELIVER
-   Timestamp      Process: 1777019285.526931 0.000072 0.000072
-   Timestamp      Resp: 1777019294.801219 9.274360 9.274288

*   << Request  >> 11862072  
-   Timestamp      Start: 1777019280.533008 0.000000 0.000000
-   Timestamp      Req: 1777019280.533008 0.000000 0.000000
-   ReqURL         /v2/library/python/blobs/sha256:15991188a884d2f9355785d54a0fcd42fad2ac642f7b2d91f0dcba38d7082556
-   VCL_call       RECV
-   VCL_call       RECV
-   VCL_call       HASH
-   Hit            11393130 3153600000.034322 10.000000 0.000000 0 25656055
-   Timestamp      Waitinglist: 1777019280.567736 0.034728 0.034728
-   VCL_call       HIT
-   VCL_call       DELIVER
-   Timestamp      Process: 1777019280.567741 0.034733 0.000005
-   Timestamp      Resp: 1777019294.915164 14.382156 14.347423

*   << Request  >> 11677754  
-   Timestamp      Start: 1777019280.529484 0.000000 0.000000
-   Timestamp      Req: 1777019280.529484 0.000000 0.000000
-   ReqURL         /v2/library/python/blobs/sha256:15991188a884d2f9355785d54a0fcd42fad2ac642f7b2d91f0dcba38d7082556
-   VCL_call       RECV
-   VCL_call       RECV
-   VCL_call       HASH
-   Hit            11393130 3153600000.037846 10.000000 0.000000 0 25656055
-   Timestamp      Waitinglist: 1777019280.567464 0.037980 0.037980
-   VCL_call       HIT
-   VCL_call       DELIVER
-   Timestamp      Process: 1777019280.567469 0.037985 0.000005
-   Timestamp      Resp: 1777019295.011353 14.481869 14.443884

*   << Request  >> 12290050  
-   Timestamp      Start: 1777019285.535769 0.000000 0.000000
-   Timestamp      Req: 1777019285.535769 0.000000 0.000000
-   ReqURL         /v2/library/python/blobs/sha256:15991188a884d2f9355785d54a0fcd42fad2ac642f7b2d91f0dcba38d7082556
-   VCL_call       RECV
-   VCL_call       RECV
-   VCL_call       HASH
-   Hit            11393130 3153599995.031561 10.000000 0.000000 9664718 25656055
-   VCL_call       HIT
-   VCL_call       DELIVER
-   Timestamp      Process: 1777019285.535856 0.000087 0.000087
-   Timestamp      Resp: 1777019295.282701 9.746931 9.746844

*   << Request  >> 11538529  
-   Timestamp      Start: 1777019285.531517 0.000000 0.000000
-   Timestamp      Req: 1777019285.531517 0.000000 0.000000
-   ReqURL         /v2/library/python/blobs/sha256:15991188a884d2f9355785d54a0fcd42fad2ac642f7b2d91f0dcba38d7082556
-   VCL_call       RECV
-   VCL_call       RECV
-   VCL_call       HASH
-   Hit            11393130 3153599995.035813 10.000000 0.000000 9664718 25656055
-   VCL_call       HIT
-   VCL_call       DELIVER
-   Timestamp      Process: 1777019285.531551 0.000034 0.000034
-   Timestamp      Resp: 1777019295.392371 9.860854 9.860820

*   << Request  >> 11759674  
-   Timestamp      Start: 1777019280.530053 0.000000 0.000000
-   Timestamp      Req: 1777019280.530053 0.000000 0.000000
-   ReqURL         /v2/library/python/blobs/sha256:ed881fbf1b07b42dd470cd5b56a8feb684d60879c6f8028a9e7a8715e0e72361
-   VCL_call       RECV
-   VCL_call       RECV
-   VCL_call       HASH
-   Hit            11556969 3153600000.035433 10.000000 0.000000 0 25614562
-   Timestamp      Waitinglist: 1777019280.566705 0.036652 0.036652
-   VCL_call       HIT
-   VCL_call       DELIVER
-   Timestamp      Process: 1777019280.566713 0.036660 0.000008
-   Timestamp      Resp: 1777019295.493595 14.963542 14.926883

*   << Request  >> 11554912  
-   Timestamp      Start: 1777019285.529906 0.000000 0.000000
-   Timestamp      Req: 1777019285.529906 0.000000 0.000000
-   ReqURL         /v2/library/python/blobs/sha256:15991188a884d2f9355785d54a0fcd42fad2ac642f7b2d91f0dcba38d7082556
-   VCL_call       RECV
-   VCL_call       RECV
-   VCL_call       HASH
-   Hit            11393130 3153599995.037424 10.000000 0.000000 9664718 25656055
-   VCL_call       HIT
-   VCL_call       DELIVER
-   Timestamp      Process: 1777019285.529945 0.000039 0.000039
-   Timestamp      Resp: 1777019295.553545 10.023639 10.023600

*   << Request  >> 12242946  
-   Timestamp      Start: 1777019285.533623 0.000000 0.000000
-   Timestamp      Req: 1777019285.533623 0.000000 0.000000
-   ReqURL         /v2/library/python/blobs/sha256:15991188a884d2f9355785d54a0fcd42fad2ac642f7b2d91f0dcba38d7082556
-   VCL_call       RECV
-   VCL_call       RECV
-   VCL_call       HASH
-   Hit            11393130 3153599995.033707 10.000000 0.000000 9664718 25656055
-   VCL_call       HIT
-   VCL_call       DELIVER
-   Timestamp      Process: 1777019285.533677 0.000054 0.000054
-   Timestamp      Resp: 1777019295.601953 10.068330 10.068276

*   << Request  >> 10956993  
-   Timestamp      Start: 1777019280.531254 0.000000 0.000000
-   Timestamp      Req: 1777019280.531254 0.000000 0.000000
-   ReqURL         /v2/library/python/blobs/sha256:15991188a884d2f9355785d54a0fcd42fad2ac642f7b2d91f0dcba38d7082556
-   VCL_call       RECV
-   VCL_call       RECV
-   VCL_call       HASH
-   Hit            11393130 3153600000.036076 10.000000 0.000000 0 25656055
-   Timestamp      Waitinglist: 1777019280.567652 0.036397 0.036397
-   VCL_call       HIT
-   VCL_call       DELIVER
-   Timestamp      Process: 1777019280.567658 0.036404 0.000006
-   Timestamp      Resp: 1777019295.629868 15.098614 15.062210

*   << Request  >> 11227230  
-   Timestamp      Start: 1777019280.532789 0.000000 0.000000
-   Timestamp      Req: 1777019280.532789 0.000000 0.000000
-   ReqURL         /v2/library/python/blobs/sha256:15991188a884d2f9355785d54a0fcd42fad2ac642f7b2d91f0dcba38d7082556
-   VCL_call       RECV
-   VCL_call       RECV
-   VCL_call       HASH
-   Hit            11393130 3153600000.034541 10.000000 0.000000 0 25656055
-   Timestamp      Waitinglist: 1777019280.567663 0.034873 0.034873
-   VCL_call       HIT
-   VCL_call       DELIVER
-   Timestamp      Process: 1777019280.567666 0.034877 0.000003
-   Timestamp      Resp: 1777019296.025792 15.493003 15.458126

*   << Request  >> 12328962  
-   Timestamp      Start: 1777019285.537108 0.000000 0.000000
-   Timestamp      Req: 1777019285.537108 0.000000 0.000000
-   ReqURL         /v2/library/python/blobs/sha256:ed881fbf1b07b42dd470cd5b56a8feb684d60879c6f8028a9e7a8715e0e72361
-   VCL_call       RECV
-   VCL_call       RECV
-   VCL_call       HASH
-   Hit            11556969 3153599995.028378 10.000000 0.000000 9121718 25614562
-   VCL_call       HIT
-   VCL_call       DELIVER
-   Timestamp      Process: 1777019285.537167 0.000059 0.000059
-   Timestamp      Resp: 1777019296.035488 10.498380 10.498321

*   << Request  >> 11108490  
-   Timestamp      Start: 1777019280.535025 0.000000 0.000000
-   Timestamp      Req: 1777019280.535025 0.000000 0.000000
-   ReqURL         /v2/library/python/blobs/sha256:15991188a884d2f9355785d54a0fcd42fad2ac642f7b2d91f0dcba38d7082556
-   VCL_call       RECV
-   VCL_call       RECV
-   VCL_call       HASH
-   Hit            11393130 3153600000.032306 10.000000 0.000000 0 25656055
-   Timestamp      Waitinglist: 1777019280.567703 0.032678 0.032678
-   VCL_call       HIT
-   VCL_call       DELIVER
-   Timestamp      Process: 1777019280.567706 0.032682 0.000003
-   Timestamp      Resp: 1777019296.077228 15.542203 15.509522

*   << Request  >> 11624510  
-   Timestamp      Start: 1777019280.531315 0.000000 0.000000
-   Timestamp      Req: 1777019280.531315 0.000000 0.000000
-   ReqURL         /v2/library/python/blobs/sha256:ed881fbf1b07b42dd470cd5b56a8feb684d60879c6f8028a9e7a8715e0e72361
-   VCL_call       RECV
-   VCL_call       RECV
-   VCL_call       HASH
-   Hit            11556969 3153600000.034171 10.000000 0.000000 0 25614562
-   Timestamp      Waitinglist: 1777019280.566495 0.035180 0.035180
-   VCL_call       HIT
-   VCL_call       DELIVER
-   Timestamp      Process: 1777019280.566506 0.035191 0.000010
-   Timestamp      Resp: 1777019296.180213 15.648898 15.613707

*   << Request  >> 10746035  
-   Timestamp      Start: 1777019285.530973 0.000000 0.000000
-   Timestamp      Req: 1777019285.530973 0.000000 0.000000
-   ReqURL         /v2/library/python/blobs/sha256:15991188a884d2f9355785d54a0fcd42fad2ac642f7b2d91f0dcba38d7082556
-   VCL_call       RECV
-   VCL_call       RECV
-   VCL_call       HASH
-   Hit            11393130 3153599995.036357 10.000000 0.000000 9664718 25656055
-   VCL_call       HIT
-   VCL_call       DELIVER
-   Timestamp      Process: 1777019285.531012 0.000039 0.000039
-   Timestamp      Resp: 1777019296.295248 10.764275 10.764236

*   << Request  >> 12089346  
-   Timestamp      Start: 1777019285.538888 0.000000 0.000000
-   Timestamp      Req: 1777019285.538888 0.000000 0.000000
-   ReqURL         /v2/library/python/blobs/sha256:ed881fbf1b07b42dd470cd5b56a8feb684d60879c6f8028a9e7a8715e0e72361
-   VCL_call       RECV
-   VCL_call       RECV
-   VCL_call       HASH
-   Hit            11556969 3153599995.026598 10.000000 0.000000 9121718 25614562
-   VCL_call       HIT
-   VCL_call       DELIVER
-   Timestamp      Process: 1777019285.538929 0.000041 0.000041
-   Timestamp      Resp: 1777019296.306067 10.767179 10.767138

*   << Request  >> 11882533  
-   Timestamp      Start: 1777019280.537383 0.000000 0.000000
-   Timestamp      Req: 1777019280.537383 0.000000 0.000000
-   ReqURL         /v2/library/python/blobs/sha256:ed881fbf1b07b42dd470cd5b56a8feb684d60879c6f8028a9e7a8715e0e72361
-   VCL_call       RECV
-   VCL_call       RECV
-   VCL_call       HASH
-   Hit            11556969 3153600000.028103 10.000000 0.000000 0 25614562
-   Timestamp      Waitinglist: 1777019280.566484 0.029101 0.029101
-   VCL_call       HIT
-   VCL_call       DELIVER
-   Timestamp      Process: 1777019280.566494 0.029110 0.000009
-   Timestamp      Resp: 1777019296.345644 15.808261 15.779151

*   << Request  >> 12181506  
-   Timestamp      Start: 1777019285.526522 0.000000 0.000000
-   Timestamp      Req: 1777019285.526522 0.000000 0.000000
-   ReqURL         /v2/library/python/blobs/sha256:ed881fbf1b07b42dd470cd5b56a8feb684d60879c6f8028a9e7a8715e0e72361
-   VCL_call       RECV
-   VCL_call       RECV
-   VCL_call       HASH
-   Hit            11556969 3153599995.038964 10.000000 0.000000 9121718 25614562
-   VCL_call       HIT
-   VCL_call       DELIVER
-   Timestamp      Process: 1777019285.526574 0.000052 0.000052
-   Timestamp      Resp: 1777019296.445836 10.919313 10.919261

*   << Request  >> 11794492  
-   Timestamp      Start: 1777019280.527629 0.000000 0.000000
-   Timestamp      Req: 1777019280.527629 0.000000 0.000000
-   ReqURL         /v2/library/python/blobs/sha256:866771c43bf5eb77362eeeb163c0c825e194c2806d0b697028434e3b9c02f59d
-   VCL_call       RECV
-   VCL_call       RECV
-   VCL_call       HASH
-   Hit            11831350 3153600000.017941 10.000000 0.000000 0 49293124
-   Timestamp      Waitinglist: 1777019280.545789 0.018160 0.018160
-   VCL_call       HIT
-   VCL_call       DELIVER
-   Timestamp      Process: 1777019280.545799 0.018170 0.000010
-   Timestamp      Resp: 1777019296.608408 16.080780 16.062610

*   << Request  >> 12011560  
-   Timestamp      Start: 1777019280.536934 0.000000 0.000000
-   Timestamp      Req: 1777019280.536934 0.000000 0.000000
-   ReqURL         /v2/library/python/blobs/sha256:866771c43bf5eb77362eeeb163c0c825e194c2806d0b697028434e3b9c02f59d
-   VCL_call       RECV
-   VCL_call       RECV
-   VCL_call       HASH
-   Hit            11831350 3153600000.008636 10.000000 0.000000 0 49293124
-   Timestamp      Waitinglist: 1777019280.546039 0.009104 0.009104
-   VCL_call       HIT
-   VCL_call       DELIVER
-   Timestamp      Process: 1777019280.546049 0.009115 0.000010
-   Timestamp      Resp: 1777019296.608428 16.071494 16.062379

*   << Request  >> 10293493  
-   Timestamp      Start: 1777019280.527865 0.000000 0.000000
-   Timestamp      Req: 1777019280.527865 0.000000 0.000000
-   ReqURL         /v2/library/python/blobs/sha256:866771c43bf5eb77362eeeb163c0c825e194c2806d0b697028434e3b9c02f59d
-   VCL_call       RECV
-   VCL_call       RECV
-   VCL_call       HASH
-   Hit            11831350 3153600000.017706 10.000000 0.000000 60134 49293124
-   Timestamp      Waitinglist: 1777019280.546842 0.018977 0.018977
-   VCL_call       HIT
-   VCL_call       DELIVER
-   Timestamp      Process: 1777019280.546852 0.018988 0.000010
-   Timestamp      Resp: 1777019296.608449 16.080585 16.061597

*   << Request  >> 11667520  
-   Timestamp      Start: 1777019280.528904 0.000000 0.000000
-   Timestamp      Req: 1777019280.528904 0.000000 0.000000
-   ReqURL         /v2/library/python/blobs/sha256:866771c43bf5eb77362eeeb163c0c825e194c2806d0b697028434e3b9c02f59d
-   VCL_call       RECV
-   VCL_call       RECV
-   VCL_call       HASH
-   Hit            11831350 3153600000.016666 10.000000 0.000000 0 49293124
-   Timestamp      Waitinglist: 1777019280.545935 0.017031 0.017031
-   VCL_call       HIT
-   VCL_call       DELIVER
-   Timestamp      Process: 1777019280.545940 0.017036 0.000005
-   Timestamp      Resp: 1777019296.608470 16.079566 16.062530

*   << Request  >> 11976763  
-   Timestamp      Start: 1777019280.527913 0.000000 0.000000
-   Timestamp      Req: 1777019280.527913 0.000000 0.000000
-   ReqURL         /v2/library/python/blobs/sha256:866771c43bf5eb77362eeeb163c0c825e194c2806d0b697028434e3b9c02f59d
-   VCL_call       RECV
-   VCL_call       RECV
-   VCL_call       HASH
-   Hit            11831350 3153600000.017657 10.000000 0.000000 60134 49293124
-   Timestamp      Waitinglist: 1777019280.546777 0.018863 0.018863
-   VCL_call       HIT
-   VCL_call       DELIVER
-   Timestamp      Process: 1777019280.546790 0.018877 0.000013
-   Timestamp      Resp: 1777019296.608494 16.080581 16.061704

*   << Request  >> 12019755  
-   Timestamp      Start: 1777019280.535385 0.000000 0.000000
-   Timestamp      Req: 1777019280.535385 0.000000 0.000000
-   ReqURL         /v2/library/python/blobs/sha256:866771c43bf5eb77362eeeb163c0c825e194c2806d0b697028434e3b9c02f59d
-   VCL_call       RECV
-   VCL_call       RECV
-   VCL_call       HASH
-   Hit            11831350 3153600000.010185 10.000000 0.000000 0 49293124
-   Timestamp      Waitinglist: 1777019280.545974 0.010589 0.010589
-   VCL_call       HIT
-   VCL_call       DELIVER
-   Timestamp      Process: 1777019280.545978 0.010593 0.000004
-   Timestamp      Resp: 1777019296.608498 16.073113 16.062521

*   << Request  >> 11876411  
-   Timestamp      Start: 1777019280.530002 0.000000 0.000000
-   Timestamp      Req: 1777019280.530002 0.000000 0.000000
-   ReqURL         /v2/library/python/blobs/sha256:866771c43bf5eb77362eeeb163c0c825e194c2806d0b697028434e3b9c02f59d
-   VCL_call       RECV
-   VCL_call       RECV
-   VCL_call       HASH
-   Hit            11831350 3153600000.015568 10.000000 0.000000 0 49293124
-   Timestamp      Waitinglist: 1777019280.545886 0.015884 0.015884
-   VCL_call       HIT
-   VCL_call       DELIVER
-   Timestamp      Process: 1777019280.545899 0.015897 0.000013
-   Timestamp      Resp: 1777019296.608522 16.078519 16.062623

*   << Request  >> 11714601  
-   Timestamp      Start: 1777019280.533112 0.000000 0.000000
-   Timestamp      Req: 1777019280.533112 0.000000 0.000000
-   ReqURL         /v2/library/python/blobs/sha256:866771c43bf5eb77362eeeb163c0c825e194c2806d0b697028434e3b9c02f59d
-   VCL_call       RECV
-   VCL_call       RECV
-   VCL_call       HASH
-   Hit            11831350 3153600000.012458 10.000000 0.000000 0 49293124
-   Timestamp      Waitinglist: 1777019280.545978 0.012866 0.012866
-   VCL_call       HIT
-   VCL_call       DELIVER
-   Timestamp      Process: 1777019280.545984 0.012872 0.000005
-   Timestamp      Resp: 1777019296.608531 16.075419 16.062548

*   << Request  >> 12070946  
-   Timestamp      Start: 1777019280.533928 0.000000 0.000000
-   Timestamp      Req: 1777019280.533928 0.000000 0.000000
-   ReqURL         /v2/library/python/blobs/sha256:866771c43bf5eb77362eeeb163c0c825e194c2806d0b697028434e3b9c02f59d
-   VCL_call       RECV
-   VCL_call       RECV
-   VCL_call       HASH
-   Hit            11831350 3153600000.011642 10.000000 0.000000 0 49293124
-   Timestamp      Waitinglist: 1777019280.546076 0.012148 0.012148
-   VCL_call       HIT
-   VCL_call       DELIVER
-   Timestamp      Process: 1777019280.546087 0.012159 0.000011
-   Timestamp      Resp: 1777019296.608561 16.074633 16.062474

*   << Request  >> 10586289  
-   Timestamp      Start: 1777019280.530437 0.000000 0.000000
-   Timestamp      Req: 1777019280.530437 0.000000 0.000000
-   ReqURL         /v2/library/python/blobs/sha256:866771c43bf5eb77362eeeb163c0c825e194c2806d0b697028434e3b9c02f59d
-   VCL_call       RECV
-   VCL_call       RECV
-   VCL_call       HASH
-   Hit            11831350 3153600000.015133 10.000000 0.000000 0 49293124
-   Timestamp      Waitinglist: 1777019280.545876 0.015438 0.015438
-   VCL_call       HIT
-   VCL_call       DELIVER
-   Timestamp      Process: 1777019280.545883 0.015446 0.000007
-   Timestamp      Resp: 1777019296.608569 16.078132 16.062686

*   << Request  >> 12009527  
-   Timestamp      Start: 1777019280.528044 0.000000 0.000000
-   Timestamp      Req: 1777019280.528044 0.000000 0.000000
-   ReqURL         /v2/library/python/blobs/sha256:866771c43bf5eb77362eeeb163c0c825e194c2806d0b697028434e3b9c02f59d
-   VCL_call       RECV
-   VCL_call       RECV
-   VCL_call       HASH
-   Hit            11831350 3153600000.017526 10.000000 0.000000 0 49293124
-   Timestamp      Waitinglist: 1777019280.545865 0.017820 0.017820
-   VCL_call       HIT
-   VCL_call       DELIVER
-   Timestamp      Process: 1777019280.545882 0.017837 0.000017
-   Timestamp      Resp: 1777019296.608588 16.080543 16.062706

*   << Request  >> 11835445  
-   Timestamp      Start: 1777019280.529332 0.000000 0.000000
-   Timestamp      Req: 1777019280.529332 0.000000 0.000000
-   ReqURL         /v2/library/python/blobs/sha256:866771c43bf5eb77362eeeb163c0c825e194c2806d0b697028434e3b9c02f59d
-   VCL_call       RECV
-   VCL_call       RECV
-   VCL_call       HASH
-   Hit            11831350 3153600000.016238 10.000000 0.000000 42758 49293124
-   Timestamp      Waitinglist: 1777019280.546179 0.016847 0.016847
-   VCL_call       HIT
-   VCL_call       DELIVER
-   Timestamp      Process: 1777019280.546204 0.016871 0.000025
-   Timestamp      Resp: 1777019296.608599 16.079267 16.062395

*   << Request  >> 11716655  
-   Timestamp      Start: 1777019280.531864 0.000000 0.000000
-   Timestamp      Req: 1777019280.531864 0.000000 0.000000
-   ReqURL         /v2/library/python/blobs/sha256:866771c43bf5eb77362eeeb163c0c825e194c2806d0b697028434e3b9c02f59d
-   VCL_call       RECV
-   VCL_call       RECV
-   VCL_call       HASH
-   Hit            11831350 3153600000.013707 10.000000 0.000000 60134 49293124
-   Timestamp      Waitinglist: 1777019280.546668 0.014804 0.014804
-   VCL_call       HIT
-   VCL_call       DELIVER
-   Timestamp      Process: 1777019280.546683 0.014819 0.000015
-   Timestamp      Resp: 1777019296.608722 16.076859 16.062039

*   << Request  >> 12034088  
-   Timestamp      Start: 1777019280.536152 0.000000 0.000000
-   Timestamp      Req: 1777019280.536152 0.000000 0.000000
-   ReqURL         /v2/library/python/blobs/sha256:866771c43bf5eb77362eeeb163c0c825e194c2806d0b697028434e3b9c02f59d
-   VCL_call       RECV
-   VCL_call       RECV
-   VCL_call       HASH
-   Hit            11831350 3153600000.009418 10.000000 0.000000 0 49293124
-   Timestamp      Waitinglist: 1777019280.545957 0.009805 0.009805
-   VCL_call       HIT
-   VCL_call       DELIVER
-   Timestamp      Process: 1777019280.545962 0.009811 0.000005
-   Timestamp      Resp: 1777019296.608799 16.072647 16.062836

*   << Request  >> 11202672  
-   Timestamp      Start: 1777019280.532537 0.000000 0.000000
-   Timestamp      Req: 1777019280.532537 0.000000 0.000000
-   ReqURL         /v2/library/python/blobs/sha256:866771c43bf5eb77362eeeb163c0c825e194c2806d0b697028434e3b9c02f59d
-   VCL_call       RECV
-   VCL_call       RECV
-   VCL_call       HASH
-   Hit            11831350 3153600000.013034 10.000000 0.000000 0 49293124
-   Timestamp      Waitinglist: 1777019280.545964 0.013428 0.013428
-   VCL_call       HIT
-   VCL_call       DELIVER
-   Timestamp      Process: 1777019280.545976 0.013439 0.000011
-   Timestamp      Resp: 1777019296.608826 16.076290 16.062850

*   << Request  >> 11831349  
-   Timestamp      Start: 1777019280.524756 0.000000 0.000000
-   Timestamp      Req: 1777019280.524756 0.000000 0.000000
-   ReqURL         /v2/library/python/blobs/sha256:866771c43bf5eb77362eeeb163c0c825e194c2806d0b697028434e3b9c02f59d
-   VCL_call       RECV
-   VCL_call       RECV
-   VCL_call       HASH
-   VCL_call       MISS
-   Link           bereq 11831350 fetch
-   Timestamp      Fetch: 1777019280.545738 0.020981 0.020981
-   VCL_call       DELIVER
-   Timestamp      Process: 1777019280.545753 0.020997 0.000016
-   Timestamp      Resp: 1777019296.608749 16.083992 16.062995
**  << BeReq    >> 11831350  
--  Timestamp      Start: 1777019280.525478 0.000000 0.000000
--  VCL_call       BACKEND_FETCH
--  Timestamp      Fetch: 1777019280.525678 0.000200 0.000200
--  Timestamp      Connected: 1777019280.530791 0.005312 0.005113
--  Timestamp      Bereq: 1777019280.530910 0.005431 0.000119
--  Timestamp      Beresp: 1777019280.545570 0.020092 0.014661
--  VCL_call       BACKEND_RESPONSE
--  VCL_call       VHA_INTERNAL
--  Timestamp      Process: 1777019280.545613 0.020134 0.000042
--  Timestamp      BerespBody: 1777019296.608511 16.083033 16.062899

*   << Request  >> 11888697  
-   Timestamp      Start: 1777019280.529664 0.000000 0.000000
-   Timestamp      Req: 1777019280.529664 0.000000 0.000000
-   ReqURL         /v2/library/python/blobs/sha256:ed881fbf1b07b42dd470cd5b56a8feb684d60879c6f8028a9e7a8715e0e72361
-   VCL_call       RECV
-   VCL_call       RECV
-   VCL_call       HASH
-   Hit            11556969 3153600000.035822 10.000000 0.000000 0 25614562
-   Timestamp      Waitinglist: 1777019280.566195 0.036531 0.036531
-   VCL_call       HIT
-   VCL_call       DELIVER
-   Timestamp      Process: 1777019280.566198 0.036534 0.000003
-   Timestamp      Resp: 1777019296.622820 16.093156 16.056622

*   << Request  >> 11692075  
-   Timestamp      Start: 1777019285.528461 0.000000 0.000000
-   Timestamp      Req: 1777019285.528461 0.000000 0.000000
-   ReqURL         /v2/library/python/blobs/sha256:15991188a884d2f9355785d54a0fcd42fad2ac642f7b2d91f0dcba38d7082556
-   VCL_call       RECV
-   VCL_call       RECV
-   VCL_call       HASH
-   Hit            11393130 3153599995.038869 10.000000 0.000000 9664718 25656055
-   VCL_call       HIT
-   VCL_call       DELIVER
-   Timestamp      Process: 1777019285.528487 0.000026 0.000026
-   Timestamp      Resp: 1777019296.667846 11.139385 11.139359

*   << Request  >> 12050474  
-   Timestamp      Start: 1777019280.535369 0.000000 0.000000
-   Timestamp      Req: 1777019280.535369 0.000000 0.000000
-   ReqURL         /v2/library/python/blobs/sha256:866771c43bf5eb77362eeeb163c0c825e194c2806d0b697028434e3b9c02f59d
-   VCL_call       RECV
-   VCL_call       RECV
-   VCL_call       HASH
-   Hit            11831350 3153600000.010201 10.000000 0.000000 0 49293124
-   Timestamp      Waitinglist: 1777019280.546071 0.010703 0.010703
-   VCL_call       HIT
-   VCL_call       DELIVER
-   Timestamp      Process: 1777019280.546077 0.010708 0.000006
-   Timestamp      Resp: 1777019296.698468 16.163099 16.152391

*   << Request  >> 12134402  
-   Timestamp      Start: 1777019285.531079 0.000000 0.000000
-   Timestamp      Req: 1777019285.531079 0.000000 0.000000
-   ReqURL         /v2/library/python/blobs/sha256:ed881fbf1b07b42dd470cd5b56a8feb684d60879c6f8028a9e7a8715e0e72361
-   VCL_call       RECV
-   VCL_call       RECV
-   VCL_call       HASH
-   Hit            11556969 3153599995.034408 10.000000 0.000000 9121718 25614562
-   VCL_call       HIT
-   VCL_call       DELIVER
-   Timestamp      Process: 1777019285.536036 0.004958 0.004958
-   Timestamp      Resp: 1777019296.738957 11.207879 11.202921

*   << Request  >> 12091394  
-   Timestamp      Start: 1777019285.538824 0.000000 0.000000
-   Timestamp      Req: 1777019285.538824 0.000000 0.000000
-   ReqURL         /v2/library/python/blobs/sha256:866771c43bf5eb77362eeeb163c0c825e194c2806d0b697028434e3b9c02f59d
-   VCL_call       RECV
-   VCL_call       RECV
-   VCL_call       HASH
-   Hit            11831350 3153599995.006746 10.000000 0.000000 16481902 49293124
-   VCL_call       HIT
-   VCL_call       DELIVER
-   Timestamp      Process: 1777019285.538871 0.000046 0.000046
-   Timestamp      Resp: 1777019296.885260 11.346436 11.346390

*   << Request  >> 9949433   
-   Timestamp      Start: 1777019280.530690 0.000000 0.000000
-   Timestamp      Req: 1777019280.530690 0.000000 0.000000
-   ReqURL         /v2/library/python/blobs/sha256:866771c43bf5eb77362eeeb163c0c825e194c2806d0b697028434e3b9c02f59d
-   VCL_call       RECV
-   VCL_call       RECV
-   VCL_call       HASH
-   Hit            11831350 3153600000.014880 10.000000 0.000000 0 49293124
-   Timestamp      Waitinglist: 1777019280.545919 0.015229 0.015229
-   VCL_call       HIT
-   VCL_call       DELIVER
-   Timestamp      Process: 1777019280.545923 0.015233 0.000004
-   Timestamp      Resp: 1777019296.918383 16.387693 16.372460

*   << Request  >> 11411566  
-   Timestamp      Start: 1777019280.531451 0.000000 0.000000
-   Timestamp      Req: 1777019280.531451 0.000000 0.000000
-   ReqURL         /v2/library/python/blobs/sha256:15991188a884d2f9355785d54a0fcd42fad2ac642f7b2d91f0dcba38d7082556
-   VCL_call       RECV
-   VCL_call       RECV
-   VCL_call       HASH
-   Hit            11393130 3153600000.035879 10.000000 0.000000 0 25656055
-   Timestamp      Waitinglist: 1777019280.567681 0.036229 0.036229
-   VCL_call       HIT
-   VCL_call       DELIVER
-   Timestamp      Process: 1777019280.567690 0.036239 0.000010
-   Timestamp      Resp: 1777019297.004083 16.472632 16.436393

*   << Request  >> 12173314  
-   Timestamp      Start: 1777019285.526295 0.000000 0.000000
-   Timestamp      Req: 1777019285.526295 0.000000 0.000000
-   ReqURL         /v2/library/python/blobs/sha256:866771c43bf5eb77362eeeb163c0c825e194c2806d0b697028434e3b9c02f59d
-   VCL_call       RECV
-   VCL_call       RECV
-   VCL_call       HASH
-   Hit            11831350 3153599995.019276 10.000000 0.000000 16481902 49293124
-   VCL_call       HIT
-   VCL_call       DELIVER
-   Timestamp      Process: 1777019285.526376 0.000081 0.000081
-   Timestamp      Resp: 1777019297.098576 11.572281 11.572201

*   << Request  >> 12218370  
-   Timestamp      Start: 1777019285.527833 0.000000 0.000000
-   Timestamp      Req: 1777019285.527833 0.000000 0.000000
-   ReqURL         /v2/library/python/blobs/sha256:866771c43bf5eb77362eeeb163c0c825e194c2806d0b697028434e3b9c02f59d
-   VCL_call       RECV
-   VCL_call       RECV
-   VCL_call       HASH
-   Hit            11831350 3153599995.017737 10.000000 0.000000 16481902 49293124
-   VCL_call       HIT
-   VCL_call       DELIVER
-   Timestamp      Process: 1777019285.527907 0.000074 0.000074
-   Timestamp      Resp: 1777019297.349356 11.821523 11.821449

*   << Request  >> 12312578  
-   Timestamp      Start: 1777019285.538533 0.000000 0.000000
-   Timestamp      Req: 1777019285.538533 0.000000 0.000000
-   ReqURL         /v2/library/python/blobs/sha256:ed881fbf1b07b42dd470cd5b56a8feb684d60879c6f8028a9e7a8715e0e72361
-   VCL_call       RECV
-   VCL_call       RECV
-   VCL_call       HASH
-   Hit            11556969 3153599995.026953 10.000000 0.000000 9121718 25614562
-   VCL_call       HIT
-   VCL_call       DELIVER
-   Timestamp      Process: 1777019285.538584 0.000051 0.000051
-   Timestamp      Resp: 1777019297.356755 11.818222 11.818171

*   << Request  >> 12044327  
-   Timestamp      Start: 1777019285.536861 0.000000 0.000000
-   Timestamp      Req: 1777019285.536861 0.000000 0.000000
-   ReqURL         /v2/library/python/blobs/sha256:866771c43bf5eb77362eeeb163c0c825e194c2806d0b697028434e3b9c02f59d
-   VCL_call       RECV
-   VCL_call       RECV
-   VCL_call       HASH
-   Hit            11831350 3153599995.008709 10.000000 0.000000 16481902 49293124
-   VCL_call       HIT
-   VCL_call       DELIVER
-   Timestamp      Process: 1777019285.536910 0.000049 0.000049
-   Timestamp      Resp: 1777019297.377104 11.840243 11.840194

*   << Request  >> 12347394  
-   Timestamp      Start: 1777019285.535348 0.000000 0.000000
-   Timestamp      Req: 1777019285.535348 0.000000 0.000000
-   ReqURL         /v2/library/python/blobs/sha256:ed881fbf1b07b42dd470cd5b56a8feb684d60879c6f8028a9e7a8715e0e72361
-   VCL_call       RECV
-   VCL_call       RECV
-   VCL_call       HASH
-   Hit            11556969 3153599995.030138 10.000000 0.000000 9121718 25614562
-   VCL_call       HIT
-   VCL_call       DELIVER
-   Timestamp      Process: 1777019285.535405 0.000057 0.000057
-   Timestamp      Resp: 1777019297.387210 11.851862 11.851805

*   << Request  >> 12204034  
-   Timestamp      Start: 1777019285.528940 0.000000 0.000000
-   Timestamp      Req: 1777019285.528940 0.000000 0.000000
-   ReqURL         /v2/library/python/blobs/sha256:866771c43bf5eb77362eeeb163c0c825e194c2806d0b697028434e3b9c02f59d
-   VCL_call       RECV
-   VCL_call       RECV
-   VCL_call       HASH
-   Hit            11831350 3153599995.016630 10.000000 0.000000 16481902 49293124
-   VCL_call       HIT
-   VCL_call       DELIVER
-   Timestamp      Process: 1777019285.529015 0.000075 0.000075
-   Timestamp      Resp: 1777019297.704475 12.175535 12.175460

*   << Request  >> 12281858  
-   Timestamp      Start: 1777019285.534437 0.000000 0.000000
-   Timestamp      Req: 1777019285.534437 0.000000 0.000000
-   ReqURL         /v2/library/python/blobs/sha256:866771c43bf5eb77362eeeb163c0c825e194c2806d0b697028434e3b9c02f59d
-   VCL_call       RECV
-   VCL_call       RECV
-   VCL_call       HASH
-   Hit            11831350 3153599995.011133 10.000000 0.000000 16481902 49293124
-   VCL_call       HIT
-   VCL_call       DELIVER
-   Timestamp      Process: 1777019285.534521 0.000084 0.000084
-   Timestamp      Resp: 1777019297.713418 12.178981 12.178897

*   << Request  >> 12097538  
-   Timestamp      Start: 1777019285.534634 0.000000 0.000000
-   Timestamp      Req: 1777019285.534634 0.000000 0.000000
-   ReqURL         /v2/library/python/blobs/sha256:866771c43bf5eb77362eeeb163c0c825e194c2806d0b697028434e3b9c02f59d
-   VCL_call       RECV
-   VCL_call       RECV
-   VCL_call       HASH
-   Hit            11831350 3153599995.010937 10.000000 0.000000 16481902 49293124
-   VCL_call       HIT
-   VCL_call       DELIVER
-   Timestamp      Process: 1777019285.534667 0.000033 0.000033
-   Timestamp      Resp: 1777019297.737471 12.202838 12.202805

*   << Request  >> 11962426  
-   Timestamp      Start: 1777019285.533330 0.000000 0.000000
-   Timestamp      Req: 1777019285.533330 0.000000 0.000000
-   ReqURL         /v2/library/python/blobs/sha256:866771c43bf5eb77362eeeb163c0c825e194c2806d0b697028434e3b9c02f59d
-   VCL_call       RECV
-   VCL_call       RECV
-   VCL_call       HASH
-   Hit            11831350 3153599995.012240 10.000000 0.000000 16481902 49293124
-   VCL_call       HIT
-   VCL_call       DELIVER
-   Timestamp      Process: 1777019285.533827 0.000497 0.000497
-   Timestamp      Resp: 1777019297.748095 12.214765 12.214268

*   << Request  >> 12099586  
-   Timestamp      Start: 1777019285.535734 0.000000 0.000000
-   Timestamp      Req: 1777019285.535734 0.000000 0.000000
-   ReqURL         /v2/library/python/blobs/sha256:866771c43bf5eb77362eeeb163c0c825e194c2806d0b697028434e3b9c02f59d
-   VCL_call       RECV
-   VCL_call       RECV
-   VCL_call       HASH
-   Hit            11831350 3153599995.009836 10.000000 0.000000 16481902 49293124
-   VCL_call       HIT
-   VCL_call       DELIVER
-   Timestamp      Process: 1777019285.535761 0.000027 0.000027
-   Timestamp      Resp: 1777019297.773070 12.237336 12.237309

*   << Request  >> 12296194  
-   Timestamp      Start: 1777019285.534854 0.000000 0.000000
-   Timestamp      Req: 1777019285.534854 0.000000 0.000000
-   ReqURL         /v2/library/python/blobs/sha256:866771c43bf5eb77362eeeb163c0c825e194c2806d0b697028434e3b9c02f59d
-   VCL_call       RECV
-   VCL_call       RECV
-   VCL_call       HASH
-   Hit            11831350 3153599995.010716 10.000000 0.000000 16481902 49293124
-   VCL_call       HIT
-   VCL_call       DELIVER
-   Timestamp      Process: 1777019285.534927 0.000073 0.000073
-   Timestamp      Resp: 1777019297.810833 12.275979 12.275906

*   << Request  >> 12267522  
-   Timestamp      Start: 1777019285.533692 0.000000 0.000000
-   Timestamp      Req: 1777019285.533692 0.000000 0.000000
-   ReqURL         /v2/library/python/blobs/sha256:ed881fbf1b07b42dd470cd5b56a8feb684d60879c6f8028a9e7a8715e0e72361
-   VCL_call       RECV
-   VCL_call       RECV
-   VCL_call       HASH
-   Hit            11556969 3153599995.031794 10.000000 0.000000 9121718 25614562
-   VCL_call       HIT
-   VCL_call       DELIVER
-   Timestamp      Process: 1777019285.533785 0.000093 0.000093
-   Timestamp      Resp: 1777019297.893655 12.359963 12.359870

*   << Request  >> 12249090  
-   Timestamp      Start: 1777019285.533131 0.000000 0.000000
-   Timestamp      Req: 1777019285.533131 0.000000 0.000000
-   ReqURL         /v2/library/python/blobs/sha256:866771c43bf5eb77362eeeb163c0c825e194c2806d0b697028434e3b9c02f59d
-   VCL_call       RECV
-   VCL_call       RECV
-   VCL_call       HASH
-   Hit            11831350 3153599995.012440 10.000000 0.000000 16481902 49293124
-   VCL_call       HIT
-   VCL_call       DELIVER
-   Timestamp      Process: 1777019285.537096 0.003965 0.003965
-   Timestamp      Resp: 1777019297.901431 12.368300 12.364335

*   << Request  >> 11151473  
-   Timestamp      Start: 1777019285.534682 0.000000 0.000000
-   Timestamp      Req: 1777019285.534682 0.000000 0.000000
-   ReqURL         /v2/library/python/blobs/sha256:866771c43bf5eb77362eeeb163c0c825e194c2806d0b697028434e3b9c02f59d
-   VCL_call       RECV
-   VCL_call       RECV
-   VCL_call       HASH
-   Hit            11831350 3153599995.010889 10.000000 0.000000 16481902 49293124
-   VCL_call       HIT
-   VCL_call       DELIVER
-   Timestamp      Process: 1777019285.534714 0.000032 0.000032
-   Timestamp      Resp: 1777019297.929140 12.394458 12.394426

*   << Request  >> 11278438  
-   Timestamp      Start: 1777019285.534802 0.000000 0.000000
-   Timestamp      Req: 1777019285.534802 0.000000 0.000000
-   ReqURL         /v2/library/python/blobs/sha256:866771c43bf5eb77362eeeb163c0c825e194c2806d0b697028434e3b9c02f59d
-   VCL_call       RECV
-   VCL_call       RECV
-   VCL_call       HASH
-   Hit            11831350 3153599995.010768 10.000000 0.000000 16481902 49293124
-   VCL_call       HIT
-   VCL_call       DELIVER
-   Timestamp      Process: 1777019285.534849 0.000047 0.000047
-   Timestamp      Resp: 1777019297.931775 12.396972 12.396926

*   << Request  >> 12232706  
-   Timestamp      Start: 1777019285.525979 0.000000 0.000000
-   Timestamp      Req: 1777019285.525979 0.000000 0.000000
-   ReqURL         /v2/library/python/blobs/sha256:866771c43bf5eb77362eeeb163c0c825e194c2806d0b697028434e3b9c02f59d
-   VCL_call       RECV
-   VCL_call       RECV
-   VCL_call       HASH
-   Hit            11831350 3153599995.019591 10.000000 0.000000 16481902 49293124
-   VCL_call       HIT
-   VCL_call       DELIVER
-   Timestamp      Process: 1777019285.526051 0.000072 0.000072
-   Timestamp      Resp: 1777019297.951454 12.425475 12.425403

*   << Request  >> 12165122  
-   Timestamp      Start: 1777019285.527801 0.000000 0.000000
-   Timestamp      Req: 1777019285.527801 0.000000 0.000000
-   ReqURL         /v2/library/python/blobs/sha256:866771c43bf5eb77362eeeb163c0c825e194c2806d0b697028434e3b9c02f59d
-   VCL_call       RECV
-   VCL_call       RECV
-   VCL_call       HASH
-   Hit            11831350 3153599995.017769 10.000000 0.000000 16481902 49293124
-   VCL_call       HIT
-   VCL_call       DELIVER
-   Timestamp      Process: 1777019285.527861 0.000059 0.000059
-   Timestamp      Resp: 1777019297.977301 12.449500 12.449441

*   << Request  >> 11995189  
-   Timestamp      Start: 1777019280.531344 0.000000 0.000000
-   Timestamp      Req: 1777019280.531344 0.000000 0.000000
-   ReqURL         /v2/library/python/blobs/sha256:866771c43bf5eb77362eeeb163c0c825e194c2806d0b697028434e3b9c02f59d
-   VCL_call       RECV
-   VCL_call       RECV
-   VCL_call       HASH
-   Hit            11831350 3153600000.014226 10.000000 0.000000 0 49293124
-   Timestamp      Waitinglist: 1777019280.546039 0.014695 0.014695
-   VCL_call       HIT
-   VCL_call       DELIVER
-   Timestamp      Process: 1777019280.546049 0.014705 0.000010
-   Timestamp      Resp: 1777019298.016452 17.485108 17.470403

*   << Request  >> 11405423  
-   Timestamp      Start: 1777019285.536540 0.000000 0.000000
-   Timestamp      Req: 1777019285.536540 0.000000 0.000000
-   ReqURL         /v2/library/python/blobs/sha256:866771c43bf5eb77362eeeb163c0c825e194c2806d0b697028434e3b9c02f59d
-   VCL_call       RECV
-   VCL_call       RECV
-   VCL_call       HASH
-   Hit            11831350 3153599995.009031 10.000000 0.000000 16481902 49293124
-   VCL_call       HIT
-   VCL_call       DELIVER
-   Timestamp      Process: 1777019285.536586 0.000046 0.000046
-   Timestamp      Resp: 1777019298.049477 12.512937 12.512891

*   << Request  >> 11905070  
-   Timestamp      Start: 1777019280.535646 0.000000 0.000000
-   Timestamp      Req: 1777019280.535646 0.000000 0.000000
-   ReqURL         /v2/library/python/blobs/sha256:866771c43bf5eb77362eeeb163c0c825e194c2806d0b697028434e3b9c02f59d
-   VCL_call       RECV
-   VCL_call       RECV
-   VCL_call       HASH
-   Hit            11831350 3153600000.009924 10.000000 0.000000 0 49293124
-   Timestamp      Waitinglist: 1777019280.545959 0.010312 0.010312
-   VCL_call       HIT
-   VCL_call       DELIVER
-   Timestamp      Process: 1777019280.545962 0.010316 0.000003
-   Timestamp      Resp: 1777019298.301821 17.766174 17.755859

*   << Request  >> 12152834  
-   Timestamp      Start: 1777019285.529194 0.000000 0.000000
-   Timestamp      Req: 1777019285.529194 0.000000 0.000000
-   ReqURL         /v2/library/python/blobs/sha256:866771c43bf5eb77362eeeb163c0c825e194c2806d0b697028434e3b9c02f59d
-   VCL_call       RECV
-   VCL_call       RECV
-   VCL_call       HASH
-   Hit            11831350 3153599995.016376 10.000000 0.000000 16481902 49293124
-   VCL_call       HIT
-   VCL_call       DELIVER
-   Timestamp      Process: 1777019285.529322 0.000128 0.000128
-   Timestamp      Resp: 1777019298.312771 12.783576 12.783449

*   << Request  >> 11374699  
-   Timestamp      Start: 1777019280.525872 0.000000 0.000000
-   Timestamp      Req: 1777019280.525872 0.000000 0.000000
-   ReqURL         /v2/library/python/blobs/sha256:866771c43bf5eb77362eeeb163c0c825e194c2806d0b697028434e3b9c02f59d
-   VCL_call       RECV
-   VCL_call       RECV
-   VCL_call       HASH
-   Hit            11831350 3153600000.019699 10.000000 0.000000 0 49293124
-   Timestamp      Waitinglist: 1777019280.545769 0.019897 0.019897
-   VCL_call       HIT
-   VCL_call       DELIVER
-   Timestamp      Process: 1777019280.545793 0.019922 0.000024
-   Timestamp      Resp: 1777019298.466107 17.940235 17.920314

*   << Request  >> 12085250  
-   Timestamp      Start: 1777019285.549502 0.000000 0.000000
-   Timestamp      Req: 1777019285.549502 0.000000 0.000000
-   ReqURL         /v2/library/python/blobs/sha256:866771c43bf5eb77362eeeb163c0c825e194c2806d0b697028434e3b9c02f59d
-   VCL_call       RECV
-   VCL_call       RECV
-   VCL_call       HASH
-   Hit            11831350 3153599994.996068 10.000000 0.000000 16481902 49293124
-   VCL_call       HIT
-   VCL_call       DELIVER
-   Timestamp      Process: 1777019285.549609 0.000108 0.000108
-   Timestamp      Resp: 1777019298.468254 12.918752 12.918645

*   << Request  >> 11987003  
-   Timestamp      Start: 1777019280.533175 0.000000 0.000000
-   Timestamp      Req: 1777019280.533175 0.000000 0.000000
-   ReqURL         /v2/library/python/blobs/sha256:866771c43bf5eb77362eeeb163c0c825e194c2806d0b697028434e3b9c02f59d
-   VCL_call       RECV
-   VCL_call       RECV
-   VCL_call       HASH
-   Hit            11831350 3153600000.012396 10.000000 0.000000 0 49293124
-   Timestamp      Waitinglist: 1777019280.546004 0.012830 0.012830
-   VCL_call       HIT
-   VCL_call       DELIVER
-   Timestamp      Process: 1777019280.546015 0.012840 0.000010
-   Timestamp      Resp: 1777019298.672786 18.139612 18.126772

*   << Request  >> 12083202  
-   Timestamp      Start: 1777019285.536472 0.000000 0.000000
-   Timestamp      Req: 1777019285.536472 0.000000 0.000000
-   ReqURL         /v2/library/python/blobs/sha256:866771c43bf5eb77362eeeb163c0c825e194c2806d0b697028434e3b9c02f59d
-   VCL_call       RECV
-   VCL_call       RECV
-   VCL_call       HASH
-   Hit            11831350 3153599995.009098 10.000000 0.000000 16481902 49293124
-   VCL_call       HIT
-   VCL_call       DELIVER
-   Timestamp      Process: 1777019285.536505 0.000033 0.000033
-   Timestamp      Resp: 1777019298.702572 13.166100 13.166067

*   << Request  >> 12326914  
-   Timestamp      Start: 1777019285.534907 0.000000 0.000000
-   Timestamp      Req: 1777019285.534907 0.000000 0.000000
-   ReqURL         /v2/library/python/blobs/sha256:866771c43bf5eb77362eeeb163c0c825e194c2806d0b697028434e3b9c02f59d
-   VCL_call       RECV
-   VCL_call       RECV
-   VCL_call       HASH
-   Hit            11831350 3153599995.010663 10.000000 0.000000 16481902 49293124
-   VCL_call       HIT
-   VCL_call       DELIVER
-   Timestamp      Process: 1777019285.534958 0.000051 0.000051
-   Timestamp      Resp: 1777019298.715260 13.180352 13.180302

*   << Request  >> 11489369  
-   Timestamp      Start: 1777019280.534682 0.000000 0.000000
-   Timestamp      Req: 1777019280.534682 0.000000 0.000000
-   ReqURL         /v2/library/python/blobs/sha256:866771c43bf5eb77362eeeb163c0c825e194c2806d0b697028434e3b9c02f59d
-   VCL_call       RECV
-   VCL_call       RECV
-   VCL_call       HASH
-   Hit            11831350 3153600000.010888 10.000000 0.000000 0 49293124
-   Timestamp      Waitinglist: 1777019280.546004 0.011322 0.011322
-   VCL_call       HIT
-   VCL_call       DELIVER
-   Timestamp      Process: 1777019280.546013 0.011331 0.000009
-   Timestamp      Resp: 1777019298.738552 18.203870 18.192539

*   << Request  >> 11972649  
-   Timestamp      Start: 1777019280.525289 0.000000 0.000000
-   Timestamp      Req: 1777019280.525289 0.000000 0.000000
-   ReqURL         /v2/library/python/blobs/sha256:866771c43bf5eb77362eeeb163c0c825e194c2806d0b697028434e3b9c02f59d
-   VCL_call       RECV
-   VCL_call       RECV
-   VCL_call       HASH
-   Hit            11831350 3153600000.020281 10.000000 0.000000 60134 49293124
-   Timestamp      Waitinglist: 1777019280.546877 0.021588 0.021588
-   VCL_call       HIT
-   VCL_call       DELIVER
-   Timestamp      Process: 1777019280.546887 0.021597 0.000010
-   Timestamp      Resp: 1777019298.900761 18.375472 18.353874

*   << Request  >> 11964462  
-   Timestamp      Start: 1777019280.533792 0.000000 0.000000
-   Timestamp      Req: 1777019280.533792 0.000000 0.000000
-   ReqURL         /v2/library/python/blobs/sha256:866771c43bf5eb77362eeeb163c0c825e194c2806d0b697028434e3b9c02f59d
-   VCL_call       RECV
-   VCL_call       RECV
-   VCL_call       HASH
-   Hit            11831350 3153600000.011778 10.000000 0.000000 0 49293124
-   Timestamp      Waitinglist: 1777019280.545943 0.012151 0.012151
-   VCL_call       HIT
-   VCL_call       DELIVER
-   Timestamp      Process: 1777019280.545947 0.012155 0.000004
-   Timestamp      Resp: 1777019298.948894 18.415102 18.402946

*   << Request  >> 12265474  
-   Timestamp      Start: 1777019285.533595 0.000000 0.000000
-   Timestamp      Req: 1777019285.533595 0.000000 0.000000
-   ReqURL         /v2/library/python/blobs/sha256:866771c43bf5eb77362eeeb163c0c825e194c2806d0b697028434e3b9c02f59d
-   VCL_call       RECV
-   VCL_call       RECV
-   VCL_call       HASH
-   Hit            11831350 3153599995.011975 10.000000 0.000000 16481902 49293124
-   VCL_call       HIT
-   VCL_call       DELIVER
-   Timestamp      Process: 1777019285.533675 0.000080 0.000080
-   Timestamp      Resp: 1777019299.172872 13.639277 13.639197

*   << Request  >> 11972652  
-   Timestamp      Start: 1777019285.534564 0.000000 0.000000
-   Timestamp      Req: 1777019285.534564 0.000000 0.000000
-   ReqURL         /v2/library/python/blobs/sha256:866771c43bf5eb77362eeeb163c0c825e194c2806d0b697028434e3b9c02f59d
-   VCL_call       RECV
-   VCL_call       RECV
-   VCL_call       HASH
-   Hit            11831350 3153599995.011006 10.000000 0.000000 16481902 49293124
-   VCL_call       HIT
-   VCL_call       DELIVER
-   Timestamp      Process: 1777019285.534610 0.000046 0.000046
-   Timestamp      Resp: 1777019299.184188 13.649624 13.649578

*   << Request  >> 12345346  
-   Timestamp      Start: 1777019285.539516 0.000000 0.000000
-   Timestamp      Req: 1777019285.539516 0.000000 0.000000
-   ReqURL         /v2/library/python/blobs/sha256:866771c43bf5eb77362eeeb163c0c825e194c2806d0b697028434e3b9c02f59d
-   VCL_call       RECV
-   VCL_call       RECV
-   VCL_call       HASH
-   Hit            11831350 3153599995.006054 10.000000 0.000000 16481902 49293124
-   VCL_call       HIT
-   VCL_call       DELIVER
-   Timestamp      Process: 1777019285.539573 0.000057 0.000057
-   Timestamp      Resp: 1777019299.193417 13.653901 13.653844

*   << Request  >> 12310530  
-   Timestamp      Start: 1777019285.536798 0.000000 0.000000
-   Timestamp      Req: 1777019285.536798 0.000000 0.000000
-   ReqURL         /v2/library/python/blobs/sha256:866771c43bf5eb77362eeeb163c0c825e194c2806d0b697028434e3b9c02f59d
-   VCL_call       RECV
-   VCL_call       RECV
-   VCL_call       HASH
-   Hit            11831350 3153599995.008772 10.000000 0.000000 16481902 49293124
-   VCL_call       HIT
-   VCL_call       DELIVER
-   Timestamp      Process: 1777019285.536866 0.000067 0.000067
-   Timestamp      Resp: 1777019299.236012 13.699213 13.699146

*   << Request  >> 12103682  
-   Timestamp      Start: 1777019285.535682 0.000000 0.000000
-   Timestamp      Req: 1777019285.535682 0.000000 0.000000
-   ReqURL         /v2/library/python/blobs/sha256:866771c43bf5eb77362eeeb163c0c825e194c2806d0b697028434e3b9c02f59d
-   VCL_call       RECV
-   VCL_call       RECV
-   VCL_call       HASH
-   Hit            11831350 3153599995.009889 10.000000 0.000000 16481902 49293124
-   VCL_call       HIT
-   VCL_call       DELIVER
-   Timestamp      Process: 1777019285.535718 0.000036 0.000036
-   Timestamp      Resp: 1777019299.260138 13.724456 13.724420

*   << Request  >> 12269570  
-   Timestamp      Start: 1777019285.533725 0.000000 0.000000
-   Timestamp      Req: 1777019285.533725 0.000000 0.000000
-   ReqURL         /v2/library/python/blobs/sha256:9da421ddeb655bdfb3960e490b39373b0d1351e3eaba61d01978107920638392
-   VCL_call       RECV
-   VCL_call       RECV
-   VCL_call       HASH
-   Hit            10873001 3153599995.045102 10.000000 0.000000 8659806 67778971
-   VCL_call       HIT
-   VCL_call       DELIVER
-   Timestamp      Process: 1777019285.533778 0.000054 0.000054
-   Timestamp      Resp: 1777019300.996146 15.462422 15.462368

*   << Request  >> 11554910  
-   Timestamp      Start: 1777019280.535435 0.000000 0.000000
-   Timestamp      Req: 1777019280.535435 0.000000 0.000000
-   ReqURL         /v2/library/python/blobs/sha256:9da421ddeb655bdfb3960e490b39373b0d1351e3eaba61d01978107920638392
-   VCL_call       RECV
-   VCL_call       RECV
-   VCL_call       HASH
-   Hit            10873001 3153600000.043392 10.000000 0.000000 0 67778971
-   Timestamp      Waitinglist: 1777019280.579571 0.044136 0.044136
-   VCL_call       HIT
-   VCL_call       DELIVER
-   Timestamp      Process: 1777019280.579578 0.044144 0.000008
-   Timestamp      Resp: 1777019300.996177 20.460743 20.416599

*   << Request  >> 12300290  
-   Timestamp      Start: 1777019285.534936 0.000000 0.000000
-   Timestamp      Req: 1777019285.534936 0.000000 0.000000
-   ReqURL         /v2/library/python/blobs/sha256:9da421ddeb655bdfb3960e490b39373b0d1351e3eaba61d01978107920638392
-   VCL_call       RECV
-   VCL_call       RECV
-   VCL_call       HASH
-   Hit            10873001 3153599995.043890 10.000000 0.000000 8659806 67778971
-   VCL_call       HIT
-   VCL_call       DELIVER
-   Timestamp      Process: 1777019285.534986 0.000050 0.000050
-   Timestamp      Resp: 1777019300.996188 15.461251 15.461201

*   << Request  >> 11303013  
-   Timestamp      Start: 1777019280.536047 0.000000 0.000000
-   Timestamp      Req: 1777019280.536047 0.000000 0.000000
-   ReqURL         /v2/library/python/blobs/sha256:9da421ddeb655bdfb3960e490b39373b0d1351e3eaba61d01978107920638392
-   VCL_call       RECV
-   VCL_call       RECV
-   VCL_call       HASH
-   Hit            10873001 3153600000.042780 10.000000 0.000000 0 67778971
-   Timestamp      Waitinglist: 1777019280.579977 0.043931 0.043931
-   VCL_call       HIT
-   VCL_call       DELIVER
-   Timestamp      Process: 1777019280.579981 0.043935 0.000004
-   Timestamp      Resp: 1777019300.996232 20.460186 20.416251

*   << Request  >> 10873000  
-   Timestamp      Start: 1777019280.524270 0.000000 0.000000
-   Timestamp      Req: 1777019280.524270 0.000000 0.000000
-   ReqURL         /v2/library/python/blobs/sha256:9da421ddeb655bdfb3960e490b39373b0d1351e3eaba61d01978107920638392
-   VCL_call       RECV
-   VCL_call       RECV
-   VCL_call       HASH
-   VCL_call       MISS
-   Link           bereq 10873001 fetch
-   Timestamp      Fetch: 1777019280.578971 0.054701 0.054701
-   VCL_call       DELIVER
-   Timestamp      Process: 1777019280.578978 0.054708 0.000008
-   Timestamp      Resp: 1777019300.996098 20.471828 20.417120
**  << BeReq    >> 10873001  
--  Timestamp      Start: 1777019280.524963 0.000000 0.000000
--  VCL_call       BACKEND_FETCH
--  Timestamp      Fetch: 1777019280.525118 0.000155 0.000155
--  Timestamp      Connected: 1777019280.528308 0.003345 0.003190
--  Timestamp      Bereq: 1777019280.528395 0.003432 0.000086
--  Timestamp      Beresp: 1777019280.578827 0.053864 0.050432
--  VCL_call       BACKEND_RESPONSE
--  VCL_call       VHA_INTERNAL
--  Timestamp      Process: 1777019280.578859 0.053896 0.000033
--  Timestamp      BerespBody: 1777019300.996078 20.471115 20.417219

*   << Request  >> 10922146  
-   Timestamp      Start: 1777019280.532685 0.000000 0.000000
-   Timestamp      Req: 1777019280.532685 0.000000 0.000000
-   ReqURL         /v2/library/python/blobs/sha256:9da421ddeb655bdfb3960e490b39373b0d1351e3eaba61d01978107920638392
-   VCL_call       RECV
-   VCL_call       RECV
-   VCL_call       HASH
-   Hit            10873001 3153600000.046142 10.000000 0.000000 0 67778971
-   Timestamp      Waitinglist: 1777019280.579915 0.047230 0.047230
-   VCL_call       HIT
-   VCL_call       DELIVER
-   Timestamp      Process: 1777019280.579919 0.047234 0.000004
-   Timestamp      Resp: 1777019300.996263 20.463578 20.416344

*   << Request  >> 12009525  
-   Timestamp      Start: 1777019280.526503 0.000000 0.000000
-   Timestamp      Req: 1777019280.526503 0.000000 0.000000
-   ReqURL         /v2/library/python/blobs/sha256:9da421ddeb655bdfb3960e490b39373b0d1351e3eaba61d01978107920638392
-   VCL_call       RECV
-   VCL_call       RECV
-   VCL_call       HASH
-   Hit            10873001 3153600000.052324 10.000000 0.000000 0 67778971
-   Timestamp      Waitinglist: 1777019280.579040 0.052537 0.052537
-   VCL_call       HIT
-   VCL_call       DELIVER
-   Timestamp      Process: 1777019280.579043 0.052541 0.000004
-   Timestamp      Resp: 1777019300.996274 20.469771 20.417231

*   << Request  >> 11090039  
-   Timestamp      Start: 1777019280.537479 0.000000 0.000000
-   Timestamp      Req: 1777019280.537479 0.000000 0.000000
-   ReqURL         /v2/library/python/blobs/sha256:9da421ddeb655bdfb3960e490b39373b0d1351e3eaba61d01978107920638392
-   VCL_call       RECV
-   VCL_call       RECV
-   VCL_call       HASH
-   Hit            10873001 3153600000.041348 10.000000 0.000000 0 67778971
-   Timestamp      Waitinglist: 1777019280.579992 0.042513 0.042513
-   VCL_call       HIT
-   VCL_call       DELIVER
-   Timestamp      Process: 1777019280.579995 0.042516 0.000003
-   Timestamp      Resp: 1777019300.996316 20.458837 20.416321

*   << Request  >> 12009524  
-   Timestamp      Start: 1777019280.526354 0.000000 0.000000
-   Timestamp      Req: 1777019280.526354 0.000000 0.000000
-   ReqURL         /v2/library/python/blobs/sha256:9da421ddeb655bdfb3960e490b39373b0d1351e3eaba61d01978107920638392
-   VCL_call       RECV
-   VCL_call       RECV
-   VCL_call       HASH
-   Hit            10873001 3153600000.052473 10.000000 0.000000 0 67778971
-   Timestamp      Waitinglist: 1777019280.578948 0.052594 0.052594
-   VCL_call       HIT
-   VCL_call       DELIVER
-   Timestamp      Process: 1777019280.578956 0.052603 0.000008
-   Timestamp      Resp: 1777019300.996317 20.469963 20.417361

*   << Request  >> 12142594  
-   Timestamp      Start: 1777019285.529356 0.000000 0.000000
-   Timestamp      Req: 1777019285.529356 0.000000 0.000000
-   ReqURL         /v2/library/python/blobs/sha256:9da421ddeb655bdfb3960e490b39373b0d1351e3eaba61d01978107920638392
-   VCL_call       RECV
-   VCL_call       RECV
-   VCL_call       HASH
-   Hit            10873001 3153599995.049471 10.000000 0.000000 8654014 67778971
-   VCL_call       HIT
-   VCL_call       DELIVER
-   Timestamp      Process: 1777019285.529407 0.000051 0.000051
-   Timestamp      Resp: 1777019300.996105 15.466750 15.466699

*   << Request  >> 12191746  
-   Timestamp      Start: 1777019285.527429 0.000000 0.000000
-   Timestamp      Req: 1777019285.527429 0.000000 0.000000
-   ReqURL         /v2/library/python/blobs/sha256:9da421ddeb655bdfb3960e490b39373b0d1351e3eaba61d01978107920638392
-   VCL_call       RECV
-   VCL_call       RECV
-   VCL_call       HASH
-   Hit            10873001 3153599995.051398 10.000000 0.000000 8654014 67778971
-   VCL_call       HIT
-   VCL_call       DELIVER
-   Timestamp      Process: 1777019285.527494 0.000066 0.000066
-   Timestamp      Resp: 1777019300.996328 15.468899 15.468833

*   << Request  >> 12199938  
-   Timestamp      Start: 1777019285.528126 0.000000 0.000000
-   Timestamp      Req: 1777019285.528126 0.000000 0.000000
-   ReqURL         /v2/library/python/blobs/sha256:9da421ddeb655bdfb3960e490b39373b0d1351e3eaba61d01978107920638392
-   VCL_call       RECV
-   VCL_call       RECV
-   VCL_call       HASH
-   Hit            10873001 3153599995.050701 10.000000 0.000000 8654014 67778971
-   VCL_call       HIT
-   VCL_call       DELIVER
-   Timestamp      Process: 1777019285.528180 0.000054 0.000054
-   Timestamp      Resp: 1777019300.996371 15.468245 15.468191

*   << Request  >> 11855913  
-   Timestamp      Start: 1777019285.531791 0.000000 0.000000
-   Timestamp      Req: 1777019285.531791 0.000000 0.000000
-   ReqURL         /v2/library/python/blobs/sha256:9da421ddeb655bdfb3960e490b39373b0d1351e3eaba61d01978107920638392
-   VCL_call       RECV
-   VCL_call       RECV
-   VCL_call       HASH
-   Hit            10873001 3153599995.047035 10.000000 0.000000 8654014 67778971
-   VCL_call       HIT
-   VCL_call       DELIVER
-   Timestamp      Process: 1777019285.531831 0.000040 0.000040
-   Timestamp      Resp: 1777019300.996376 15.464584 15.464545

*   << Request  >> 11855911  
-   Timestamp      Start: 1777019280.534169 0.000000 0.000000
-   Timestamp      Req: 1777019280.534169 0.000000 0.000000
-   ReqURL         /v2/library/python/blobs/sha256:9da421ddeb655bdfb3960e490b39373b0d1351e3eaba61d01978107920638392
-   VCL_call       RECV
-   VCL_call       RECV
-   VCL_call       HASH
-   Hit            10873001 3153600000.044658 10.000000 0.000000 0 67778971
-   Timestamp      Waitinglist: 1777019280.579946 0.045777 0.045777
-   VCL_call       HIT
-   VCL_call       DELIVER
-   Timestamp      Process: 1777019280.579949 0.045781 0.000004
-   Timestamp      Resp: 1777019300.996380 20.462212 20.416431

*   << Request  >> 11868209  
-   Timestamp      Start: 1777019280.530442 0.000000 0.000000
-   Timestamp      Req: 1777019280.530442 0.000000 0.000000
-   ReqURL         /v2/library/python/blobs/sha256:9da421ddeb655bdfb3960e490b39373b0d1351e3eaba61d01978107920638392
-   VCL_call       RECV
-   VCL_call       RECV
-   VCL_call       HASH
-   Hit            10873001 3153600000.048385 10.000000 0.000000 0 67778971
-   Timestamp      Waitinglist: 1777019280.580005 0.049563 0.049563
-   VCL_call       HIT
-   VCL_call       DELIVER
-   Timestamp      Process: 1777019280.580009 0.049567 0.000004
-   Timestamp      Resp: 1777019300.996406 20.465964 20.416397

*   << Request  >> 11563097  
-   Timestamp      Start: 1777019285.531822 0.000000 0.000000
-   Timestamp      Req: 1777019285.531822 0.000000 0.000000
-   ReqURL         /v2/library/python/blobs/sha256:9da421ddeb655bdfb3960e490b39373b0d1351e3eaba61d01978107920638392
-   VCL_call       RECV
-   VCL_call       RECV
-   VCL_call       HASH
-   Hit            10873001 3153599995.047005 10.000000 0.000000 8654014 67778971
-   VCL_call       HIT
-   VCL_call       DELIVER
-   Timestamp      Process: 1777019285.531857 0.000036 0.000036
-   Timestamp      Resp: 1777019300.996242 15.464420 15.464384

*   << Request  >> 12333058  
-   Timestamp      Start: 1777019285.537259 0.000000 0.000000
-   Timestamp      Req: 1777019285.537259 0.000000 0.000000
-   ReqURL         /v2/library/python/blobs/sha256:9da421ddeb655bdfb3960e490b39373b0d1351e3eaba61d01978107920638392
-   VCL_call       RECV
-   VCL_call       RECV
-   VCL_call       HASH
-   Hit            10873001 3153599995.041568 10.000000 0.000000 8659806 67778971
-   VCL_call       HIT
-   VCL_call       DELIVER
-   Timestamp      Process: 1777019285.537354 0.000095 0.000095
-   Timestamp      Resp: 1777019300.996444 15.459185 15.459090

*   << Request  >> 12107778  
-   Timestamp      Start: 1777019285.529902 0.000000 0.000000
-   Timestamp      Req: 1777019285.529902 0.000000 0.000000
-   ReqURL         /v2/library/python/blobs/sha256:9da421ddeb655bdfb3960e490b39373b0d1351e3eaba61d01978107920638392
-   VCL_call       RECV
-   VCL_call       RECV
-   VCL_call       HASH
-   Hit            10873001 3153599995.048924 10.000000 0.000000 8654014 67778971
-   VCL_call       HIT
-   VCL_call       DELIVER
-   Timestamp      Process: 1777019285.529950 0.000048 0.000048
-   Timestamp      Resp: 1777019300.996482 15.466580 15.466532

*   << Request  >> 12079106  
-   Timestamp      Start: 1777019280.534943 0.000000 0.000000
-   Timestamp      Req: 1777019280.534943 0.000000 0.000000
-   ReqURL         /v2/library/python/blobs/sha256:9da421ddeb655bdfb3960e490b39373b0d1351e3eaba61d01978107920638392
-   VCL_call       RECV
-   VCL_call       RECV
-   VCL_call       HASH
-   Hit            10873001 3153600000.043883 10.000000 0.000000 0 67778971
-   Timestamp      Waitinglist: 1777019280.579962 0.045019 0.045019
-   VCL_call       HIT
-   VCL_call       DELIVER
-   Timestamp      Process: 1777019280.579966 0.045023 0.000004
-   Timestamp      Resp: 1777019300.996488 20.461545 20.416523

*   << Request  >> 11999286  
-   Timestamp      Start: 1777019280.529242 0.000000 0.000000
-   Timestamp      Req: 1777019280.529242 0.000000 0.000000
-   ReqURL         /v2/library/python/blobs/sha256:9da421ddeb655bdfb3960e490b39373b0d1351e3eaba61d01978107920638392
-   VCL_call       RECV
-   VCL_call       RECV
-   VCL_call       HASH
-   Hit            10873001 3153600000.049585 10.000000 0.000000 0 67778971
-   Timestamp      Waitinglist: 1777019280.579159 0.049917 0.049917
-   VCL_call       HIT
-   VCL_call       DELIVER
-   Timestamp      Process: 1777019280.579166 0.049925 0.000007
-   Timestamp      Resp: 1777019300.996447 20.467206 20.417281

*   << Request  >> 10922148  
-   Timestamp      Start: 1777019285.532498 0.000000 0.000000
-   Timestamp      Req: 1777019285.532498 0.000000 0.000000
-   ReqURL         /v2/library/python/blobs/sha256:9da421ddeb655bdfb3960e490b39373b0d1351e3eaba61d01978107920638392
-   VCL_call       RECV
-   VCL_call       RECV
-   VCL_call       HASH
-   Hit            10873001 3153599995.046329 10.000000 0.000000 8659806 67778971
-   VCL_call       HIT
-   VCL_call       DELIVER
-   Timestamp      Process: 1777019285.532525 0.000027 0.000027
-   Timestamp      Resp: 1777019300.996520 15.464021 15.463995

*   << Request  >> 11925555  
-   Timestamp      Start: 1777019285.533198 0.000000 0.000000
-   Timestamp      Req: 1777019285.533198 0.000000 0.000000
-   ReqURL         /v2/library/python/blobs/sha256:9da421ddeb655bdfb3960e490b39373b0d1351e3eaba61d01978107920638392
-   VCL_call       RECV
-   VCL_call       RECV
-   VCL_call       HASH
-   Hit            10873001 3153599995.045629 10.000000 0.000000 8659806 67778971
-   VCL_call       HIT
-   VCL_call       DELIVER
-   Timestamp      Process: 1777019285.533229 0.000032 0.000032
-   Timestamp      Resp: 1777019300.996636 15.463439 15.463407

*   << Request  >> 12072998  
-   Timestamp      Start: 1777019280.534496 0.000000 0.000000
-   Timestamp      Req: 1777019280.534496 0.000000 0.000000
-   ReqURL         /v2/library/python/blobs/sha256:9da421ddeb655bdfb3960e490b39373b0d1351e3eaba61d01978107920638392
-   VCL_call       RECV
-   VCL_call       RECV
-   VCL_call       HASH
-   Hit            10873001 3153600000.044331 10.000000 0.000000 0 67778971
-   Timestamp      Waitinglist: 1777019280.580538 0.046041 0.046041
-   VCL_call       HIT
-   VCL_call       DELIVER
-   Timestamp      Process: 1777019280.580546 0.046050 0.000008
-   Timestamp      Resp: 1777019300.996699 20.462203 20.416153

*   << Request  >> 11810845  
-   Timestamp      Start: 1777019280.537153 0.000000 0.000000
-   Timestamp      Req: 1777019280.537153 0.000000 0.000000
-   ReqURL         /v2/library/python/blobs/sha256:9da421ddeb655bdfb3960e490b39373b0d1351e3eaba61d01978107920638392
-   VCL_call       RECV
-   VCL_call       RECV
-   VCL_call       HASH
-   Hit            10873001 3153600000.041674 10.000000 0.000000 0 67778971
-   Timestamp      Waitinglist: 1777019280.579598 0.042444 0.042444
-   VCL_call       HIT
-   VCL_call       DELIVER
-   Timestamp      Process: 1777019280.579603 0.042450 0.000006
-   Timestamp      Resp: 1777019300.996703 20.459550 20.417100

*   << Request  >> 10787004  
-   Timestamp      Start: 1777019285.532716 0.000000 0.000000
-   Timestamp      Req: 1777019285.532716 0.000000 0.000000
-   ReqURL         /v2/library/python/blobs/sha256:9da421ddeb655bdfb3960e490b39373b0d1351e3eaba61d01978107920638392
-   VCL_call       RECV
-   VCL_call       RECV
-   VCL_call       HASH
-   Hit            10873001 3153599995.046111 10.000000 0.000000 8659806 67778971
-   VCL_call       HIT
-   VCL_call       DELIVER
-   Timestamp      Process: 1777019285.532751 0.000035 0.000035
-   Timestamp      Resp: 1777019300.996152 15.463436 15.463402

*   << Request  >> 12349442  
-   Timestamp      Start: 1777019285.538387 0.000000 0.000000
-   Timestamp      Req: 1777019285.538387 0.000000 0.000000
-   ReqURL         /v2/library/python/blobs/sha256:9da421ddeb655bdfb3960e490b39373b0d1351e3eaba61d01978107920638392
-   VCL_call       RECV
-   VCL_call       RECV
-   VCL_call       HASH
-   Hit            10873001 3153599995.040440 10.000000 0.000000 8659806 67778971
-   VCL_call       HIT
-   VCL_call       DELIVER
-   Timestamp      Process: 1777019285.538440 0.000053 0.000053
-   Timestamp      Resp: 1777019300.996727 15.458341 15.458287

*   << Request  >> 11692073  
-   Timestamp      Start: 1777019280.534188 0.000000 0.000000
-   Timestamp      Req: 1777019280.534188 0.000000 0.000000
-   ReqURL         /v2/library/python/blobs/sha256:9da421ddeb655bdfb3960e490b39373b0d1351e3eaba61d01978107920638392
-   VCL_call       RECV
-   VCL_call       RECV
-   VCL_call       HASH
-   Hit            10873001 3153600000.044639 10.000000 0.000000 0 67778971
-   Timestamp      Waitinglist: 1777019280.579529 0.045341 0.045341
-   VCL_call       HIT
-   VCL_call       DELIVER
-   Timestamp      Process: 1777019280.579535 0.045347 0.000006
-   Timestamp      Resp: 1777019300.996742 20.462555 20.417207

*   << Request  >> 10934477  
-   Timestamp      Start: 1777019285.532796 0.000000 0.000000
-   Timestamp      Req: 1777019285.532796 0.000000 0.000000
-   ReqURL         /v2/library/python/blobs/sha256:9da421ddeb655bdfb3960e490b39373b0d1351e3eaba61d01978107920638392
-   VCL_call       RECV
-   VCL_call       RECV
-   VCL_call       HASH
-   Hit            10873001 3153599995.046031 10.000000 0.000000 8659806 67778971
-   VCL_call       HIT
-   VCL_call       DELIVER
-   Timestamp      Process: 1777019285.532839 0.000044 0.000044
-   Timestamp      Resp: 1777019300.996771 15.463975 15.463932

*   << Request  >> 10924189  
-   Timestamp      Start: 1777019280.526243 0.000000 0.000000
-   Timestamp      Req: 1777019280.526243 0.000000 0.000000
-   ReqURL         /v2/library/python/blobs/sha256:9da421ddeb655bdfb3960e490b39373b0d1351e3eaba61d01978107920638392
-   VCL_call       RECV
-   VCL_call       RECV
-   VCL_call       HASH
-   Hit            10873001 3153600000.052584 10.000000 0.000000 0 67778971
-   Timestamp      Waitinglist: 1777019280.579004 0.052761 0.052761
-   VCL_call       HIT
-   VCL_call       DELIVER
-   Timestamp      Process: 1777019280.579010 0.052767 0.000006
-   Timestamp      Resp: 1777019300.996818 20.470575 20.417808

*   << Request  >> 12068908  
-   Timestamp      Start: 1777019280.529972 0.000000 0.000000
-   Timestamp      Req: 1777019280.529972 0.000000 0.000000
-   ReqURL         /v2/library/python/blobs/sha256:9da421ddeb655bdfb3960e490b39373b0d1351e3eaba61d01978107920638392
-   VCL_call       RECV
-   VCL_call       RECV
-   VCL_call       HASH
-   Hit            10873001 3153600000.048855 10.000000 0.000000 0 67778971
-   Timestamp      Waitinglist: 1777019280.579498 0.049526 0.049526
-   VCL_call       HIT
-   VCL_call       DELIVER
-   Timestamp      Process: 1777019280.579506 0.049535 0.000009
-   Timestamp      Resp: 1777019300.996865 20.466893 20.417358

*   << Request  >> 11747386  
-   Timestamp      Start: 1777019285.530608 0.000000 0.000000
-   Timestamp      Req: 1777019285.530608 0.000000 0.000000
-   ReqURL         /v2/library/python/blobs/sha256:9da421ddeb655bdfb3960e490b39373b0d1351e3eaba61d01978107920638392
-   VCL_call       RECV
-   VCL_call       RECV
-   VCL_call       HASH
-   Hit            10873001 3153599995.048219 10.000000 0.000000 8654014 67778971
-   VCL_call       HIT
-   VCL_call       DELIVER
-   Timestamp      Process: 1777019285.530637 0.000030 0.000030
-   Timestamp      Resp: 1777019300.996869 15.466261 15.466232

*   << Request  >> 12285954  
-   Timestamp      Start: 1777019285.534744 0.000000 0.000000
-   Timestamp      Req: 1777019285.534744 0.000000 0.000000
-   ReqURL         /v2/library/python/blobs/sha256:9da421ddeb655bdfb3960e490b39373b0d1351e3eaba61d01978107920638392
-   VCL_call       RECV
-   VCL_call       RECV
-   VCL_call       HASH
-   Hit            10873001 3153599995.044083 10.000000 0.000000 8659806 67778971
-   VCL_call       HIT
-   VCL_call       DELIVER
-   Timestamp      Process: 1777019285.534819 0.000075 0.000075
-   Timestamp      Resp: 1777019300.996775 15.462030 15.461956

*   << Request  >> 11987005  
-   Timestamp      Start: 1777019285.532284 0.000000 0.000000
-   Timestamp      Req: 1777019285.532284 0.000000 0.000000
-   ReqURL         /v2/library/python/blobs/sha256:9da421ddeb655bdfb3960e490b39373b0d1351e3eaba61d01978107920638392
-   VCL_call       RECV
-   VCL_call       RECV
-   VCL_call       HASH
-   Hit            10873001 3153599995.046543 10.000000 0.000000 8659806 67778971
-   VCL_call       HIT
-   VCL_call       DELIVER
-   Timestamp      Process: 1777019285.532313 0.000029 0.000029
-   Timestamp      Resp: 1777019300.996825 15.464541 15.464512

*   << Request  >> 11972648  
-   Timestamp      Start: 1777019280.525110 0.000000 0.000000
-   Timestamp      Req: 1777019280.525110 0.000000 0.000000
-   ReqURL         /v2/library/python/blobs/sha256:9da421ddeb655bdfb3960e490b39373b0d1351e3eaba61d01978107920638392
-   VCL_call       RECV
-   VCL_call       RECV
-   VCL_call       HASH
-   Hit            10873001 3153600000.053717 10.000000 0.000000 0 67778971
-   Timestamp      Waitinglist: 1777019280.579467 0.054357 0.054357
-   VCL_call       HIT
-   VCL_call       DELIVER
-   Timestamp      Process: 1777019280.579474 0.054364 0.000008
-   Timestamp      Resp: 1777019300.996926 20.471816 20.417451

*   << Request  >> 11700284  
-   Timestamp      Start: 1777019285.531171 0.000000 0.000000
-   Timestamp      Req: 1777019285.531171 0.000000 0.000000
-   ReqURL         /v2/library/python/blobs/sha256:9da421ddeb655bdfb3960e490b39373b0d1351e3eaba61d01978107920638392
-   VCL_call       RECV
-   VCL_call       RECV
-   VCL_call       HASH
-   Hit            10873001 3153599995.047655 10.000000 0.000000 8654014 67778971
-   VCL_call       HIT
-   VCL_call       DELIVER
-   Timestamp      Process: 1777019285.531212 0.000041 0.000041
-   Timestamp      Resp: 1777019300.996961 15.465789 15.465748

*   << Request  >> 11374701  
-   Timestamp      Start: 1777019280.526961 0.000000 0.000000
-   Timestamp      Req: 1777019280.526961 0.000000 0.000000
-   ReqURL         /v2/library/python/blobs/sha256:9da421ddeb655bdfb3960e490b39373b0d1351e3eaba61d01978107920638392
-   VCL_call       RECV
-   VCL_call       RECV
-   VCL_call       HASH
-   Hit            10873001 3153600000.051866 10.000000 0.000000 0 67778971
-   Timestamp      Waitinglist: 1777019280.579492 0.052531 0.052531
-   VCL_call       HIT
-   VCL_call       DELIVER
-   Timestamp      Process: 1777019280.579497 0.052536 0.000004
-   Timestamp      Resp: 1777019300.996989 20.470028 20.417492

*   << Request  >> 11374703  
-   Timestamp      Start: 1777019280.527403 0.000000 0.000000
-   Timestamp      Req: 1777019280.527403 0.000000 0.000000
-   ReqURL         /v2/library/python/blobs/sha256:9da421ddeb655bdfb3960e490b39373b0d1351e3eaba61d01978107920638392
-   VCL_call       RECV
-   VCL_call       RECV
-   VCL_call       HASH
-   Hit            10873001 3153600000.051424 10.000000 0.000000 0 67778971
-   Timestamp      Waitinglist: 1777019280.579509 0.052106 0.052106
-   VCL_call       HIT
-   VCL_call       DELIVER
-   Timestamp      Process: 1777019280.579512 0.052109 0.000004
-   Timestamp      Resp: 1777019300.997040 20.469637 20.417528

*   << Request  >> 12253186  
-   Timestamp      Start: 1777019285.533190 0.000000 0.000000
-   Timestamp      Req: 1777019285.533190 0.000000 0.000000
-   ReqURL         /v2/library/python/blobs/sha256:9da421ddeb655bdfb3960e490b39373b0d1351e3eaba61d01978107920638392
-   VCL_call       RECV
-   VCL_call       RECV
-   VCL_call       HASH
-   Hit            10873001 3153599995.045637 10.000000 0.000000 8659806 67778971
-   VCL_call       HIT
-   VCL_call       DELIVER
-   Timestamp      Process: 1777019285.533255 0.000065 0.000065
-   Timestamp      Resp: 1777019300.997089 15.463899 15.463835

*   << Request  >> 11921446  
-   Timestamp      Start: 1777019285.529691 0.000000 0.000000
-   Timestamp      Req: 1777019285.529691 0.000000 0.000000
-   ReqURL         /v2/library/python/blobs/sha256:9da421ddeb655bdfb3960e490b39373b0d1351e3eaba61d01978107920638392
-   VCL_call       RECV
-   VCL_call       RECV
-   VCL_call       HASH
-   Hit            10873001 3153599995.049136 10.000000 0.000000 8654014 67778971
-   VCL_call       HIT
-   VCL_call       DELIVER
-   Timestamp      Process: 1777019285.529728 0.000037 0.000037
-   Timestamp      Resp: 1777019300.997119 15.467429 15.467391

*   << Request  >> 10293495  
-   Timestamp      Start: 1777019285.537733 0.000000 0.000000
-   Timestamp      Req: 1777019285.537733 0.000000 0.000000
-   ReqURL         /v2/library/python/blobs/sha256:9da421ddeb655bdfb3960e490b39373b0d1351e3eaba61d01978107920638392
-   VCL_call       RECV
-   VCL_call       RECV
-   VCL_call       HASH
-   Hit            10873001 3153599995.041093 10.000000 0.000000 8659806 67778971
-   VCL_call       HIT
-   VCL_call       DELIVER
-   Timestamp      Process: 1777019285.537774 0.000041 0.000041
-   Timestamp      Resp: 1777019300.996992 15.459259 15.459218

*   << Request  >> 11548782  
-   Timestamp      Start: 1777019280.531412 0.000000 0.000000
-   Timestamp      Req: 1777019280.531412 0.000000 0.000000
-   ReqURL         /v2/library/python/blobs/sha256:9da421ddeb655bdfb3960e490b39373b0d1351e3eaba61d01978107920638392
-   VCL_call       RECV
-   VCL_call       RECV
-   VCL_call       HASH
-   Hit            10873001 3153600000.047414 10.000000 0.000000 0 67778971
-   Timestamp      Waitinglist: 1777019280.579102 0.047689 0.047689
-   VCL_call       HIT
-   VCL_call       DELIVER
-   Timestamp      Process: 1777019280.579105 0.047692 0.000003
-   Timestamp      Resp: 1777019300.997169 20.465756 20.418064

*   << Request  >> 12314626  
-   Timestamp      Start: 1777019285.534723 0.000000 0.000000
-   Timestamp      Req: 1777019285.534723 0.000000 0.000000
-   ReqURL         /v2/library/python/blobs/sha256:9da421ddeb655bdfb3960e490b39373b0d1351e3eaba61d01978107920638392
-   VCL_call       RECV
-   VCL_call       RECV
-   VCL_call       HASH
-   Hit            10873001 3153599995.044104 10.000000 0.000000 8659806 67778971
-   VCL_call       HIT
-   VCL_call       DELIVER
-   Timestamp      Process: 1777019285.534786 0.000063 0.000063
-   Timestamp      Resp: 1777019300.997217 15.462494 15.462431

*   << Request  >> 12230658  
-   Timestamp      Start: 1777019285.526970 0.000000 0.000000
-   Timestamp      Req: 1777019285.526970 0.000000 0.000000
-   ReqURL         /v2/library/python/blobs/sha256:9da421ddeb655bdfb3960e490b39373b0d1351e3eaba61d01978107920638392
-   VCL_call       RECV
-   VCL_call       RECV
-   VCL_call       HASH
-   Hit            10873001 3153599995.051857 10.000000 0.000000 8654014 67778971
-   VCL_call       HIT
-   VCL_call       DELIVER
-   Timestamp      Process: 1777019285.527025 0.000055 0.000055
-   Timestamp      Resp: 1777019300.997251 15.470282 15.470226

*   << Request  >> 12236802  
-   Timestamp      Start: 1777019285.527179 0.000000 0.000000
-   Timestamp      Req: 1777019285.527179 0.000000 0.000000
-   ReqURL         /v2/library/python/blobs/sha256:9da421ddeb655bdfb3960e490b39373b0d1351e3eaba61d01978107920638392
-   VCL_call       RECV
-   VCL_call       RECV
-   VCL_call       HASH
-   Hit            10873001 3153599995.051648 10.000000 0.000000 8654014 67778971
-   VCL_call       HIT
-   VCL_call       DELIVER
-   Timestamp      Process: 1777019285.527245 0.000066 0.000066
-   Timestamp      Resp: 1777019300.997280 15.470101 15.470035

*   << Request  >> 11685937  
-   Timestamp      Start: 1777019280.530970 0.000000 0.000000
-   Timestamp      Req: 1777019280.530970 0.000000 0.000000
-   ReqURL         /v2/library/python/blobs/sha256:9da421ddeb655bdfb3960e490b39373b0d1351e3eaba61d01978107920638392
-   VCL_call       RECV
-   VCL_call       RECV
-   VCL_call       HASH
-   Hit            10873001 3153600000.047856 10.000000 0.000000 0 67778971
-   Timestamp      Waitinglist: 1777019280.579064 0.048094 0.048094
-   VCL_call       HIT
-   VCL_call       DELIVER
-   Timestamp      Process: 1777019280.579074 0.048104 0.000010
-   Timestamp      Resp: 1777019300.997316 20.466346 20.418242

*   << Request  >> 11360361  
-   Timestamp      Start: 1777019280.529451 0.000000 0.000000
-   Timestamp      Req: 1777019280.529451 0.000000 0.000000
-   ReqURL         /v2/library/python/blobs/sha256:9da421ddeb655bdfb3960e490b39373b0d1351e3eaba61d01978107920638392
-   VCL_call       RECV
-   VCL_call       RECV
-   VCL_call       HASH
-   Hit            10873001 3153600000.049376 10.000000 0.000000 0 67778971
-   Timestamp      Waitinglist: 1777019280.580625 0.051173 0.051173
-   VCL_call       HIT
-   VCL_call       DELIVER
-   Timestamp      Process: 1777019280.580628 0.051177 0.000004
-   Timestamp      Resp: 1777019300.997362 20.467911 20.416734

*   << Request  >> 11159655  
-   Timestamp      Start: 1777019280.533423 0.000000 0.000000
-   Timestamp      Req: 1777019280.533423 0.000000 0.000000
-   ReqURL         /v2/library/python/blobs/sha256:9da421ddeb655bdfb3960e490b39373b0d1351e3eaba61d01978107920638392
-   VCL_call       RECV
-   VCL_call       RECV
-   VCL_call       HASH
-   Hit            10873001 3153600000.045403 10.000000 0.000000 0 67778971
-   Timestamp      Waitinglist: 1777019280.579135 0.045712 0.045712
-   VCL_call       HIT
-   VCL_call       DELIVER
-   Timestamp      Process: 1777019280.579139 0.045716 0.000003
-   Timestamp      Resp: 1777019300.997385 20.463961 20.418246

*   << Request  >> 12146690  
-   Timestamp      Start: 1777019285.529578 0.000000 0.000000
-   Timestamp      Req: 1777019285.529578 0.000000 0.000000
-   ReqURL         /v2/library/python/blobs/sha256:9da421ddeb655bdfb3960e490b39373b0d1351e3eaba61d01978107920638392
-   VCL_call       RECV
-   VCL_call       RECV
-   VCL_call       HASH
-   Hit            10873001 3153599995.049249 10.000000 0.000000 8654014 67778971
-   VCL_call       HIT
-   VCL_call       DELIVER
-   Timestamp      Process: 1777019285.529637 0.000059 0.000059
-   Timestamp      Resp: 1777019300.997414 15.467835 15.467776

*   << Request  >> 11880493  
-   Timestamp      Start: 1777019280.529377 0.000000 0.000000
-   Timestamp      Req: 1777019280.529377 0.000000 0.000000
-   ReqURL         /v2/library/python/blobs/sha256:9da421ddeb655bdfb3960e490b39373b0d1351e3eaba61d01978107920638392
-   VCL_call       RECV
-   VCL_call       RECV
-   VCL_call       HASH
-   Hit            10873001 3153600000.049450 10.000000 0.000000 0 67778971
-   Timestamp      Waitinglist: 1777019280.580018 0.050641 0.050641
-   VCL_call       HIT
-   VCL_call       DELIVER
-   Timestamp      Process: 1777019280.580022 0.050645 0.000004
-   Timestamp      Resp: 1777019300.997480 20.468103 20.417458

*   << Request  >> 11974706  
-   Timestamp      Start: 1777019280.532045 0.000000 0.000000
-   Timestamp      Req: 1777019280.532045 0.000000 0.000000
-   ReqURL         /v2/library/python/blobs/sha256:9da421ddeb655bdfb3960e490b39373b0d1351e3eaba61d01978107920638392
-   VCL_call       RECV
-   VCL_call       RECV
-   VCL_call       HASH
-   Hit            10873001 3153600000.046782 10.000000 0.000000 0 67778971
-   Timestamp      Waitinglist: 1777019280.579891 0.047846 0.047846
-   VCL_call       HIT
-   VCL_call       DELIVER
-   Timestamp      Process: 1777019280.579898 0.047853 0.000007
-   Timestamp      Resp: 1777019300.997551 20.465506 20.417653

*   << Request  >> 11919414  
-   Timestamp      Start: 1777019280.526975 0.000000 0.000000
-   Timestamp      Req: 1777019280.526975 0.000000 0.000000
-   ReqURL         /v2/library/python/blobs/sha256:a793e3c6bce826c77a6bfec52e3e42691937f0e5701d8efa06d32850314d3f30
-   VCL_call       RECV
-   VCL_call       RECV
-   VCL_call       HASH
-   Hit            10985652 3153600000.044930 10.000000 0.000000 0 236030458
-   Timestamp      Waitinglist: 1777019280.572356 0.045380 0.045380
-   VCL_call       HIT
-   VCL_call       DELIVER
-   Timestamp      Process: 1777019280.572359 0.045384 0.000004
-   Timestamp      Resp: 1777019314.885991 34.359015 34.313632

*   << Request  >> 11890738  
-   Timestamp      Start: 1777019280.526043 0.000000 0.000000
-   Timestamp      Req: 1777019280.526043 0.000000 0.000000
-   ReqURL         /v2/library/python/blobs/sha256:a793e3c6bce826c77a6bfec52e3e42691937f0e5701d8efa06d32850314d3f30
-   VCL_call       RECV
-   VCL_call       RECV
-   VCL_call       HASH
-   Hit            10985652 3153600000.045863 10.000000 0.000000 0 236030458
-   Timestamp      Waitinglist: 1777019280.572131 0.046088 0.046088
-   VCL_call       HIT
-   VCL_call       DELIVER
-   Timestamp      Process: 1777019280.572138 0.046096 0.000007
-   Timestamp      Resp: 1777019314.886038 34.359995 34.313900

*   << Request  >> 11456615  
-   Timestamp      Start: 1777019280.531460 0.000000 0.000000
-   Timestamp      Req: 1777019280.531460 0.000000 0.000000
-   ReqURL         /v2/library/python/blobs/sha256:a793e3c6bce826c77a6bfec52e3e42691937f0e5701d8efa06d32850314d3f30
-   VCL_call       RECV
-   VCL_call       RECV
-   VCL_call       HASH
-   Hit            10985652 3153600000.040445 10.000000 0.000000 0 236030458
-   Timestamp      Waitinglist: 1777019280.572261 0.040801 0.040801
-   VCL_call       HIT
-   VCL_call       DELIVER
-   Timestamp      Process: 1777019280.572265 0.040805 0.000003
-   Timestamp      Resp: 1777019314.886061 34.354601 34.313797

*   << Request  >> 12212226  
-   Timestamp      Start: 1777019285.527664 0.000000 0.000000
-   Timestamp      Req: 1777019285.527664 0.000000 0.000000
-   ReqURL         /v2/library/python/blobs/sha256:a793e3c6bce826c77a6bfec52e3e42691937f0e5701d8efa06d32850314d3f30
-   VCL_call       RECV
-   VCL_call       RECV
-   VCL_call       HASH
-   Hit            10985652 3153599995.044242 10.000000 0.000000 9783453 236030458
-   VCL_call       HIT
-   VCL_call       DELIVER
-   Timestamp      Process: 1777019285.527712 0.000048 0.000048
-   Timestamp      Resp: 1777019314.886070 29.358406 29.358358

*   << Request  >> 10985651  
-   Timestamp      Start: 1777019280.525271 0.000000 0.000000
-   Timestamp      Req: 1777019280.525271 0.000000 0.000000
-   ReqURL         /v2/library/python/blobs/sha256:a793e3c6bce826c77a6bfec52e3e42691937f0e5701d8efa06d32850314d3f30
-   VCL_call       RECV
-   VCL_call       RECV
-   VCL_call       HASH
-   VCL_call       MISS
-   Link           bereq 10985652 fetch
-   Timestamp      Fetch: 1777019280.572045 0.046774 0.046774
-   VCL_call       DELIVER
-   Timestamp      Process: 1777019280.572060 0.046789 0.000015
-   Timestamp      Resp: 1777019314.886087 34.360816 34.314027
**  << BeReq    >> 10985652  
--  Timestamp      Start: 1777019280.525457 0.000000 0.000000
--  VCL_call       BACKEND_FETCH
--  Timestamp      Fetch: 1777019280.525693 0.000237 0.000237
--  Timestamp      Connected: 1777019280.531799 0.006342 0.006106
--  Timestamp      Bereq: 1777019280.531899 0.006442 0.000100
--  Timestamp      Beresp: 1777019280.571906 0.046449 0.040006
--  VCL_call       BACKEND_RESPONSE
--  VCL_call       VHA_INTERNAL
--  Timestamp      Process: 1777019280.571952 0.046495 0.000047
--  Timestamp      BerespBody: 1777019314.885968 34.360511 34.314015

*   << Request  >> 12056630  
-   Timestamp      Start: 1777019280.533612 0.000000 0.000000
-   Timestamp      Req: 1777019280.533612 0.000000 0.000000
-   ReqURL         /v2/library/python/blobs/sha256:a793e3c6bce826c77a6bfec52e3e42691937f0e5701d8efa06d32850314d3f30
-   VCL_call       RECV
-   VCL_call       RECV
-   VCL_call       HASH
-   Hit            10985652 3153600000.038294 10.000000 0.000000 0 236030458
-   Timestamp      Waitinglist: 1777019280.572326 0.038714 0.038714
-   VCL_call       HIT
-   VCL_call       DELIVER
-   Timestamp      Process: 1777019280.572329 0.038717 0.000003
-   Timestamp      Resp: 1777019314.886096 34.352484 34.313767

*   << Request  >> 10961055  
-   Timestamp      Start: 1777019280.529604 0.000000 0.000000
-   Timestamp      Req: 1777019280.529604 0.000000 0.000000
-   ReqURL         /v2/library/python/blobs/sha256:a793e3c6bce826c77a6bfec52e3e42691937f0e5701d8efa06d32850314d3f30
-   VCL_call       RECV
-   VCL_call       RECV
-   VCL_call       HASH
-   Hit            10985652 3153600000.042301 10.000000 0.000000 0 236030458
-   Timestamp      Waitinglist: 1777019280.572248 0.042643 0.042643
-   VCL_call       HIT
-   VCL_call       DELIVER
-   Timestamp      Process: 1777019280.572251 0.042647 0.000004
-   Timestamp      Resp: 1777019314.886155 34.356551 34.313904

*   << Request  >> 12027953  
-   Timestamp      Start: 1777019280.533073 0.000000 0.000000
-   Timestamp      Req: 1777019280.533073 0.000000 0.000000
-   ReqURL         /v2/library/python/blobs/sha256:a793e3c6bce826c77a6bfec52e3e42691937f0e5701d8efa06d32850314d3f30
-   VCL_call       RECV
-   VCL_call       RECV
-   VCL_call       HASH
-   Hit            10985652 3153600000.038833 10.000000 0.000000 0 236030458
-   Timestamp      Waitinglist: 1777019280.572336 0.039263 0.039263
-   VCL_call       HIT
-   VCL_call       DELIVER
-   Timestamp      Process: 1777019280.572344 0.039271 0.000008
-   Timestamp      Resp: 1777019314.886006 34.352934 34.313663

*   << Request  >> 11671611  
-   Timestamp      Start: 1777019280.537355 0.000000 0.000000
-   Timestamp      Req: 1777019280.537355 0.000000 0.000000
-   ReqURL         /v2/library/python/blobs/sha256:a793e3c6bce826c77a6bfec52e3e42691937f0e5701d8efa06d32850314d3f30
-   VCL_call       RECV
-   VCL_call       RECV
-   VCL_call       HASH
-   Hit            10985652 3153600000.034551 10.000000 0.000000 0 236030458
-   Timestamp      Waitinglist: 1777019280.572434 0.035079 0.035079
-   VCL_call       HIT
-   VCL_call       DELIVER
-   Timestamp      Process: 1777019280.572442 0.035087 0.000008
-   Timestamp      Resp: 1777019314.886193 34.348838 34.313751

*   << Request  >> 12331010  
-   Timestamp      Start: 1777019285.535396 0.000000 0.000000
-   Timestamp      Req: 1777019285.535396 0.000000 0.000000
-   ReqURL         /v2/library/python/blobs/sha256:a793e3c6bce826c77a6bfec52e3e42691937f0e5701d8efa06d32850314d3f30
-   VCL_call       RECV
-   VCL_call       RECV
-   VCL_call       HASH
-   Hit            10985652 3153599995.036510 10.000000 0.000000 9783453 236030458
-   VCL_call       HIT
-   VCL_call       DELIVER
-   Timestamp      Process: 1777019285.535448 0.000053 0.000053
-   Timestamp      Resp: 1777019314.886126 29.350731 29.350678

*   << Request  >> 12335106  
-   Timestamp      Start: 1777019285.550051 0.000000 0.000000
-   Timestamp      Req: 1777019285.550051 0.000000 0.000000
-   ReqURL         /v2/library/python/blobs/sha256:a793e3c6bce826c77a6bfec52e3e42691937f0e5701d8efa06d32850314d3f30
-   VCL_call       RECV
-   VCL_call       RECV
-   VCL_call       HASH
-   Hit            10985652 3153599995.021854 10.000000 0.000000 9783453 236030458
-   VCL_call       HIT
-   VCL_call       DELIVER
-   Timestamp      Process: 1777019285.550109 0.000058 0.000058
-   Timestamp      Resp: 1777019314.886244 29.336193 29.336135

*   << Request  >> 12150786  
-   Timestamp      Start: 1777019285.529599 0.000000 0.000000
-   Timestamp      Req: 1777019285.529599 0.000000 0.000000
-   ReqURL         /v2/library/python/blobs/sha256:a793e3c6bce826c77a6bfec52e3e42691937f0e5701d8efa06d32850314d3f30
-   VCL_call       RECV
-   VCL_call       RECV
-   VCL_call       HASH
-   Hit            10985652 3153599995.042307 10.000000 0.000000 9783453 236030458
-   VCL_call       HIT
-   VCL_call       DELIVER
-   Timestamp      Process: 1777019285.529660 0.000061 0.000061
-   Timestamp      Resp: 1777019314.886285 29.356686 29.356625

*   << Request  >> 12206082  
-   Timestamp      Start: 1777019285.527274 0.000000 0.000000
-   Timestamp      Req: 1777019285.527274 0.000000 0.000000
-   ReqURL         /v2/library/python/blobs/sha256:a793e3c6bce826c77a6bfec52e3e42691937f0e5701d8efa06d32850314d3f30
-   VCL_call       RECV
-   VCL_call       RECV
-   VCL_call       HASH
-   Hit            10985652 3153599995.044632 10.000000 0.000000 9783453 236030458
-   VCL_call       HIT
-   VCL_call       DELIVER
-   Timestamp      Process: 1777019285.527327 0.000053 0.000053
-   Timestamp      Resp: 1777019314.886290 29.359016 29.358963

*   << Request  >> 12320770  
-   Timestamp      Start: 1777019285.549450 0.000000 0.000000
-   Timestamp      Req: 1777019285.549450 0.000000 0.000000
-   ReqURL         /v2/library/python/blobs/sha256:a793e3c6bce826c77a6bfec52e3e42691937f0e5701d8efa06d32850314d3f30
-   VCL_call       RECV
-   VCL_call       RECV
-   VCL_call       HASH
-   Hit            10985652 3153599995.022456 10.000000 0.000000 9783453 236030458
-   VCL_call       HIT
-   VCL_call       DELIVER
-   Timestamp      Process: 1777019285.549772 0.000323 0.000323
-   Timestamp      Resp: 1777019314.886246 29.336797 29.336474

*   << Request  >> 10266849  
-   Timestamp      Start: 1777019280.532396 0.000000 0.000000
-   Timestamp      Req: 1777019280.532396 0.000000 0.000000
-   ReqURL         /v2/library/python/blobs/sha256:a793e3c6bce826c77a6bfec52e3e42691937f0e5701d8efa06d32850314d3f30
-   VCL_call       RECV
-   VCL_call       RECV
-   VCL_call       HASH
-   Hit            10985652 3153600000.039510 10.000000 0.000000 0 236030458
-   Timestamp      Waitinglist: 1777019280.572280 0.039885 0.039885
-   VCL_call       HIT
-   VCL_call       DELIVER
-   Timestamp      Process: 1777019280.572283 0.039888 0.000003
-   Timestamp      Resp: 1777019314.886310 34.353914 34.314026

*   << Request  >> 12156930  
-   Timestamp      Start: 1777019285.529061 0.000000 0.000000
-   Timestamp      Req: 1777019285.529061 0.000000 0.000000
-   ReqURL         /v2/library/python/blobs/sha256:a793e3c6bce826c77a6bfec52e3e42691937f0e5701d8efa06d32850314d3f30
-   VCL_call       RECV
-   VCL_call       RECV
-   VCL_call       HASH
-   Hit            10985652 3153599995.042845 10.000000 0.000000 9783453 236030458
-   VCL_call       HIT
-   VCL_call       DELIVER
-   Timestamp      Process: 1777019285.529331 0.000271 0.000271
-   Timestamp      Resp: 1777019314.886327 29.357266 29.356995

*   << Request  >> 12351490  
-   Timestamp      Start: 1777019285.535554 0.000000 0.000000
-   Timestamp      Req: 1777019285.535554 0.000000 0.000000
-   ReqURL         /v2/library/python/blobs/sha256:a793e3c6bce826c77a6bfec52e3e42691937f0e5701d8efa06d32850314d3f30
-   VCL_call       RECV
-   VCL_call       RECV
-   VCL_call       HASH
-   Hit            10985652 3153599995.036352 10.000000 0.000000 9783453 236030458
-   VCL_call       HIT
-   VCL_call       DELIVER
-   Timestamp      Process: 1777019285.535614 0.000060 0.000060
-   Timestamp      Resp: 1777019314.886346 29.350792 29.350732

*   << Request  >> 11935798  
-   Timestamp      Start: 1777019280.530458 0.000000 0.000000
-   Timestamp      Req: 1777019280.530458 0.000000 0.000000
-   ReqURL         /v2/library/python/blobs/sha256:a793e3c6bce826c77a6bfec52e3e42691937f0e5701d8efa06d32850314d3f30
-   VCL_call       RECV
-   VCL_call       RECV
-   VCL_call       HASH
-   Hit            10985652 3153600000.041448 10.000000 0.000000 0 236030458
-   Timestamp      Waitinglist: 1777019280.572273 0.041815 0.041815
-   VCL_call       HIT
-   VCL_call       DELIVER
-   Timestamp      Process: 1777019280.572291 0.041832 0.000017
-   Timestamp      Resp: 1777019314.886358 34.355900 34.314067

*   << Request  >> 11384957  
-   Timestamp      Start: 1777019280.534290 0.000000 0.000000
-   Timestamp      Req: 1777019280.534290 0.000000 0.000000
-   ReqURL         /v2/library/python/blobs/sha256:a793e3c6bce826c77a6bfec52e3e42691937f0e5701d8efa06d32850314d3f30
-   VCL_call       RECV
-   VCL_call       RECV
-   VCL_call       HASH
-   Hit            10985652 3153600000.037616 10.000000 0.000000 0 236030458
-   Timestamp      Waitinglist: 1777019280.572339 0.038050 0.038050
-   VCL_call       HIT
-   VCL_call       DELIVER
-   Timestamp      Process: 1777019280.572345 0.038055 0.000005
-   Timestamp      Resp: 1777019314.886359 34.352069 34.314014

*   << Request  >> 11624509  
-   Timestamp      Start: 1777019280.527261 0.000000 0.000000
-   Timestamp      Req: 1777019280.527261 0.000000 0.000000
-   ReqURL         /v2/library/python/blobs/sha256:a793e3c6bce826c77a6bfec52e3e42691937f0e5701d8efa06d32850314d3f30
-   VCL_call       RECV
-   VCL_call       RECV
-   VCL_call       HASH
-   Hit            10985652 3153600000.044644 10.000000 0.000000 0 236030458
-   Timestamp      Waitinglist: 1777019280.572081 0.044820 0.044820
-   VCL_call       HIT
-   VCL_call       DELIVER
-   Timestamp      Process: 1777019280.572140 0.044878 0.000058
-   Timestamp      Resp: 1777019314.886388 34.359127 34.314249

*   << Request  >> 12288002  
-   Timestamp      Start: 1777019285.534019 0.000000 0.000000
-   Timestamp      Req: 1777019285.534019 0.000000 0.000000
-   ReqURL         /v2/library/python/blobs/sha256:a793e3c6bce826c77a6bfec52e3e42691937f0e5701d8efa06d32850314d3f30
-   VCL_call       RECV
-   VCL_call       RECV
-   VCL_call       HASH
-   Hit            10985652 3153599995.037887 10.000000 0.000000 9783453 236030458
-   VCL_call       HIT
-   VCL_call       DELIVER
-   Timestamp      Process: 1777019285.534068 0.000049 0.000049
-   Timestamp      Resp: 1777019314.886431 29.352412 29.352363

*   << Request  >> 11927595  
-   Timestamp      Start: 1777019280.533514 0.000000 0.000000
-   Timestamp      Req: 1777019280.533514 0.000000 0.000000
-   ReqURL         /v2/library/python/blobs/sha256:a793e3c6bce826c77a6bfec52e3e42691937f0e5701d8efa06d32850314d3f30
-   VCL_call       RECV
-   VCL_call       RECV
-   VCL_call       HASH
-   Hit            10985652 3153600000.038392 10.000000 0.000000 0 236030458
-   Timestamp      Waitinglist: 1777019280.572317 0.038803 0.038803
-   VCL_call       HIT
-   VCL_call       DELIVER
-   Timestamp      Process: 1777019280.572322 0.038808 0.000005
-   Timestamp      Resp: 1777019314.886385 34.352871 34.314063

*   << Request  >> 11432038  
-   Timestamp      Start: 1777019285.531326 0.000000 0.000000
-   Timestamp      Req: 1777019285.531326 0.000000 0.000000
-   ReqURL         /v2/library/python/blobs/sha256:a793e3c6bce826c77a6bfec52e3e42691937f0e5701d8efa06d32850314d3f30
-   VCL_call       RECV
-   VCL_call       RECV
-   VCL_call       HASH
-   Hit            10985652 3153599995.040580 10.000000 0.000000 9783453 236030458
-   VCL_call       HIT
-   VCL_call       DELIVER
-   Timestamp      Process: 1777019285.531365 0.000040 0.000040
-   Timestamp      Resp: 1777019314.886451 29.355125 29.355086

*   << Request  >> 11432036  
-   Timestamp      Start: 1777019280.536155 0.000000 0.000000
-   Timestamp      Req: 1777019280.536155 0.000000 0.000000
-   ReqURL         /v2/library/python/blobs/sha256:a793e3c6bce826c77a6bfec52e3e42691937f0e5701d8efa06d32850314d3f30
-   VCL_call       RECV
-   VCL_call       RECV
-   VCL_call       HASH
-   Hit            10985652 3153600000.035750 10.000000 0.000000 0 236030458
-   Timestamp      Waitinglist: 1777019280.572490 0.036334 0.036334
-   VCL_call       HIT
-   VCL_call       DELIVER
-   Timestamp      Process: 1777019280.572497 0.036341 0.000007
-   Timestamp      Resp: 1777019314.886461 34.350306 34.313964

*   << Request  >> 11755558  
-   Timestamp      Start: 1777019280.529204 0.000000 0.000000
-   Timestamp      Req: 1777019280.529204 0.000000 0.000000
-   ReqURL         /v2/library/python/blobs/sha256:a793e3c6bce826c77a6bfec52e3e42691937f0e5701d8efa06d32850314d3f30
-   VCL_call       RECV
-   VCL_call       RECV
-   VCL_call       HASH
-   Hit            10985652 3153600000.042701 10.000000 0.000000 0 236030458
-   Timestamp      Waitinglist: 1777019280.572216 0.043012 0.043012
-   VCL_call       HIT
-   VCL_call       DELIVER
-   Timestamp      Process: 1777019280.572220 0.043015 0.000003
-   Timestamp      Resp: 1777019314.886478 34.357273 34.314258

*   << Request  >> 12210178  
-   Timestamp      Start: 1777019285.527386 0.000000 0.000000
-   Timestamp      Req: 1777019285.527386 0.000000 0.000000
-   ReqURL         /v2/library/python/blobs/sha256:a793e3c6bce826c77a6bfec52e3e42691937f0e5701d8efa06d32850314d3f30
-   VCL_call       RECV
-   VCL_call       RECV
-   VCL_call       HASH
-   Hit            10985652 3153599995.044519 10.000000 0.000000 9783453 236030458
-   VCL_call       HIT
-   VCL_call       DELIVER
-   Timestamp      Process: 1777019285.535897 0.008511 0.008511
-   Timestamp      Resp: 1777019314.886512 29.359125 29.350615

*   << Request  >> 12193794  
-   Timestamp      Start: 1777019285.526894 0.000000 0.000000
-   Timestamp      Req: 1777019285.526894 0.000000 0.000000
-   ReqURL         /v2/library/python/blobs/sha256:a793e3c6bce826c77a6bfec52e3e42691937f0e5701d8efa06d32850314d3f30
-   VCL_call       RECV
-   VCL_call       RECV
-   VCL_call       HASH
-   Hit            10985652 3153599995.045012 10.000000 0.000000 9783453 236030458
-   VCL_call       HIT
-   VCL_call       DELIVER
-   Timestamp      Process: 1777019285.526954 0.000060 0.000060
-   Timestamp      Resp: 1777019314.886513 29.359619 29.359559

*   << Request  >> 12255234  
-   Timestamp      Start: 1777019285.533402 0.000000 0.000000
-   Timestamp      Req: 1777019285.533402 0.000000 0.000000
-   ReqURL         /v2/library/python/blobs/sha256:a793e3c6bce826c77a6bfec52e3e42691937f0e5701d8efa06d32850314d3f30
-   VCL_call       RECV
-   VCL_call       RECV
-   VCL_call       HASH
-   Hit            10985652 3153599995.038504 10.000000 0.000000 9783453 236030458
-   VCL_call       HIT
-   VCL_call       DELIVER
-   Timestamp      Process: 1777019285.533471 0.000069 0.000069
-   Timestamp      Resp: 1777019314.886543 29.353140 29.353071

*   << Request  >> 12124162  
-   Timestamp      Start: 1777019285.530747 0.000000 0.000000
-   Timestamp      Req: 1777019285.530747 0.000000 0.000000
-   ReqURL         /v2/library/python/blobs/sha256:a793e3c6bce826c77a6bfec52e3e42691937f0e5701d8efa06d32850314d3f30
-   VCL_call       RECV
-   VCL_call       RECV
-   VCL_call       HASH
-   Hit            10985652 3153599995.041159 10.000000 0.000000 9783453 236030458
-   VCL_call       HIT
-   VCL_call       DELIVER
-   Timestamp      Process: 1777019285.530800 0.000053 0.000053
-   Timestamp      Resp: 1777019314.886557 29.355810 29.355757

*   << Request  >> 12271618  
-   Timestamp      Start: 1777019285.533894 0.000000 0.000000
-   Timestamp      Req: 1777019285.533894 0.000000 0.000000
-   ReqURL         /v2/library/python/blobs/sha256:a793e3c6bce826c77a6bfec52e3e42691937f0e5701d8efa06d32850314d3f30
-   VCL_call       RECV
-   VCL_call       RECV
-   VCL_call       HASH
-   Hit            10985652 3153599995.038012 10.000000 0.000000 9783453 236030458
-   VCL_call       HIT
-   VCL_call       DELIVER
-   Timestamp      Process: 1777019285.533995 0.000102 0.000102
-   Timestamp      Resp: 1777019314.886571 29.352677 29.352576

*   << Request  >> 12169218  
-   Timestamp      Start: 1777019285.528363 0.000000 0.000000
-   Timestamp      Req: 1777019285.528363 0.000000 0.000000
-   ReqURL         /v2/library/python/blobs/sha256:a793e3c6bce826c77a6bfec52e3e42691937f0e5701d8efa06d32850314d3f30
-   VCL_call       RECV
-   VCL_call       RECV
-   VCL_call       HASH
-   Hit            10985652 3153599995.043542 10.000000 0.000000 9783453 236030458
-   VCL_call       HIT
-   VCL_call       DELIVER
-   Timestamp      Process: 1777019285.528422 0.000058 0.000058
-   Timestamp      Resp: 1777019314.886590 29.358227 29.358169

*   << Request  >> 12111874  
-   Timestamp      Start: 1777019285.530135 0.000000 0.000000
-   Timestamp      Req: 1777019285.530135 0.000000 0.000000
-   ReqURL         /v2/library/python/blobs/sha256:a793e3c6bce826c77a6bfec52e3e42691937f0e5701d8efa06d32850314d3f30
-   VCL_call       RECV
-   VCL_call       RECV
-   VCL_call       HASH
-   Hit            10985652 3153599995.041771 10.000000 0.000000 9783453 236030458
-   VCL_call       HIT
-   VCL_call       DELIVER
-   Timestamp      Process: 1777019285.530204 0.000069 0.000069
-   Timestamp      Resp: 1777019314.886596 29.356461 29.356392

*   << Request  >> 12226562  
-   Timestamp      Start: 1777019285.526394 0.000000 0.000000
-   Timestamp      Req: 1777019285.526394 0.000000 0.000000
-   ReqURL         /v2/library/python/blobs/sha256:a793e3c6bce826c77a6bfec52e3e42691937f0e5701d8efa06d32850314d3f30
-   VCL_call       RECV
-   VCL_call       RECV
-   VCL_call       HASH
-   Hit            10985652 3153599995.045512 10.000000 0.000000 9780557 236030458
-   VCL_call       HIT
-   VCL_call       DELIVER
-   Timestamp      Process: 1777019285.526465 0.000071 0.000071
-   Timestamp      Resp: 1777019314.886624 29.360231 29.360160

*   << Request  >> 12060718  
-   Timestamp      Start: 1777019280.529493 0.000000 0.000000
-   Timestamp      Req: 1777019280.529493 0.000000 0.000000
-   ReqURL         /v2/library/python/blobs/sha256:a793e3c6bce826c77a6bfec52e3e42691937f0e5701d8efa06d32850314d3f30
-   VCL_call       RECV
-   VCL_call       RECV
-   VCL_call       HASH
-   Hit            10985652 3153600000.042413 10.000000 0.000000 0 236030458
-   Timestamp      Waitinglist: 1777019280.572281 0.042788 0.042788
-   VCL_call       HIT
-   VCL_call       DELIVER
-   Timestamp      Process: 1777019280.572289 0.042796 0.000008
-   Timestamp      Resp: 1777019314.886627 34.357134 34.314337

*   << Request  >> 12013621  
-   Timestamp      Start: 1777019285.531737 0.000000 0.000000
-   Timestamp      Req: 1777019285.531737 0.000000 0.000000
-   ReqURL         /v2/library/python/blobs/sha256:a793e3c6bce826c77a6bfec52e3e42691937f0e5701d8efa06d32850314d3f30
-   VCL_call       RECV
-   VCL_call       RECV
-   VCL_call       HASH
-   Hit            10985652 3153599995.040169 10.000000 0.000000 9783453 236030458
-   VCL_call       HIT
-   VCL_call       DELIVER
-   Timestamp      Process: 1777019285.531787 0.000050 0.000050
-   Timestamp      Resp: 1777019314.886649 29.354912 29.354862

*   << Request  >> 10760374  
-   Timestamp      Start: 1777019280.529306 0.000000 0.000000
-   Timestamp      Req: 1777019280.529306 0.000000 0.000000
-   ReqURL         /v2/library/python/blobs/sha256:a793e3c6bce826c77a6bfec52e3e42691937f0e5701d8efa06d32850314d3f30
-   VCL_call       RECV
-   VCL_call       RECV
-   VCL_call       HASH
-   Hit            10985652 3153600000.042600 10.000000 0.000000 0 236030458
-   Timestamp      Waitinglist: 1777019280.572200 0.042893 0.042893
-   VCL_call       HIT
-   VCL_call       DELIVER
-   Timestamp      Process: 1777019280.572211 0.042905 0.000011
-   Timestamp      Resp: 1777019314.886882 34.357576 34.314672

*   << Request  >> 11905072  
-   Timestamp      Start: 1777019285.532407 0.000000 0.000000
-   Timestamp      Req: 1777019285.532407 0.000000 0.000000
-   ReqURL         /v2/library/python/blobs/sha256:a793e3c6bce826c77a6bfec52e3e42691937f0e5701d8efa06d32850314d3f30
-   VCL_call       RECV
-   VCL_call       RECV
-   VCL_call       HASH
-   Hit            10985652 3153599995.039498 10.000000 0.000000 9783453 236030458
-   VCL_call       HIT
-   VCL_call       DELIVER
-   Timestamp      Process: 1777019285.532444 0.000037 0.000037
-   Timestamp      Resp: 1777019314.886886 29.354479 29.354442

*   << Request  >> 11755557  
-   Timestamp      Start: 1777019280.528366 0.000000 0.000000
-   Timestamp      Req: 1777019280.528366 0.000000 0.000000
-   ReqURL         /v2/library/python/blobs/sha256:a793e3c6bce826c77a6bfec52e3e42691937f0e5701d8efa06d32850314d3f30
-   VCL_call       RECV
-   VCL_call       RECV
-   VCL_call       HASH
-   Hit            10985652 3153600000.043540 10.000000 0.000000 0 236030458
-   Timestamp      Waitinglist: 1777019280.572180 0.043814 0.043814
-   VCL_call       HIT
-   VCL_call       DELIVER
-   Timestamp      Process: 1777019280.572183 0.043818 0.000004
-   Timestamp      Resp: 1777019314.886905 34.358539 34.314722

*   << Request  >> 10727601  
-   Timestamp      Start: 1777019285.531102 0.000000 0.000000
-   Timestamp      Req: 1777019285.531102 0.000000 0.000000
-   ReqURL         /v2/library/python/blobs/sha256:a793e3c6bce826c77a6bfec52e3e42691937f0e5701d8efa06d32850314d3f30
-   VCL_call       RECV
-   VCL_call       RECV
-   VCL_call       HASH
-   Hit            10985652 3153599995.040803 10.000000 0.000000 9783453 236030458
-   VCL_call       HIT
-   VCL_call       DELIVER
-   Timestamp      Process: 1777019285.531130 0.000028 0.000028
-   Timestamp      Resp: 1777019314.886925 29.355822 29.355795

*   << Request  >> 12075053  
-   Timestamp      Start: 1777019285.532223 0.000000 0.000000
-   Timestamp      Req: 1777019285.532223 0.000000 0.000000
-   ReqURL         /v2/library/python/blobs/sha256:a793e3c6bce826c77a6bfec52e3e42691937f0e5701d8efa06d32850314d3f30
-   VCL_call       RECV
-   VCL_call       RECV
-   VCL_call       HASH
-   Hit            10985652 3153599995.039682 10.000000 0.000000 9783453 236030458
-   VCL_call       HIT
-   VCL_call       DELIVER
-   Timestamp      Process: 1777019285.532285 0.000062 0.000062
-   Timestamp      Resp: 1777019314.886676 29.354452 29.354390

*   << Request  >> 11929649  
-   Timestamp      Start: 1777019280.529369 0.000000 0.000000
-   Timestamp      Req: 1777019280.529369 0.000000 0.000000
-   ReqURL         /v2/library/python/blobs/sha256:a793e3c6bce826c77a6bfec52e3e42691937f0e5701d8efa06d32850314d3f30
-   VCL_call       RECV
-   VCL_call       RECV
-   VCL_call       HASH
-   Hit            10985652 3153600000.042537 10.000000 0.000000 0 236030458
-   Timestamp      Waitinglist: 1777019280.572369 0.043000 0.043000
-   VCL_call       HIT
-   VCL_call       DELIVER
-   Timestamp      Process: 1777019280.572371 0.043002 0.000003
-   Timestamp      Resp: 1777019314.886936 34.357567 34.314565

*   << Request  >> 11382889  
-   Timestamp      Start: 1777019280.530770 0.000000 0.000000
-   Timestamp      Req: 1777019280.530770 0.000000 0.000000
-   ReqURL         /v2/library/python/blobs/sha256:a793e3c6bce826c77a6bfec52e3e42691937f0e5701d8efa06d32850314d3f30
-   VCL_call       RECV
-   VCL_call       RECV
-   VCL_call       HASH
-   Hit            10985652 3153600000.041136 10.000000 0.000000 0 236030458
-   Timestamp      Waitinglist: 1777019280.572303 0.041534 0.041534
-   VCL_call       HIT
-   VCL_call       DELIVER
-   Timestamp      Process: 1777019280.572306 0.041537 0.000003
-   Timestamp      Resp: 1777019314.886678 34.355908 34.314372

*   << Request  >> 11561060  
-   Timestamp      Start: 1777019280.534866 0.000000 0.000000
-   Timestamp      Req: 1777019280.534866 0.000000 0.000000
-   ReqURL         /v2/library/python/blobs/sha256:a793e3c6bce826c77a6bfec52e3e42691937f0e5701d8efa06d32850314d3f30
-   VCL_call       RECV
-   VCL_call       RECV
-   VCL_call       HASH
-   Hit            10985652 3153600000.037040 10.000000 0.000000 0 236030458
-   Timestamp      Waitinglist: 1777019280.572463 0.037597 0.037597
-   VCL_call       HIT
-   VCL_call       DELIVER
-   Timestamp      Process: 1777019280.572470 0.037604 0.000007
-   Timestamp      Resp: 1777019314.886734 34.351868 34.314264

*   << Request  >> 12115970  
-   Timestamp      Start: 1777019285.530346 0.000000 0.000000
-   Timestamp      Req: 1777019285.530346 0.000000 0.000000
-   ReqURL         /v2/library/python/blobs/sha256:a793e3c6bce826c77a6bfec52e3e42691937f0e5701d8efa06d32850314d3f30
-   VCL_call       RECV
-   VCL_call       RECV
-   VCL_call       HASH
-   Hit            10985652 3153599995.041560 10.000000 0.000000 9783453 236030458
-   VCL_call       HIT
-   VCL_call       DELIVER
-   Timestamp      Process: 1777019285.530395 0.000049 0.000049
-   Timestamp      Resp: 1777019314.886980 29.356635 29.356586

*   << Request  >> 12066856  
-   Timestamp      Start: 1777019285.533021 0.000000 0.000000
-   Timestamp      Req: 1777019285.533021 0.000000 0.000000
-   ReqURL         /v2/library/python/blobs/sha256:a793e3c6bce826c77a6bfec52e3e42691937f0e5701d8efa06d32850314d3f30
-   VCL_call       RECV
-   VCL_call       RECV
-   VCL_call       HASH
-   Hit            10985652 3153599995.038884 10.000000 0.000000 9783453 236030458
-   VCL_call       HIT
-   VCL_call       DELIVER
-   Timestamp      Process: 1777019285.533051 0.000030 0.000030
-   Timestamp      Resp: 1777019314.886746 29.353724 29.353694

*   << Request  >> 11108492  
-   Timestamp      Start: 1777019285.531210 0.000000 0.000000
-   Timestamp      Req: 1777019285.531210 0.000000 0.000000
-   ReqURL         /v2/library/python/blobs/sha256:a793e3c6bce826c77a6bfec52e3e42691937f0e5701d8efa06d32850314d3f30
-   VCL_call       RECV
-   VCL_call       RECV
-   VCL_call       HASH
-   Hit            10985652 3153599995.040696 10.000000 0.000000 9783453 236030458
-   VCL_call       HIT
-   VCL_call       DELIVER
-   Timestamp      Process: 1777019285.531238 0.000028 0.000028
-   Timestamp      Resp: 1777019314.887023 29.355814 29.355785

*   << Request  >> 8068835   
-   Timestamp      Start: 1777019280.530160 0.000000 0.000000
-   Timestamp      Req: 1777019280.530160 0.000000 0.000000
-   ReqURL         /v2/library/python/blobs/sha256:a793e3c6bce826c77a6bfec52e3e42691937f0e5701d8efa06d32850314d3f30
-   VCL_call       RECV
-   VCL_call       RECV
-   VCL_call       HASH
-   Hit            10985652 3153600000.041745 10.000000 0.000000 0 236030458
-   Timestamp      Waitinglist: 1777019280.572538 0.042377 0.042377
-   VCL_call       HIT
-   VCL_call       DELIVER
-   Timestamp      Process: 1777019280.572607 0.042447 0.000069
-   Timestamp      Resp: 1777019314.886763 34.356603 34.314157

*   << Request  >> 11538527  
-   Timestamp      Start: 1777019280.535891 0.000000 0.000000
-   Timestamp      Req: 1777019280.535891 0.000000 0.000000
-   ReqURL         /v2/library/python/blobs/sha256:a793e3c6bce826c77a6bfec52e3e42691937f0e5701d8efa06d32850314d3f30
-   VCL_call       RECV
-   VCL_call       RECV
-   VCL_call       HASH
-   Hit            10985652 3153600000.036015 10.000000 0.000000 0 236030458
-   Timestamp      Waitinglist: 1777019280.572341 0.036450 0.036450
-   VCL_call       HIT
-   VCL_call       DELIVER
-   Timestamp      Process: 1777019280.572344 0.036453 0.000003
-   Timestamp      Resp: 1777019314.886820 34.350929 34.314476

*   << Request  >> 11405421  
-   Timestamp      Start: 1777019280.536679 0.000000 0.000000
-   Timestamp      Req: 1777019280.536679 0.000000 0.000000
-   ReqURL         /v2/library/python/blobs/sha256:a793e3c6bce826c77a6bfec52e3e42691937f0e5701d8efa06d32850314d3f30
-   VCL_call       RECV
-   VCL_call       RECV
-   VCL_call       HASH
-   Hit            10985652 3153600000.035227 10.000000 0.000000 0 236030458
-   Timestamp      Waitinglist: 1777019280.572370 0.035691 0.035691
-   VCL_call       HIT
-   VCL_call       DELIVER
-   Timestamp      Process: 1777019280.572375 0.035696 0.000005
-   Timestamp      Resp: 1777019314.886820 34.350141 34.314445

*   << Request  >> 10746033  
-   Timestamp      Start: 1777019280.536563 0.000000 0.000000
-   Timestamp      Req: 1777019280.536563 0.000000 0.000000
-   ReqURL         /v2/library/python/blobs/sha256:a793e3c6bce826c77a6bfec52e3e42691937f0e5701d8efa06d32850314d3f30
-   VCL_call       RECV
-   VCL_call       RECV
-   VCL_call       HASH
-   Hit            10985652 3153600000.035343 10.000000 0.000000 0 236030458
-   Timestamp      Waitinglist: 1777019280.572395 0.035832 0.035832
-   VCL_call       HIT
-   VCL_call       DELIVER
-   Timestamp      Process: 1777019280.572403 0.035841 0.000009
-   Timestamp      Resp: 1777019314.886660 34.350097 34.314257

