Linux 5.15.0-171-generic (test1orca) 	04/15/26 	_x86_64_	(4 CPU)

19:35:28     CPU    %usr   %nice    %sys %iowait    %irq   %soft  %steal  %guest  %gnice   %idle
19:35:29     all   10.94    0.00    3.56    0.00    0.00    0.51    0.00    0.00    0.00   84.99
19:35:29       0   10.10    0.00    4.04    0.00    0.00    1.01    0.00    0.00    0.00   84.85
19:35:29       1   11.22    0.00    5.10    0.00    0.00    1.02    0.00    0.00    0.00   82.65
19:35:29       2   10.00    0.00    3.00    0.00    0.00    0.00    0.00    0.00    0.00   87.00
19:35:29       3   12.50    0.00    2.08    0.00    0.00    0.00    0.00    0.00    0.00   85.42

19:35:29     CPU    %usr   %nice    %sys %iowait    %irq   %soft  %steal  %guest  %gnice   %idle
19:35:30     all    2.81    0.00    2.30    0.00    0.00    0.00    0.00    0.00    0.00   94.90
19:35:30       0    2.04    0.00    2.04    0.00    0.00    0.00    0.00    0.00    0.00   95.92
19:35:30       1    4.17    0.00    3.12    0.00    0.00    0.00    0.00    0.00    0.00   92.71
19:35:30       2    1.03    0.00    1.03    0.00    0.00    0.00    0.00    0.00    0.00   97.94
19:35:30       3    3.96    0.00    2.97    0.00    0.00    0.00    0.00    0.00    0.00   93.07

19:35:30     CPU    %usr   %nice    %sys %iowait    %irq   %soft  %steal  %guest  %gnice   %idle
19:35:31     all    3.29    0.00    4.30    0.25    0.00    0.25    0.00    0.00    0.00   91.90
19:35:31       0    1.02    0.00    3.06    0.00    0.00    0.00    0.00    0.00    0.00   95.92
19:35:31       1    6.19    0.00    5.15    0.00    0.00    1.03    0.00    0.00    0.00   87.63
19:35:31       2    3.00    0.00    3.00    0.00    0.00    0.00    0.00    0.00    0.00   94.00
19:35:31       3    3.00    0.00    6.00    1.00    0.00    0.00    0.00    0.00    0.00   90.00

19:35:31     CPU    %usr   %nice    %sys %iowait    %irq   %soft  %steal  %guest  %gnice   %idle
19:35:32     all    2.03    0.00    2.53    0.00    0.00    0.00    0.00    0.00    0.00   95.44
19:35:32       0    3.03    0.00    2.02    0.00    0.00    0.00    0.00    0.00    0.00   94.95
19:35:32       1    2.02    0.00    4.04    0.00    0.00    0.00    0.00    0.00    0.00   93.94
19:35:32       2    0.00    0.00    1.02    0.00    0.00    0.00    0.00    0.00    0.00   98.98
19:35:32       3    3.03    0.00    3.03    0.00    0.00    0.00    0.00    0.00    0.00   93.94

19:35:32     CPU    %usr   %nice    %sys %iowait    %irq   %soft  %steal  %guest  %gnice   %idle
19:35:33     all    5.74    0.00    2.74    0.00    0.00    0.25    0.00    0.00    0.00   91.27
19:35:33       0    5.00    0.00    2.00    0.00    0.00    0.00    0.00    0.00    0.00   93.00
19:35:33       1    4.04    0.00    2.02    0.00    0.00    1.01    0.00    0.00    0.00   92.93
19:35:33       2    2.00    0.00    2.00    0.00    0.00    0.00    0.00    0.00    0.00   96.00
19:35:33       3   11.76    0.00    4.90    0.00    0.00    0.00    0.00    0.00    0.00   83.33

19:35:33     CPU    %usr   %nice    %sys %iowait    %irq   %soft  %steal  %guest  %gnice   %idle
19:35:34     all    5.85    0.00    5.34    0.00    0.00    0.00    0.00    0.00    0.00   88.80
19:35:34       0    7.07    0.00    7.07    0.00    0.00    0.00    0.00    0.00    0.00   85.86
19:35:34       1    2.02    0.00    5.05    0.00    0.00    0.00    0.00    0.00    0.00   92.93
19:35:34       2    8.33    0.00    3.12    0.00    0.00    0.00    0.00    0.00    0.00   88.54
19:35:34       3    6.06    0.00    6.06    0.00    0.00    0.00    0.00    0.00    0.00   87.88

19:35:34     CPU    %usr   %nice    %sys %iowait    %irq   %soft  %steal  %guest  %gnice   %idle
19:35:35     all    5.78    0.00    2.01    0.00    0.00    0.25    0.00    0.00    0.00   91.96
19:35:35       0    5.00    0.00    2.00    0.00    0.00    0.00    0.00    0.00    0.00   93.00
19:35:35       1    4.00    0.00    2.00    0.00    0.00    0.00    0.00    0.00    0.00   94.00
19:35:35       2    8.08    0.00    3.03    0.00    0.00    1.01    0.00    0.00    0.00   87.88
19:35:35       3    6.06    0.00    1.01    0.00    0.00    0.00    0.00    0.00    0.00   92.93

19:35:35     CPU    %usr   %nice    %sys %iowait    %irq   %soft  %steal  %guest  %gnice   %idle
19:35:36     all    2.79    0.00    2.54    0.00    0.00    0.00    0.00    0.00    0.00   94.67
19:35:36       0    1.98    0.00    2.97    0.00    0.00    0.00    0.00    0.00    0.00   95.05
19:35:36       1    2.02    0.00    2.02    0.00    0.00    0.00    0.00    0.00    0.00   95.96
19:35:36       2    4.12    0.00    2.06    0.00    0.00    0.00    0.00    0.00    0.00   93.81
19:35:36       3    3.09    0.00    3.09    0.00    0.00    0.00    0.00    0.00    0.00   93.81

19:35:36     CPU    %usr   %nice    %sys %iowait    %irq   %soft  %steal  %guest  %gnice   %idle
19:35:37     all    1.54    0.00    1.54    0.00    0.00    0.00    0.00    0.00    0.00   96.92
19:35:37       0    0.00    0.00    0.00    0.00    0.00    0.00    0.00    0.00    0.00  100.00
19:35:37       1    0.00    0.00    1.02    0.00    0.00    0.00    0.00    0.00    0.00   98.98
19:35:37       2    1.02    0.00    3.06    0.00    0.00    0.00    0.00    0.00    0.00   95.92
19:35:37       3    5.21    0.00    2.08    0.00    0.00    0.00    0.00    0.00    0.00   92.71

19:35:37     CPU    %usr   %nice    %sys %iowait    %irq   %soft  %steal  %guest  %gnice   %idle
19:35:38     all    1.01    0.00    0.76    0.00    0.00    0.00    0.00    0.00    0.00   98.23
19:35:38       0    1.00    0.00    1.00    0.00    0.00    0.00    0.00    0.00    0.00   98.00
19:35:38       1    0.00    0.00    0.00    0.00    0.00    0.00    0.00    0.00    0.00  100.00
19:35:38       2    1.01    0.00    1.01    0.00    0.00    0.00    0.00    0.00    0.00   97.98
19:35:38       3    2.02    0.00    1.01    0.00    0.00    0.00    0.00    0.00    0.00   96.97

19:35:38     CPU    %usr   %nice    %sys %iowait    %irq   %soft  %steal  %guest  %gnice   %idle
19:35:39     all    2.78    0.00    4.29    0.00    0.00    0.25    0.00    0.00    0.00   92.68
19:35:39       0    2.00    0.00    4.00    0.00    0.00    1.00    0.00    0.00    0.00   93.00
19:35:39       1    6.00    0.00    6.00    0.00    0.00    0.00    0.00    0.00    0.00   88.00
19:35:39       2    2.04    0.00    3.06    0.00    0.00    0.00    0.00    0.00    0.00   94.90
19:35:39       3    1.02    0.00    4.08    0.00    0.00    0.00    0.00    0.00    0.00   94.90

19:35:39     CPU    %usr   %nice    %sys %iowait    %irq   %soft  %steal  %guest  %gnice   %idle
19:35:40     all    0.00    0.00    0.76    0.00    0.00    0.00    0.00    0.00    0.00   99.24
19:35:40       0    0.00    0.00    0.00    0.00    0.00    0.00    0.00    0.00    0.00  100.00
19:35:40       1    0.00    0.00    1.01    0.00    0.00    0.00    0.00    0.00    0.00   98.99
19:35:40       2    0.00    0.00    2.00    0.00    0.00    0.00    0.00    0.00    0.00   98.00
19:35:40       3    0.00    0.00    0.00    0.00    0.00    0.00    0.00    0.00    0.00  100.00

19:35:40     CPU    %usr   %nice    %sys %iowait    %irq   %soft  %steal  %guest  %gnice   %idle
19:35:41     all    0.00    0.00    1.51    0.00    0.00    0.00    0.00    0.00    0.00   98.49
19:35:41       0    0.00    0.00    1.00    0.00    0.00    0.00    0.00    0.00    0.00   99.00
19:35:41       1    0.00    0.00    2.02    0.00    0.00    0.00    0.00    0.00    0.00   97.98
19:35:41       2    0.00    0.00    1.02    0.00    0.00    0.00    0.00    0.00    0.00   98.98
19:35:41       3    0.00    0.00    2.00    0.00    0.00    0.00    0.00    0.00    0.00   98.00

19:35:41     CPU    %usr   %nice    %sys %iowait    %irq   %soft  %steal  %guest  %gnice   %idle
19:35:42     all    0.50    0.00    1.26    0.00    0.00    0.00    0.00    0.00    0.00   98.24
19:35:42       0    0.00    0.00    1.00    0.00    0.00    0.00    0.00    0.00    0.00   99.00
19:35:42       1    0.00    0.00    1.02    0.00    0.00    0.00    0.00    0.00    0.00   98.98
19:35:42       2    2.02    0.00    1.01    0.00    0.00    0.00    0.00    0.00    0.00   96.97
19:35:42       3    0.00    0.00    2.00    0.00    0.00    0.00    0.00    0.00    0.00   98.00

19:35:42     CPU    %usr   %nice    %sys %iowait    %irq   %soft  %steal  %guest  %gnice   %idle
19:35:43     all    9.50    0.00    5.00    0.25    0.00    0.25    0.00    0.00    0.00   85.00
19:35:43       0    1.02    0.00    3.06    0.00    0.00    0.00    0.00    0.00    0.00   95.92
19:35:43       1   31.31    0.00    5.05    0.00    0.00    0.00    0.00    0.00    0.00   63.64
19:35:43       2    0.97    0.00    6.80    0.97    0.00    0.97    0.00    0.00    0.00   90.29
19:35:43       3    5.00    0.00    5.00    0.00    0.00    0.00    0.00    0.00    0.00   90.00

19:35:43     CPU    %usr   %nice    %sys %iowait    %irq   %soft  %steal  %guest  %gnice   %idle
19:35:44     all    3.30    0.00    3.05    0.00    0.00    0.00    0.00    0.00    0.00   93.65
19:35:44       0    2.02    0.00    3.03    0.00    0.00    0.00    0.00    0.00    0.00   94.95
19:35:44       1    7.07    0.00    4.04    0.00    0.00    0.00    0.00    0.00    0.00   88.89
19:35:44       2    2.06    0.00    2.06    0.00    0.00    0.00    0.00    0.00    0.00   95.88
19:35:44       3    2.02    0.00    3.03    0.00    0.00    0.00    0.00    0.00    0.00   94.95

19:35:44     CPU    %usr   %nice    %sys %iowait    %irq   %soft  %steal  %guest  %gnice   %idle
19:35:45     all    0.25    0.00    0.51    0.00    0.00    0.00    0.00    0.00    0.00   99.24
19:35:45       0    1.01    0.00    0.00    0.00    0.00    0.00    0.00    0.00    0.00   98.99
19:35:45       1    0.00    0.00    1.02    0.00    0.00    0.00    0.00    0.00    0.00   98.98
19:35:45       2    0.00    0.00    0.00    0.00    0.00    0.00    0.00    0.00    0.00  100.00
19:35:45       3    0.00    0.00    1.01    0.00    0.00    0.00    0.00    0.00    0.00   98.99

19:35:45     CPU    %usr   %nice    %sys %iowait    %irq   %soft  %steal  %guest  %gnice   %idle
19:35:46     all    0.25    0.00    1.01    0.00    0.00    0.00    0.00    0.00    0.00   98.74
19:35:46       0    0.00    0.00    2.00    0.00    0.00    0.00    0.00    0.00    0.00   98.00
19:35:46       1    0.00    0.00    1.01    0.00    0.00    0.00    0.00    0.00    0.00   98.99
19:35:46       2    0.00    0.00    0.00    0.00    0.00    0.00    0.00    0.00    0.00  100.00
19:35:46       3    1.00    0.00    1.00    0.00    0.00    0.00    0.00    0.00    0.00   98.00

19:35:46     CPU    %usr   %nice    %sys %iowait    %irq   %soft  %steal  %guest  %gnice   %idle
19:35:47     all    0.25    0.00    1.50    0.00    0.00    0.00    0.00    0.00    0.00   98.25
19:35:47       0    0.00    0.00    2.00    0.00    0.00    0.00    0.00    0.00    0.00   98.00
19:35:47       1    1.00    0.00    1.00    0.00    0.00    0.00    0.00    0.00    0.00   98.00
19:35:47       2    0.00    0.00    1.00    0.00    0.00    0.00    0.00    0.00    0.00   99.00
19:35:47       3    0.00    0.00    2.00    0.00    0.00    0.00    0.00    0.00    0.00   98.00

19:35:47     CPU    %usr   %nice    %sys %iowait    %irq   %soft  %steal  %guest  %gnice   %idle
19:35:48     all    0.50    0.00    1.25    0.00    0.00    0.00    0.00    0.00    0.00   98.25
19:35:48       0    0.00    0.00    0.00    0.00    0.00    0.00    0.00    0.00    0.00  100.00
19:35:48       1    0.00    0.00    1.01    0.00    0.00    0.00    0.00    0.00    0.00   98.99
19:35:48       2    1.00    0.00    1.00    0.00    0.00    0.00    0.00    0.00    0.00   98.00
19:35:48       3    0.99    0.00    2.97    0.00    0.00    0.00    0.00    0.00    0.00   96.04

19:35:48     CPU    %usr   %nice    %sys %iowait    %irq   %soft  %steal  %guest  %gnice   %idle
19:35:49     all    3.05    0.00    3.56    0.00    0.00    0.00    0.00    0.00    0.00   93.38
19:35:49       0    2.06    0.00    1.03    0.00    0.00    0.00    0.00    0.00    0.00   96.91
19:35:49       1    1.01    0.00    5.05    0.00    0.00    0.00    0.00    0.00    0.00   93.94
19:35:49       2    8.08    0.00    4.04    0.00    0.00    0.00    0.00    0.00    0.00   87.88
19:35:49       3    1.02    0.00    4.08    0.00    0.00    0.00    0.00    0.00    0.00   94.90

19:35:49     CPU    %usr   %nice    %sys %iowait    %irq   %soft  %steal  %guest  %gnice   %idle
19:35:50     all    0.51    0.00    0.51    0.00    0.00    0.00    0.00    0.00    0.00   98.99
19:35:50       0    1.00    0.00    1.00    0.00    0.00    0.00    0.00    0.00    0.00   98.00
19:35:50       1    1.01    0.00    0.00    0.00    0.00    0.00    0.00    0.00    0.00   98.99
19:35:50       2    0.00    0.00    0.00    0.00    0.00    0.00    0.00    0.00    0.00  100.00
19:35:50       3    0.00    0.00    1.02    0.00    0.00    0.00    0.00    0.00    0.00   98.98

19:35:50     CPU    %usr   %nice    %sys %iowait    %irq   %soft  %steal  %guest  %gnice   %idle
19:35:51     all    0.50    0.00    1.26    0.00    0.00    0.00    0.00    0.00    0.00   98.24
19:35:51       0    0.00    0.00    1.02    0.00    0.00    0.00    0.00    0.00    0.00   98.98
19:35:51       1    0.99    0.00    0.99    0.00    0.00    0.00    0.00    0.00    0.00   98.02
19:35:51       2    0.00    0.00    2.02    0.00    0.00    0.00    0.00    0.00    0.00   97.98
19:35:51       3    1.00    0.00    1.00    0.00    0.00    0.00    0.00    0.00    0.00   98.00

19:35:51     CPU    %usr   %nice    %sys %iowait    %irq   %soft  %steal  %guest  %gnice   %idle
19:35:52     all    0.25    0.00    1.50    0.00    0.00    0.00    0.00    0.00    0.00   98.25
19:35:52       0    0.99    0.00    1.98    0.00    0.00    0.00    0.00    0.00    0.00   97.03
19:35:52       1    0.00    0.00    1.01    0.00    0.00    0.00    0.00    0.00    0.00   98.99
19:35:52       2    0.00    0.00    2.00    0.00    0.00    0.00    0.00    0.00    0.00   98.00
19:35:52       3    0.00    0.00    1.01    0.00    0.00    0.00    0.00    0.00    0.00   98.99

19:35:52     CPU    %usr   %nice    %sys %iowait    %irq   %soft  %steal  %guest  %gnice   %idle
19:35:53     all    1.78    0.00    2.04    0.00    0.00    0.00    0.00    0.00    0.00   96.18
19:35:53       0    3.06    0.00    3.06    0.00    0.00    0.00    0.00    0.00    0.00   93.88
19:35:53       1    2.04    0.00    1.02    0.00    0.00    0.00    0.00    0.00    0.00   96.94
19:35:53       2    1.02    0.00    2.04    0.00    0.00    0.00    0.00    0.00    0.00   96.94
19:35:53       3    1.01    0.00    2.02    0.00    0.00    0.00    0.00    0.00    0.00   96.97

19:35:53     CPU    %usr   %nice    %sys %iowait    %irq   %soft  %steal  %guest  %gnice   %idle
19:35:54     all    1.27    0.00    4.05    0.00    0.00    0.25    0.00    0.00    0.00   94.43
19:35:54       0    1.00    0.00    4.00    0.00    0.00    1.00    0.00    0.00    0.00   94.00
19:35:54       1    1.01    0.00    4.04    0.00    0.00    0.00    0.00    0.00    0.00   94.95
19:35:54       2    3.06    0.00    6.12    0.00    0.00    0.00    0.00    0.00    0.00   90.82
19:35:54       3    0.00    0.00    2.04    0.00    0.00    0.00    0.00    0.00    0.00   97.96

19:35:54     CPU    %usr   %nice    %sys %iowait    %irq   %soft  %steal  %guest  %gnice   %idle
19:35:55     all    0.25    0.00    2.00    0.00    0.00    0.00    0.00    0.00    0.00   97.76
19:35:55       0    0.00    0.00    2.00    0.00    0.00    0.00    0.00    0.00    0.00   98.00
19:35:55       1    0.00    0.00    2.02    0.00    0.00    0.00    0.00    0.00    0.00   97.98
19:35:55       2    1.00    0.00    2.00    0.00    0.00    0.00    0.00    0.00    0.00   97.00
19:35:55       3    0.00    0.00    1.96    0.00    0.00    0.00    0.00    0.00    0.00   98.04

19:35:55     CPU    %usr   %nice    %sys %iowait    %irq   %soft  %steal  %guest  %gnice   %idle
19:35:56     all    0.00    0.00    0.51    0.00    0.00    0.00    0.00    0.00    0.00   99.49
19:35:56       0    0.00    0.00    0.00    0.00    0.00    0.00    0.00    0.00    0.00  100.00
19:35:56       1    0.00    0.00    0.00    0.00    0.00    0.00    0.00    0.00    0.00  100.00
19:35:56       2    0.00    0.00    2.02    0.00    0.00    0.00    0.00    0.00    0.00   97.98
19:35:56       3    0.00    0.00    0.00    0.00    0.00    0.00    0.00    0.00    0.00  100.00

19:35:56     CPU    %usr   %nice    %sys %iowait    %irq   %soft  %steal  %guest  %gnice   %idle
19:35:57     all    0.00    0.00    1.01    0.00    0.00    0.00    0.00    0.00    0.00   98.99
19:35:57       0    0.00    0.00    1.98    0.00    0.00    0.00    0.00    0.00    0.00   98.02
19:35:57       1    0.00    0.00    2.02    0.00    0.00    0.00    0.00    0.00    0.00   97.98
19:35:57       2    0.00    0.00    0.00    0.00    0.00    0.00    0.00    0.00    0.00  100.00
19:35:57       3    0.00    0.00    0.00    0.00    0.00    0.00    0.00    0.00    0.00  100.00

19:35:57     CPU    %usr   %nice    %sys %iowait    %irq   %soft  %steal  %guest  %gnice   %idle
19:35:58     all    0.25    0.00    1.01    0.00    0.00    0.00    0.00    0.00    0.00   98.73
19:35:58       0    0.00    0.00    1.02    0.00    0.00    0.00    0.00    0.00    0.00   98.98
19:35:58       1    0.99    0.00    0.99    0.00    0.00    0.00    0.00    0.00    0.00   98.02
19:35:58       2    0.00    0.00    2.04    0.00    0.00    0.00    0.00    0.00    0.00   97.96
19:35:58       3    0.00    0.00    0.00    0.00    0.00    0.00    0.00    0.00    0.00  100.00

19:35:58     CPU    %usr   %nice    %sys %iowait    %irq   %soft  %steal  %guest  %gnice   %idle
19:35:59     all    1.51    0.00    2.02    0.00    0.00    0.00    0.00    0.00    0.00   96.47
19:35:59       0    1.98    0.00    1.98    0.00    0.00    0.00    0.00    0.00    0.00   96.04
19:35:59       1    0.00    0.00    3.06    0.00    0.00    0.00    0.00    0.00    0.00   96.94
19:35:59       2    2.02    0.00    1.01    0.00    0.00    0.00    0.00    0.00    0.00   96.97
19:35:59       3    2.02    0.00    2.02    0.00    0.00    0.00    0.00    0.00    0.00   95.96

19:35:59     CPU    %usr   %nice    %sys %iowait    %irq   %soft  %steal  %guest  %gnice   %idle
19:36:00     all    1.51    0.00    2.26    0.00    0.00    0.00    0.00    0.00    0.00   96.23
19:36:00       0    1.00    0.00    4.00    0.00    0.00    0.00    0.00    0.00    0.00   95.00
19:36:00       1    1.01    0.00    2.02    0.00    0.00    0.00    0.00    0.00    0.00   96.97
19:36:00       2    1.00    0.00    2.00    0.00    0.00    0.00    0.00    0.00    0.00   97.00
19:36:00       3    3.03    0.00    1.01    0.00    0.00    0.00    0.00    0.00    0.00   95.96

19:36:00     CPU    %usr   %nice    %sys %iowait    %irq   %soft  %steal  %guest  %gnice   %idle
19:36:01     all    0.51    0.00    0.51    0.00    0.00    0.00    0.00    0.00    0.00   98.99
19:36:01       0    1.01    0.00    1.01    0.00    0.00    0.00    0.00    0.00    0.00   97.98
19:36:01       1    1.01    0.00    0.00    0.00    0.00    0.00    0.00    0.00    0.00   98.99
19:36:01       2    0.00    0.00    1.02    0.00    0.00    0.00    0.00    0.00    0.00   98.98
19:36:01       3    0.00    0.00    0.00    0.00    0.00    0.00    0.00    0.00    0.00  100.00

19:36:01     CPU    %usr   %nice    %sys %iowait    %irq   %soft  %steal  %guest  %gnice   %idle
19:36:02     all    0.25    0.00    1.01    0.00    0.00    0.00    0.00    0.00    0.00   98.74
19:36:02       0    0.00    0.00    2.02    0.00    0.00    0.00    0.00    0.00    0.00   97.98
19:36:02       1    0.00    0.00    0.00    0.00    0.00    0.00    0.00    0.00    0.00  100.00
19:36:02       2    1.01    0.00    1.01    0.00    0.00    0.00    0.00    0.00    0.00   97.98
19:36:02       3    0.00    0.00    1.00    0.00    0.00    0.00    0.00    0.00    0.00   99.00

19:36:02     CPU    %usr   %nice    %sys %iowait    %irq   %soft  %steal  %guest  %gnice   %idle
19:36:03     all    0.25    0.00    1.01    0.25    0.00    0.00    0.00    0.00    0.00   98.48
19:36:03       0    0.00    0.00    1.01    0.00    0.00    0.00    0.00    0.00    0.00   98.99
19:36:03       1    0.00    0.00    1.01    0.00    0.00    0.00    0.00    0.00    0.00   98.99
19:36:03       2    1.00    0.00    1.00    1.00    0.00    0.00    0.00    0.00    0.00   97.00
19:36:03       3    0.00    0.00    1.02    0.00    0.00    0.00    0.00    0.00    0.00   98.98

19:36:03     CPU    %usr   %nice    %sys %iowait    %irq   %soft  %steal  %guest  %gnice   %idle
19:36:04     all    0.25    0.00    1.25    0.00    0.00    0.00    0.00    0.00    0.00   98.50
19:36:04       0    1.00    0.00    0.00    0.00    0.00    0.00    0.00    0.00    0.00   99.00
19:36:04       1    0.00    0.00    2.00    0.00    0.00    0.00    0.00    0.00    0.00   98.00
19:36:04       2    0.00    0.00    1.00    0.00    0.00    0.00    0.00    0.00    0.00   99.00
19:36:04       3    0.00    0.00    2.02    0.00    0.00    0.00    0.00    0.00    0.00   97.98

19:36:04     CPU    %usr   %nice    %sys %iowait    %irq   %soft  %steal  %guest  %gnice   %idle
19:36:05     all    2.29    0.00    3.05    0.00    0.00    0.00    0.00    0.00    0.00   94.66
19:36:05       0    1.03    0.00    3.09    0.00    0.00    0.00    0.00    0.00    0.00   95.88
19:36:05       1    5.10    0.00    3.06    0.00    0.00    0.00    0.00    0.00    0.00   91.84
19:36:05       2    1.03    0.00    3.09    0.00    0.00    0.00    0.00    0.00    0.00   95.88
19:36:05       3    1.98    0.00    2.97    0.00    0.00    0.00    0.00    0.00    0.00   95.05

19:36:05     CPU    %usr   %nice    %sys %iowait    %irq   %soft  %steal  %guest  %gnice   %idle
19:36:06     all    0.25    0.00    0.76    0.00    0.00    0.00    0.00    0.00    0.00   98.99
19:36:06       0    1.00    0.00    0.00    0.00    0.00    0.00    0.00    0.00    0.00   99.00
19:36:06       1    0.00    0.00    0.00    0.00    0.00    0.00    0.00    0.00    0.00  100.00
19:36:06       2    0.00    0.00    2.02    0.00    0.00    0.00    0.00    0.00    0.00   97.98
19:36:06       3    0.00    0.00    1.02    0.00    0.00    0.00    0.00    0.00    0.00   98.98

19:36:06     CPU    %usr   %nice    %sys %iowait    %irq   %soft  %steal  %guest  %gnice   %idle
19:36:07     all    0.25    0.00    1.25    0.00    0.00    0.00    0.00    0.00    0.00   98.50
19:36:07       0    0.00    0.00    1.00    0.00    0.00    0.00    0.00    0.00    0.00   99.00
19:36:07       1    0.99    0.00    0.99    0.00    0.00    0.00    0.00    0.00    0.00   98.02
19:36:07       2    0.00    0.00    3.00    0.00    0.00    0.00    0.00    0.00    0.00   97.00
19:36:07       3    0.00    0.00    0.00    0.00    0.00    0.00    0.00    0.00    0.00  100.00

19:36:07     CPU    %usr   %nice    %sys %iowait    %irq   %soft  %steal  %guest  %gnice   %idle
19:36:08     all    1.01    0.00    0.75    0.00    0.00    0.25    0.00    0.00    0.00   97.99
19:36:08       0    1.00    0.00    1.00    0.00    0.00    0.00    0.00    0.00    0.00   98.00
19:36:08       1    0.00    0.00    0.00    0.00    0.00    1.00    0.00    0.00    0.00   99.00
19:36:08       2    1.02    0.00    1.02    0.00    0.00    0.00    0.00    0.00    0.00   97.96
19:36:08       3    2.00    0.00    1.00    0.00    0.00    0.00    0.00    0.00    0.00   97.00

19:36:08     CPU    %usr   %nice    %sys %iowait    %irq   %soft  %steal  %guest  %gnice   %idle
19:36:09     all    0.00    0.00    0.51    0.00    0.00    0.00    0.00    0.00    0.00   99.49
19:36:09       0    0.00    0.00    0.00    0.00    0.00    0.00    0.00    0.00    0.00  100.00
19:36:09       1    0.00    0.00    0.00    0.00    0.00    0.00    0.00    0.00    0.00  100.00
19:36:09       2    0.00    0.00    2.04    0.00    0.00    0.00    0.00    0.00    0.00   97.96
19:36:09       3    0.00    0.00    0.00    0.00    0.00    0.00    0.00    0.00    0.00  100.00

19:36:09     CPU    %usr   %nice    %sys %iowait    %irq   %soft  %steal  %guest  %gnice   %idle
19:36:10     all    3.29    0.00    2.28    0.00    0.00    0.00    0.00    0.00    0.00   94.43
19:36:10       0    2.04    0.00    2.04    0.00    0.00    0.00    0.00    0.00    0.00   95.92
19:36:10       1    2.04    0.00    1.02    0.00    0.00    0.00    0.00    0.00    0.00   96.94
19:36:10       2    4.00    0.00    3.00    0.00    0.00    0.00    0.00    0.00    0.00   93.00
19:36:10       3    5.05    0.00    3.03    0.00    0.00    0.00    0.00    0.00    0.00   91.92

19:36:10     CPU    %usr   %nice    %sys %iowait    %irq   %soft  %steal  %guest  %gnice   %idle
19:36:11     all    0.00    0.00    1.27    0.00    0.00    0.00    0.00    0.00    0.00   98.73
19:36:11       0    0.00    0.00    0.00    0.00    0.00    0.00    0.00    0.00    0.00  100.00
19:36:11       1    0.00    0.00    1.01    0.00    0.00    0.00    0.00    0.00    0.00   98.99
19:36:11       2    0.00    0.00    2.02    0.00    0.00    0.00    0.00    0.00    0.00   97.98
19:36:11       3    0.00    0.00    2.00    0.00    0.00    0.00    0.00    0.00    0.00   98.00

19:36:11     CPU    %usr   %nice    %sys %iowait    %irq   %soft  %steal  %guest  %gnice   %idle
19:36:12     all    1.26    0.00    0.50    0.00    0.00    0.00    0.00    0.00    0.00   98.24
19:36:12       0    2.00    0.00    1.00    0.00    0.00    0.00    0.00    0.00    0.00   97.00
19:36:12       1    2.00    0.00    0.00    0.00    0.00    0.00    0.00    0.00    0.00   98.00
19:36:12       2    1.01    0.00    1.01    0.00    0.00    0.00    0.00    0.00    0.00   97.98
19:36:12       3    0.00    0.00    0.00    0.00    0.00    0.00    0.00    0.00    0.00  100.00

19:36:12     CPU    %usr   %nice    %sys %iowait    %irq   %soft  %steal  %guest  %gnice   %idle
19:36:13     all    0.25    0.00    0.76    0.00    0.00    0.00    0.00    0.00    0.00   98.99
19:36:13       0    0.00    0.00    1.02    0.00    0.00    0.00    0.00    0.00    0.00   98.98
19:36:13       1    0.00    0.00    1.02    0.00    0.00    0.00    0.00    0.00    0.00   98.98
19:36:13       2    1.00    0.00    0.00    0.00    0.00    0.00    0.00    0.00    0.00   99.00
19:36:13       3    0.00    0.00    1.01    0.00    0.00    0.00    0.00    0.00    0.00   98.99

19:36:13     CPU    %usr   %nice    %sys %iowait    %irq   %soft  %steal  %guest  %gnice   %idle
19:36:14     all    0.00    0.00    0.76    0.00    0.00    0.25    0.00    0.00    0.00   98.99
19:36:14       0    0.00    0.00    2.00    0.00    0.00    1.00    0.00    0.00    0.00   97.00
19:36:14       1    0.00    0.00    0.00    0.00    0.00    0.00    0.00    0.00    0.00  100.00
19:36:14       2    0.00    0.00    0.00    0.00    0.00    0.00    0.00    0.00    0.00  100.00
19:36:14       3    0.00    0.00    1.00    0.00    0.00    0.00    0.00    0.00    0.00   99.00

19:36:14     CPU    %usr   %nice    %sys %iowait    %irq   %soft  %steal  %guest  %gnice   %idle
19:36:15     all    3.49    0.00    4.74    0.00    0.00    0.00    0.00    0.00    0.00   91.77
19:36:15       0    5.88    0.00    4.90    0.00    0.00    0.00    0.00    0.00    0.00   89.22
19:36:15       1    2.00    0.00    4.00    0.00    0.00    0.00    0.00    0.00    0.00   94.00
19:36:15       2    5.00    0.00    5.00    0.00    0.00    0.00    0.00    0.00    0.00   90.00
19:36:15       3    1.01    0.00    5.05    0.00    0.00    0.00    0.00    0.00    0.00   93.94

19:36:15     CPU    %usr   %nice    %sys %iowait    %irq   %soft  %steal  %guest  %gnice   %idle
19:36:16     all    0.25    0.00    1.26    0.00    0.00    0.00    0.00    0.00    0.00   98.49
19:36:16       0    0.00    0.00    0.00    0.00    0.00    0.00    0.00    0.00    0.00  100.00
19:36:16       1    0.00    0.00    2.00    0.00    0.00    0.00    0.00    0.00    0.00   98.00
19:36:16       2    1.01    0.00    1.01    0.00    0.00    0.00    0.00    0.00    0.00   97.98
19:36:16       3    0.00    0.00    2.00    0.00    0.00    0.00    0.00    0.00    0.00   98.00

19:36:16     CPU    %usr   %nice    %sys %iowait    %irq   %soft  %steal  %guest  %gnice   %idle
19:36:17     all    0.50    0.00    1.01    0.00    0.00    0.00    0.00    0.00    0.00   98.49
19:36:17       0    0.00    0.00    0.00    0.00    0.00    0.00    0.00    0.00    0.00  100.00
19:36:17       1    0.00    0.00    3.00    0.00    0.00    0.00    0.00    0.00    0.00   97.00
19:36:17       2    1.01    0.00    1.01    0.00    0.00    0.00    0.00    0.00    0.00   97.98
19:36:17       3    1.01    0.00    0.00    0.00    0.00    0.00    0.00    0.00    0.00   98.99

19:36:17     CPU    %usr   %nice    %sys %iowait    %irq   %soft  %steal  %guest  %gnice   %idle
19:36:18     all    0.50    0.00    1.50    0.25    0.00    0.00    0.00    0.00    0.00   97.76
19:36:18       0    1.00    0.00    1.00    0.00    0.00    0.00    0.00    0.00    0.00   98.00
19:36:18       1    0.00    0.00    2.97    0.00    0.00    0.00    0.00    0.00    0.00   97.03
19:36:18       2    0.99    0.00    0.99    0.99    0.00    0.00    0.00    0.00    0.00   97.03
19:36:18       3    0.00    0.00    1.01    0.00    0.00    0.00    0.00    0.00    0.00   98.99

19:36:18     CPU    %usr   %nice    %sys %iowait    %irq   %soft  %steal  %guest  %gnice   %idle
19:36:19     all    0.25    0.00    1.26    0.00    0.00    0.00    0.00    0.00    0.00   98.49
19:36:19       0    0.00    0.00    1.01    0.00    0.00    0.00    0.00    0.00    0.00   98.99
19:36:19       1    0.00    0.00    3.00    0.00    0.00    0.00    0.00    0.00    0.00   97.00
19:36:19       2    1.01    0.00    0.00    0.00    0.00    0.00    0.00    0.00    0.00   98.99
19:36:19       3    0.00    0.00    1.01    0.00    0.00    0.00    0.00    0.00    0.00   98.99

19:36:19     CPU    %usr   %nice    %sys %iowait    %irq   %soft  %steal  %guest  %gnice   %idle
19:36:20     all    3.29    0.00    3.29    0.00    0.00    0.00    0.00    0.00    0.00   93.42
19:36:20       0    3.03    0.00    3.03    0.00    0.00    0.00    0.00    0.00    0.00   93.94
19:36:20       1    1.03    0.00    2.06    0.00    0.00    0.00    0.00    0.00    0.00   96.91
19:36:20       2    3.03    0.00    4.04    0.00    0.00    0.00    0.00    0.00    0.00   92.93
19:36:20       3    6.00    0.00    4.00    0.00    0.00    0.00    0.00    0.00    0.00   90.00

19:36:20     CPU    %usr   %nice    %sys %iowait    %irq   %soft  %steal  %guest  %gnice   %idle
19:36:21     all    0.00    0.00    1.51    0.00    0.00    0.00    0.00    0.00    0.00   98.49
19:36:21       0    0.00    0.00    1.01    0.00    0.00    0.00    0.00    0.00    0.00   98.99
19:36:21       1    0.00    0.00    1.01    0.00    0.00    0.00    0.00    0.00    0.00   98.99
19:36:21       2    0.00    0.00    2.00    0.00    0.00    0.00    0.00    0.00    0.00   98.00
19:36:21       3    0.00    0.00    2.02    0.00    0.00    0.00    0.00    0.00    0.00   97.98

19:36:21     CPU    %usr   %nice    %sys %iowait    %irq   %soft  %steal  %guest  %gnice   %idle
19:36:22     all    0.00    0.00    0.76    0.00    0.00    0.00    0.00    0.00    0.00   99.24
19:36:22       0    0.00    0.00    1.00    0.00    0.00    0.00    0.00    0.00    0.00   99.00
19:36:22       1    0.00    0.00    1.01    0.00    0.00    0.00    0.00    0.00    0.00   98.99
19:36:22       2    0.00    0.00    1.02    0.00    0.00    0.00    0.00    0.00    0.00   98.98
19:36:22       3    0.00    0.00    0.00    0.00    0.00    0.00    0.00    0.00    0.00  100.00

19:36:22     CPU    %usr   %nice    %sys %iowait    %irq   %soft  %steal  %guest  %gnice   %idle
19:36:23     all    0.25    0.00    0.25    0.00    0.00    0.00    0.00    0.00    0.00   99.49
19:36:23       0    0.00    0.00    0.00    0.00    0.00    0.00    0.00    0.00    0.00  100.00
19:36:23       1    1.01    0.00    0.00    0.00    0.00    0.00    0.00    0.00    0.00   98.99
19:36:23       2    0.00    0.00    1.02    0.00    0.00    0.00    0.00    0.00    0.00   98.98
19:36:23       3    0.00    0.00    0.00    0.00    0.00    0.00    0.00    0.00    0.00  100.00

19:36:23     CPU    %usr   %nice    %sys %iowait    %irq   %soft  %steal  %guest  %gnice   %idle
19:36:24     all    0.75    0.00    1.25    0.00    0.00    0.00    0.00    0.00    0.00   98.00
19:36:24       0    0.99    0.00    0.99    0.00    0.00    0.00    0.00    0.00    0.00   98.02
19:36:24       1    0.00    0.00    1.01    0.00    0.00    0.00    0.00    0.00    0.00   98.99
19:36:24       2    1.01    0.00    2.02    0.00    0.00    0.00    0.00    0.00    0.00   96.97
19:36:24       3    0.99    0.00    0.99    0.00    0.00    0.00    0.00    0.00    0.00   98.02

19:36:24     CPU    %usr   %nice    %sys %iowait    %irq   %soft  %steal  %guest  %gnice   %idle
19:36:25     all    2.53    0.00    3.80    0.00    0.00    0.00    0.00    0.00    0.00   93.67
19:36:25       0    2.97    0.00    4.95    0.00    0.00    0.00    0.00    0.00    0.00   92.08
19:36:25       1    4.08    0.00    6.12    0.00    0.00    0.00    0.00    0.00    0.00   89.80
19:36:25       2    2.04    0.00    2.04    0.00    0.00    0.00    0.00    0.00    0.00   95.92
19:36:25       3    1.02    0.00    2.04    0.00    0.00    0.00    0.00    0.00    0.00   96.94

19:36:25     CPU    %usr   %nice    %sys %iowait    %irq   %soft  %steal  %guest  %gnice   %idle
19:36:26     all    0.50    0.00    1.26    0.00    0.00    0.00    0.00    0.00    0.00   98.24
19:36:26       0    0.00    0.00    2.02    0.00    0.00    0.00    0.00    0.00    0.00   97.98
19:36:26       1    0.00    0.00    1.98    0.00    0.00    0.00    0.00    0.00    0.00   98.02
19:36:26       2    1.01    0.00    0.00    0.00    0.00    0.00    0.00    0.00    0.00   98.99
19:36:26       3    1.01    0.00    1.01    0.00    0.00    0.00    0.00    0.00    0.00   97.98

19:36:26     CPU    %usr   %nice    %sys %iowait    %irq   %soft  %steal  %guest  %gnice   %idle
19:36:27     all    0.75    0.00    1.25    0.00    0.00    0.00    0.00    0.00    0.00   98.00
19:36:27       0    0.00    0.00    1.01    0.00    0.00    0.00    0.00    0.00    0.00   98.99
19:36:27       1    1.00    0.00    0.00    0.00    0.00    0.00    0.00    0.00    0.00   99.00
19:36:27       2    0.00    0.00    1.98    0.00    0.00    0.00    0.00    0.00    0.00   98.02
19:36:27       3    1.98    0.00    1.98    0.00    0.00    0.00    0.00    0.00    0.00   96.04

19:36:27     CPU    %usr   %nice    %sys %iowait    %irq   %soft  %steal  %guest  %gnice   %idle
19:36:28     all    0.00    0.00    1.01    0.00    0.00    0.00    0.00    0.00    0.00   98.99
19:36:28       0    0.00    0.00    1.01    0.00    0.00    0.00    0.00    0.00    0.00   98.99
19:36:28       1    0.00    0.00    0.00    0.00    0.00    0.00    0.00    0.00    0.00  100.00
19:36:28       2    0.00    0.00    1.01    0.00    0.00    0.00    0.00    0.00    0.00   98.99
19:36:28       3    0.00    0.00    2.02    0.00    0.00    0.00    0.00    0.00    0.00   97.98

19:36:28     CPU    %usr   %nice    %sys %iowait    %irq   %soft  %steal  %guest  %gnice   %idle
19:36:29     all    0.00    0.00    1.01    0.00    0.00    0.00    0.00    0.00    0.00   98.99
19:36:29       0    0.00    0.00    0.00    0.00    0.00    0.00    0.00    0.00    0.00  100.00
19:36:29       1    0.00    0.00    1.01    0.00    0.00    0.00    0.00    0.00    0.00   98.99
19:36:29       2    0.00    0.00    3.00    0.00    0.00    0.00    0.00    0.00    0.00   97.00
19:36:29       3    0.00    0.00    0.00    0.00    0.00    0.00    0.00    0.00    0.00  100.00

19:36:29     CPU    %usr   %nice    %sys %iowait    %irq   %soft  %steal  %guest  %gnice   %idle
19:36:30     all    3.54    0.00    3.54    0.00    0.00    0.00    0.00    0.00    0.00   92.91
19:36:30       0    4.04    0.00    4.04    0.00    0.00    0.00    0.00    0.00    0.00   91.92
19:36:30       1    3.03    0.00    5.05    0.00    0.00    0.00    0.00    0.00    0.00   91.92
19:36:30       2    2.04    0.00    3.06    0.00    0.00    0.00    0.00    0.00    0.00   94.90
19:36:30       3    5.05    0.00    2.02    0.00    0.00    0.00    0.00    0.00    0.00   92.93

19:36:30     CPU    %usr   %nice    %sys %iowait    %irq   %soft  %steal  %guest  %gnice   %idle
19:36:31     all    0.00    0.00    1.01    0.00    0.00    0.25    0.00    0.00    0.00   98.73
19:36:31       0    0.00    0.00    0.00    0.00    0.00    0.00    0.00    0.00    0.00  100.00
19:36:31       1    0.00    0.00    2.04    0.00    0.00    0.00    0.00    0.00    0.00   97.96
19:36:31       2    0.00    0.00    1.03    0.00    0.00    0.00    0.00    0.00    0.00   98.97
19:36:31       3    0.00    0.00    0.99    0.00    0.00    0.99    0.00    0.00    0.00   98.02

19:36:31     CPU    %usr   %nice    %sys %iowait    %irq   %soft  %steal  %guest  %gnice   %idle
19:36:32     all    0.25    0.00    0.51    0.00    0.00    0.00    0.00    0.00    0.00   99.24
19:36:32       0    0.00    0.00    0.00    0.00    0.00    0.00    0.00    0.00    0.00  100.00
19:36:32       1    1.01    0.00    0.00    0.00    0.00    0.00    0.00    0.00    0.00   98.99
19:36:32       2    0.00    0.00    1.01    0.00    0.00    0.00    0.00    0.00    0.00   98.99
19:36:32       3    0.00    0.00    1.02    0.00    0.00    0.00    0.00    0.00    0.00   98.98

19:36:32     CPU    %usr   %nice    %sys %iowait    %irq   %soft  %steal  %guest  %gnice   %idle
19:36:33     all    0.50    0.00    1.01    0.00    0.00    0.00    0.00    0.00    0.00   98.49
19:36:33       0    0.00    0.00    0.00    0.00    0.00    0.00    0.00    0.00    0.00  100.00
19:36:33       1    0.99    0.00    1.98    0.00    0.00    0.00    0.00    0.00    0.00   97.03
19:36:33       2    1.00    0.00    2.00    0.00    0.00    0.00    0.00    0.00    0.00   97.00
19:36:33       3    0.00    0.00    0.00    0.00    0.00    0.00    0.00    0.00    0.00  100.00

19:36:33     CPU    %usr   %nice    %sys %iowait    %irq   %soft  %steal  %guest  %gnice   %idle
19:36:34     all    2.78    0.00    2.78    0.00    0.00    0.00    0.00    0.00    0.00   94.43
19:36:34       0    2.97    0.00    2.97    0.00    0.00    0.00    0.00    0.00    0.00   94.06
19:36:34       1    2.04    0.00    2.04    0.00    0.00    0.00    0.00    0.00    0.00   95.92
19:36:34       2    5.10    0.00    3.06    0.00    0.00    0.00    0.00    0.00    0.00   91.84
19:36:34       3    1.02    0.00    3.06    0.00    0.00    0.00    0.00    0.00    0.00   95.92

19:36:34     CPU    %usr   %nice    %sys %iowait    %irq   %soft  %steal  %guest  %gnice   %idle
19:36:35     all    0.00    0.00    1.01    0.00    0.00    0.00    0.00    0.00    0.00   98.99
19:36:35       0    0.00    0.00    0.00    0.00    0.00    0.00    0.00    0.00    0.00  100.00
19:36:35       1    0.00    0.00    0.00    0.00    0.00    0.00    0.00    0.00    0.00  100.00
19:36:35       2    0.00    0.00    3.06    0.00    0.00    0.00    0.00    0.00    0.00   96.94
19:36:35       3    0.00    0.00    1.00    0.00    0.00    0.00    0.00    0.00    0.00   99.00

19:36:35     CPU    %usr   %nice    %sys %iowait    %irq   %soft  %steal  %guest  %gnice   %idle
19:36:36     all    2.28    0.00    3.81    0.00    0.00    0.25    0.00    0.00    0.00   93.65
19:36:36       0    4.04    0.00    4.04    0.00    0.00    1.01    0.00    0.00    0.00   90.91
19:36:36       1    1.03    0.00    5.15    0.00    0.00    0.00    0.00    0.00    0.00   93.81
19:36:36       2    2.02    0.00    4.04    0.00    0.00    0.00    0.00    0.00    0.00   93.94
19:36:36       3    2.02    0.00    2.02    0.00    0.00    0.00    0.00    0.00    0.00   95.96

19:36:36     CPU    %usr   %nice    %sys %iowait    %irq   %soft  %steal  %guest  %gnice   %idle
19:36:37     all    0.25    0.00    0.51    0.00    0.00    0.00    0.00    0.00    0.00   99.24
19:36:37       0    0.00    0.00    0.00    0.00    0.00    0.00    0.00    0.00    0.00  100.00
19:36:37       1    1.01    0.00    1.01    0.00    0.00    0.00    0.00    0.00    0.00   97.98
19:36:37       2    0.00    0.00    1.02    0.00    0.00    0.00    0.00    0.00    0.00   98.98
19:36:37       3    0.00    0.00    0.00    0.00    0.00    0.00    0.00    0.00    0.00  100.00

19:36:37     CPU    %usr   %nice    %sys %iowait    %irq   %soft  %steal  %guest  %gnice   %idle
19:36:38     all    0.50    0.00    1.50    0.25    0.00    0.00    0.00    0.00    0.00   97.76
19:36:38       0    0.00    0.00    0.00    0.00    0.00    0.00    0.00    0.00    0.00  100.00
19:36:38       1    1.01    0.00    1.01    0.00    0.00    0.00    0.00    0.00    0.00   97.98
19:36:38       2    0.98    0.00    1.96    0.98    0.00    0.00    0.00    0.00    0.00   96.08
19:36:38       3    0.00    0.00    2.97    0.00    0.00    0.00    0.00    0.00    0.00   97.03

19:36:38     CPU    %usr   %nice    %sys %iowait    %irq   %soft  %steal  %guest  %gnice   %idle
19:36:39     all    0.75    0.00    1.25    0.00    0.00    0.00    0.00    0.00    0.00   97.99
19:36:39       0    0.99    0.00    0.99    0.00    0.00    0.00    0.00    0.00    0.00   98.02
19:36:39       1    1.00    0.00    2.00    0.00    0.00    0.00    0.00    0.00    0.00   97.00
19:36:39       2    0.00    0.00    1.01    0.00    0.00    0.00    0.00    0.00    0.00   98.99
19:36:39       3    1.01    0.00    1.01    0.00    0.00    0.00    0.00    0.00    0.00   97.98

19:36:39     CPU    %usr   %nice    %sys %iowait    %irq   %soft  %steal  %guest  %gnice   %idle
19:36:40     all    0.00    0.00    0.51    0.00    0.00    0.00    0.00    0.00    0.00   99.49
19:36:40       0    0.00    0.00    0.00    0.00    0.00    0.00    0.00    0.00    0.00  100.00
19:36:40       1    0.00    0.00    1.02    0.00    0.00    0.00    0.00    0.00    0.00   98.98
19:36:40       2    0.00    0.00    1.02    0.00    0.00    0.00    0.00    0.00    0.00   98.98
19:36:40       3    0.00    0.00    0.00    0.00    0.00    0.00    0.00    0.00    0.00  100.00

19:36:40     CPU    %usr   %nice    %sys %iowait    %irq   %soft  %steal  %guest  %gnice   %idle
19:36:41     all    3.25    0.00    4.00    0.00    0.00    0.00    0.00    0.00    0.00   92.75
19:36:41       0    3.00    0.00    3.00    0.00    0.00    0.00    0.00    0.00    0.00   94.00
19:36:41       1    3.92    0.00    5.88    0.00    0.00    0.00    0.00    0.00    0.00   90.20
19:36:41       2    1.01    0.00    2.02    0.00    0.00    0.00    0.00    0.00    0.00   96.97
19:36:41       3    5.05    0.00    5.05    0.00    0.00    0.00    0.00    0.00    0.00   89.90

19:36:41     CPU    %usr   %nice    %sys %iowait    %irq   %soft  %steal  %guest  %gnice   %idle
19:36:42     all    0.00    0.00    1.26    0.00    0.00    0.00    0.00    0.00    0.00   98.74
19:36:42       0    0.00    0.00    1.01    0.00    0.00    0.00    0.00    0.00    0.00   98.99
19:36:42       1    0.00    0.00    1.01    0.00    0.00    0.00    0.00    0.00    0.00   98.99
19:36:42       2    0.00    0.00    1.01    0.00    0.00    0.00    0.00    0.00    0.00   98.99
19:36:42       3    0.00    0.00    2.00    0.00    0.00    0.00    0.00    0.00    0.00   98.00

19:36:42     CPU    %usr   %nice    %sys %iowait    %irq   %soft  %steal  %guest  %gnice   %idle
19:36:43     all    0.50    0.00    1.25    0.00    0.00    0.00    0.00    0.00    0.00   98.25
19:36:43       0    0.00    0.00    1.98    0.00    0.00    0.00    0.00    0.00    0.00   98.02
19:36:43       1    0.00    0.00    1.01    0.00    0.00    0.00    0.00    0.00    0.00   98.99
19:36:43       2    1.01    0.00    1.01    0.00    0.00    0.00    0.00    0.00    0.00   97.98
19:36:43       3    0.99    0.00    0.99    0.00    0.00    0.00    0.00    0.00    0.00   98.02

19:36:43     CPU    %usr   %nice    %sys %iowait    %irq   %soft  %steal  %guest  %gnice   %idle
19:36:44     all    0.50    0.00    1.26    0.00    0.00    0.00    0.00    0.00    0.00   98.24
19:36:44       0    0.00    0.00    0.00    0.00    0.00    0.00    0.00    0.00    0.00  100.00
19:36:44       1    1.01    0.00    1.01    0.00    0.00    0.00    0.00    0.00    0.00   97.98
19:36:44       2    0.00    0.00    3.96    0.00    0.00    0.00    0.00    0.00    0.00   96.04
19:36:44       3    1.01    0.00    0.00    0.00    0.00    0.00    0.00    0.00    0.00   98.99

19:36:44     CPU    %usr   %nice    %sys %iowait    %irq   %soft  %steal  %guest  %gnice   %idle
19:36:45     all    0.50    0.00    1.00    0.00    0.00    0.00    0.00    0.00    0.00   98.50
19:36:45       0    0.99    0.00    1.98    0.00    0.00    0.00    0.00    0.00    0.00   97.03
19:36:45       1    1.00    0.00    1.00    0.00    0.00    0.00    0.00    0.00    0.00   98.00
19:36:45       2    0.00    0.00    0.00    0.00    0.00    0.00    0.00    0.00    0.00  100.00
19:36:45       3    0.00    0.00    1.00    0.00    0.00    0.00    0.00    0.00    0.00   99.00

19:36:45     CPU    %usr   %nice    %sys %iowait    %irq   %soft  %steal  %guest  %gnice   %idle
19:36:46     all    2.03    0.00    3.81    0.00    0.00    0.00    0.00    0.00    0.00   94.16
19:36:46       0    4.08    0.00    4.08    0.00    0.00    0.00    0.00    0.00    0.00   91.84
19:36:46       1    2.02    0.00    4.04    0.00    0.00    0.00    0.00    0.00    0.00   93.94
19:36:46       2    1.02    0.00    3.06    0.00    0.00    0.00    0.00    0.00    0.00   95.92
19:36:46       3    1.01    0.00    4.04    0.00    0.00    0.00    0.00    0.00    0.00   94.95

19:36:46     CPU    %usr   %nice    %sys %iowait    %irq   %soft  %steal  %guest  %gnice   %idle
19:36:47     all    0.25    0.00    0.76    0.00    0.00    0.00    0.00    0.00    0.00   98.99
19:36:47       0    0.00    0.00    0.00    0.00    0.00    0.00    0.00    0.00    0.00  100.00
19:36:47       1    0.00    0.00    2.00    0.00    0.00    0.00    0.00    0.00    0.00   98.00
19:36:47       2    0.00    0.00    1.02    0.00    0.00    0.00    0.00    0.00    0.00   98.98
19:36:47       3    1.01    0.00    0.00    0.00    0.00    0.00    0.00    0.00    0.00   98.99

19:36:47     CPU    %usr   %nice    %sys %iowait    %irq   %soft  %steal  %guest  %gnice   %idle
19:36:48     all    0.00    0.00    1.01    0.00    0.00    0.00    0.00    0.00    0.00   98.99
19:36:48       0    0.00    0.00    0.00    0.00    0.00    0.00    0.00    0.00    0.00  100.00
19:36:48       1    0.00    0.00    2.00    0.00    0.00    0.00    0.00    0.00    0.00   98.00
19:36:48       2    0.00    0.00    1.02    0.00    0.00    0.00    0.00    0.00    0.00   98.98
19:36:48       3    0.00    0.00    1.01    0.00    0.00    0.00    0.00    0.00    0.00   98.99

19:36:48     CPU    %usr   %nice    %sys %iowait    %irq   %soft  %steal  %guest  %gnice   %idle
19:36:49     all    0.50    0.00    1.25    0.00    0.00    0.00    0.00    0.00    0.00   98.25
19:36:49       0    0.00    0.00    2.00    0.00    0.00    0.00    0.00    0.00    0.00   98.00
19:36:49       1    1.01    0.00    0.00    0.00    0.00    0.00    0.00    0.00    0.00   98.99
19:36:49       2    1.00    0.00    1.00    0.00    0.00    0.00    0.00    0.00    0.00   98.00
19:36:49       3    0.00    0.00    2.00    0.00    0.00    0.00    0.00    0.00    0.00   98.00

19:36:49     CPU    %usr   %nice    %sys %iowait    %irq   %soft  %steal  %guest  %gnice   %idle
19:36:50     all    0.00    0.00    1.01    0.00    0.00    0.25    0.00    0.00    0.00   98.74
19:36:50       0    0.00    0.00    0.00    0.00    0.00    1.01    0.00    0.00    0.00   98.99
19:36:50       1    0.00    0.00    2.97    0.00    0.00    0.00    0.00    0.00    0.00   97.03
19:36:50       2    0.00    0.00    1.01    0.00    0.00    0.00    0.00    0.00    0.00   98.99
19:36:50       3    0.00    0.00    0.00    0.00    0.00    0.00    0.00    0.00    0.00  100.00

19:36:50     CPU    %usr   %nice    %sys %iowait    %irq   %soft  %steal  %guest  %gnice   %idle
19:36:51     all    2.28    0.00    3.54    0.00    0.00    0.00    0.00    0.00    0.00   94.18
19:36:51       0    1.02    0.00    2.04    0.00    0.00    0.00    0.00    0.00    0.00   96.94
19:36:51       1    5.05    0.00    3.03    0.00    0.00    0.00    0.00    0.00    0.00   91.92
19:36:51       2    1.03    0.00    5.15    0.00    0.00    0.00    0.00    0.00    0.00   93.81
19:36:51       3    1.98    0.00    3.96    0.00    0.00    0.00    0.00    0.00    0.00   94.06

19:36:51     CPU    %usr   %nice    %sys %iowait    %irq   %soft  %steal  %guest  %gnice   %idle
19:36:52     all    3.60    0.00   21.85    0.00    0.00   18.77    0.00    0.00    0.00   55.78
19:36:52       0    4.21    0.00   25.26    0.00    0.00    8.42    0.00    0.00    0.00   62.11
19:36:52       1    2.02    0.00   13.13    0.00    0.00   40.40    0.00    0.00    0.00   44.44
19:36:52       2    6.12    0.00   22.45    0.00    0.00   14.29    0.00    0.00    0.00   57.14
19:36:52       3    2.06    0.00   26.80    0.00    0.00   11.34    0.00    0.00    0.00   59.79

19:36:52     CPU    %usr   %nice    %sys %iowait    %irq   %soft  %steal  %guest  %gnice   %idle
19:36:53     all    4.60    0.00   36.32    0.00    0.00   31.20    0.00    0.00    0.00   27.88
19:36:53       0    7.00    0.00   42.00    0.00    0.00   22.00    0.00    0.00    0.00   29.00
19:36:53       1    4.08    0.00   19.39    0.00    0.00   53.06    0.00    0.00    0.00   23.47
19:36:53       2    4.21    0.00   43.16    0.00    0.00   23.16    0.00    0.00    0.00   29.47
19:36:53       3    3.06    0.00   40.82    0.00    0.00   26.53    0.00    0.00    0.00   29.59

19:36:53     CPU    %usr   %nice    %sys %iowait    %irq   %soft  %steal  %guest  %gnice   %idle
19:36:54     all    5.01    0.00   35.34    0.00    0.00   32.83    0.00    0.00    0.00   26.82
19:36:54       0    7.07    0.00   33.33    0.00    0.00   27.27    0.00    0.00    0.00   32.32
19:36:54       1    1.04    0.00   19.79    0.00    0.00   57.29    0.00    0.00    0.00   21.88
19:36:54       2    5.00    0.00   41.00    0.00    0.00   30.00    0.00    0.00    0.00   24.00
19:36:54       3    6.73    0.00   46.15    0.00    0.00   18.27    0.00    0.00    0.00   28.85

19:36:54     CPU    %usr   %nice    %sys %iowait    %irq   %soft  %steal  %guest  %gnice   %idle
19:36:55     all    5.37    0.00   37.34    0.00    0.00   31.97    0.00    0.00    0.00   25.32
19:36:55       0    5.05    0.00   39.39    0.00    0.00   26.26    0.00    0.00    0.00   29.29
19:36:55       1    4.21    0.00   22.11    0.00    0.00   53.68    0.00    0.00    0.00   20.00
19:36:55       2    8.16    0.00   40.82    0.00    0.00   26.53    0.00    0.00    0.00   24.49
19:36:55       3    4.04    0.00   46.46    0.00    0.00   22.22    0.00    0.00    0.00   27.27

19:36:55     CPU    %usr   %nice    %sys %iowait    %irq   %soft  %steal  %guest  %gnice   %idle
19:36:56     all    7.29    0.00   37.76    0.00    0.00   29.43    0.00    0.00    0.00   25.52
19:36:56       0    5.32    0.00   39.36    0.00    0.00   18.09    0.00    0.00    0.00   37.23
19:36:56       1    6.12    0.00   24.49    0.00    0.00   52.04    0.00    0.00    0.00   17.35
19:36:56       2    7.37    0.00   45.26    0.00    0.00   25.26    0.00    0.00    0.00   22.11
19:36:56       3   10.31    0.00   42.27    0.00    0.00   21.65    0.00    0.00    0.00   25.77

19:36:56     CPU    %usr   %nice    %sys %iowait    %irq   %soft  %steal  %guest  %gnice   %idle
19:36:57     all    7.24    0.00   39.28    0.00    0.00   29.20    0.00    0.00    0.00   24.29
19:36:57       0    7.14    0.00   45.92    0.00    0.00   21.43    0.00    0.00    0.00   25.51
19:36:57       1    4.35    0.00   23.91    0.00    0.00   52.17    0.00    0.00    0.00   19.57
19:36:57       2   10.20    0.00   41.84    0.00    0.00   24.49    0.00    0.00    0.00   23.47
19:36:57       3    7.07    0.00   44.44    0.00    0.00   20.20    0.00    0.00    0.00   28.28

19:36:57     CPU    %usr   %nice    %sys %iowait    %irq   %soft  %steal  %guest  %gnice   %idle
19:36:58     all    6.02    0.00   40.05    0.00    0.00   28.01    0.00    0.00    0.00   25.92
19:36:58       0    5.21    0.00   47.92    0.00    0.00   18.75    0.00    0.00    0.00   28.12
19:36:58       1    6.25    0.00   20.83    0.00    0.00   46.88    0.00    0.00    0.00   26.04
19:36:58       2    5.26    0.00   46.32    0.00    0.00   24.21    0.00    0.00    0.00   24.21
19:36:58       3    7.37    0.00   45.26    0.00    0.00   22.11    0.00    0.00    0.00   25.26

19:36:58     CPU    %usr   %nice    %sys %iowait    %irq   %soft  %steal  %guest  %gnice   %idle
19:36:59     all    5.31    0.00   41.91    0.00    0.00   28.65    0.00    0.00    0.00   24.14
19:36:59       0    7.00    0.00   46.00    0.00    0.00   21.00    0.00    0.00    0.00   26.00
19:36:59       1    3.30    0.00   30.77    0.00    0.00   42.86    0.00    0.00    0.00   23.08
19:36:59       2    6.52    0.00   43.48    0.00    0.00   29.35    0.00    0.00    0.00   20.65
19:36:59       3    4.26    0.00   46.81    0.00    0.00   22.34    0.00    0.00    0.00   26.60

19:36:59     CPU    %usr   %nice    %sys %iowait    %irq   %soft  %steal  %guest  %gnice   %idle
19:37:00     all    7.31    0.00   40.47    0.00    0.00   30.55    0.00    0.00    0.00   21.67
19:37:00       0    7.92    0.00   47.52    0.00    0.00   21.78    0.00    0.00    0.00   22.77
19:37:00       1    5.49    0.00   21.98    0.00    0.00   52.75    0.00    0.00    0.00   19.78
19:37:00       2    6.32    0.00   44.21    0.00    0.00   27.37    0.00    0.00    0.00   22.11
19:37:00       3    9.38    0.00   46.88    0.00    0.00   21.88    0.00    0.00    0.00   21.88

19:37:00     CPU    %usr   %nice    %sys %iowait    %irq   %soft  %steal  %guest  %gnice   %idle
19:37:01     all    8.04    0.00   40.70    0.00    0.00   29.90    0.00    0.00    0.00   21.36
19:37:01       0    9.90    0.00   45.54    0.00    0.00   22.77    0.00    0.00    0.00   21.78
19:37:01       1    4.35    0.00   26.09    0.00    0.00   50.00    0.00    0.00    0.00   19.57
19:37:01       2    8.91    0.00   41.58    0.00    0.00   26.73    0.00    0.00    0.00   22.77
19:37:01       3    8.65    0.00   48.08    0.00    0.00   22.12    0.00    0.00    0.00   21.15

19:37:01     CPU    %usr   %nice    %sys %iowait    %irq   %soft  %steal  %guest  %gnice   %idle
19:37:02     all    5.67    0.00   39.69    0.00    0.00   31.19    0.00    0.00    0.00   23.45
19:37:02       0    6.06    0.00   38.38    0.00    0.00   22.22    0.00    0.00    0.00   33.33
19:37:02       1    3.45    0.00   29.89    0.00    0.00   49.43    0.00    0.00    0.00   17.24
19:37:02       2    6.06    0.00   39.39    0.00    0.00   33.33    0.00    0.00    0.00   21.21
19:37:02       3    6.80    0.00   49.51    0.00    0.00   22.33    0.00    0.00    0.00   21.36

19:37:02     CPU    %usr   %nice    %sys %iowait    %irq   %soft  %steal  %guest  %gnice   %idle
19:37:03     all    5.90    0.00   37.80    0.00    0.00   30.29    0.00    0.00    0.00   26.01
19:37:03       0    6.12    0.00   42.86    0.00    0.00   24.49    0.00    0.00    0.00   26.53
19:37:03       1    4.76    0.00   23.81    0.00    0.00   51.19    0.00    0.00    0.00   20.24
19:37:03       2    5.49    0.00   41.76    0.00    0.00   27.47    0.00    0.00    0.00   25.27
19:37:03       3    7.00    0.00   41.00    0.00    0.00   21.00    0.00    0.00    0.00   31.00

19:37:03     CPU    %usr   %nice    %sys %iowait    %irq   %soft  %steal  %guest  %gnice   %idle
19:37:04     all    6.13    0.00   39.47    0.00    0.00   32.53    0.00    0.00    0.00   21.87
19:37:04       0    4.40    0.00   47.25    0.00    0.00   21.98    0.00    0.00    0.00   26.37
19:37:04       1    2.15    0.00   30.11    0.00    0.00   49.46    0.00    0.00    0.00   18.28
19:37:04       2    9.57    0.00   36.17    0.00    0.00   32.98    0.00    0.00    0.00   21.28
19:37:04       3    8.25    0.00   44.33    0.00    0.00   25.77    0.00    0.00    0.00   21.65

19:37:04     CPU    %usr   %nice    %sys %iowait    %irq   %soft  %steal  %guest  %gnice   %idle
19:37:05     all    6.67    0.00   36.15    0.00    0.00   32.56    0.00    0.00    0.00   24.62
19:37:05       0   10.20    0.00   39.80    0.00    0.00   22.45    0.00    0.00    0.00   27.55
19:37:05       1    7.69    0.00   20.88    0.00    0.00   51.65    0.00    0.00    0.00   19.78
19:37:05       2    5.00    0.00   42.00    0.00    0.00   31.00    0.00    0.00    0.00   22.00
19:37:05       3    3.96    0.00   40.59    0.00    0.00   26.73    0.00    0.00    0.00   28.71

19:37:05     CPU    %usr   %nice    %sys %iowait    %irq   %soft  %steal  %guest  %gnice   %idle
19:37:06     all    6.49    0.00   37.84    0.00    0.00   32.16    0.00    0.00    0.00   23.51
19:37:06       0    8.60    0.00   41.94    0.00    0.00   24.73    0.00    0.00    0.00   24.73
19:37:06       1    4.44    0.00   18.89    0.00    0.00   55.56    0.00    0.00    0.00   21.11
19:37:06       2    5.43    0.00   43.48    0.00    0.00   28.26    0.00    0.00    0.00   22.83
19:37:06       3    7.37    0.00   46.32    0.00    0.00   21.05    0.00    0.00    0.00   25.26

19:37:06     CPU    %usr   %nice    %sys %iowait    %irq   %soft  %steal  %guest  %gnice   %idle
19:37:07     all    5.41    0.00   39.73    0.00    0.00   24.05    0.27    0.00    0.00   30.54
19:37:07       0    2.06    0.00   43.30    0.00    0.00   13.40    0.00    0.00    0.00   41.24
19:37:07       1    7.14    0.00   22.62    0.00    0.00   40.48    1.19    0.00    0.00   28.57
19:37:07       2    6.38    0.00   43.62    0.00    0.00   24.47    0.00    0.00    0.00   25.53
19:37:07       3    6.32    0.00   47.37    0.00    0.00   20.00    0.00    0.00    0.00   26.32

19:37:07     CPU    %usr   %nice    %sys %iowait    %irq   %soft  %steal  %guest  %gnice   %idle
19:37:08     all    5.32    0.00   39.10    0.00    0.00   23.14    0.00    0.00    0.00   32.45
19:37:08       0    6.19    0.00   43.30    0.00    0.00   20.62    0.00    0.00    0.00   29.90
19:37:08       1    4.71    0.00   29.41    0.00    0.00   32.94    0.00    0.00    0.00   32.94
19:37:08       2    5.38    0.00   40.86    0.00    0.00   21.51    0.00    0.00    0.00   32.26
19:37:08       3    4.95    0.00   41.58    0.00    0.00   18.81    0.00    0.00    0.00   34.65

19:37:08     CPU    %usr   %nice    %sys %iowait    %irq   %soft  %steal  %guest  %gnice   %idle
19:37:09     all    5.63    0.00   37.00    0.00    0.00   26.27    0.00    0.00    0.00   31.10
19:37:09       0    6.38    0.00   36.17    0.00    0.00   15.96    0.00    0.00    0.00   41.49
19:37:09       1    5.56    0.00   22.22    0.00    0.00   44.44    0.00    0.00    0.00   27.78
19:37:09       2    5.43    0.00   46.74    0.00    0.00   22.83    0.00    0.00    0.00   25.00
19:37:09       3    5.15    0.00   42.27    0.00    0.00   22.68    0.00    0.00    0.00   29.90

19:37:09     CPU    %usr   %nice    %sys %iowait    %irq   %soft  %steal  %guest  %gnice   %idle
19:37:10     all    5.24    0.00   37.96    0.00    0.00   27.23    0.00    0.00    0.00   29.58
19:37:10       0    3.00    0.00   43.00    0.00    0.00   21.00    0.00    0.00    0.00   33.00
19:37:10       1    2.35    0.00   24.71    0.00    0.00   43.53    0.00    0.00    0.00   29.41
19:37:10       2    8.16    0.00   41.84    0.00    0.00   25.51    0.00    0.00    0.00   24.49
19:37:10       3    7.07    0.00   40.40    0.00    0.00   21.21    0.00    0.00    0.00   31.31

19:37:10     CPU    %usr   %nice    %sys %iowait    %irq   %soft  %steal  %guest  %gnice   %idle
19:37:11     all    6.30    0.00   38.79    0.00    0.00   24.43    0.00    0.00    0.00   30.48
19:37:11       0    6.80    0.00   46.60    0.00    0.00   16.50    0.00    0.00    0.00   30.10
19:37:11       1    6.90    0.00   26.44    0.00    0.00   41.38    0.00    0.00    0.00   25.29
19:37:11       2    6.80    0.00   40.78    0.00    0.00   25.24    0.00    0.00    0.00   27.18
19:37:11       3    4.81    0.00   39.42    0.00    0.00   17.31    0.00    0.00    0.00   38.46

19:37:11     CPU    %usr   %nice    %sys %iowait    %irq   %soft  %steal  %guest  %gnice   %idle
19:37:12     all    5.79    0.00   35.53    0.00    0.00   27.37    0.00    0.00    0.00   31.32
19:37:12       0    5.38    0.00   37.63    0.00    0.00   19.35    0.00    0.00    0.00   37.63
19:37:12       1    4.30    0.00   25.81    0.00    0.00   50.54    0.00    0.00    0.00   19.35
19:37:12       2    6.32    0.00   42.11    0.00    0.00   23.16    0.00    0.00    0.00   28.42
19:37:12       3    7.07    0.00   36.36    0.00    0.00   17.17    0.00    0.00    0.00   39.39

19:37:12     CPU    %usr   %nice    %sys %iowait    %irq   %soft  %steal  %guest  %gnice   %idle
19:37:13     all    3.94    0.00   32.96    0.00    0.00   18.59    0.00    0.00    0.00   44.51
19:37:13       0    4.44    0.00   28.89    0.00    0.00   17.78    0.00    0.00    0.00   48.89
19:37:13       1    1.33    0.00   26.67    0.00    0.00   33.33    0.00    0.00    0.00   38.67
19:37:13       2    5.32    0.00   35.11    0.00    0.00   15.96    0.00    0.00    0.00   43.62
19:37:13       3    4.17    0.00   39.58    0.00    0.00   10.42    0.00    0.00    0.00   45.83

19:37:13     CPU    %usr   %nice    %sys %iowait    %irq   %soft  %steal  %guest  %gnice   %idle
19:37:14     all    3.26    0.00   29.08    0.00    0.00   21.47    0.00    0.00    0.00   46.20
19:37:14       0    3.23    0.00   27.96    0.00    0.00   18.28    0.00    0.00    0.00   50.54
19:37:14       1    3.80    0.00   22.78    0.00    0.00   31.65    0.00    0.00    0.00   41.77
19:37:14       2    3.96    0.00   30.69    0.00    0.00   20.79    0.00    0.00    0.00   44.55
19:37:14       3    2.11    0.00   33.68    0.00    0.00   16.84    0.00    0.00    0.00   47.37

19:37:14     CPU    %usr   %nice    %sys %iowait    %irq   %soft  %steal  %guest  %gnice   %idle
19:37:15     all    3.03    0.00   29.20    0.00    0.00   16.80    0.00    0.00    0.00   50.96
19:37:15       0    2.13    0.00   32.98    0.00    0.00   12.77    0.00    0.00    0.00   52.13
19:37:15       1    2.44    0.00   19.51    0.00    0.00   32.93    0.00    0.00    0.00   45.12
19:37:15       2    4.30    0.00   30.11    0.00    0.00   12.90    0.00    0.00    0.00   52.69
19:37:15       3    3.19    0.00   32.98    0.00    0.00   10.64    0.00    0.00    0.00   53.19

19:37:15     CPU    %usr   %nice    %sys %iowait    %irq   %soft  %steal  %guest  %gnice   %idle
19:37:16     all    4.80    0.00   28.53    0.00    0.00   19.47    0.00    0.00    0.00   47.20
19:37:16       0    4.21    0.00   26.32    0.00    0.00   17.89    0.00    0.00    0.00   51.58
19:37:16       1    2.38    0.00   26.19    0.00    0.00   29.76    0.00    0.00    0.00   41.67
19:37:16       2    7.07    0.00   31.31    0.00    0.00   16.16    0.00    0.00    0.00   45.45
19:37:16       3    5.15    0.00   29.90    0.00    0.00   15.46    0.00    0.00    0.00   49.48

19:37:16     CPU    %usr   %nice    %sys %iowait    %irq   %soft  %steal  %guest  %gnice   %idle
19:37:17     all    5.46    0.00   28.96    0.00    0.00   22.40    0.00    0.00    0.00   43.17
19:37:17       0    7.22    0.00   34.02    0.00    0.00   13.40    0.00    0.00    0.00   45.36
19:37:17       1    4.88    0.00   19.51    0.00    0.00   40.24    0.00    0.00    0.00   35.37
19:37:17       2    3.23    0.00   31.18    0.00    0.00   20.43    0.00    0.00    0.00   45.16
19:37:17       3    6.38    0.00   29.79    0.00    0.00   18.09    0.00    0.00    0.00   45.74

19:37:17     CPU    %usr   %nice    %sys %iowait    %irq   %soft  %steal  %guest  %gnice   %idle
19:37:18     all    3.01    0.00   27.40    0.00    0.00   24.11    0.00    0.00    0.00   45.48
19:37:18       0    3.12    0.00   25.00    0.00    0.00   18.75    0.00    0.00    0.00   53.12
19:37:18       1    2.56    0.00   16.67    0.00    0.00   43.59    0.00    0.00    0.00   37.18
19:37:18       2    2.11    0.00   35.79    0.00    0.00   22.11    0.00    0.00    0.00   40.00
19:37:18       3    4.17    0.00   30.21    0.00    0.00   15.62    0.00    0.00    0.00   50.00

19:37:18     CPU    %usr   %nice    %sys %iowait    %irq   %soft  %steal  %guest  %gnice   %idle
19:37:19     all    4.84    0.00   26.21    0.00    0.00   19.37    0.00    0.00    0.00   49.57
19:37:19       0    6.45    0.00   24.73    0.00    0.00   13.98    0.00    0.00    0.00   54.84
19:37:19       1    5.13    0.00   19.23    0.00    0.00   35.90    0.00    0.00    0.00   39.74
19:37:19       2    3.45    0.00   27.59    0.00    0.00   16.09    0.00    0.00    0.00   52.87
19:37:19       3    4.30    0.00   32.26    0.00    0.00   13.98    0.00    0.00    0.00   49.46

19:37:19     CPU    %usr   %nice    %sys %iowait    %irq   %soft  %steal  %guest  %gnice   %idle
19:37:20     all    4.05    0.00   28.65    0.00    0.00   20.00    0.27    0.00    0.00   47.03
19:37:20       0    3.00    0.00   32.00    0.00    0.00   17.00    1.00    0.00    0.00   47.00
19:37:20       1    3.75    0.00   21.25    0.00    0.00   35.00    0.00    0.00    0.00   40.00
19:37:20       2    4.30    0.00   26.88    0.00    0.00   18.28    0.00    0.00    0.00   50.54
19:37:20       3    5.15    0.00   32.99    0.00    0.00   12.37    0.00    0.00    0.00   49.48

19:37:20     CPU    %usr   %nice    %sys %iowait    %irq   %soft  %steal  %guest  %gnice   %idle
19:37:21     all    5.14    0.00   32.16    0.00    0.00   17.03    0.00    0.00    0.00   45.68
19:37:21       0    6.19    0.00   32.99    0.00    0.00   12.37    0.00    0.00    0.00   48.45
19:37:21       1    2.63    0.00   23.68    0.00    0.00   32.89    0.00    0.00    0.00   40.79
19:37:21       2    5.10    0.00   34.69    0.00    0.00   15.31    0.00    0.00    0.00   44.90
19:37:21       3    6.06    0.00   35.35    0.00    0.00   11.11    0.00    0.00    0.00   47.47

19:37:21     CPU    %usr   %nice    %sys %iowait    %irq   %soft  %steal  %guest  %gnice   %idle
19:37:22     all    3.97    0.00   24.36    0.00    0.00   18.41    0.00    0.00    0.00   53.26
19:37:22       0    3.26    0.00   28.26    0.00    0.00    9.78    0.00    0.00    0.00   58.70
19:37:22       1    2.47    0.00   16.05    0.00    0.00   34.57    0.00    0.00    0.00   46.91
19:37:22       2    4.49    0.00   29.21    0.00    0.00   17.98    0.00    0.00    0.00   48.31
19:37:22       3    5.49    0.00   23.08    0.00    0.00   13.19    0.00    0.00    0.00   58.24

19:37:22     CPU    %usr   %nice    %sys %iowait    %irq   %soft  %steal  %guest  %gnice   %idle
19:37:23     all    5.31    0.00   30.45    0.28    0.00   17.04    0.00    0.00    0.00   46.93
19:37:23       0    8.60    0.00   30.11    0.00    0.00    9.68    0.00    0.00    0.00   51.61
19:37:23       1    3.95    0.00   19.74    0.00    0.00   34.21    0.00    0.00    0.00   42.11
19:37:23       2    4.30    0.00   34.41    1.08    0.00   15.05    0.00    0.00    0.00   45.16
19:37:23       3    4.17    0.00   35.42    0.00    0.00   12.50    0.00    0.00    0.00   47.92

19:37:23     CPU    %usr   %nice    %sys %iowait    %irq   %soft  %steal  %guest  %gnice   %idle
19:37:24     all    3.86    0.00   28.37    0.28    0.00   17.36    0.00    0.00    0.00   50.14
19:37:24       0    3.09    0.00   27.84    1.03    0.00   16.49    0.00    0.00    0.00   51.55
19:37:24       1    3.95    0.00   23.68    0.00    0.00   26.32    0.00    0.00    0.00   46.05
19:37:24       2    4.21    0.00   34.74    0.00    0.00   14.74    0.00    0.00    0.00   46.32
19:37:24       3    4.21    0.00   26.32    0.00    0.00   13.68    0.00    0.00    0.00   55.79

19:37:24     CPU    %usr   %nice    %sys %iowait    %irq   %soft  %steal  %guest  %gnice   %idle
19:37:25     all    3.80    0.00   29.08    0.00    0.00   17.93    0.00    0.00    0.00   49.18
19:37:25       0    5.05    0.00   33.33    0.00    0.00   12.12    0.00    0.00    0.00   49.49
19:37:25       1    1.22    0.00   18.29    0.00    0.00   34.15    0.00    0.00    0.00   46.34
19:37:25       2    2.11    0.00   24.21    0.00    0.00   16.84    0.00    0.00    0.00   56.84
19:37:25       3    6.52    0.00   39.13    0.00    0.00   10.87    0.00    0.00    0.00   43.48

19:37:25     CPU    %usr   %nice    %sys %iowait    %irq   %soft  %steal  %guest  %gnice   %idle
19:37:26     all    2.90    0.00   18.47    0.00    0.00   12.14    0.00    0.00    0.00   66.49
19:37:26       0    5.15    0.00   18.56    0.00    0.00    9.28    0.00    0.00    0.00   67.01
19:37:26       1    1.22    0.00   14.63    0.00    0.00   19.51    0.00    0.00    0.00   64.63
19:37:26       2    3.00    0.00   22.00    0.00    0.00   10.00    0.00    0.00    0.00   65.00
19:37:26       3    2.00    0.00   18.00    0.00    0.00   11.00    0.00    0.00    0.00   69.00

19:37:26     CPU    %usr   %nice    %sys %iowait    %irq   %soft  %steal  %guest  %gnice   %idle
19:37:27     all    2.06    0.00    2.83    0.00    0.00    0.00    0.00    0.00    0.00   95.12
19:37:27       0    1.03    0.00    2.06    0.00    0.00    0.00    0.00    0.00    0.00   96.91
19:37:27       1    5.10    0.00    5.10    0.00    0.00    0.00    0.00    0.00    0.00   89.80
19:37:27       2    1.02    0.00    2.04    0.00    0.00    0.00    0.00    0.00    0.00   96.94
19:37:27       3    1.04    0.00    2.08    0.00    0.00    0.00    0.00    0.00    0.00   96.88

19:37:27     CPU    %usr   %nice    %sys %iowait    %irq   %soft  %steal  %guest  %gnice   %idle
19:37:28     all    0.75    0.00    0.50    0.00    0.00    0.00    0.00    0.00    0.00   98.74
19:37:28       0    0.00    0.00    0.00    0.00    0.00    0.00    0.00    0.00    0.00  100.00
19:37:28       1    0.00    0.00    0.00    0.00    0.00    0.00    0.00    0.00    0.00  100.00
19:37:28       2    2.00    0.00    1.00    0.00    0.00    0.00    0.00    0.00    0.00   97.00
19:37:28       3    1.00    0.00    1.00    0.00    0.00    0.00    0.00    0.00    0.00   98.00

19:37:28     CPU    %usr   %nice    %sys %iowait    %irq   %soft  %steal  %guest  %gnice   %idle
19:37:29     all    0.75    0.00    1.00    0.00    0.00    0.25    0.00    0.00    0.00   98.00
19:37:29       0    0.99    0.00    0.99    0.00    0.00    0.99    0.00    0.00    0.00   97.03
19:37:29       1    0.99    0.00    1.98    0.00    0.00    0.00    0.00    0.00    0.00   97.03
19:37:29       2    0.00    0.00    1.00    0.00    0.00    0.00    0.00    0.00    0.00   99.00
19:37:29       3    1.01    0.00    0.00    0.00    0.00    0.00    0.00    0.00    0.00   98.99

19:37:29     CPU    %usr   %nice    %sys %iowait    %irq   %soft  %steal  %guest  %gnice   %idle
19:37:30     all    0.25    0.00    1.02    0.00    0.00    0.00    0.00    0.00    0.00   98.73
19:37:30       0    0.00    0.00    1.02    0.00    0.00    0.00    0.00    0.00    0.00   98.98
19:37:30       1    1.01    0.00    1.01    0.00    0.00    0.00    0.00    0.00    0.00   97.98
19:37:30       2    0.00    0.00    1.02    0.00    0.00    0.00    0.00    0.00    0.00   98.98
19:37:30       3    0.00    0.00    1.01    0.00    0.00    0.00    0.00    0.00    0.00   98.99

19:37:30     CPU    %usr   %nice    %sys %iowait    %irq   %soft  %steal  %guest  %gnice   %idle
19:37:31     all    0.50    0.00    0.75    0.00    0.00    0.00    0.00    0.00    0.00   98.75
19:37:31       0    1.00    0.00    0.00    0.00    0.00    0.00    0.00    0.00    0.00   99.00
19:37:31       1    0.00    0.00    1.01    0.00    0.00    0.00    0.00    0.00    0.00   98.99
19:37:31       2    1.00    0.00    1.00    0.00    0.00    0.00    0.00    0.00    0.00   98.00
19:37:31       3    0.00    0.00    1.00    0.00    0.00    0.00    0.00    0.00    0.00   99.00

19:37:31     CPU    %usr   %nice    %sys %iowait    %irq   %soft  %steal  %guest  %gnice   %idle
19:37:32     all    3.54    0.00    4.81    0.00    0.00    0.00    0.00    0.00    0.00   91.65
19:37:32       0    2.06    0.00    5.15    0.00    0.00    0.00    0.00    0.00    0.00   92.78
19:37:32       1    5.10    0.00    3.06    0.00    0.00    0.00    0.00    0.00    0.00   91.84
19:37:32       2    5.00    0.00    7.00    0.00    0.00    0.00    0.00    0.00    0.00   88.00
19:37:32       3    2.00    0.00    4.00    0.00    0.00    0.00    0.00    0.00    0.00   94.00

19:37:32     CPU    %usr   %nice    %sys %iowait    %irq   %soft  %steal  %guest  %gnice   %idle
19:37:33     all    0.25    0.00    1.01    0.00    0.00    0.00    0.00    0.00    0.00   98.74
19:37:33       0    0.00    0.00    1.01    0.00    0.00    0.00    0.00    0.00    0.00   98.99
19:37:33       1    1.00    0.00    1.00    0.00    0.00    0.00    0.00    0.00    0.00   98.00
19:37:33       2    0.00    0.00    1.02    0.00    0.00    0.00    0.00    0.00    0.00   98.98
19:37:33       3    0.00    0.00    1.00    0.00    0.00    0.00    0.00    0.00    0.00   99.00

19:37:33     CPU    %usr   %nice    %sys %iowait    %irq   %soft  %steal  %guest  %gnice   %idle
19:37:34     all    1.27    0.00    1.02    0.00    0.00    0.00    0.00    0.00    0.00   97.72
19:37:34       0    2.02    0.00    0.00    0.00    0.00    0.00    0.00    0.00    0.00   97.98
19:37:34       1    2.04    0.00    1.02    0.00    0.00    0.00    0.00    0.00    0.00   96.94
19:37:34       2    1.01    0.00    1.01    0.00    0.00    0.00    0.00    0.00    0.00   97.98
19:37:34       3    0.00    0.00    2.04    0.00    0.00    0.00    0.00    0.00    0.00   97.96

19:37:34     CPU    %usr   %nice    %sys %iowait    %irq   %soft  %steal  %guest  %gnice   %idle
19:37:35     all    0.50    0.00    1.26    0.00    0.00    0.00    0.00    0.00    0.00   98.24
19:37:35       0    0.00    0.00    1.02    0.00    0.00    0.00    0.00    0.00    0.00   98.98
19:37:35       1    1.01    0.00    1.01    0.00    0.00    0.00    0.00    0.00    0.00   97.98
19:37:35       2    0.00    0.00    2.00    0.00    0.00    0.00    0.00    0.00    0.00   98.00
19:37:35       3    1.00    0.00    1.00    0.00    0.00    0.00    0.00    0.00    0.00   98.00

19:37:35     CPU    %usr   %nice    %sys %iowait    %irq   %soft  %steal  %guest  %gnice   %idle
19:37:36     all    0.25    0.00    0.76    0.00    0.00    0.00    0.00    0.00    0.00   98.99
19:37:36       0    0.00    0.00    1.01    0.00    0.00    0.00    0.00    0.00    0.00   98.99
19:37:36       1    1.00    0.00    2.00    0.00    0.00    0.00    0.00    0.00    0.00   97.00
19:37:36       2    0.00    0.00    0.00    0.00    0.00    0.00    0.00    0.00    0.00  100.00
19:37:36       3    0.00    0.00    0.00    0.00    0.00    0.00    0.00    0.00    0.00  100.00

19:37:36     CPU    %usr   %nice    %sys %iowait    %irq   %soft  %steal  %guest  %gnice   %idle
19:37:37     all    1.77    0.00    1.77    0.00    0.00    0.00    0.00    0.00    0.00   96.46
19:37:37       0    1.01    0.00    2.02    0.00    0.00    0.00    0.00    0.00    0.00   96.97
19:37:37       1    1.03    0.00    1.03    0.00    0.00    0.00    0.00    0.00    0.00   97.94
19:37:37       2    1.98    0.00    1.98    0.00    0.00    0.00    0.00    0.00    0.00   96.04
19:37:37       3    3.03    0.00    2.02    0.00    0.00    0.00    0.00    0.00    0.00   94.95

19:37:37     CPU    %usr   %nice    %sys %iowait    %irq   %soft  %steal  %guest  %gnice   %idle
19:37:38     all    1.51    0.00    2.51    0.00    0.00    0.25    0.25    0.00    0.00   95.48
19:37:38       0    2.00    0.00    2.00    0.00    0.00    0.00    0.00    0.00    0.00   96.00
19:37:38       1    1.00    0.00    3.00    0.00    0.00    1.00    0.00    0.00    0.00   95.00
19:37:38       2    1.01    0.00    2.02    0.00    0.00    0.00    0.00    0.00    0.00   96.97
19:37:38       3    2.02    0.00    3.03    0.00    0.00    0.00    1.01    0.00    0.00   93.94

19:37:38     CPU    %usr   %nice    %sys %iowait    %irq   %soft  %steal  %guest  %gnice   %idle
19:37:39     all    0.25    0.00    0.25    0.00    0.00    0.00    0.00    0.00    0.00   99.49
19:37:39       0    0.00    0.00    0.00    0.00    0.00    0.00    0.00    0.00    0.00  100.00
19:37:39       1    1.02    0.00    0.00    0.00    0.00    0.00    0.00    0.00    0.00   98.98
19:37:39       2    0.00    0.00    0.00    0.00    0.00    0.00    0.00    0.00    0.00  100.00
19:37:39       3    0.00    0.00    1.03    0.00    0.00    0.00    0.00    0.00    0.00   98.97

19:37:39     CPU    %usr   %nice    %sys %iowait    %irq   %soft  %steal  %guest  %gnice   %idle
19:37:40     all    0.25    0.00    0.75    0.00    0.00    0.00    0.00    0.00    0.00   98.99
19:37:40       0    0.00    0.00    0.00    0.00    0.00    0.00    0.00    0.00    0.00  100.00
19:37:40       1    1.01    0.00    0.00    0.00    0.00    0.00    0.00    0.00    0.00   98.99
19:37:40       2    0.00    0.00    0.00    0.00    0.00    0.00    0.00    0.00    0.00  100.00
19:37:40       3    0.00    0.00    2.97    0.00    0.00    0.00    0.00    0.00    0.00   97.03

19:37:40     CPU    %usr   %nice    %sys %iowait    %irq   %soft  %steal  %guest  %gnice   %idle
19:37:41     all    0.75    0.00    1.25    0.00    0.00    0.00    0.00    0.00    0.00   97.99
19:37:41       0    1.00    0.00    1.00    0.00    0.00    0.00    0.00    0.00    0.00   98.00
19:37:41       1    1.01    0.00    1.01    0.00    0.00    0.00    0.00    0.00    0.00   97.98
19:37:41       2    0.00    0.00    1.00    0.00    0.00    0.00    0.00    0.00    0.00   99.00
19:37:41       3    1.00    0.00    2.00    0.00    0.00    0.00    0.00    0.00    0.00   97.00

19:37:41     CPU    %usr   %nice    %sys %iowait    %irq   %soft  %steal  %guest  %gnice   %idle
19:37:42     all    0.50    0.00    0.76    0.00    0.00    0.00    0.00    0.00    0.00   98.74
19:37:42       0    1.02    0.00    0.00    0.00    0.00    0.00    0.00    0.00    0.00   98.98
19:37:42       1    0.00    0.00    2.00    0.00    0.00    0.00    0.00    0.00    0.00   98.00
19:37:42       2    0.00    0.00    0.00    0.00    0.00    0.00    0.00    0.00    0.00  100.00
19:37:42       3    1.01    0.00    1.01    0.00    0.00    0.00    0.00    0.00    0.00   97.98

19:37:42     CPU    %usr   %nice    %sys %iowait    %irq   %soft  %steal  %guest  %gnice   %idle
19:37:43     all    2.54    0.00    3.82    0.25    0.00    0.25    0.00    0.00    0.00   93.13
19:37:43       0    1.02    0.00    4.08    0.00    0.00    1.02    0.00    0.00    0.00   93.88
19:37:43       1    2.00    0.00    5.00    1.00    0.00    0.00    0.00    0.00    0.00   92.00
19:37:43       2    2.06    0.00    2.06    0.00    0.00    0.00    0.00    0.00    0.00   95.88
19:37:43       3    5.10    0.00    4.08    0.00    0.00    0.00    0.00    0.00    0.00   90.82

19:37:43     CPU    %usr   %nice    %sys %iowait    %irq   %soft  %steal  %guest  %gnice   %idle
19:37:44     all    0.50    0.00    1.50    0.00    0.00    0.00    0.00    0.00    0.00   98.00
19:37:44       0    1.00    0.00    1.00    0.00    0.00    0.00    0.00    0.00    0.00   98.00
19:37:44       1    1.00    0.00    1.00    0.00    0.00    0.00    0.00    0.00    0.00   98.00
19:37:44       2    0.00    0.00    1.01    0.00    0.00    0.00    0.00    0.00    0.00   98.99
19:37:44       3    0.00    0.00    2.97    0.00    0.00    0.00    0.00    0.00    0.00   97.03

19:37:44     CPU    %usr   %nice    %sys %iowait    %irq   %soft  %steal  %guest  %gnice   %idle
19:37:45     all    0.51    0.00    0.00    0.00    0.00    0.00    0.00    0.00    0.00   99.49
19:37:45       0    1.02    0.00    0.00    0.00    0.00    0.00    0.00    0.00    0.00   98.98
19:37:45       1    0.00    0.00    0.00    0.00    0.00    0.00    0.00    0.00    0.00  100.00
19:37:45       2    0.00    0.00    0.00    0.00    0.00    0.00    0.00    0.00    0.00  100.00
19:37:45       3    1.02    0.00    0.00    0.00    0.00    0.00    0.00    0.00    0.00   98.98

19:37:45     CPU    %usr   %nice    %sys %iowait    %irq   %soft  %steal  %guest  %gnice   %idle
19:37:46     all    0.25    0.00    1.00    0.00    0.00    0.00    0.00    0.00    0.00   98.75
19:37:46       0    0.00    0.00    1.00    0.00    0.00    0.00    0.00    0.00    0.00   99.00
19:37:46       1    0.00    0.00    1.01    0.00    0.00    0.00    0.00    0.00    0.00   98.99
19:37:46       2    0.99    0.00    1.98    0.00    0.00    0.00    0.00    0.00    0.00   97.03
19:37:46       3    0.00    0.00    0.00    0.00    0.00    0.00    0.00    0.00    0.00  100.00

19:37:46     CPU    %usr   %nice    %sys %iowait    %irq   %soft  %steal  %guest  %gnice   %idle
19:37:47     all    0.25    0.00    0.51    0.00    0.00    0.00    0.00    0.00    0.00   99.24
19:37:47       0    0.00    0.00    0.00    0.00    0.00    0.00    0.00    0.00    0.00  100.00
19:37:47       1    0.00    0.00    0.00    0.00    0.00    0.00    0.00    0.00    0.00  100.00
19:37:47       2    0.00    0.00    2.00    0.00    0.00    0.00    0.00    0.00    0.00   98.00
19:37:47       3    1.01    0.00    0.00    0.00    0.00    0.00    0.00    0.00    0.00   98.99

19:37:47     CPU    %usr   %nice    %sys %iowait    %irq   %soft  %steal  %guest  %gnice   %idle
19:37:48     all    2.53    0.00    3.29    0.00    0.00    0.25    0.00    0.00    0.00   93.92
19:37:48       0    2.00    0.00    3.00    0.00    0.00    1.00    0.00    0.00    0.00   94.00
19:37:48       1    5.05    0.00    2.02    0.00    0.00    0.00    0.00    0.00    0.00   92.93
19:37:48       2    1.03    0.00    3.09    0.00    0.00    0.00    0.00    0.00    0.00   95.88
19:37:48       3    2.02    0.00    5.05    0.00    0.00    0.00    0.00    0.00    0.00   92.93

19:37:48     CPU    %usr   %nice    %sys %iowait    %irq   %soft  %steal  %guest  %gnice   %idle
19:37:49     all    0.00    0.00    0.76    0.00    0.00    0.00    0.00    0.00    0.00   99.24
19:37:49       0    0.00    0.00    1.01    0.00    0.00    0.00    0.00    0.00    0.00   98.99
19:37:49       1    0.00    0.00    0.00    0.00    0.00    0.00    0.00    0.00    0.00  100.00
19:37:49       2    0.00    0.00    1.01    0.00    0.00    0.00    0.00    0.00    0.00   98.99
19:37:49       3    0.00    0.00    1.01    0.00    0.00    0.00    0.00    0.00    0.00   98.99

19:37:49     CPU    %usr   %nice    %sys %iowait    %irq   %soft  %steal  %guest  %gnice   %idle
19:37:50     all    1.01    0.00    0.76    0.00    0.00    0.00    0.00    0.00    0.00   98.24
19:37:50       0    2.00    0.00    2.00    0.00    0.00    0.00    0.00    0.00    0.00   96.00
19:37:50       1    0.99    0.00    0.99    0.00    0.00    0.00    0.00    0.00    0.00   98.02
19:37:50       2    1.01    0.00    0.00    0.00    0.00    0.00    0.00    0.00    0.00   98.99
19:37:50       3    0.00    0.00    0.00    0.00    0.00    0.00    0.00    0.00    0.00  100.00

19:37:50     CPU    %usr   %nice    %sys %iowait    %irq   %soft  %steal  %guest  %gnice   %idle
19:37:51     all    0.25    0.00    1.01    0.00    0.00    0.00    0.00    0.00    0.00   98.74
19:37:51       0    0.00    0.00    1.02    0.00    0.00    0.00    0.00    0.00    0.00   98.98
19:37:51       1    0.00    0.00    0.00    0.00    0.00    0.00    0.00    0.00    0.00  100.00
19:37:51       2    0.00    0.00    2.97    0.00    0.00    0.00    0.00    0.00    0.00   97.03
19:37:51       3    1.01    0.00    0.00    0.00    0.00    0.00    0.00    0.00    0.00   98.99

19:37:51     CPU    %usr   %nice    %sys %iowait    %irq   %soft  %steal  %guest  %gnice   %idle
19:37:52     all    0.25    0.00    0.76    0.00    0.00    0.00    0.00    0.00    0.00   98.98
19:37:52       0    0.00    0.00    0.00    0.00    0.00    0.00    0.00    0.00    0.00  100.00
19:37:52       1    0.00    0.00    0.00    0.00    0.00    0.00    0.00    0.00    0.00  100.00
19:37:52       2    1.01    0.00    1.01    0.00    0.00    0.00    0.00    0.00    0.00   97.98
19:37:52       3    0.00    0.00    2.02    0.00    0.00    0.00    0.00    0.00    0.00   97.98

19:37:52     CPU    %usr   %nice    %sys %iowait    %irq   %soft  %steal  %guest  %gnice   %idle
19:37:53     all    2.51    0.00    4.27    0.00    0.00    0.00    0.00    0.00    0.00   93.22
19:37:53       0    2.00    0.00    5.00    0.00    0.00    0.00    0.00    0.00    0.00   93.00
19:37:53       1    1.01    0.00    3.03    0.00    0.00    0.00    0.00    0.00    0.00   95.96
19:37:53       2    2.00    0.00    5.00    0.00    0.00    0.00    0.00    0.00    0.00   93.00
19:37:53       3    5.05    0.00    4.04    0.00    0.00    0.00    0.00    0.00    0.00   90.91

19:37:53     CPU    %usr   %nice    %sys %iowait    %irq   %soft  %steal  %guest  %gnice   %idle
19:37:54     all    2.01    0.00    2.51    0.25    0.00    0.25    0.25    0.00    0.00   94.72
19:37:54       0    0.00    0.00    3.03    0.00    0.00    0.00    0.00    0.00    0.00   96.97
19:37:54       1    2.97    0.00    2.97    0.00    0.00    0.00    0.00    0.00    0.00   94.06
19:37:54       2    3.06    0.00    2.04    0.00    0.00    0.00    1.02    0.00    0.00   93.88
19:37:54       3    2.00    0.00    2.00    1.00    0.00    1.00    0.00    0.00    0.00   94.00

19:37:54     CPU    %usr   %nice    %sys %iowait    %irq   %soft  %steal  %guest  %gnice   %idle
19:37:55     all    0.25    0.00    0.51    0.00    0.00    0.00    0.00    0.00    0.00   99.24
19:37:55       0    1.02    0.00    0.00    0.00    0.00    0.00    0.00    0.00    0.00   98.98
19:37:55       1    0.00    0.00    0.00    0.00    0.00    0.00    0.00    0.00    0.00  100.00
19:37:55       2    0.00    0.00    1.00    0.00    0.00    0.00    0.00    0.00    0.00   99.00
19:37:55       3    0.00    0.00    1.01    0.00    0.00    0.00    0.00    0.00    0.00   98.99

19:37:55     CPU    %usr   %nice    %sys %iowait    %irq   %soft  %steal  %guest  %gnice   %idle
19:37:56     all    2.82    0.00   10.26    0.00    0.00    7.69    0.00    0.00    0.00   79.23
19:37:56       0    3.09    0.00   10.31    0.00    0.00    4.12    0.00    0.00    0.00   82.47
19:37:56       1    2.06    0.00    7.22    0.00    0.00   16.49    0.00    0.00    0.00   74.23
19:37:56       2    3.06    0.00   10.20    0.00    0.00    6.12    0.00    0.00    0.00   80.61
19:37:56       3    3.06    0.00   13.27    0.00    0.00    4.08    0.00    0.00    0.00   79.59

19:37:56     CPU    %usr   %nice    %sys %iowait    %irq   %soft  %steal  %guest  %gnice   %idle
19:37:57     all    5.66    0.00   34.19    0.00    0.00   30.08    0.00    0.00    0.00   30.08
19:37:57       0    7.29    0.00   41.67    0.00    0.00   16.67    0.00    0.00    0.00   34.38
19:37:57       1    2.06    0.00   17.53    0.00    0.00   57.73    0.00    0.00    0.00   22.68
19:37:57       2    8.25    0.00   39.18    0.00    0.00   22.68    0.00    0.00    0.00   29.90
19:37:57       3    5.05    0.00   38.38    0.00    0.00   23.23    0.00    0.00    0.00   33.33

19:37:57     CPU    %usr   %nice    %sys %iowait    %irq   %soft  %steal  %guest  %gnice   %idle
19:37:58     all    6.44    0.00   36.08    0.00    0.00   29.12    0.00    0.00    0.00   28.35
19:37:58       0    5.32    0.00   45.74    0.00    0.00   20.21    0.00    0.00    0.00   28.72
19:37:58       1    4.17    0.00   17.71    0.00    0.00   52.08    0.00    0.00    0.00   26.04
19:37:58       2    9.18    0.00   42.86    0.00    0.00   21.43    0.00    0.00    0.00   26.53
19:37:58       3    7.00    0.00   38.00    0.00    0.00   23.00    0.00    0.00    0.00   32.00

19:37:58     CPU    %usr   %nice    %sys %iowait    %irq   %soft  %steal  %guest  %gnice   %idle
19:37:59     all    6.35    0.00   35.19    0.00    0.00   29.10    0.00    0.00    0.00   29.37
19:37:59       0    5.26    0.00   41.05    0.00    0.00   21.05    0.00    0.00    0.00   32.63
19:37:59       1    3.33    0.00   21.11    0.00    0.00   50.00    0.00    0.00    0.00   25.56
19:37:59       2    9.18    0.00   39.80    0.00    0.00   23.47    0.00    0.00    0.00   27.55
19:37:59       3    7.37    0.00   37.89    0.00    0.00   23.16    0.00    0.00    0.00   31.58

19:37:59     CPU    %usr   %nice    %sys %iowait    %irq   %soft  %steal  %guest  %gnice   %idle
19:38:00     all    5.61    0.00   39.84    0.00    0.00   29.95    0.00    0.00    0.00   24.60
19:38:00       0    7.53    0.00   50.54    0.00    0.00   17.20    0.00    0.00    0.00   24.73
19:38:00       1    3.19    0.00   22.34    0.00    0.00   53.19    0.00    0.00    0.00   21.28
19:38:00       2    5.32    0.00   43.62    0.00    0.00   25.53    0.00    0.00    0.00   25.53
19:38:00       3    6.45    0.00   43.01    0.00    0.00   23.66    0.00    0.00    0.00   26.88

19:38:00     CPU    %usr   %nice    %sys %iowait    %irq   %soft  %steal  %guest  %gnice   %idle
19:38:01     all    7.40    0.00   39.29    0.00    0.00   31.12    0.00    0.00    0.00   22.19
19:38:01       0   10.00    0.00   44.00    0.00    0.00   23.00    0.00    0.00    0.00   23.00
19:38:01       1    2.11    0.00   23.16    0.00    0.00   51.58    0.00    0.00    0.00   23.16
19:38:01       2    9.38    0.00   42.71    0.00    0.00   29.17    0.00    0.00    0.00   18.75
19:38:01       3    7.92    0.00   46.53    0.00    0.00   21.78    0.00    0.00    0.00   23.76

19:38:01     CPU    %usr   %nice    %sys %iowait    %irq   %soft  %steal  %guest  %gnice   %idle
19:38:02     all    6.95    0.00   39.84    0.00    0.00   30.75    0.00    0.00    0.00   22.46
19:38:02       0    8.51    0.00   52.13    0.00    0.00   18.09    0.00    0.00    0.00   21.28
19:38:02       1    4.44    0.00   18.89    0.00    0.00   58.89    0.00    0.00    0.00   17.78
19:38:02       2    6.45    0.00   39.78    0.00    0.00   27.96    0.00    0.00    0.00   25.81
19:38:02       3    8.25    0.00   47.42    0.00    0.00   19.59    0.00    0.00    0.00   24.74

19:38:02     CPU    %usr   %nice    %sys %iowait    %irq   %soft  %steal  %guest  %gnice   %idle
19:38:03     all    6.50    0.00   39.75    0.00    0.00   29.75    0.00    0.00    0.00   24.00
19:38:03       0    7.00    0.00   44.00    0.00    0.00   23.00    0.00    0.00    0.00   26.00
19:38:03       1    5.10    0.00   26.53    0.00    0.00   52.04    0.00    0.00    0.00   16.33
19:38:03       2    5.10    0.00   44.90    0.00    0.00   24.49    0.00    0.00    0.00   25.51
19:38:03       3    8.65    0.00   43.27    0.00    0.00   20.19    0.00    0.00    0.00   27.88

19:38:03     CPU    %usr   %nice    %sys %iowait    %irq   %soft  %steal  %guest  %gnice   %idle
19:38:04     all    5.35    0.00   39.57    0.00    0.00   29.41    0.00    0.00    0.00   25.67
19:38:04       0    4.26    0.00   48.94    0.00    0.00   20.21    0.00    0.00    0.00   26.60
19:38:04       1    2.27    0.00   22.73    0.00    0.00   57.95    0.00    0.00    0.00   17.05
19:38:04       2    6.45    0.00   39.78    0.00    0.00   22.58    0.00    0.00    0.00   31.18
19:38:04       3    8.08    0.00   45.45    0.00    0.00   19.19    0.00    0.00    0.00   27.27

19:38:04     CPU    %usr   %nice    %sys %iowait    %irq   %soft  %steal  %guest  %gnice   %idle
19:38:05     all    5.84    0.00   40.86    0.00    0.00   34.77    0.00    0.00    0.00   18.53
19:38:05       0    6.93    0.00   49.50    0.00    0.00   23.76    0.00    0.00    0.00   19.80
19:38:05       1    3.16    0.00   21.05    0.00    0.00   56.84    0.00    0.00    0.00   18.95
19:38:05       2    7.14    0.00   44.90    0.00    0.00   30.61    0.00    0.00    0.00   17.35
19:38:05       3    6.00    0.00   47.00    0.00    0.00   29.00    0.00    0.00    0.00   18.00

19:38:05     CPU    %usr   %nice    %sys %iowait    %irq   %soft  %steal  %guest  %gnice   %idle
19:38:06     all    5.43    0.00   41.34    0.00    0.00   34.37    0.00    0.00    0.00   18.86
19:38:06       0    6.06    0.00   52.53    0.00    0.00   21.21    0.00    0.00    0.00   20.20
19:38:06       1    2.17    0.00   18.48    0.00    0.00   60.87    0.00    0.00    0.00   18.48
19:38:06       2    6.06    0.00   46.46    0.00    0.00   30.30    0.00    0.00    0.00   17.17
19:38:06       3    7.22    0.00   46.39    0.00    0.00   26.80    0.00    0.00    0.00   19.59

19:38:06     CPU    %usr   %nice    %sys %iowait    %irq   %soft  %steal  %guest  %gnice   %idle
19:38:07     all    7.75    0.00   41.34    0.00    0.00   32.56    0.00    0.00    0.00   18.35
19:38:07       0   11.65    0.00   44.66    0.00    0.00   24.27    0.00    0.00    0.00   19.42
19:38:07       1    2.20    0.00   24.18    0.00    0.00   57.14    0.00    0.00    0.00   16.48
19:38:07       2   10.53    0.00   47.37    0.00    0.00   26.32    0.00    0.00    0.00   15.79
19:38:07       3    6.12    0.00   47.96    0.00    0.00   24.49    0.00    0.00    0.00   21.43

19:38:07     CPU    %usr   %nice    %sys %iowait    %irq   %soft  %steal  %guest  %gnice   %idle
19:38:08     all    5.74    0.00   41.25    0.00    0.00   33.42    0.00    0.00    0.00   19.58
19:38:08       0    5.26    0.00   48.42    0.00    0.00   24.21    0.00    0.00    0.00   22.11
19:38:08       1    4.30    0.00   23.66    0.00    0.00   52.69    0.00    0.00    0.00   19.35
19:38:08       2    5.05    0.00   47.47    0.00    0.00   30.30    0.00    0.00    0.00   17.17
19:38:08       3    8.33    0.00   44.79    0.00    0.00   27.08    0.00    0.00    0.00   19.79

19:38:08     CPU    %usr   %nice    %sys %iowait    %irq   %soft  %steal  %guest  %gnice   %idle
19:38:09     all    7.71    0.00   39.07    0.00    0.00   30.33    0.00    0.00    0.00   22.88
19:38:09       0    7.14    0.00   43.88    0.00    0.00   17.35    0.00    0.00    0.00   31.63
19:38:09       1    4.26    0.00   25.53    0.00    0.00   53.19    0.00    0.00    0.00   17.02
19:38:09       2    9.09    0.00   41.41    0.00    0.00   26.26    0.00    0.00    0.00   23.23
19:38:09       3   10.20    0.00   44.90    0.00    0.00   25.51    0.00    0.00    0.00   19.39

19:38:09     CPU    %usr   %nice    %sys %iowait    %irq   %soft  %steal  %guest  %gnice   %idle
19:38:10     all    6.07    0.00   42.48    0.00    0.00   31.40    0.00    0.00    0.00   20.05
19:38:10       0    6.32    0.00   48.42    0.00    0.00   23.16    0.00    0.00    0.00   22.11
19:38:10       1    3.33    0.00   22.22    0.00    0.00   54.44    0.00    0.00    0.00   20.00
19:38:10       2    6.25    0.00   46.88    0.00    0.00   27.08    0.00    0.00    0.00   19.79
19:38:10       3    8.16    0.00   51.02    0.00    0.00   22.45    0.00    0.00    0.00   18.37

19:38:10     CPU    %usr   %nice    %sys %iowait    %irq   %soft  %steal  %guest  %gnice   %idle
19:38:11     all    7.49    0.00   40.05    0.00    0.00   30.23    0.00    0.00    0.00   22.22
19:38:11       0    8.16    0.00   47.96    0.00    0.00   21.43    0.00    0.00    0.00   22.45
19:38:11       1    3.30    0.00   24.18    0.00    0.00   51.65    0.00    0.00    0.00   20.88
19:38:11       2    8.33    0.00   41.67    0.00    0.00   28.12    0.00    0.00    0.00   21.88
19:38:11       3    9.80    0.00   45.10    0.00    0.00   21.57    0.00    0.00    0.00   23.53

19:38:11     CPU    %usr   %nice    %sys %iowait    %irq   %soft  %steal  %guest  %gnice   %idle
19:38:12     all    6.09    0.00   32.41    0.00    0.00   28.81    0.00    0.00    0.00   32.69
19:38:12       0   10.75    0.00   34.41    0.00    0.00   21.51    0.00    0.00    0.00   33.33
19:38:12       1    4.44    0.00   15.56    0.00    0.00   54.44    0.00    0.00    0.00   25.56
19:38:12       2    4.44    0.00   38.89    0.00    0.00   18.89    0.00    0.00    0.00   37.78
19:38:12       3    4.55    0.00   40.91    0.00    0.00   20.45    0.00    0.00    0.00   34.09

19:38:12     CPU    %usr   %nice    %sys %iowait    %irq   %soft  %steal  %guest  %gnice   %idle
19:38:13     all    6.56    0.00   37.53    0.00    0.00   27.56    0.00    0.00    0.00   28.35
19:38:13       0    6.06    0.00   40.40    0.00    0.00   23.23    0.00    0.00    0.00   30.30
19:38:13       1    3.45    0.00   20.69    0.00    0.00   47.13    0.00    0.00    0.00   28.74
19:38:13       2   10.31    0.00   40.21    0.00    0.00   22.68    0.00    0.00    0.00   26.80
19:38:13       3    6.12    0.00   46.94    0.00    0.00   19.39    0.00    0.00    0.00   27.55

19:38:13     CPU    %usr   %nice    %sys %iowait    %irq   %soft  %steal  %guest  %gnice   %idle
19:38:14     all    6.58    0.00   37.63    0.00    0.00   24.21    0.00    0.00    0.00   31.58
19:38:14       0    7.29    0.00   44.79    0.00    0.00   14.58    0.00    0.00    0.00   33.33
19:38:14       1    4.49    0.00   25.84    0.00    0.00   48.31    0.00    0.00    0.00   21.35
19:38:14       2    8.33    0.00   38.54    0.00    0.00   18.75    0.00    0.00    0.00   34.38
19:38:14       3    6.06    0.00   40.40    0.00    0.00   17.17    0.00    0.00    0.00   36.36

19:38:14     CPU    %usr   %nice    %sys %iowait    %irq   %soft  %steal  %guest  %gnice   %idle
19:38:15     all    4.11    0.00   30.96    0.00    0.00   21.64    0.00    0.00    0.00   43.29
19:38:15       0    3.19    0.00   36.17    0.00    0.00   12.77    0.00    0.00    0.00   47.87
19:38:15       1    3.85    0.00   21.79    0.00    0.00   41.03    0.00    0.00    0.00   33.33
19:38:15       2    4.17    0.00   29.17    0.00    0.00   20.83    0.00    0.00    0.00   45.83
19:38:15       3    5.15    0.00   35.05    0.00    0.00   15.46    0.00    0.00    0.00   44.33

19:38:15     CPU    %usr   %nice    %sys %iowait    %irq   %soft  %steal  %guest  %gnice   %idle
19:38:16     all    3.61    0.00   27.78    0.00    0.00   18.89    0.00    0.00    0.00   49.72
19:38:16       0    3.12    0.00   30.21    0.00    0.00   11.46    0.00    0.00    0.00   55.21
19:38:16       1    1.30    0.00   20.78    0.00    0.00   37.66    0.00    0.00    0.00   40.26
19:38:16       2    5.49    0.00   27.47    0.00    0.00   17.58    0.00    0.00    0.00   49.45
19:38:16       3    4.17    0.00   31.25    0.00    0.00   12.50    0.00    0.00    0.00   52.08

19:38:16     CPU    %usr   %nice    %sys %iowait    %irq   %soft  %steal  %guest  %gnice   %idle
19:38:17     all    4.37    0.00   27.60    0.00    0.00   19.40    0.00    0.00    0.00   48.63
19:38:17       0    4.04    0.00   34.34    0.00    0.00   14.14    0.00    0.00    0.00   47.47
19:38:17       1    5.19    0.00   22.08    0.00    0.00   35.06    0.00    0.00    0.00   37.66
19:38:17       2    4.40    0.00   26.37    0.00    0.00   19.78    0.00    0.00    0.00   49.45
19:38:17       3    4.04    0.00   26.26    0.00    0.00   12.12    0.00    0.00    0.00   57.58

19:38:17     CPU    %usr   %nice    %sys %iowait    %irq   %soft  %steal  %guest  %gnice   %idle
19:38:18     all    5.16    0.00   29.62    0.00    0.00   19.84    0.00    0.00    0.00   45.38
19:38:18       0    5.10    0.00   30.61    0.00    0.00   14.29    0.00    0.00    0.00   50.00
19:38:18       1    5.06    0.00   16.46    0.00    0.00   35.44    0.00    0.00    0.00   43.04
19:38:18       2    3.23    0.00   36.56    0.00    0.00   18.28    0.00    0.00    0.00   41.94
19:38:18       3    7.14    0.00   32.65    0.00    0.00   14.29    0.00    0.00    0.00   45.92

19:38:18     CPU    %usr   %nice    %sys %iowait    %irq   %soft  %steal  %guest  %gnice   %idle
19:38:19     all    7.24    0.00   28.95    0.00    0.00   21.45    0.00    0.00    0.00   42.36
19:38:19       0    6.25    0.00   33.33    0.00    0.00   16.67    0.00    0.00    0.00   43.75
19:38:19       1    6.82    0.00   19.32    0.00    0.00   40.91    0.00    0.00    0.00   32.95
19:38:19       2    8.42    0.00   32.63    0.00    0.00   15.79    0.00    0.00    0.00   43.16
19:38:19       3    7.45    0.00   29.79    0.00    0.00   13.83    0.00    0.00    0.00   48.94

19:38:19     CPU    %usr   %nice    %sys %iowait    %irq   %soft  %steal  %guest  %gnice   %idle
19:38:20     all    3.76    0.00   32.26    0.00    0.00   23.39    0.00    0.00    0.00   40.59
19:38:20       0    2.06    0.00   38.14    0.00    0.00   14.43    0.00    0.00    0.00   45.36
19:38:20       1    2.50    0.00   21.25    0.00    0.00   45.00    0.00    0.00    0.00   31.25
19:38:20       2    6.25    0.00   29.17    0.00    0.00   20.83    0.00    0.00    0.00   43.75
19:38:20       3    4.04    0.00   38.38    0.00    0.00   17.17    0.00    0.00    0.00   40.40

19:38:20     CPU    %usr   %nice    %sys %iowait    %irq   %soft  %steal  %guest  %gnice   %idle
19:38:21     all    3.81    0.00   26.98    0.00    0.00   20.44    0.00    0.00    0.00   48.77
19:38:21       0    3.19    0.00   25.53    0.00    0.00   13.83    0.00    0.00    0.00   57.45
19:38:21       1    3.61    0.00   20.48    0.00    0.00   39.76    0.00    0.00    0.00   36.14
19:38:21       2    4.35    0.00   27.17    0.00    0.00   18.48    0.00    0.00    0.00   50.00
19:38:21       3    4.08    0.00   33.67    0.00    0.00   12.24    0.00    0.00    0.00   50.00

19:38:21     CPU    %usr   %nice    %sys %iowait    %irq   %soft  %steal  %guest  %gnice   %idle
19:38:22     all    4.61    0.00   27.37    0.00    0.00   20.60    0.00    0.00    0.00   47.43
19:38:22       0    3.26    0.00   27.17    0.00    0.00   11.96    0.00    0.00    0.00   57.61
19:38:22       1    6.49    0.00   19.48    0.00    0.00   45.45    0.00    0.00    0.00   28.57
19:38:22       2    4.12    0.00   25.77    0.00    0.00   17.53    0.00    0.00    0.00   52.58
19:38:22       3    4.85    0.00   34.95    0.00    0.00   12.62    0.00    0.00    0.00   47.57

19:38:22     CPU    %usr   %nice    %sys %iowait    %irq   %soft  %steal  %guest  %gnice   %idle
19:38:23     all    3.40    0.00   29.46    0.00    0.00   18.98    0.00    0.00    0.00   48.16
19:38:23       0    6.19    0.00   29.90    0.00    0.00   11.34    0.00    0.00    0.00   52.58
19:38:23       1    2.82    0.00   23.94    0.00    0.00   36.62    0.00    0.00    0.00   36.62
19:38:23       2    2.17    0.00   34.78    0.00    0.00   14.13    0.00    0.00    0.00   48.91
19:38:23       3    2.15    0.00   27.96    0.00    0.00   18.28    0.00    0.00    0.00   51.61

19:38:23     CPU    %usr   %nice    %sys %iowait    %irq   %soft  %steal  %guest  %gnice   %idle
19:38:24     all    7.12    0.00   28.50    0.00    0.00   19.00    0.00    0.00    0.00   45.38
19:38:24       0    5.94    0.00   29.70    0.00    0.00   11.88    0.00    0.00    0.00   52.48
19:38:24       1    5.81    0.00   24.42    0.00    0.00   39.53    0.00    0.00    0.00   30.23
19:38:24       2   10.53    0.00   29.47    0.00    0.00   13.68    0.00    0.00    0.00   46.32
19:38:24       3    6.19    0.00   29.90    0.00    0.00   13.40    0.00    0.00    0.00   50.52

19:38:24     CPU    %usr   %nice    %sys %iowait    %irq   %soft  %steal  %guest  %gnice   %idle
19:38:25     all    3.51    0.00   29.19    0.27    0.00   21.89    0.00    0.00    0.00   45.14
19:38:25       0    4.95    0.00   31.68    0.99    0.00   13.86    0.00    0.00    0.00   48.51
19:38:25       1    0.00    0.00   19.75    0.00    0.00   43.21    0.00    0.00    0.00   37.04
19:38:25       2    5.43    0.00   26.09    0.00    0.00   19.57    0.00    0.00    0.00   48.91
19:38:25       3    3.12    0.00   37.50    0.00    0.00   14.58    0.00    0.00    0.00   44.79

19:38:25     CPU    %usr   %nice    %sys %iowait    %irq   %soft  %steal  %guest  %gnice   %idle
19:38:26     all    4.61    0.00   29.00    0.00    0.00   17.62    0.00    0.00    0.00   48.78
19:38:26       0    4.17    0.00   30.21    0.00    0.00   14.58    0.00    0.00    0.00   51.04
19:38:26       1    2.60    0.00   22.08    0.00    0.00   33.77    0.00    0.00    0.00   41.56
19:38:26       2    5.26    0.00   30.53    0.00    0.00   14.74    0.00    0.00    0.00   49.47
19:38:26       3    5.94    0.00   31.68    0.00    0.00   10.89    0.00    0.00    0.00   51.49

19:38:26     CPU    %usr   %nice    %sys %iowait    %irq   %soft  %steal  %guest  %gnice   %idle
19:38:27     all    3.75    0.00   27.61    0.00    0.00   21.18    0.00    0.00    0.00   47.45
19:38:27       0    3.03    0.00   28.28    0.00    0.00   19.19    0.00    0.00    0.00   49.49
19:38:27       1    3.85    0.00   23.08    0.00    0.00   38.46    0.00    0.00    0.00   34.62
19:38:27       2    4.26    0.00   25.53    0.00    0.00   13.83    0.00    0.00    0.00   56.38
19:38:27       3    3.92    0.00   32.35    0.00    0.00   16.67    0.00    0.00    0.00   47.06

19:38:27     CPU    %usr   %nice    %sys %iowait    %irq   %soft  %steal  %guest  %gnice   %idle
19:38:28     all    3.66    0.00   23.38    0.00    0.00   16.90    0.00    0.00    0.00   56.06
19:38:28       0    3.23    0.00   24.73    0.00    0.00   11.83    0.00    0.00    0.00   60.22
19:38:28       1    3.95    0.00   22.37    0.00    0.00   35.53    0.00    0.00    0.00   38.16
19:38:28       2    4.44    0.00   22.22    0.00    0.00   14.44    0.00    0.00    0.00   58.89
19:38:28       3    3.12    0.00   23.96    0.00    0.00    9.38    0.00    0.00    0.00   63.54

19:38:28     CPU    %usr   %nice    %sys %iowait    %irq   %soft  %steal  %guest  %gnice   %idle
19:38:29     all    4.99    0.00   29.09    0.00    0.00   20.50    0.00    0.00    0.00   45.43
19:38:29       0    2.08    0.00   33.33    0.00    0.00   15.62    0.00    0.00    0.00   48.96
19:38:29       1    9.64    0.00   24.10    0.00    0.00   37.35    0.00    0.00    0.00   28.92
19:38:29       2    4.55    0.00   30.68    0.00    0.00   15.91    0.00    0.00    0.00   48.86
19:38:29       3    4.26    0.00   27.66    0.00    0.00   14.89    0.00    0.00    0.00   53.19

19:38:29     CPU    %usr   %nice    %sys %iowait    %irq   %soft  %steal  %guest  %gnice   %idle
19:38:30     all    4.49    0.00   24.16    0.00    0.00   16.29    0.00    0.00    0.00   55.06
19:38:30       0    2.94    0.00   25.49    0.00    0.00   16.67    0.00    0.00    0.00   54.90
19:38:30       1    2.78    0.00   25.00    0.00    0.00   29.17    0.00    0.00    0.00   43.06
19:38:30       2    4.44    0.00   23.33    0.00    0.00   13.33    0.00    0.00    0.00   58.89
19:38:30       3    7.61    0.00   22.83    0.00    0.00    8.70    0.00    0.00    0.00   60.87

19:38:30     CPU    %usr   %nice    %sys %iowait    %irq   %soft  %steal  %guest  %gnice   %idle
19:38:31     all    0.51    0.00    1.77    0.00    0.00    1.01    0.00    0.00    0.00   96.72
19:38:31       0    0.00    0.00    1.01    0.00    0.00    1.01    0.00    0.00    0.00   97.98
19:38:31       1    2.00    0.00    2.00    0.00    0.00    2.00    0.00    0.00    0.00   94.00
19:38:31       2    0.00    0.00    2.04    0.00    0.00    0.00    0.00    0.00    0.00   97.96
19:38:31       3    0.00    0.00    2.02    0.00    0.00    1.01    0.00    0.00    0.00   96.97

19:38:31     CPU    %usr   %nice    %sys %iowait    %irq   %soft  %steal  %guest  %gnice   %idle
19:38:32     all    0.50    0.00    1.01    0.00    0.00    0.00    0.00    0.00    0.00   98.49
19:38:32       0    1.01    0.00    0.00    0.00    0.00    0.00    0.00    0.00    0.00   98.99
19:38:32       1    0.00    0.00    2.00    0.00    0.00    0.00    0.00    0.00    0.00   98.00
19:38:32       2    0.00    0.00    1.01    0.00    0.00    0.00    0.00    0.00    0.00   98.99
19:38:32       3    1.01    0.00    1.01    0.00    0.00    0.00    0.00    0.00    0.00   97.98

19:38:32     CPU    %usr   %nice    %sys %iowait    %irq   %soft  %steal  %guest  %gnice   %idle
19:38:33     all    0.75    0.00    1.01    0.00    0.00    0.00    0.00    0.00    0.00   98.24
19:38:33       0    1.00    0.00    1.00    0.00    0.00    0.00    0.00    0.00    0.00   98.00
19:38:33       1    1.01    0.00    1.01    0.00    0.00    0.00    0.00    0.00    0.00   97.98
19:38:33       2    0.00    0.00    0.00    0.00    0.00    0.00    0.00    0.00    0.00  100.00
19:38:33       3    0.99    0.00    1.98    0.00    0.00    0.00    0.00    0.00    0.00   97.03

19:38:33     CPU    %usr   %nice    %sys %iowait    %irq   %soft  %steal  %guest  %gnice   %idle
19:38:34     all    2.79    0.00    3.30    0.25    0.00    0.25    0.00    0.00    0.00   93.40
19:38:34       0    2.06    0.00    2.06    0.00    0.00    0.00    0.00    0.00    0.00   95.88
19:38:34       1    4.08    0.00    5.10    1.02    0.00    0.00    0.00    0.00    0.00   89.80
19:38:34       2    2.00    0.00    3.00    0.00    0.00    0.00    0.00    0.00    0.00   95.00
19:38:34       3    3.03    0.00    3.03    0.00    0.00    1.01    0.00    0.00    0.00   92.93

19:38:34     CPU    %usr   %nice    %sys %iowait    %irq   %soft  %steal  %guest  %gnice   %idle
19:38:35     all    0.25    0.00    1.27    0.00    0.00    0.00    0.00    0.00    0.00   98.48
19:38:35       0    0.00    0.00    0.00    0.00    0.00    0.00    0.00    0.00    0.00  100.00
19:38:35       1    0.00    0.00    2.06    0.00    0.00    0.00    0.00    0.00    0.00   97.94
19:38:35       2    0.00    0.00    1.98    0.00    0.00    0.00    0.00    0.00    0.00   98.02
19:38:35       3    1.01    0.00    1.01    0.00    0.00    0.00    0.00    0.00    0.00   97.98

19:38:35     CPU    %usr   %nice    %sys %iowait    %irq   %soft  %steal  %guest  %gnice   %idle
19:38:36     all    0.25    0.00    1.26    0.00    0.00    0.00    0.00    0.00    0.00   98.49
19:38:36       0    0.00    0.00    1.00    0.00    0.00    0.00    0.00    0.00    0.00   99.00
19:38:36       1    1.01    0.00    2.02    0.00    0.00    0.00    0.00    0.00    0.00   96.97
19:38:36       2    0.00    0.00    0.00    0.00    0.00    0.00    0.00    0.00    0.00  100.00
19:38:36       3    0.00    0.00    2.02    0.00    0.00    0.00    0.00    0.00    0.00   97.98

19:38:36     CPU    %usr   %nice    %sys %iowait    %irq   %soft  %steal  %guest  %gnice   %idle
19:38:37     all    0.76    0.00    1.01    0.00    0.00    0.00    0.00    0.00    0.00   98.23
19:38:37       0    2.02    0.00    1.01    0.00    0.00    0.00    0.00    0.00    0.00   96.97
19:38:37       1    1.00    0.00    1.00    0.00    0.00    0.00    0.00    0.00    0.00   98.00
19:38:37       2    0.00    0.00    2.00    0.00    0.00    0.00    0.00    0.00    0.00   98.00
19:38:37       3    0.00    0.00    0.00    0.00    0.00    0.00    0.00    0.00    0.00  100.00

19:38:37     CPU    %usr   %nice    %sys %iowait    %irq   %soft  %steal  %guest  %gnice   %idle
19:38:38     all    0.50    0.00    0.75    0.00    0.00    0.00    0.00    0.00    0.00   98.75
19:38:38       0    1.94    0.00    2.91    0.00    0.00    0.00    0.00    0.00    0.00   95.15
19:38:38       1    0.00    0.00    0.00    0.00    0.00    0.00    0.00    0.00    0.00  100.00
19:38:38       2    0.00    0.00    0.00    0.00    0.00    0.00    0.00    0.00    0.00  100.00
19:38:38       3    0.00    0.00    0.00    0.00    0.00    0.00    0.00    0.00    0.00  100.00

19:38:38     CPU    %usr   %nice    %sys %iowait    %irq   %soft  %steal  %guest  %gnice   %idle
19:38:39     all    0.51    0.00    1.26    0.00    0.00    0.00    0.00    0.00    0.00   98.23
19:38:39       0    0.00    0.00    1.03    0.00    0.00    0.00    0.00    0.00    0.00   98.97
19:38:39       1    0.00    0.00    0.00    0.00    0.00    0.00    0.00    0.00    0.00  100.00
19:38:39       2    0.99    0.00    1.98    0.00    0.00    0.00    0.00    0.00    0.00   97.03
19:38:39       3    1.01    0.00    2.02    0.00    0.00    0.00    0.00    0.00    0.00   96.97

19:38:39     CPU    %usr   %nice    %sys %iowait    %irq   %soft  %steal  %guest  %gnice   %idle
19:38:40     all    2.27    0.00    3.54    0.00    0.00    0.51    0.00    0.00    0.00   93.69
19:38:40       0    2.00    0.00    5.00    0.00    0.00    1.00    0.00    0.00    0.00   92.00
19:38:40       1    1.01    0.00    4.04    0.00    0.00    1.01    0.00    0.00    0.00   93.94
19:38:40       2    5.00    0.00    3.00    0.00    0.00    0.00    0.00    0.00    0.00   92.00
19:38:40       3    1.03    0.00    2.06    0.00    0.00    0.00    0.00    0.00    0.00   96.91

19:38:40     CPU    %usr   %nice    %sys %iowait    %irq   %soft  %steal  %guest  %gnice   %idle
19:38:41     all    0.00    0.00    0.51    0.00    0.00    0.00    0.00    0.00    0.00   99.49
19:38:41       0    0.00    0.00    1.02    0.00    0.00    0.00    0.00    0.00    0.00   98.98
19:38:41       1    0.00    0.00    0.00    0.00    0.00    0.00    0.00    0.00    0.00  100.00
19:38:41       2    0.00    0.00    1.01    0.00    0.00    0.00    0.00    0.00    0.00   98.99
19:38:41       3    0.00    0.00    0.00    0.00    0.00    0.00    0.00    0.00    0.00  100.00

19:38:41     CPU    %usr   %nice    %sys %iowait    %irq   %soft  %steal  %guest  %gnice   %idle
19:38:42     all    0.75    0.00    1.00    0.00    0.00    0.00    0.00    0.00    0.00   98.25
19:38:42       0    1.00    0.00    1.00    0.00    0.00    0.00    0.00    0.00    0.00   98.00
19:38:42       1    0.99    0.00    2.97    0.00    0.00    0.00    0.00    0.00    0.00   96.04
19:38:42       2    1.00    0.00    0.00    0.00    0.00    0.00    0.00    0.00    0.00   99.00
19:38:42       3    0.00    0.00    0.00    0.00    0.00    0.00    0.00    0.00    0.00  100.00

19:38:42     CPU    %usr   %nice    %sys %iowait    %irq   %soft  %steal  %guest  %gnice   %idle
19:38:43     all    0.50    0.00    1.01    0.00    0.00    0.00    0.00    0.00    0.00   98.49
19:38:43       0    0.00    0.00    1.02    0.00    0.00    0.00    0.00    0.00    0.00   98.98
19:38:43       1    0.00    0.00    2.00    0.00    0.00    0.00    0.00    0.00    0.00   98.00
19:38:43       2    1.00    0.00    1.00    0.00    0.00    0.00    0.00    0.00    0.00   98.00
19:38:43       3    1.00    0.00    0.00    0.00    0.00    0.00    0.00    0.00    0.00   99.00

19:38:43     CPU    %usr   %nice    %sys %iowait    %irq   %soft  %steal  %guest  %gnice   %idle
19:38:44     all    0.00    0.00    0.76    0.00    0.00    0.00    0.00    0.00    0.00   99.24
19:38:44       0    0.00    0.00    1.01    0.00    0.00    0.00    0.00    0.00    0.00   98.99
19:38:44       1    0.00    0.00    1.02    0.00    0.00    0.00    0.00    0.00    0.00   98.98
19:38:44       2    0.00    0.00    1.02    0.00    0.00    0.00    0.00    0.00    0.00   98.98
19:38:44       3    0.00    0.00    0.00    0.00    0.00    0.00    0.00    0.00    0.00  100.00

19:38:44     CPU    %usr   %nice    %sys %iowait    %irq   %soft  %steal  %guest  %gnice   %idle
19:38:45     all    2.54    0.00    3.81    0.00    0.00    0.00    0.00    0.00    0.00   93.65
19:38:45       0    3.06    0.00    3.06    0.00    0.00    0.00    0.00    0.00    0.00   93.88
19:38:45       1    1.02    0.00    5.10    0.00    0.00    0.00    0.00    0.00    0.00   93.88
19:38:45       2    5.05    0.00    3.03    0.00    0.00    0.00    0.00    0.00    0.00   91.92
19:38:45       3    1.01    0.00    4.04    0.00    0.00    0.00    0.00    0.00    0.00   94.95

19:38:45     CPU    %usr   %nice    %sys %iowait    %irq   %soft  %steal  %guest  %gnice   %idle
19:38:46     all    0.50    0.00    0.76    0.00    0.00    0.00    0.00    0.00    0.00   98.74
19:38:46       0    0.00    0.00    1.01    0.00    0.00    0.00    0.00    0.00    0.00   98.99
19:38:46       1    0.00    0.00    0.00    0.00    0.00    0.00    0.00    0.00    0.00  100.00
19:38:46       2    1.01    0.00    1.01    0.00    0.00    0.00    0.00    0.00    0.00   97.98
19:38:46       3    0.99    0.00    0.99    0.00    0.00    0.00    0.00    0.00    0.00   98.02

19:38:46     CPU    %usr   %nice    %sys %iowait    %irq   %soft  %steal  %guest  %gnice   %idle
19:38:47     all    0.00    0.00    0.76    0.00    0.00    0.00    0.00    0.00    0.00   99.24
19:38:47       0    0.00    0.00    1.00    0.00    0.00    0.00    0.00    0.00    0.00   99.00
19:38:47       1    0.00    0.00    1.02    0.00    0.00    0.00    0.00    0.00    0.00   98.98
19:38:47       2    0.00    0.00    1.01    0.00    0.00    0.00    0.00    0.00    0.00   98.99
19:38:47       3    0.00    0.00    0.00    0.00    0.00    0.00    0.00    0.00    0.00  100.00

19:38:47     CPU    %usr   %nice    %sys %iowait    %irq   %soft  %steal  %guest  %gnice   %idle
19:38:48     all    0.00    0.00    1.75    0.00    0.00    0.00    0.00    0.00    0.00   98.25
19:38:48       0    0.00    0.00    1.01    0.00    0.00    0.00    0.00    0.00    0.00   98.99
19:38:48       1    0.00    0.00    2.00    0.00    0.00    0.00    0.00    0.00    0.00   98.00
19:38:48       2    0.00    0.00    3.00    0.00    0.00    0.00    0.00    0.00    0.00   97.00
19:38:48       3    0.00    0.00    1.00    0.00    0.00    0.00    0.00    0.00    0.00   99.00

19:38:48     CPU    %usr   %nice    %sys %iowait    %irq   %soft  %steal  %guest  %gnice   %idle
19:38:49     all    0.51    0.00    0.00    0.00    0.00    0.00    0.00    0.00    0.00   99.49
19:38:49       0    0.00    0.00    0.00    0.00    0.00    0.00    0.00    0.00    0.00  100.00
19:38:49       1    1.02    0.00    0.00    0.00    0.00    0.00    0.00    0.00    0.00   98.98
19:38:49       2    0.00    0.00    0.00    0.00    0.00    0.00    0.00    0.00    0.00  100.00
19:38:49       3    1.01    0.00    0.00    0.00    0.00    0.00    0.00    0.00    0.00   98.99

19:38:49     CPU    %usr   %nice    %sys %iowait    %irq   %soft  %steal  %guest  %gnice   %idle
19:38:50     all    3.27    0.00    3.53    0.25    0.00    0.00    0.00    0.00    0.00   92.95
19:38:50       0    7.00    0.00    4.00    1.00    0.00    0.00    0.00    0.00    0.00   88.00
19:38:50       1    2.00    0.00    5.00    0.00    0.00    0.00    0.00    0.00    0.00   93.00
19:38:50       2    1.02    0.00    3.06    0.00    0.00    0.00    0.00    0.00    0.00   95.92
19:38:50       3    3.03    0.00    2.02    0.00    0.00    0.00    0.00    0.00    0.00   94.95

19:38:50     CPU    %usr   %nice    %sys %iowait    %irq   %soft  %steal  %guest  %gnice   %idle
19:38:51     all    0.00    0.00    1.26    0.00    0.00    0.00    0.00    0.00    0.00   98.74
19:38:51       0    0.00    0.00    2.00    0.00    0.00    0.00    0.00    0.00    0.00   98.00
19:38:51       1    0.00    0.00    0.00    0.00    0.00    0.00    0.00    0.00    0.00  100.00
19:38:51       2    0.00    0.00    1.02    0.00    0.00    0.00    0.00    0.00    0.00   98.98
19:38:51       3    0.00    0.00    2.00    0.00    0.00    0.00    0.00    0.00    0.00   98.00

19:38:51     CPU    %usr   %nice    %sys %iowait    %irq   %soft  %steal  %guest  %gnice   %idle
19:38:52     all    0.25    0.00    0.76    0.00    0.00    0.00    0.00    0.00    0.00   98.99
19:38:52       0    0.00    0.00    0.00    0.00    0.00    0.00    0.00    0.00    0.00  100.00
19:38:52       1    0.99    0.00    0.99    0.00    0.00    0.00    0.00    0.00    0.00   98.02
19:38:52       2    0.00    0.00    2.00    0.00    0.00    0.00    0.00    0.00    0.00   98.00
19:38:52       3    0.00    0.00    0.00    0.00    0.00    0.00    0.00    0.00    0.00  100.00

19:38:52     CPU    %usr   %nice    %sys %iowait    %irq   %soft  %steal  %guest  %gnice   %idle
19:38:53     all    0.00    0.00    1.26    0.00    0.00    0.00    0.00    0.00    0.00   98.74
19:38:53       0    0.00    0.00    1.00    0.00    0.00    0.00    0.00    0.00    0.00   99.00
19:38:53       1    0.00    0.00    1.01    0.00    0.00    0.00    0.00    0.00    0.00   98.99
19:38:53       2    0.00    0.00    2.00    0.00    0.00    0.00    0.00    0.00    0.00   98.00
19:38:53       3    0.00    0.00    1.02    0.00    0.00    0.00    0.00    0.00    0.00   98.98

19:38:53     CPU    %usr   %nice    %sys %iowait    %irq   %soft  %steal  %guest  %gnice   %idle
19:38:54     all    0.50    0.00    0.76    0.00    0.00    0.00    0.00    0.00    0.00   98.74
19:38:54       0    1.00    0.00    0.00    0.00    0.00    0.00    0.00    0.00    0.00   99.00
19:38:54       1    0.00    0.00    1.01    0.00    0.00    0.00    0.00    0.00    0.00   98.99
19:38:54       2    1.01    0.00    1.01    0.00    0.00    0.00    0.00    0.00    0.00   97.98
19:38:54       3    0.00    0.00    1.01    0.00    0.00    0.00    0.00    0.00    0.00   98.99

19:38:54     CPU    %usr   %nice    %sys %iowait    %irq   %soft  %steal  %guest  %gnice   %idle
19:38:55     all    3.03    0.00    4.29    0.00    0.00    0.00    0.00    0.00    0.00   92.68
19:38:55       0    5.10    0.00    5.10    0.00    0.00    0.00    0.00    0.00    0.00   89.80
19:38:55       1    1.00    0.00    4.00    0.00    0.00    0.00    0.00    0.00    0.00   95.00
19:38:55       2    3.00    0.00    5.00    0.00    0.00    0.00    0.00    0.00    0.00   92.00
19:38:55       3    3.06    0.00    3.06    0.00    0.00    0.00    0.00    0.00    0.00   93.88

19:38:55     CPU    %usr   %nice    %sys %iowait    %irq   %soft  %steal  %guest  %gnice   %idle
19:38:56     all    0.51    0.00    0.51    0.00    0.00    0.00    0.00    0.00    0.00   98.99
19:38:56       0    0.00    0.00    1.00    0.00    0.00    0.00    0.00    0.00    0.00   99.00
19:38:56       1    0.00    0.00    0.00    0.00    0.00    0.00    0.00    0.00    0.00  100.00
19:38:56       2    1.02    0.00    0.00    0.00    0.00    0.00    0.00    0.00    0.00   98.98
19:38:56       3    1.01    0.00    1.01    0.00    0.00    0.00    0.00    0.00    0.00   97.98

19:38:56     CPU    %usr   %nice    %sys %iowait    %irq   %soft  %steal  %guest  %gnice   %idle
19:38:57     all    0.25    0.00    0.25    0.00    0.00    0.00    0.00    0.00    0.00   99.49
19:38:57       0    0.00    0.00    0.00    0.00    0.00    0.00    0.00    0.00    0.00  100.00
19:38:57       1    1.01    0.00    0.00    0.00    0.00    0.00    0.00    0.00    0.00   98.99
19:38:57       2    0.00    0.00    0.00    0.00    0.00    0.00    0.00    0.00    0.00  100.00
19:38:57       3    0.00    0.00    1.01    0.00    0.00    0.00    0.00    0.00    0.00   98.99

19:38:57     CPU    %usr   %nice    %sys %iowait    %irq   %soft  %steal  %guest  %gnice   %idle
19:38:58     all    0.50    0.00    1.01    0.00    0.00    0.00    0.00    0.00    0.00   98.49
19:38:58       0    1.01    0.00    0.00    0.00    0.00    0.00    0.00    0.00    0.00   98.99
19:38:58       1    0.00    0.00    2.00    0.00    0.00    0.00    0.00    0.00    0.00   98.00
19:38:58       2    1.01    0.00    1.01    0.00    0.00    0.00    0.00    0.00    0.00   97.98
19:38:58       3    0.00    0.00    1.01    0.00    0.00    0.00    0.00    0.00    0.00   98.99

19:38:58     CPU    %usr   %nice    %sys %iowait    %irq   %soft  %steal  %guest  %gnice   %idle
19:38:59     all    0.25    0.00    1.50    0.00    0.00    0.25    0.00    0.00    0.00   97.99
19:38:59       0    0.00    0.00    0.99    0.00    0.00    0.99    0.00    0.00    0.00   98.02
19:38:59       1    0.00    0.00    2.02    0.00    0.00    0.00    0.00    0.00    0.00   97.98
19:38:59       2    0.99    0.00    2.97    0.00    0.00    0.00    0.00    0.00    0.00   96.04
19:38:59       3    0.00    0.00    0.00    0.00    0.00    0.00    0.00    0.00    0.00  100.00

19:38:59     CPU    %usr   %nice    %sys %iowait    %irq   %soft  %steal  %guest  %gnice   %idle
19:39:00     all    3.06    0.00    3.32    0.26    0.00    0.00    0.00    0.00    0.00   93.37
19:39:00       0    1.01    0.00    4.04    1.01    0.00    0.00    0.00    0.00    0.00   93.94
19:39:00       1    3.06    0.00    3.06    0.00    0.00    0.00    0.00    0.00    0.00   93.88
19:39:00       2    6.12    0.00    2.04    0.00    0.00    0.00    0.00    0.00    0.00   91.84
19:39:00       3    2.06    0.00    4.12    0.00    0.00    0.00    0.00    0.00    0.00   93.81

19:39:00     CPU    %usr   %nice    %sys %iowait    %irq   %soft  %steal  %guest  %gnice   %idle
19:39:01     all    0.50    0.00    1.01    0.00    0.00    0.00    0.00    0.00    0.00   98.49
19:39:01       0    1.01    0.00    1.01    0.00    0.00    0.00    0.00    0.00    0.00   97.98
19:39:01       1    0.00    0.00    1.00    0.00    0.00    0.00    0.00    0.00    0.00   99.00
19:39:01       2    0.00    0.00    2.00    0.00    0.00    0.00    0.00    0.00    0.00   98.00
19:39:01       3    1.01    0.00    0.00    0.00    0.00    0.00    0.00    0.00    0.00   98.99

19:39:01     CPU    %usr   %nice    %sys %iowait    %irq   %soft  %steal  %guest  %gnice   %idle
19:39:02     all    0.25    0.00    0.76    0.00    0.00    0.00    0.00    0.00    0.00   98.99
19:39:02       0    1.00    0.00    1.00    0.00    0.00    0.00    0.00    0.00    0.00   98.00
19:39:02       1    0.00    0.00    1.01    0.00    0.00    0.00    0.00    0.00    0.00   98.99
19:39:02       2    0.00    0.00    0.00    0.00    0.00    0.00    0.00    0.00    0.00  100.00
19:39:02       3    0.00    0.00    1.00    0.00    0.00    0.00    0.00    0.00    0.00   99.00

19:39:02     CPU    %usr   %nice    %sys %iowait    %irq   %soft  %steal  %guest  %gnice   %idle
19:39:03     all    0.00    0.00    1.26    0.00    0.00    0.00    0.00    0.00    0.00   98.74
19:39:03       0    0.00    0.00    1.00    0.00    0.00    0.00    0.00    0.00    0.00   99.00
19:39:03       1    0.00    0.00    2.00    0.00    0.00    0.00    0.00    0.00    0.00   98.00
19:39:03       2    0.00    0.00    2.00    0.00    0.00    0.00    0.00    0.00    0.00   98.00
19:39:03       3    0.00    0.00    0.00    0.00    0.00    0.00    0.00    0.00    0.00  100.00

19:39:03     CPU    %usr   %nice    %sys %iowait    %irq   %soft  %steal  %guest  %gnice   %idle
19:39:04     all    0.25    0.00    0.76    0.00    0.00    0.50    0.00    0.00    0.00   98.49
19:39:04       0    0.00    0.00    0.00    0.00    0.00    1.01    0.00    0.00    0.00   98.99
19:39:04       1    0.00    0.00    1.01    0.00    0.00    0.00    0.00    0.00    0.00   98.99
19:39:04       2    0.00    0.00    1.01    0.00    0.00    1.01    0.00    0.00    0.00   97.98
19:39:04       3    1.00    0.00    1.00    0.00    0.00    0.00    0.00    0.00    0.00   98.00

19:39:04     CPU    %usr   %nice    %sys %iowait    %irq   %soft  %steal  %guest  %gnice   %idle
19:39:05     all    3.02    0.00    3.53    0.25    0.00    0.00    0.00    0.00    0.00   93.20
19:39:05       0    2.04    0.00    5.10    0.00    0.00    0.00    0.00    0.00    0.00   92.86
19:39:05       1    1.02    0.00    2.04    0.00    0.00    0.00    0.00    0.00    0.00   96.94
19:39:05       2    7.00    0.00    3.00    0.00    0.00    0.00    0.00    0.00    0.00   90.00
19:39:05       3    1.98    0.00    3.96    0.99    0.00    0.00    0.00    0.00    0.00   93.07

19:39:05     CPU    %usr   %nice    %sys %iowait    %irq   %soft  %steal  %guest  %gnice   %idle
19:39:06     all    0.00    0.00    0.76    0.00    0.00    0.00    0.00    0.00    0.00   99.24
19:39:06       0    0.00    0.00    0.00    0.00    0.00    0.00    0.00    0.00    0.00  100.00
19:39:06       1    0.00    0.00    1.01    0.00    0.00    0.00    0.00    0.00    0.00   98.99
19:39:06       2    0.00    0.00    2.00    0.00    0.00    0.00    0.00    0.00    0.00   98.00
19:39:06       3    0.00    0.00    0.00    0.00    0.00    0.00    0.00    0.00    0.00  100.00

19:39:06     CPU    %usr   %nice    %sys %iowait    %irq   %soft  %steal  %guest  %gnice   %idle
19:39:07     all    0.50    0.00    0.76    0.00    0.00    0.00    0.00    0.00    0.00   98.74
19:39:07       0    1.01    0.00    1.01    0.00    0.00    0.00    0.00    0.00    0.00   97.98
19:39:07       1    1.01    0.00    0.00    0.00    0.00    0.00    0.00    0.00    0.00   98.99
19:39:07       2    0.00    0.00    0.00    0.00    0.00    0.00    0.00    0.00    0.00  100.00
19:39:07       3    0.00    0.00    2.00    0.00    0.00    0.00    0.00    0.00    0.00   98.00

19:39:07     CPU    %usr   %nice    %sys %iowait    %irq   %soft  %steal  %guest  %gnice   %idle
19:39:08     all    0.00    0.00    1.51    0.00    0.00    0.00    0.00    0.00    0.00   98.49
19:39:08       0    0.00    0.00    1.00    0.00    0.00    0.00    0.00    0.00    0.00   99.00
19:39:08       1    0.00    0.00    0.00    0.00    0.00    0.00    0.00    0.00    0.00  100.00
19:39:08       2    0.00    0.00    2.00    0.00    0.00    0.00    0.00    0.00    0.00   98.00
19:39:08       3    0.00    0.00    2.97    0.00    0.00    0.00    0.00    0.00    0.00   97.03

19:39:08     CPU    %usr   %nice    %sys %iowait    %irq   %soft  %steal  %guest  %gnice   %idle
19:39:09     all    0.51    0.00    0.51    0.00    0.00    0.00    0.00    0.00    0.00   98.99
19:39:09       0    0.99    0.00    0.99    0.00    0.00    0.00    0.00    0.00    0.00   98.02
19:39:09       1    0.00    0.00    0.00    0.00    0.00    0.00    0.00    0.00    0.00  100.00
19:39:09       2    1.01    0.00    0.00    0.00    0.00    0.00    0.00    0.00    0.00   98.99
19:39:09       3    0.00    0.00    1.02    0.00    0.00    0.00    0.00    0.00    0.00   98.98

19:39:09     CPU    %usr   %nice    %sys %iowait    %irq   %soft  %steal  %guest  %gnice   %idle
19:39:10     all    1.01    0.00    2.01    0.00    0.00    0.00    0.00    0.00    0.00   96.98
19:39:10       0    1.00    0.00    4.00    0.00    0.00    0.00    0.00    0.00    0.00   95.00
19:39:10       1    0.00    0.00    1.02    0.00    0.00    0.00    0.00    0.00    0.00   98.98
19:39:10       2    1.00    0.00    2.00    0.00    0.00    0.00    0.00    0.00    0.00   97.00
19:39:10       3    2.00    0.00    1.00    0.00    0.00    0.00    0.00    0.00    0.00   97.00

19:39:10     CPU    %usr   %nice    %sys %iowait    %irq   %soft  %steal  %guest  %gnice   %idle
19:39:11     all    2.78    0.00    3.28    0.00    0.00    0.00    0.00    0.00    0.00   93.94
19:39:11       0    3.00    0.00    4.00    0.00    0.00    0.00    0.00    0.00    0.00   93.00
19:39:11       1    2.00    0.00    4.00    0.00    0.00    0.00    0.00    0.00    0.00   94.00
19:39:11       2    5.05    0.00    3.03    0.00    0.00    0.00    0.00    0.00    0.00   91.92
19:39:11       3    1.03    0.00    2.06    0.00    0.00    0.00    0.00    0.00    0.00   96.91

19:39:11     CPU    %usr   %nice    %sys %iowait    %irq   %soft  %steal  %guest  %gnice   %idle
19:39:12     all    0.75    0.00    1.01    0.00    0.00    0.00    0.00    0.00    0.00   98.24
19:39:12       0    0.00    0.00    2.00    0.00    0.00    0.00    0.00    0.00    0.00   98.00
19:39:12       1    1.01    0.00    0.00    0.00    0.00    0.00    0.00    0.00    0.00   98.99
19:39:12       2    2.00    0.00    1.00    0.00    0.00    0.00    0.00    0.00    0.00   97.00
19:39:12       3    0.00    0.00    1.01    0.00    0.00    0.00    0.00    0.00    0.00   98.99

19:39:12     CPU    %usr   %nice    %sys %iowait    %irq   %soft  %steal  %guest  %gnice   %idle
19:39:13     all    0.00    0.00    1.01    0.00    0.00    0.00    0.00    0.00    0.00   98.99
19:39:13       0    0.00    0.00    2.02    0.00    0.00    0.00    0.00    0.00    0.00   97.98
19:39:13       1    0.00    0.00    0.00    0.00    0.00    0.00    0.00    0.00    0.00  100.00
19:39:13       2    0.00    0.00    2.00    0.00    0.00    0.00    0.00    0.00    0.00   98.00
19:39:13       3    0.00    0.00    0.00    0.00    0.00    0.00    0.00    0.00    0.00  100.00

19:39:13     CPU    %usr   %nice    %sys %iowait    %irq   %soft  %steal  %guest  %gnice   %idle
19:39:14     all    0.25    0.00    1.75    0.00    0.00    0.00    0.00    0.00    0.00   97.99
19:39:14       0    0.99    0.00    2.97    0.00    0.00    0.00    0.00    0.00    0.00   96.04
19:39:14       1    0.00    0.00    1.00    0.00    0.00    0.00    0.00    0.00    0.00   99.00
19:39:14       2    0.00    0.00    2.02    0.00    0.00    0.00    0.00    0.00    0.00   97.98
19:39:14       3    0.00    0.00    1.01    0.00    0.00    0.00    0.00    0.00    0.00   98.99

19:39:14     CPU    %usr   %nice    %sys %iowait    %irq   %soft  %steal  %guest  %gnice   %idle
19:39:15     all    0.00    0.00    0.51    0.25    0.00    0.00    0.00    0.00    0.00   99.24
19:39:15       0    0.00    0.00    1.01    1.01    0.00    0.00    0.00    0.00    0.00   97.98
19:39:15       1    0.00    0.00    0.00    0.00    0.00    0.00    0.00    0.00    0.00  100.00
19:39:15       2    0.00    0.00    0.00    0.00    0.00    0.00    0.00    0.00    0.00  100.00
19:39:15       3    0.00    0.00    1.01    0.00    0.00    0.00    0.00    0.00    0.00   98.99

19:39:15     CPU    %usr   %nice    %sys %iowait    %irq   %soft  %steal  %guest  %gnice   %idle
19:39:16     all    2.78    0.00    3.79    0.00    0.00    0.25    0.00    0.00    0.00   93.18
19:39:16       0    3.06    0.00    2.04    0.00    0.00    0.00    0.00    0.00    0.00   94.90
19:39:16       1    5.10    0.00    3.06    0.00    0.00    0.00    0.00    0.00    0.00   91.84
19:39:16       2    0.99    0.00    5.94    0.00    0.00    0.00    0.00    0.00    0.00   93.07
19:39:16       3    2.02    0.00    4.04    0.00    0.00    1.01    0.00    0.00    0.00   92.93

19:39:16     CPU    %usr   %nice    %sys %iowait    %irq   %soft  %steal  %guest  %gnice   %idle
19:39:17     all    0.00    0.00    1.01    0.00    0.00    0.00    0.00    0.00    0.00   98.99
19:39:17       0    0.00    0.00    1.02    0.00    0.00    0.00    0.00    0.00    0.00   98.98
19:39:17       1    0.00    0.00    0.00    0.00    0.00    0.00    0.00    0.00    0.00  100.00
19:39:17       2    0.00    0.00    2.02    0.00    0.00    0.00    0.00    0.00    0.00   97.98
19:39:17       3    0.00    0.00    1.01    0.00    0.00    0.00    0.00    0.00    0.00   98.99

19:39:17     CPU    %usr   %nice    %sys %iowait    %irq   %soft  %steal  %guest  %gnice   %idle
19:39:18     all    0.00    0.00    1.01    0.00    0.00    0.00    0.00    0.00    0.00   98.99
19:39:18       0    0.00    0.00    1.01    0.00    0.00    0.00    0.00    0.00    0.00   98.99
19:39:18       1    0.00    0.00    2.00    0.00    0.00    0.00    0.00    0.00    0.00   98.00
19:39:18       2    0.00    0.00    1.01    0.00    0.00    0.00    0.00    0.00    0.00   98.99
19:39:18       3    0.00    0.00    0.00    0.00    0.00    0.00    0.00    0.00    0.00  100.00

19:39:18     CPU    %usr   %nice    %sys %iowait    %irq   %soft  %steal  %guest  %gnice   %idle
19:39:19     all    0.50    0.00    1.25    0.00    0.00    0.25    0.00    0.00    0.00   98.00
19:39:19       0    0.98    0.00    0.98    0.00    0.00    0.98    0.00    0.00    0.00   97.06
19:39:19       1    0.00    0.00    1.01    0.00    0.00    0.00    0.00    0.00    0.00   98.99
19:39:19       2    1.00    0.00    2.00    0.00    0.00    0.00    0.00    0.00    0.00   97.00
19:39:19       3    0.00    0.00    1.01    0.00    0.00    0.00    0.00    0.00    0.00   98.99

19:39:19     CPU    %usr   %nice    %sys %iowait    %irq   %soft  %steal  %guest  %gnice   %idle
19:39:20     all    0.50    0.00    0.75    0.00    0.00    0.00    0.00    0.00    0.00   98.74
19:39:20       0    0.00    0.00    0.00    0.00    0.00    0.00    0.00    0.00    0.00  100.00
19:39:20       1    0.99    0.00    0.99    0.00    0.00    0.00    0.00    0.00    0.00   98.02
19:39:20       2    1.00    0.00    2.00    0.00    0.00    0.00    0.00    0.00    0.00   97.00
19:39:20       3    0.00    0.00    0.00    0.00    0.00    0.00    0.00    0.00    0.00  100.00

19:39:20     CPU    %usr   %nice    %sys %iowait    %irq   %soft  %steal  %guest  %gnice   %idle
19:39:21     all    3.29    0.00    3.29    0.00    0.00    0.00    0.00    0.00    0.00   93.42
19:39:21       0    4.04    0.00    1.01    0.00    0.00    0.00    0.00    0.00    0.00   94.95
19:39:21       1    6.06    0.00    4.04    0.00    0.00    0.00    0.00    0.00    0.00   89.90
19:39:21       2    2.00    0.00    5.00    0.00    0.00    0.00    0.00    0.00    0.00   93.00
19:39:21       3    1.03    0.00    3.09    0.00    0.00    0.00    0.00    0.00    0.00   95.88

19:39:21     CPU    %usr   %nice    %sys %iowait    %irq   %soft  %steal  %guest  %gnice   %idle
19:39:22     all    0.25    0.00    0.76    0.00    0.00    0.00    0.00    0.00    0.00   98.99
19:39:22       0    0.00    0.00    1.01    0.00    0.00    0.00    0.00    0.00    0.00   98.99
19:39:22       1    1.01    0.00    1.01    0.00    0.00    0.00    0.00    0.00    0.00   97.98
19:39:22       2    0.00    0.00    1.01    0.00    0.00    0.00    0.00    0.00    0.00   98.99
19:39:22       3    0.00    0.00    0.00    0.00    0.00    0.00    0.00    0.00    0.00  100.00

19:39:22     CPU    %usr   %nice    %sys %iowait    %irq   %soft  %steal  %guest  %gnice   %idle
19:39:23     all    0.50    0.00    1.50    0.00    0.00    0.00    0.00    0.00    0.00   98.00
19:39:23       0    1.00    0.00    1.00    0.00    0.00    0.00    0.00    0.00    0.00   98.00
19:39:23       1    0.00    0.00    2.00    0.00    0.00    0.00    0.00    0.00    0.00   98.00
19:39:23       2    1.00    0.00    2.00    0.00    0.00    0.00    0.00    0.00    0.00   97.00
19:39:23       3    0.00    0.00    1.00    0.00    0.00    0.00    0.00    0.00    0.00   99.00

19:39:23     CPU    %usr   %nice    %sys %iowait    %irq   %soft  %steal  %guest  %gnice   %idle
19:39:24     all    0.25    0.00    1.01    0.00    0.00    0.00    0.00    0.00    0.00   98.74
19:39:24       0    0.00    0.00    0.00    0.00    0.00    0.00    0.00    0.00    0.00  100.00
19:39:24       1    0.00    0.00    2.02    0.00    0.00    0.00    0.00    0.00    0.00   97.98
19:39:24       2    1.02    0.00    1.02    0.00    0.00    0.00    0.00    0.00    0.00   97.96
19:39:24       3    0.00    0.00    1.00    0.00    0.00    0.00    0.00    0.00    0.00   99.00

19:39:24     CPU    %usr   %nice    %sys %iowait    %irq   %soft  %steal  %guest  %gnice   %idle
19:39:25     all    0.25    0.00    0.76    0.00    0.00    0.00    0.00    0.00    0.00   98.99
19:39:25       0    0.00    0.00    0.00    0.00    0.00    0.00    0.00    0.00    0.00  100.00
19:39:25       1    0.00    0.00    1.01    0.00    0.00    0.00    0.00    0.00    0.00   98.99
19:39:25       2    0.00    0.00    1.02    0.00    0.00    0.00    0.00    0.00    0.00   98.98
19:39:25       3    1.00    0.00    1.00    0.00    0.00    0.00    0.00    0.00    0.00   98.00

19:39:25     CPU    %usr   %nice    %sys %iowait    %irq   %soft  %steal  %guest  %gnice   %idle
19:39:26     all    2.81    0.00    3.07    0.00    0.00    0.00    0.00    0.00    0.00   94.12
19:39:26       0    2.06    0.00    4.12    0.00    0.00    0.00    0.00    0.00    0.00   93.81
19:39:26       1    2.04    0.00    3.06    0.00    0.00    0.00    0.00    0.00    0.00   94.90
19:39:26       2    3.06    0.00    3.06    0.00    0.00    0.00    0.00    0.00    0.00   93.88
19:39:26       3    4.08    0.00    2.04    0.00    0.00    0.00    0.00    0.00    0.00   93.88

19:39:26     CPU    %usr   %nice    %sys %iowait    %irq   %soft  %steal  %guest  %gnice   %idle
19:39:27     all    0.25    0.00    1.75    0.00    0.00    0.00    0.00    0.00    0.00   97.99
19:39:27       0    0.00    0.00    1.01    0.00    0.00    0.00    0.00    0.00    0.00   98.99
19:39:27       1    0.99    0.00    1.98    0.00    0.00    0.00    0.00    0.00    0.00   97.03
19:39:27       2    0.00    0.00    2.02    0.00    0.00    0.00    0.00    0.00    0.00   97.98
19:39:27       3    0.00    0.00    2.00    0.00    0.00    0.00    0.00    0.00    0.00   98.00

19:39:27     CPU    %usr   %nice    %sys %iowait    %irq   %soft  %steal  %guest  %gnice   %idle
19:39:28     all    0.00    0.00    0.51    0.00    0.00    0.00    0.00    0.00    0.00   99.49
19:39:28       0    0.00    0.00    1.01    0.00    0.00    0.00    0.00    0.00    0.00   98.99
19:39:28       1    0.00    0.00    1.01    0.00    0.00    0.00    0.00    0.00    0.00   98.99
19:39:28       2    0.00    0.00    0.00    0.00    0.00    0.00    0.00    0.00    0.00  100.00
19:39:28       3    0.00    0.00    0.00    0.00    0.00    0.00    0.00    0.00    0.00  100.00

19:39:28     CPU    %usr   %nice    %sys %iowait    %irq   %soft  %steal  %guest  %gnice   %idle
19:39:29     all    0.75    0.00    1.50    0.00    0.00    0.00    0.00    0.00    0.00   97.76
19:39:29       0    0.99    0.00    1.98    0.00    0.00    0.00    0.00    0.00    0.00   97.03
19:39:29       1    0.00    0.00    2.00    0.00    0.00    0.00    0.00    0.00    0.00   98.00
19:39:29       2    1.00    0.00    1.00    0.00    0.00    0.00    0.00    0.00    0.00   98.00
19:39:29       3    1.00    0.00    1.00    0.00    0.00    0.00    0.00    0.00    0.00   98.00

19:39:29     CPU    %usr   %nice    %sys %iowait    %irq   %soft  %steal  %guest  %gnice   %idle
19:39:30     all    0.00    0.00    1.52    0.00    0.00    0.00    0.00    0.00    0.00   98.48
19:39:30       0    0.00    0.00    1.02    0.00    0.00    0.00    0.00    0.00    0.00   98.98
19:39:30       1    0.00    0.00    1.01    0.00    0.00    0.00    0.00    0.00    0.00   98.99
19:39:30       2    0.00    0.00    2.00    0.00    0.00    0.00    0.00    0.00    0.00   98.00
19:39:30       3    0.00    0.00    2.02    0.00    0.00    0.00    0.00    0.00    0.00   97.98

19:39:30     CPU    %usr   %nice    %sys %iowait    %irq   %soft  %steal  %guest  %gnice   %idle
19:39:31     all    2.51    0.00    4.77    0.00    0.00    0.00    0.00    0.00    0.00   92.71
19:39:31       0    2.97    0.00    4.95    0.00    0.00    0.00    0.00    0.00    0.00   92.08
19:39:31       1    2.04    0.00    3.06    0.00    0.00    0.00    0.00    0.00    0.00   94.90
19:39:31       2    5.10    0.00    3.06    0.00    0.00    0.00    0.00    0.00    0.00   91.84
19:39:31       3    0.00    0.00    7.92    0.00    0.00    0.00    0.00    0.00    0.00   92.08

19:39:31     CPU    %usr   %nice    %sys %iowait    %irq   %soft  %steal  %guest  %gnice   %idle
19:39:32     all    0.25    0.00    0.75    0.00    0.00    0.00    0.00    0.00    0.00   98.99
19:39:32       0    0.00    0.00    1.01    0.00    0.00    0.00    0.00    0.00    0.00   98.99
19:39:32       1    0.00    0.00    1.00    0.00    0.00    0.00    0.00    0.00    0.00   99.00
19:39:32       2    0.00    0.00    1.01    0.00    0.00    0.00    0.00    0.00    0.00   98.99
19:39:32       3    1.00    0.00    0.00    0.00    0.00    0.00    0.00    0.00    0.00   99.00

19:39:32     CPU    %usr   %nice    %sys %iowait    %irq   %soft  %steal  %guest  %gnice   %idle
19:39:33     all    0.75    0.00    1.01    0.00    0.00    0.00    0.00    0.00    0.00   98.24
19:39:33       0    1.00    0.00    1.00    0.00    0.00    0.00    0.00    0.00    0.00   98.00
19:39:33       1    1.00    0.00    1.00    0.00    0.00    0.00    0.00    0.00    0.00   98.00
19:39:33       2    1.00    0.00    1.00    0.00    0.00    0.00    0.00    0.00    0.00   98.00
19:39:33       3    0.00    0.00    1.02    0.00    0.00    0.00    0.00    0.00    0.00   98.98

19:39:33     CPU    %usr   %nice    %sys %iowait    %irq   %soft  %steal  %guest  %gnice   %idle
19:39:34     all    0.50    0.00    0.76    0.00    0.00    0.25    0.00    0.00    0.00   98.49
19:39:34       0    1.00    0.00    2.00    0.00    0.00    0.00    0.00    0.00    0.00   97.00
19:39:34       1    0.00    0.00    1.00    0.00    0.00    1.00    0.00    0.00    0.00   98.00
19:39:34       2    1.01    0.00    0.00    0.00    0.00    0.00    0.00    0.00    0.00   98.99
19:39:34       3    0.00    0.00    0.00    0.00    0.00    0.00    0.00    0.00    0.00  100.00

19:39:34     CPU    %usr   %nice    %sys %iowait    %irq   %soft  %steal  %guest  %gnice   %idle
19:39:35     all    0.25    0.00    1.25    0.25    0.00    0.00    0.00    0.00    0.00   98.25
19:39:35       0    0.00    0.00    2.00    1.00    0.00    0.00    0.00    0.00    0.00   97.00
19:39:35       1    1.00    0.00    0.00    0.00    0.00    0.00    0.00    0.00    0.00   99.00
19:39:35       2    0.00    0.00    2.00    0.00    0.00    0.00    0.00    0.00    0.00   98.00
19:39:35       3    0.00    0.00    1.01    0.00    0.00    0.00    0.00    0.00    0.00   98.99

19:39:35     CPU    %usr   %nice    %sys %iowait    %irq   %soft  %steal  %guest  %gnice   %idle
19:39:36     all    2.53    0.00    4.56    0.00    0.00    0.00    0.00    0.00    0.00   92.91
19:39:36       0    1.02    0.00    3.06    0.00    0.00    0.00    0.00    0.00    0.00   95.92
19:39:36       1    5.05    0.00    6.06    0.00    0.00    0.00    0.00    0.00    0.00   88.89
19:39:36       2    1.02    0.00    4.08    0.00    0.00    0.00    0.00    0.00    0.00   94.90
19:39:36       3    3.00    0.00    5.00    0.00    0.00    0.00    0.00    0.00    0.00   92.00

19:39:36     CPU    %usr   %nice    %sys %iowait    %irq   %soft  %steal  %guest  %gnice   %idle
19:39:37     all    0.25    0.00    0.25    0.00    0.00    0.00    0.00    0.00    0.00   99.49
19:39:37       0    0.00    0.00    1.02    0.00    0.00    0.00    0.00    0.00    0.00   98.98
19:39:37       1    1.01    0.00    0.00    0.00    0.00    0.00    0.00    0.00    0.00   98.99
19:39:37       2    0.00    0.00    0.00    0.00    0.00    0.00    0.00    0.00    0.00  100.00
19:39:37       3    0.00    0.00    0.00    0.00    0.00    0.00    0.00    0.00    0.00  100.00

19:39:37     CPU    %usr   %nice    %sys %iowait    %irq   %soft  %steal  %guest  %gnice   %idle
19:39:38     all    0.00    0.00    1.01    0.00    0.00    0.00    0.00    0.00    0.00   98.99
19:39:38       0    0.00    0.00    2.02    0.00    0.00    0.00    0.00    0.00    0.00   97.98
19:39:38       1    0.00    0.00    2.02    0.00    0.00    0.00    0.00    0.00    0.00   97.98
19:39:38       2    0.00    0.00    0.00    0.00    0.00    0.00    0.00    0.00    0.00  100.00
19:39:38       3    0.00    0.00    0.00    0.00    0.00    0.00    0.00    0.00    0.00  100.00

19:39:38     CPU    %usr   %nice    %sys %iowait    %irq   %soft  %steal  %guest  %gnice   %idle
19:39:39     all    0.51    0.00    0.76    0.00    0.00    0.00    0.00    0.00    0.00   98.74
19:39:39       0    1.01    0.00    2.02    0.00    0.00    0.00    0.00    0.00    0.00   96.97
19:39:39       1    0.00    0.00    1.01    0.00    0.00    0.00    0.00    0.00    0.00   98.99
19:39:39       2    1.01    0.00    0.00    0.00    0.00    0.00    0.00    0.00    0.00   98.99
19:39:39       3    0.00    0.00    0.00    0.00    0.00    0.00    0.00    0.00    0.00  100.00

19:39:39     CPU    %usr   %nice    %sys %iowait    %irq   %soft  %steal  %guest  %gnice   %idle
19:39:40     all    0.25    0.00    0.76    0.00    0.00    0.00    0.00    0.00    0.00   98.99
19:39:40       0    1.02    0.00    1.02    0.00    0.00    0.00    0.00    0.00    0.00   97.96
19:39:40       1    0.00    0.00    1.02    0.00    0.00    0.00    0.00    0.00    0.00   98.98
19:39:40       2    0.00    0.00    1.00    0.00    0.00    0.00    0.00    0.00    0.00   99.00
19:39:40       3    0.00    0.00    0.00    0.00    0.00    0.00    0.00    0.00    0.00  100.00

19:39:40     CPU    %usr   %nice    %sys %iowait    %irq   %soft  %steal  %guest  %gnice   %idle
19:39:41     all    0.76    0.00    1.52    0.00    0.00    0.00    0.00    0.00    0.00   97.72
19:39:41       0    0.00    0.00    3.03    0.00    0.00    0.00    0.00    0.00    0.00   96.97
19:39:41       1    1.02    0.00    1.02    0.00    0.00    0.00    0.00    0.00    0.00   97.96
19:39:41       2    0.00    0.00    1.03    0.00    0.00    0.00    0.00    0.00    0.00   98.97
19:39:41       3    1.98    0.00    0.99    0.00    0.00    0.00    0.00    0.00    0.00   97.03

19:39:41     CPU    %usr   %nice    %sys %iowait    %irq   %soft  %steal  %guest  %gnice   %idle
19:39:42     all    2.02    0.00    2.27    0.00    0.00    0.00    0.00    0.00    0.00   95.71
19:39:42       0    2.02    0.00    2.02    0.00    0.00    0.00    0.00    0.00    0.00   95.96
19:39:42       1    1.01    0.00    3.03    0.00    0.00    0.00    0.00    0.00    0.00   95.96
19:39:42       2    4.04    0.00    2.02    0.00    0.00    0.00    0.00    0.00    0.00   93.94
19:39:42       3    1.01    0.00    2.02    0.00    0.00    0.00    0.00    0.00    0.00   96.97

19:39:42     CPU    %usr   %nice    %sys %iowait    %irq   %soft  %steal  %guest  %gnice   %idle
19:39:43     all    0.51    0.00    0.76    0.00    0.00    0.00    0.00    0.00    0.00   98.74
19:39:43       0    1.00    0.00    1.00    0.00    0.00    0.00    0.00    0.00    0.00   98.00
19:39:43       1    0.00    0.00    2.02    0.00    0.00    0.00    0.00    0.00    0.00   97.98
19:39:43       2    0.00    0.00    0.00    0.00    0.00    0.00    0.00    0.00    0.00  100.00
19:39:43       3    1.00    0.00    0.00    0.00    0.00    0.00    0.00    0.00    0.00   99.00

19:39:43     CPU    %usr   %nice    %sys %iowait    %irq   %soft  %steal  %guest  %gnice   %idle
19:39:44     all    0.75    0.00    0.75    0.00    0.00    0.00    0.00    0.00    0.00   98.49
19:39:44       0    1.01    0.00    0.00    0.00    0.00    0.00    0.00    0.00    0.00   98.99
19:39:44       1    1.00    0.00    1.00    0.00    0.00    0.00    0.00    0.00    0.00   98.00
19:39:44       2    1.00    0.00    2.00    0.00    0.00    0.00    0.00    0.00    0.00   97.00
19:39:44       3    0.00    0.00    0.00    0.00    0.00    0.00    0.00    0.00    0.00  100.00

19:39:44     CPU    %usr   %nice    %sys %iowait    %irq   %soft  %steal  %guest  %gnice   %idle
19:39:45     all    0.00    0.00    0.51    0.00    0.00    0.00    0.00    0.00    0.00   99.49
19:39:45       0    0.00    0.00    1.01    0.00    0.00    0.00    0.00    0.00    0.00   98.99
19:39:45       1    0.00    0.00    1.01    0.00    0.00    0.00    0.00    0.00    0.00   98.99
19:39:45       2    0.00    0.00    0.00    0.00    0.00    0.00    0.00    0.00    0.00  100.00
19:39:45       3    0.00    0.00    0.00    0.00    0.00    0.00    0.00    0.00    0.00  100.00

19:39:45     CPU    %usr   %nice    %sys %iowait    %irq   %soft  %steal  %guest  %gnice   %idle
19:39:46     all    0.51    0.00    0.25    0.00    0.00    0.00    0.00    0.00    0.00   99.24
19:39:46       0    0.00    0.00    0.00    0.00    0.00    0.00    0.00    0.00    0.00  100.00
19:39:46       1    0.00    0.00    0.00    0.00    0.00    0.00    0.00    0.00    0.00  100.00
19:39:46       2    1.01    0.00    0.00    0.00    0.00    0.00    0.00    0.00    0.00   98.99
19:39:46       3    0.99    0.00    0.99    0.00    0.00    0.00    0.00    0.00    0.00   98.02

19:39:46     CPU    %usr   %nice    %sys %iowait    %irq   %soft  %steal  %guest  %gnice   %idle
19:39:47     all    3.29    0.00    3.80    0.00    0.00    0.25    0.00    0.00    0.00   92.66
19:39:47       0    4.90    0.00    4.90    0.00    0.00    0.98    0.00    0.00    0.00   89.22
19:39:47       1    3.06    0.00    3.06    0.00    0.00    0.00    0.00    0.00    0.00   93.88
19:39:47       2    5.10    0.00    3.06    0.00    0.00    0.00    0.00    0.00    0.00   91.84
19:39:47       3    0.00    0.00    4.12    0.00    0.00    0.00    0.00    0.00    0.00   95.88

19:39:47     CPU    %usr   %nice    %sys %iowait    %irq   %soft  %steal  %guest  %gnice   %idle
19:39:48     all    0.75    0.00    1.01    0.00    0.00    0.00    0.00    0.00    0.00   98.24
19:39:48       0    0.00    0.00    1.01    0.00    0.00    0.00    0.00    0.00    0.00   98.99
19:39:48       1    2.00    0.00    1.00    0.00    0.00    0.00    0.00    0.00    0.00   97.00
19:39:48       2    0.00    0.00    1.01    0.00    0.00    0.00    0.00    0.00    0.00   98.99
19:39:48       3    1.00    0.00    1.00    0.00    0.00    0.00    0.00    0.00    0.00   98.00

19:39:48     CPU    %usr   %nice    %sys %iowait    %irq   %soft  %steal  %guest  %gnice   %idle
19:39:49     all    0.50    0.00    1.01    0.00    0.00    0.00    0.00    0.00    0.00   98.49
19:39:49       0    0.00    0.00    1.01    0.00    0.00    0.00    0.00    0.00    0.00   98.99
19:39:49       1    1.01    0.00    0.00    0.00    0.00    0.00    0.00    0.00    0.00   98.99
19:39:49       2    0.00    0.00    2.00    0.00    0.00    0.00    0.00    0.00    0.00   98.00
19:39:49       3    1.00    0.00    1.00    0.00    0.00    0.00    0.00    0.00    0.00   98.00

19:39:49     CPU    %usr   %nice    %sys %iowait    %irq   %soft  %steal  %guest  %gnice   %idle
19:39:50     all    0.76    0.00    0.76    0.00    0.00    0.00    0.00    0.00    0.00   98.48
19:39:50       0    0.00    0.00    0.00    0.00    0.00    0.00    0.00    0.00    0.00  100.00
19:39:50       1    1.01    0.00    1.01    0.00    0.00    0.00    0.00    0.00    0.00   97.98
19:39:50       2    1.01    0.00    0.00    0.00    0.00    0.00    0.00    0.00    0.00   98.99
19:39:50       3    1.01    0.00    2.02    0.00    0.00    0.00    0.00    0.00    0.00   96.97

19:39:50     CPU    %usr   %nice    %sys %iowait    %irq   %soft  %steal  %guest  %gnice   %idle
19:39:51     all    0.00    0.00    0.76    0.25    0.00    0.00    0.00    0.00    0.00   98.99
19:39:51       0    0.00    0.00    1.01    1.01    0.00    0.00    0.00    0.00    0.00   97.98
19:39:51       1    0.00    0.00    0.00    0.00    0.00    0.00    0.00    0.00    0.00  100.00
19:39:51       2    0.00    0.00    1.00    0.00    0.00    0.00    0.00    0.00    0.00   99.00
19:39:51       3    0.00    0.00    1.01    0.00    0.00    0.00    0.00    0.00    0.00   98.99

19:39:51     CPU    %usr   %nice    %sys %iowait    %irq   %soft  %steal  %guest  %gnice   %idle
19:39:52     all    3.52    0.00    3.77    0.00    0.00    0.00    0.00    0.00    0.00   92.71
19:39:52       0    3.00    0.00    3.00    0.00    0.00    0.00    0.00    0.00    0.00   94.00
19:39:52       1    3.03    0.00    2.02    0.00    0.00    0.00    0.00    0.00    0.00   94.95
19:39:52       2    4.04    0.00    5.05    0.00    0.00    0.00    0.00    0.00    0.00   90.91
19:39:52       3    4.00    0.00    5.00    0.00    0.00    0.00    0.00    0.00    0.00   91.00

19:39:52     CPU    %usr   %nice    %sys %iowait    %irq   %soft  %steal  %guest  %gnice   %idle
19:39:53     all    0.25    0.00    1.26    0.00    0.00    0.00    0.00    0.00    0.00   98.49
19:39:53       0    0.00    0.00    2.00    0.00    0.00    0.00    0.00    0.00    0.00   98.00
19:39:53       1    1.00    0.00    2.00    0.00    0.00    0.00    0.00    0.00    0.00   97.00
19:39:53       2    0.00    0.00    1.00    0.00    0.00    0.00    0.00    0.00    0.00   99.00
19:39:53       3    0.00    0.00    0.00    0.00    0.00    0.00    0.00    0.00    0.00  100.00

19:39:53     CPU    %usr   %nice    %sys %iowait    %irq   %soft  %steal  %guest  %gnice   %idle
19:39:54     all    0.00    0.00    1.01    0.00    0.00    0.00    0.00    0.00    0.00   98.99
19:39:54       0    0.00    0.00    1.01    0.00    0.00    0.00    0.00    0.00    0.00   98.99
19:39:54       1    0.00    0.00    2.02    0.00    0.00    0.00    0.00    0.00    0.00   97.98
19:39:54       2    0.00    0.00    1.01    0.00    0.00    0.00    0.00    0.00    0.00   98.99
19:39:54       3    0.00    0.00    0.00    0.00    0.00    0.00    0.00    0.00    0.00  100.00

19:39:54     CPU    %usr   %nice    %sys %iowait    %irq   %soft  %steal  %guest  %gnice   %idle
19:39:55     all    0.75    0.00    1.00    0.00    0.00    0.00    0.00    0.00    0.00   98.25
19:39:55       0    1.00    0.00    1.00    0.00    0.00    0.00    0.00    0.00    0.00   98.00
19:39:55       1    0.00    0.00    2.00    0.00    0.00    0.00    0.00    0.00    0.00   98.00
19:39:55       2    0.00    0.00    1.00    0.00    0.00    0.00    0.00    0.00    0.00   99.00
19:39:55       3    2.00    0.00    0.00    0.00    0.00    0.00    0.00    0.00    0.00   98.00

19:39:55     CPU    %usr   %nice    %sys %iowait    %irq   %soft  %steal  %guest  %gnice   %idle
19:39:56     all    0.76    0.00    0.76    0.00    0.00    0.00    0.00    0.00    0.00   98.49
19:39:56       0    1.01    0.00    1.01    0.00    0.00    0.00    0.00    0.00    0.00   97.98
19:39:56       1    1.00    0.00    1.00    0.00    0.00    0.00    0.00    0.00    0.00   98.00
19:39:56       2    0.00    0.00    1.02    0.00    0.00    0.00    0.00    0.00    0.00   98.98
19:39:56       3    1.00    0.00    0.00    0.00    0.00    0.00    0.00    0.00    0.00   99.00

19:39:56     CPU    %usr   %nice    %sys %iowait    %irq   %soft  %steal  %guest  %gnice   %idle
19:39:57     all    3.02    0.00    4.03    0.00    0.00    0.25    0.00    0.00    0.00   92.70
19:39:57       0    1.98    0.00    3.96    0.00    0.00    0.99    0.00    0.00    0.00   93.07
19:39:57       1    3.06    0.00    5.10    0.00    0.00    0.00    0.00    0.00    0.00   91.84
19:39:57       2    5.10    0.00    3.06    0.00    0.00    0.00    0.00    0.00    0.00   91.84
19:39:57       3    2.00    0.00    4.00    0.00    0.00    0.00    0.00    0.00    0.00   94.00

19:39:57     CPU    %usr   %nice    %sys %iowait    %irq   %soft  %steal  %guest  %gnice   %idle
19:39:58     all    0.00    0.00    0.76    0.00    0.00    0.00    0.00    0.00    0.00   99.24
19:39:58       0    0.00    0.00    1.01    0.00    0.00    0.00    0.00    0.00    0.00   98.99
19:39:58       1    0.00    0.00    1.01    0.00    0.00    0.00    0.00    0.00    0.00   98.99
19:39:58       2    0.00    0.00    1.01    0.00    0.00    0.00    0.00    0.00    0.00   98.99
19:39:58       3    0.00    0.00    0.00    0.00    0.00    0.00    0.00    0.00    0.00  100.00

19:39:58     CPU    %usr   %nice    %sys %iowait    %irq   %soft  %steal  %guest  %gnice   %idle
19:39:59     all    0.00    0.00    1.01    0.00    0.00    0.00    0.00    0.00    0.00   98.99
19:39:59       0    0.00    0.00    1.01    0.00    0.00    0.00    0.00    0.00    0.00   98.99
19:39:59       1    0.00    0.00    1.01    0.00    0.00    0.00    0.00    0.00    0.00   98.99
19:39:59       2    0.00    0.00    1.01    0.00    0.00    0.00    0.00    0.00    0.00   98.99
19:39:59       3    0.00    0.00    1.00    0.00    0.00    0.00    0.00    0.00    0.00   99.00

19:39:59     CPU    %usr   %nice    %sys %iowait    %irq   %soft  %steal  %guest  %gnice   %idle
19:40:00     all    0.75    0.00    1.25    0.00    0.00    0.00    0.00    0.00    0.00   97.99
19:40:00       0    1.01    0.00    1.01    0.00    0.00    0.00    0.00    0.00    0.00   97.98
19:40:00       1    1.00    0.00    1.00    0.00    0.00    0.00    0.00    0.00    0.00   98.00
19:40:00       2    0.99    0.00    1.98    0.00    0.00    0.00    0.00    0.00    0.00   97.03
19:40:00       3    0.00    0.00    1.01    0.00    0.00    0.00    0.00    0.00    0.00   98.99

19:40:00     CPU    %usr   %nice    %sys %iowait    %irq   %soft  %steal  %guest  %gnice   %idle
19:40:01     all    0.25    0.00    0.25    0.00    0.00    0.00    0.00    0.00    0.00   99.49
19:40:01       0    0.00    0.00    0.00    0.00    0.00    0.00    0.00    0.00    0.00  100.00
19:40:01       1    0.00    0.00    0.00    0.00    0.00    0.00    0.00    0.00    0.00  100.00
19:40:01       2    0.00    0.00    1.02    0.00    0.00    0.00    0.00    0.00    0.00   98.98
19:40:01       3    1.00    0.00    0.00    0.00    0.00    0.00    0.00    0.00    0.00   99.00

19:40:01     CPU    %usr   %nice    %sys %iowait    %irq   %soft  %steal  %guest  %gnice   %idle
19:40:02     all    2.78    0.00    3.54    0.25    0.00    0.00    0.00    0.00    0.00   93.43
19:40:02       0    3.03    0.00    3.03    0.00    0.00    0.00    0.00    0.00    0.00   93.94
19:40:02       1    4.00    0.00    4.00    0.00    0.00    0.00    0.00    0.00    0.00   92.00
19:40:02       2    2.02    0.00    4.04    1.01    0.00    0.00    0.00    0.00    0.00   92.93
19:40:02       3    2.04    0.00    3.06    0.00    0.00    0.00    0.00    0.00    0.00   94.90

19:40:02     CPU    %usr   %nice    %sys %iowait    %irq   %soft  %steal  %guest  %gnice   %idle
19:40:03     all    0.00    0.00    1.01    0.00    0.00    0.00    0.00    0.00    0.00   98.99
19:40:03       0    0.00    0.00    1.98    0.00    0.00    0.00    0.00    0.00    0.00   98.02
19:40:03       1    0.00    0.00    0.00    0.00    0.00    0.00    0.00    0.00    0.00  100.00
19:40:03       2    0.00    0.00    2.02    0.00    0.00    0.00    0.00    0.00    0.00   97.98
19:40:03       3    0.00    0.00    0.00    0.00    0.00    0.00    0.00    0.00    0.00  100.00

19:40:03     CPU    %usr   %nice    %sys %iowait    %irq   %soft  %steal  %guest  %gnice   %idle
19:40:04     all    0.25    0.00    0.50    0.00    0.00    0.00    0.00    0.00    0.00   99.24
19:40:04       0    1.01    0.00    0.00    0.00    0.00    0.00    0.00    0.00    0.00   98.99
19:40:04       1    0.00    0.00    1.00    0.00    0.00    0.00    0.00    0.00    0.00   99.00
19:40:04       2    0.00    0.00    0.00    0.00    0.00    0.00    0.00    0.00    0.00  100.00
19:40:04       3    0.00    0.00    1.00    0.00    0.00    0.00    0.00    0.00    0.00   99.00

19:40:04     CPU    %usr   %nice    %sys %iowait    %irq   %soft  %steal  %guest  %gnice   %idle
19:40:05     all    0.25    0.00    1.00    0.00    0.00    0.00    0.00    0.00    0.00   98.75
19:40:05       0    0.99    0.00    0.99    0.00    0.00    0.00    0.00    0.00    0.00   98.02
19:40:05       1    0.00    0.00    1.00    0.00    0.00    0.00    0.00    0.00    0.00   99.00
19:40:05       2    0.00    0.00    2.02    0.00    0.00    0.00    0.00    0.00    0.00   97.98
19:40:05       3    0.00    0.00    0.00    0.00    0.00    0.00    0.00    0.00    0.00  100.00

19:40:05     CPU    %usr   %nice    %sys %iowait    %irq   %soft  %steal  %guest  %gnice   %idle
19:40:06     all    0.25    0.00    1.25    0.00    0.00    0.25    0.00    0.00    0.00   98.25
19:40:06       0    0.00    0.00    1.00    0.00    0.00    1.00    0.00    0.00    0.00   98.00
19:40:06       1    0.99    0.00    1.98    0.00    0.00    0.00    0.00    0.00    0.00   97.03
19:40:06       2    0.00    0.00    2.00    0.00    0.00    0.00    0.00    0.00    0.00   98.00
19:40:06       3    0.00    0.00    0.00    0.00    0.00    0.00    0.00    0.00    0.00  100.00

19:40:06     CPU    %usr   %nice    %sys %iowait    %irq   %soft  %steal  %guest  %gnice   %idle
19:40:07     all    3.06    0.00    3.57    0.00    0.00    0.00    0.00    0.00    0.00   93.37
19:40:07       0    2.04    0.00    4.08    0.00    0.00    0.00    0.00    0.00    0.00   93.88
19:40:07       1    2.02    0.00    4.04    0.00    0.00    0.00    0.00    0.00    0.00   93.94
19:40:07       2    5.10    0.00    5.10    0.00    0.00    0.00    0.00    0.00    0.00   89.80
19:40:07       3    3.09    0.00    1.03    0.00    0.00    0.00    0.00    0.00    0.00   95.88

19:40:07     CPU    %usr   %nice    %sys %iowait    %irq   %soft  %steal  %guest  %gnice   %idle
19:40:08     all    0.25    0.00    0.76    0.00    0.00    0.00    0.00    0.00    0.00   98.99
19:40:08       0    0.00    0.00    1.02    0.00    0.00    0.00    0.00    0.00    0.00   98.98
19:40:08       1    1.01    0.00    0.00    0.00    0.00    0.00    0.00    0.00    0.00   98.99
19:40:08       2    0.00    0.00    1.00    0.00    0.00    0.00    0.00    0.00    0.00   99.00
19:40:08       3    0.00    0.00    1.00    0.00    0.00    0.00    0.00    0.00    0.00   99.00

19:40:08     CPU    %usr   %nice    %sys %iowait    %irq   %soft  %steal  %guest  %gnice   %idle
19:40:09     all    1.00    0.00    0.75    0.00    0.00    0.00    0.00    0.00    0.00   98.25
19:40:09       0    1.00    0.00    1.00    0.00    0.00    0.00    0.00    0.00    0.00   98.00
19:40:09       1    1.98    0.00    0.99    0.00    0.00    0.00    0.00    0.00    0.00   97.03
19:40:09       2    0.00    0.00    1.02    0.00    0.00    0.00    0.00    0.00    0.00   98.98
19:40:09       3    1.00    0.00    0.00    0.00    0.00    0.00    0.00    0.00    0.00   99.00

19:40:09     CPU    %usr   %nice    %sys %iowait    %irq   %soft  %steal  %guest  %gnice   %idle
19:40:10     all    0.00    0.00    0.51    0.00    0.00    0.00    0.00    0.00    0.00   99.49
19:40:10       0    0.00    0.00    0.00    0.00    0.00    0.00    0.00    0.00    0.00  100.00
19:40:10       1    0.00    0.00    1.01    0.00    0.00    0.00    0.00    0.00    0.00   98.99
19:40:10       2    0.00    0.00    1.01    0.00    0.00    0.00    0.00    0.00    0.00   98.99
19:40:10       3    0.00    0.00    0.00    0.00    0.00    0.00    0.00    0.00    0.00  100.00

19:40:10     CPU    %usr   %nice    %sys %iowait    %irq   %soft  %steal  %guest  %gnice   %idle
19:40:11     all    0.25    0.00    1.25    0.00    0.00    0.00    0.00    0.00    0.00   98.50
19:40:11       0    0.00    0.00    1.98    0.00    0.00    0.00    0.00    0.00    0.00   98.02
19:40:11       1    0.99    0.00    0.99    0.00    0.00    0.00    0.00    0.00    0.00   98.02
19:40:11       2    0.00    0.00    0.00    0.00    0.00    0.00    0.00    0.00    0.00  100.00
19:40:11       3    0.00    0.00    2.00    0.00    0.00    0.00    0.00    0.00    0.00   98.00

19:40:11     CPU    %usr   %nice    %sys %iowait    %irq   %soft  %steal  %guest  %gnice   %idle
19:40:12     all    2.02    0.00    2.27    0.00    0.00    0.25    0.00    0.00    0.00   95.45
19:40:12       0    4.04    0.00    2.02    0.00    0.00    0.00    0.00    0.00    0.00   93.94
19:40:12       1    1.01    0.00    1.01    0.00    0.00    1.01    0.00    0.00    0.00   96.97
19:40:12       2    1.01    0.00    4.04    0.00    0.00    0.00    0.00    0.00    0.00   94.95
19:40:12       3    2.02    0.00    2.02    0.00    0.00    0.00    0.00    0.00    0.00   95.96

19:40:12     CPU    %usr   %nice    %sys %iowait    %irq   %soft  %steal  %guest  %gnice   %idle
19:40:13     all    0.00    0.00    1.01    0.00    0.00    0.00    0.00    0.00    0.00   98.99
19:40:13       0    0.00    0.00    1.98    0.00    0.00    0.00    0.00    0.00    0.00   98.02
19:40:13       1    0.00    0.00    0.00    0.00    0.00    0.00    0.00    0.00    0.00  100.00
19:40:13       2    0.00    0.00    1.00    0.00    0.00    0.00    0.00    0.00    0.00   99.00
19:40:13       3    0.00    0.00    1.01    0.00    0.00    0.00    0.00    0.00    0.00   98.99

19:40:13     CPU    %usr   %nice    %sys %iowait    %irq   %soft  %steal  %guest  %gnice   %idle
19:40:14     all    0.50    0.00    0.76    0.00    0.00    0.00    0.00    0.00    0.00   98.74
19:40:14       0    0.00    0.00    1.01    0.00    0.00    0.00    0.00    0.00    0.00   98.99
19:40:14       1    0.99    0.00    1.98    0.00    0.00    0.00    0.00    0.00    0.00   97.03
19:40:14       2    1.01    0.00    0.00    0.00    0.00    0.00    0.00    0.00    0.00   98.99
19:40:14       3    0.00    0.00    0.00    0.00    0.00    0.00    0.00    0.00    0.00  100.00

19:40:14     CPU    %usr   %nice    %sys %iowait    %irq   %soft  %steal  %guest  %gnice   %idle
19:40:15     all    0.00    0.00    1.50    0.00    0.00    0.25    0.00    0.00    0.00   98.25
19:40:15       0    0.00    0.00    2.02    0.00    0.00    0.00    0.00    0.00    0.00   97.98
19:40:15       1    0.00    0.00    0.00    0.00    0.00    0.00    0.00    0.00    0.00  100.00
19:40:15       2    0.00    0.00    2.94    0.00    0.00    0.98    0.00    0.00    0.00   96.08
19:40:15       3    0.00    0.00    1.00    0.00    0.00    0.00    0.00    0.00    0.00   99.00

19:40:15     CPU    %usr   %nice    %sys %iowait    %irq   %soft  %steal  %guest  %gnice   %idle
19:40:16     all    0.25    0.00    0.76    0.00    0.00    0.00    0.00    0.00    0.00   98.99
19:40:16       0    1.01    0.00    1.01    0.00    0.00    0.00    0.00    0.00    0.00   97.98
19:40:16       1    0.00    0.00    1.01    0.00    0.00    0.00    0.00    0.00    0.00   98.99
19:40:16       2    0.00    0.00    1.01    0.00    0.00    0.00    0.00    0.00    0.00   98.99
19:40:16       3    0.00    0.00    0.00    0.00    0.00    0.00    0.00    0.00    0.00  100.00

19:40:16     CPU    %usr   %nice    %sys %iowait    %irq   %soft  %steal  %guest  %gnice   %idle
19:40:17     all    0.00    0.00    1.01    0.00    0.00    0.00    0.00    0.00    0.00   98.99
19:40:17       0    0.00    0.00    1.01    0.00    0.00    0.00    0.00    0.00    0.00   98.99
19:40:17       1    0.00    0.00    0.00    0.00    0.00    0.00    0.00    0.00    0.00  100.00
19:40:17       2    0.00    0.00    3.03    0.00    0.00    0.00    0.00    0.00    0.00   96.97
19:40:17       3    0.00    0.00    0.00    0.00    0.00    0.00    0.00    0.00    0.00  100.00

19:40:17     CPU    %usr   %nice    %sys %iowait    %irq   %soft  %steal  %guest  %gnice   %idle
19:40:18     all    3.02    0.00    4.02    0.00    0.00    0.00    0.00    0.00    0.00   92.96
19:40:18       0    2.04    0.00    1.02    0.00    0.00    0.00    0.00    0.00    0.00   96.94
19:40:18       1    4.95    0.00    6.93    0.00    0.00    0.00    0.00    0.00    0.00   88.12
19:40:18       2    4.00    0.00    3.00    0.00    0.00    0.00    0.00    0.00    0.00   93.00
19:40:18       3    1.01    0.00    5.05    0.00    0.00    0.00    0.00    0.00    0.00   93.94

19:40:18     CPU    %usr   %nice    %sys %iowait    %irq   %soft  %steal  %guest  %gnice   %idle
19:40:19     all    2.54    0.00    2.54    0.00    0.00    0.00    0.00    0.00    0.00   94.92
19:40:19       0    2.02    0.00    2.02    0.00    0.00    0.00    0.00    0.00    0.00   95.96
19:40:19       1    2.04    0.00    2.04    0.00    0.00    0.00    0.00    0.00    0.00   95.92
19:40:19       2    1.02    0.00    2.04    0.00    0.00    0.00    0.00    0.00    0.00   96.94
19:40:19       3    5.05    0.00    4.04    0.00    0.00    0.00    0.00    0.00    0.00   90.91

19:40:19     CPU    %usr   %nice    %sys %iowait    %irq   %soft  %steal  %guest  %gnice   %idle
19:40:20     all    0.00    0.00    0.51    0.00    0.00    0.00    0.00    0.00    0.00   99.49
19:40:20       0    0.00    0.00    1.01    0.00    0.00    0.00    0.00    0.00    0.00   98.99
19:40:20       1    0.00    0.00    1.01    0.00    0.00    0.00    0.00    0.00    0.00   98.99
19:40:20       2    0.00    0.00    0.00    0.00    0.00    0.00    0.00    0.00    0.00  100.00
19:40:20       3    0.00    0.00    0.00    0.00    0.00    0.00    0.00    0.00    0.00  100.00

19:40:20     CPU    %usr   %nice    %sys %iowait    %irq   %soft  %steal  %guest  %gnice   %idle
19:40:21     all    2.03    0.00    3.29    0.00    0.00    1.27    0.00    0.00    0.00   93.42
19:40:21       0    4.00    0.00    3.00    0.00    0.00    0.00    0.00    0.00    0.00   93.00
19:40:21       1    0.00    0.00    1.05    0.00    0.00    4.21    0.00    0.00    0.00   94.74
19:40:21       2    2.02    0.00    5.05    0.00    0.00    0.00    0.00    0.00    0.00   92.93
19:40:21       3    1.98    0.00    3.96    0.00    0.00    0.99    0.00    0.00    0.00   93.07

19:40:21     CPU    %usr   %nice    %sys %iowait    %irq   %soft  %steal  %guest  %gnice   %idle
19:40:22     all    5.68    0.00   31.78    0.26    0.00   29.20    0.00    0.00    0.00   33.07
19:40:22       0    6.19    0.00   43.30    0.00    0.00   18.56    0.00    0.00    0.00   31.96
19:40:22       1    3.19    0.00   10.64    0.00    0.00   60.64    0.00    0.00    0.00   25.53
19:40:22       2    6.00    0.00   36.00    1.00    0.00   20.00    0.00    0.00    0.00   37.00
19:40:22       3    7.29    0.00   36.46    0.00    0.00   18.75    0.00    0.00    0.00   37.50

19:40:22     CPU    %usr   %nice    %sys %iowait    %irq   %soft  %steal  %guest  %gnice   %idle
19:40:23     all    6.12    0.00   32.98    0.00    0.00   31.91    0.00    0.00    0.00   28.99
19:40:23       0    7.69    0.00   42.86    0.00    0.00   20.88    0.00    0.00    0.00   28.57
19:40:23       1    2.08    0.00   16.67    0.00    0.00   59.38    0.00    0.00    0.00   21.88
19:40:23       2    4.30    0.00   34.41    0.00    0.00   30.11    0.00    0.00    0.00   31.18
19:40:23       3   10.42    0.00   38.54    0.00    0.00   16.67    0.00    0.00    0.00   34.38

19:40:23     CPU    %usr   %nice    %sys %iowait    %irq   %soft  %steal  %guest  %gnice   %idle
19:40:24     all    5.87    0.00   39.03    0.00    0.00   30.36    0.00    0.00    0.00   24.74
19:40:24       0    7.07    0.00   46.46    0.00    0.00   21.21    0.00    0.00    0.00   25.25
19:40:24       1    2.20    0.00   24.18    0.00    0.00   52.75    0.00    0.00    0.00   20.88
19:40:24       2    4.95    0.00   39.60    0.00    0.00   29.70    0.00    0.00    0.00   25.74
19:40:24       3    8.91    0.00   44.55    0.00    0.00   19.80    0.00    0.00    0.00   26.73

19:40:24     CPU    %usr   %nice    %sys %iowait    %irq   %soft  %steal  %guest  %gnice   %idle
19:40:25     all    5.12    0.00   38.62    0.00    0.00   32.23    0.00    0.00    0.00   24.04
19:40:25       0    5.94    0.00   41.58    0.00    0.00   23.76    0.00    0.00    0.00   28.71
19:40:25       1    3.06    0.00   25.51    0.00    0.00   51.02    0.00    0.00    0.00   20.41
19:40:25       2    7.07    0.00   40.40    0.00    0.00   32.32    0.00    0.00    0.00   20.20
19:40:25       3    4.30    0.00   47.31    0.00    0.00   21.51    0.00    0.00    0.00   26.88

19:40:25     CPU    %usr   %nice    %sys %iowait    %irq   %soft  %steal  %guest  %gnice   %idle
19:40:26     all    5.67    0.00   38.40    0.00    0.00   33.25    0.26    0.00    0.00   22.42
19:40:26       0    6.38    0.00   42.55    0.00    0.00   22.34    0.00    0.00    0.00   28.72
19:40:26       1    1.05    0.00   24.21    0.00    0.00   56.84    1.05    0.00    0.00   16.84
19:40:26       2    6.12    0.00   40.82    0.00    0.00   32.65    0.00    0.00    0.00   20.41
19:40:26       3    8.91    0.00   45.54    0.00    0.00   21.78    0.00    0.00    0.00   23.76

19:40:26     CPU    %usr   %nice    %sys %iowait    %irq   %soft  %steal  %guest  %gnice   %idle
19:40:27     all    6.11    0.00   40.46    0.00    0.00   31.81    0.25    0.00    0.00   21.37
19:40:27       0    8.08    0.00   43.43    0.00    0.00   23.23    1.01    0.00    0.00   24.24
19:40:27       1    3.30    0.00   20.88    0.00    0.00   56.04    0.00    0.00    0.00   19.78
19:40:27       2    6.00    0.00   46.00    0.00    0.00   25.00    0.00    0.00    0.00   23.00
19:40:27       3    6.80    0.00   49.51    0.00    0.00   25.24    0.00    0.00    0.00   18.45

19:40:27     CPU    %usr   %nice    %sys %iowait    %irq   %soft  %steal  %guest  %gnice   %idle
19:40:28     all    7.05    0.00   40.99    0.00    0.00   32.38    0.00    0.00    0.00   19.58
19:40:28       0    8.25    0.00   49.48    0.00    0.00   19.59    0.00    0.00    0.00   22.68
19:40:28       1    7.37    0.00   21.05    0.00    0.00   57.89    0.00    0.00    0.00   13.68
19:40:28       2    7.61    0.00   45.65    0.00    0.00   26.09    0.00    0.00    0.00   20.65
19:40:28       3    5.05    0.00   47.47    0.00    0.00   26.26    0.00    0.00    0.00   21.21

19:40:28     CPU    %usr   %nice    %sys %iowait    %irq   %soft  %steal  %guest  %gnice   %idle
19:40:29     all    6.65    0.00   40.69    0.00    0.00   30.85    0.00    0.00    0.00   21.81
19:40:29       0    8.33    0.00   46.88    0.00    0.00   17.71    0.00    0.00    0.00   27.08
19:40:29       1    3.41    0.00   20.45    0.00    0.00   56.82    0.00    0.00    0.00   19.32
19:40:29       2    7.37    0.00   45.26    0.00    0.00   28.42    0.00    0.00    0.00   18.95
19:40:29       3    7.22    0.00   48.45    0.00    0.00   22.68    0.00    0.00    0.00   21.65

19:40:29     CPU    %usr   %nice    %sys %iowait    %irq   %soft  %steal  %guest  %gnice   %idle
19:40:30     all    6.07    0.00   43.27    0.00    0.00   27.97    0.00    0.00    0.00   22.69
19:40:30       0    8.60    0.00   49.46    0.00    0.00   18.28    0.00    0.00    0.00   23.66
19:40:30       1    3.33    0.00   22.22    0.00    0.00   51.11    0.00    0.00    0.00   23.33
19:40:30       2    6.06    0.00   50.51    0.00    0.00   21.21    0.00    0.00    0.00   22.22
19:40:30       3    6.19    0.00   49.48    0.00    0.00   22.68    0.00    0.00    0.00   21.65

19:40:30     CPU    %usr   %nice    %sys %iowait    %irq   %soft  %steal  %guest  %gnice   %idle
19:40:31     all    6.92    0.00   43.33    0.00    0.00   30.00    0.00    0.00    0.00   19.74
19:40:31       0    5.94    0.00   48.51    0.00    0.00   24.75    0.00    0.00    0.00   20.79
19:40:31       1    5.68    0.00   21.59    0.00    0.00   53.41    0.00    0.00    0.00   19.32
19:40:31       2    9.00    0.00   46.00    0.00    0.00   25.00    0.00    0.00    0.00   20.00
19:40:31       3    6.93    0.00   54.46    0.00    0.00   19.80    0.00    0.00    0.00   18.81

19:40:31     CPU    %usr   %nice    %sys %iowait    %irq   %soft  %steal  %guest  %gnice   %idle
19:40:32     all    5.60    0.00   38.40    0.00    0.00   33.07    0.00    0.00    0.00   22.93
19:40:32       0    6.12    0.00   38.78    0.00    0.00   29.59    0.00    0.00    0.00   25.51
19:40:32       1    1.19    0.00   20.24    0.00    0.00   55.95    0.00    0.00    0.00   22.62
19:40:32       2    4.26    0.00   41.49    0.00    0.00   31.91    0.00    0.00    0.00   22.34
19:40:32       3   10.10    0.00   50.51    0.00    0.00   18.18    0.00    0.00    0.00   21.21

19:40:32     CPU    %usr   %nice    %sys %iowait    %irq   %soft  %steal  %guest  %gnice   %idle
19:40:33     all    7.11    0.00   42.37    0.00    0.00   28.68    0.00    0.00    0.00   21.84
19:40:33       0    6.32    0.00   52.63    0.00    0.00   20.00    0.00    0.00    0.00   21.05
19:40:33       1    5.49    0.00   21.98    0.00    0.00   50.55    0.00    0.00    0.00   21.98
19:40:33       2    7.29    0.00   47.92    0.00    0.00   19.79    0.00    0.00    0.00   25.00
19:40:33       3    9.18    0.00   45.92    0.00    0.00   25.51    0.00    0.00    0.00   19.39

19:40:33     CPU    %usr   %nice    %sys %iowait    %irq   %soft  %steal  %guest  %gnice   %idle
19:40:34     all    5.56    0.00   41.53    0.00    0.00   25.93    0.00    0.00    0.00   26.98
19:40:34       0    5.15    0.00   46.39    0.00    0.00   19.59    0.00    0.00    0.00   28.87
19:40:34       1    3.45    0.00   27.59    0.00    0.00   47.13    0.00    0.00    0.00   21.84
19:40:34       2    6.12    0.00   42.86    0.00    0.00   20.41    0.00    0.00    0.00   30.61
19:40:34       3    7.29    0.00   47.92    0.00    0.00   18.75    0.00    0.00    0.00   26.04

19:40:34     CPU    %usr   %nice    %sys %iowait    %irq   %soft  %steal  %guest  %gnice   %idle
19:40:35     all    6.30    0.00   35.17    0.00    0.00   25.98    0.00    0.00    0.00   32.55
19:40:35       0    4.17    0.00   40.62    0.00    0.00   20.83    0.00    0.00    0.00   34.38
19:40:35       1    4.60    0.00   21.84    0.00    0.00   44.83    0.00    0.00    0.00   28.74
19:40:35       2    8.16    0.00   33.67    0.00    0.00   23.47    0.00    0.00    0.00   34.69
19:40:35       3    8.00    0.00   43.00    0.00    0.00   17.00    0.00    0.00    0.00   32.00

19:40:35     CPU    %usr   %nice    %sys %iowait    %irq   %soft  %steal  %guest  %gnice   %idle
19:40:36     all    4.15    0.00   39.90    0.00    0.00   26.94    0.00    0.00    0.00   29.02
19:40:36       0    4.76    0.00   41.90    0.00    0.00   24.76    0.00    0.00    0.00   28.57
19:40:36       1    2.35    0.00   27.06    0.00    0.00   42.35    0.00    0.00    0.00   28.24
19:40:36       2    5.15    0.00   48.45    0.00    0.00   19.59    0.00    0.00    0.00   26.80
19:40:36       3    4.04    0.00   40.40    0.00    0.00   23.23    0.00    0.00    0.00   32.32

19:40:36     CPU    %usr   %nice    %sys %iowait    %irq   %soft  %steal  %guest  %gnice   %idle
19:40:37     all    3.77    0.00   35.85    0.00    0.00   26.95    0.00    0.00    0.00   33.42
19:40:37       0    5.21    0.00   42.71    0.00    0.00   16.67    0.00    0.00    0.00   35.42
19:40:37       1    3.53    0.00   22.35    0.00    0.00   44.71    0.00    0.00    0.00   29.41
19:40:37       2    3.23    0.00   36.56    0.00    0.00   27.96    0.00    0.00    0.00   32.26
19:40:37       3    3.09    0.00   40.21    0.00    0.00   20.62    0.00    0.00    0.00   36.08

19:40:37     CPU    %usr   %nice    %sys %iowait    %irq   %soft  %steal  %guest  %gnice   %idle
19:40:38     all    7.05    0.00   38.21    0.00    0.00   25.20    0.00    0.00    0.00   29.54
19:40:38       0    7.07    0.00   46.46    0.00    0.00   13.13    0.00    0.00    0.00   33.33
19:40:38       1    5.95    0.00   26.19    0.00    0.00   46.43    0.00    0.00    0.00   21.43
19:40:38       2    6.52    0.00   41.30    0.00    0.00   21.74    0.00    0.00    0.00   30.43
19:40:38       3    8.51    0.00   37.23    0.00    0.00   22.34    0.00    0.00    0.00   31.91

19:40:38     CPU    %usr   %nice    %sys %iowait    %irq   %soft  %steal  %guest  %gnice   %idle
19:40:39     all    5.38    0.00   40.51    0.00    0.00   26.92    0.00    0.00    0.00   27.18
19:40:39       0    6.06    0.00   42.42    0.00    0.00   25.25    0.00    0.00    0.00   26.26
19:40:39       1    3.49    0.00   31.40    0.00    0.00   43.02    0.00    0.00    0.00   22.09
19:40:39       2    4.90    0.00   44.12    0.00    0.00   22.55    0.00    0.00    0.00   28.43
19:40:39       3    6.80    0.00   42.72    0.00    0.00   19.42    0.00    0.00    0.00   31.07

19:40:39     CPU    %usr   %nice    %sys %iowait    %irq   %soft  %steal  %guest  %gnice   %idle
19:40:40     all    4.88    0.00   35.77    0.00    0.00   28.18    0.00    0.00    0.00   31.17
19:40:40       0    6.52    0.00   41.30    0.00    0.00   16.30    0.00    0.00    0.00   35.87
19:40:40       1    2.25    0.00   24.72    0.00    0.00   47.19    0.00    0.00    0.00   25.84
19:40:40       2    3.23    0.00   40.86    0.00    0.00   27.96    0.00    0.00    0.00   27.96
19:40:40       3    7.37    0.00   35.79    0.00    0.00   22.11    0.00    0.00    0.00   34.74

19:40:40     CPU    %usr   %nice    %sys %iowait    %irq   %soft  %steal  %guest  %gnice   %idle
19:40:41     all    5.84    0.00   35.01    0.00    0.00   20.16    0.00    0.00    0.00   38.99
19:40:41       0    5.10    0.00   36.73    0.00    0.00   16.33    0.00    0.00    0.00   41.84
19:40:41       1    6.17    0.00   22.22    0.00    0.00   32.10    0.00    0.00    0.00   39.51
19:40:41       2    7.45    0.00   34.04    0.00    0.00   21.28    0.00    0.00    0.00   37.23
19:40:41       3    4.81    0.00   44.23    0.00    0.00   13.46    0.00    0.00    0.00   37.50

19:40:41     CPU    %usr   %nice    %sys %iowait    %irq   %soft  %steal  %guest  %gnice   %idle
19:40:42     all    5.67    0.00   35.31    0.00    0.00   26.80    0.00    0.00    0.00   32.22
19:40:42       0    6.80    0.00   42.72    0.00    0.00   22.33    0.00    0.00    0.00   28.16
19:40:42       1    2.27    0.00   17.05    0.00    0.00   43.18    0.00    0.00    0.00   37.50
19:40:42       2    5.15    0.00   39.18    0.00    0.00   23.71    0.00    0.00    0.00   31.96
19:40:42       3    8.00    0.00   40.00    0.00    0.00   20.00    0.00    0.00    0.00   32.00

19:40:42     CPU    %usr   %nice    %sys %iowait    %irq   %soft  %steal  %guest  %gnice   %idle
19:40:43     all    5.49    0.00   34.07    0.00    0.00   26.37    0.00    0.00    0.00   34.07
19:40:43       0    7.22    0.00   36.08    0.00    0.00   21.65    0.00    0.00    0.00   35.05
19:40:43       1    3.61    0.00   21.69    0.00    0.00   44.58    0.00    0.00    0.00   30.12
19:40:43       2    3.37    0.00   38.20    0.00    0.00   22.47    0.00    0.00    0.00   35.96
19:40:43       3    7.37    0.00   38.95    0.00    0.00   18.95    0.00    0.00    0.00   34.74

19:40:43     CPU    %usr   %nice    %sys %iowait    %irq   %soft  %steal  %guest  %gnice   %idle
19:40:44     all    7.83    0.00   35.61    0.00    0.00   25.51    0.00    0.00    0.00   31.06
19:40:44       0    9.90    0.00   37.62    0.00    0.00   19.80    0.00    0.00    0.00   32.67
19:40:44       1    6.74    0.00   17.98    0.00    0.00   46.07    0.00    0.00    0.00   29.21
19:40:44       2    6.73    0.00   45.19    0.00    0.00   21.15    0.00    0.00    0.00   26.92
19:40:44       3    7.84    0.00   39.22    0.00    0.00   17.65    0.00    0.00    0.00   35.29

19:40:44     CPU    %usr   %nice    %sys %iowait    %irq   %soft  %steal  %guest  %gnice   %idle
19:40:45     all    5.22    0.00   35.71    0.00    0.00   29.12    0.00    0.00    0.00   29.95
19:40:45       0    5.21    0.00   40.62    0.00    0.00   20.83    0.00    0.00    0.00   33.33
19:40:45       1    1.25    0.00   17.50    0.00    0.00   48.75    0.00    0.00    0.00   32.50
19:40:45       2    7.69    0.00   36.26    0.00    0.00   28.57    0.00    0.00    0.00   27.47
19:40:45       3    6.19    0.00   45.36    0.00    0.00   21.65    0.00    0.00    0.00   26.80

19:40:45     CPU    %usr   %nice    %sys %iowait    %irq   %soft  %steal  %guest  %gnice   %idle
19:40:46     all    5.22    0.00   32.14    0.00    0.00   27.75    0.00    0.00    0.00   34.89
19:40:46       0    6.45    0.00   38.71    0.00    0.00   20.43    0.00    0.00    0.00   34.41
19:40:46       1    3.57    0.00   21.43    0.00    0.00   40.48    0.00    0.00    0.00   34.52
19:40:46       2    6.32    0.00   33.68    0.00    0.00   28.42    0.00    0.00    0.00   31.58
19:40:46       3    4.35    0.00   33.70    0.00    0.00   22.83    0.00    0.00    0.00   39.13

19:40:46     CPU    %usr   %nice    %sys %iowait    %irq   %soft  %steal  %guest  %gnice   %idle
19:40:47     all    4.55    0.00   27.27    0.00    0.00   20.17    0.00    0.00    0.00   48.01
19:40:47       0    6.32    0.00   30.53    0.00    0.00   14.74    0.00    0.00    0.00   48.42
19:40:47       1    5.41    0.00   12.16    0.00    0.00   40.54    0.00    0.00    0.00   41.89
19:40:47       2    2.25    0.00   30.34    0.00    0.00   16.85    0.00    0.00    0.00   50.56
19:40:47       3    4.26    0.00   32.98    0.00    0.00   12.77    0.00    0.00    0.00   50.00

19:40:47     CPU    %usr   %nice    %sys %iowait    %irq   %soft  %steal  %guest  %gnice   %idle
19:40:48     all    5.36    0.00   31.10    0.00    0.00   22.25    0.00    0.00    0.00   41.29
19:40:48       0    6.19    0.00   30.93    0.00    0.00   18.56    0.00    0.00    0.00   44.33
19:40:48       1    2.67    0.00   21.33    0.00    0.00   37.33    0.00    0.00    0.00   38.67
19:40:48       2    6.06    0.00   36.36    0.00    0.00   20.20    0.00    0.00    0.00   37.37
19:40:48       3    5.88    0.00   33.33    0.00    0.00   16.67    0.00    0.00    0.00   44.12

19:40:48     CPU    %usr   %nice    %sys %iowait    %irq   %soft  %steal  %guest  %gnice   %idle
19:40:49     all    5.95    0.00   28.90    0.00    0.00   19.26    0.00    0.00    0.00   45.89
19:40:49       0    8.89    0.00   31.11    0.00    0.00   13.33    0.00    0.00    0.00   46.67
19:40:49       1    3.90    0.00   22.08    0.00    0.00   38.96    0.00    0.00    0.00   35.06
19:40:49       2    6.67    0.00   26.67    0.00    0.00   16.67    0.00    0.00    0.00   50.00
19:40:49       3    4.17    0.00   34.38    0.00    0.00   11.46    0.00    0.00    0.00   50.00

19:40:49     CPU    %usr   %nice    %sys %iowait    %irq   %soft  %steal  %guest  %gnice   %idle
19:40:50     all    4.05    0.00   26.22    0.00    0.00   19.19    0.27    0.00    0.00   50.27
19:40:50       0    4.30    0.00   26.88    0.00    0.00   13.98    0.00    0.00    0.00   54.84
19:40:50       1    2.41    0.00   24.10    0.00    0.00   34.94    0.00    0.00    0.00   38.55
19:40:50       2    2.97    0.00   25.74    0.00    0.00   16.83    0.99    0.00    0.00   53.47
19:40:50       3    6.45    0.00   27.96    0.00    0.00   12.90    0.00    0.00    0.00   52.69

19:40:50     CPU    %usr   %nice    %sys %iowait    %irq   %soft  %steal  %guest  %gnice   %idle
19:40:51     all    4.44    0.00   26.94    0.00    0.00   18.33    0.00    0.00    0.00   50.28
19:40:51       0    5.21    0.00   27.08    0.00    0.00   16.67    0.00    0.00    0.00   51.04
19:40:51       1    2.86    0.00   21.43    0.00    0.00   34.29    0.00    0.00    0.00   41.43
19:40:51       2    4.21    0.00   24.21    0.00    0.00   14.74    0.00    0.00    0.00   56.84
19:40:51       3    5.05    0.00   33.33    0.00    0.00   12.12    0.00    0.00    0.00   49.49

19:40:51     CPU    %usr   %nice    %sys %iowait    %irq   %soft  %steal  %guest  %gnice   %idle
19:40:52     all    4.81    0.00   27.01    0.00    0.00   21.12    0.00    0.00    0.00   47.06
19:40:52       0    5.21    0.00   23.96    0.00    0.00   20.83    0.00    0.00    0.00   50.00
19:40:52       1    3.70    0.00   17.28    0.00    0.00   33.33    0.00    0.00    0.00   45.68
19:40:52       2    5.26    0.00   27.37    0.00    0.00   16.84    0.00    0.00    0.00   50.53
19:40:52       3    4.90    0.00   37.25    0.00    0.00   15.69    0.00    0.00    0.00   42.16

19:40:52     CPU    %usr   %nice    %sys %iowait    %irq   %soft  %steal  %guest  %gnice   %idle
19:40:53     all    4.72    0.00   27.78    0.00    0.00   21.67    0.00    0.00    0.00   45.83
19:40:53       0    5.43    0.00   26.09    0.00    0.00   15.22    0.00    0.00    0.00   53.26
19:40:53       1    2.63    0.00   18.42    0.00    0.00   39.47    0.00    0.00    0.00   39.47
19:40:53       2    6.25    0.00   32.29    0.00    0.00   16.67    0.00    0.00    0.00   44.79
19:40:53       3    4.17    0.00   32.29    0.00    0.00   18.75    0.00    0.00    0.00   44.79

19:40:53     CPU    %usr   %nice    %sys %iowait    %irq   %soft  %steal  %guest  %gnice   %idle
19:40:54     all    7.28    0.00   29.11    0.00    0.00   19.95    0.00    0.00    0.00   43.67
19:40:54       0    7.37    0.00   28.42    0.00    0.00   11.58    0.00    0.00    0.00   52.63
19:40:54       1    8.54    0.00   17.07    0.00    0.00   39.02    0.00    0.00    0.00   35.37
19:40:54       2    6.32    0.00   35.79    0.00    0.00   16.84    0.00    0.00    0.00   41.05
19:40:54       3    7.07    0.00   33.33    0.00    0.00   15.15    0.00    0.00    0.00   44.44

19:40:54     CPU    %usr   %nice    %sys %iowait    %irq   %soft  %steal  %guest  %gnice   %idle
19:40:55     all    3.45    0.00   30.77    0.00    0.00   22.55    0.00    0.00    0.00   43.24
19:40:55       0    4.81    0.00   38.46    0.00    0.00   11.54    0.00    0.00    0.00   45.19
19:40:55       1    1.27    0.00   21.52    0.00    0.00   41.77    0.00    0.00    0.00   35.44
19:40:55       2    3.16    0.00   30.53    0.00    0.00   23.16    0.00    0.00    0.00   43.16
19:40:55       3    4.04    0.00   30.30    0.00    0.00   18.18    0.00    0.00    0.00   47.47

19:40:55     CPU    %usr   %nice    %sys %iowait    %irq   %soft  %steal  %guest  %gnice   %idle
19:40:56     all    1.55    0.00    9.84    0.00    0.00    6.22    0.00    0.00    0.00   82.38
19:40:56       0    1.02    0.00   13.27    0.00    0.00    4.08    0.00    0.00    0.00   81.63
19:40:56       1    1.10    0.00    5.49    0.00    0.00    9.89    0.00    0.00    0.00   83.52
19:40:56       2    1.02    0.00    9.18    0.00    0.00    6.12    0.00    0.00    0.00   83.67
19:40:56       3    3.03    0.00   11.11    0.00    0.00    5.05    0.00    0.00    0.00   80.81

19:40:56     CPU    %usr   %nice    %sys %iowait    %irq   %soft  %steal  %guest  %gnice   %idle
19:40:57     all    1.24    0.00    1.24    0.00    0.00    0.00    0.00    0.00    0.00   97.51
19:40:57       0    1.98    0.00    1.98    0.00    0.00    0.00    0.00    0.00    0.00   96.04
19:40:57       1    0.00    0.00    1.00    0.00    0.00    0.00    0.00    0.00    0.00   99.00
19:40:57       2    1.00    0.00    0.00    0.00    0.00    0.00    0.00    0.00    0.00   99.00
19:40:57       3    1.98    0.00    1.98    0.00    0.00    0.00    0.00    0.00    0.00   96.04

19:40:57     CPU    %usr   %nice    %sys %iowait    %irq   %soft  %steal  %guest  %gnice   %idle
19:40:58     all    0.00    0.00    1.01    0.00    0.00    0.00    0.00    0.00    0.00   98.99
19:40:58       0    0.00    0.00    0.00    0.00    0.00    0.00    0.00    0.00    0.00  100.00
19:40:58       1    0.00    0.00    2.02    0.00    0.00    0.00    0.00    0.00    0.00   97.98
19:40:58       2    0.00    0.00    1.00    0.00    0.00    0.00    0.00    0.00    0.00   99.00
19:40:58       3    0.00    0.00    1.01    0.00    0.00    0.00    0.00    0.00    0.00   98.99

19:40:58     CPU    %usr   %nice    %sys %iowait    %irq   %soft  %steal  %guest  %gnice   %idle
19:40:59     all    2.78    0.00    3.79    0.00    0.00    0.25    0.00    0.00    0.00   93.18
19:40:59       0    2.00    0.00    4.00    0.00    0.00    1.00    0.00    0.00    0.00   93.00
19:40:59       1    2.02    0.00    4.04    0.00    0.00    0.00    0.00    0.00    0.00   93.94
19:40:59       2    7.07    0.00    4.04    0.00    0.00    0.00    0.00    0.00    0.00   88.89
19:40:59       3    0.00    0.00    3.06    0.00    0.00    0.00    0.00    0.00    0.00   96.94

19:40:59     CPU    %usr   %nice    %sys %iowait    %irq   %soft  %steal  %guest  %gnice   %idle
19:41:00     all    1.00    0.00    1.00    0.00    0.00    0.00    0.25    0.00    0.00   97.74
19:41:00       0    1.01    0.00    0.00    0.00    0.00    0.00    0.00    0.00    0.00   98.99
19:41:00       1    0.00    0.00    1.01    0.00    0.00    0.00    0.00    0.00    0.00   98.99
19:41:00       2    1.00    0.00    1.00    0.00    0.00    0.00    0.00    0.00    0.00   98.00
19:41:00       3    1.98    0.00    1.98    0.00    0.00    0.00    0.99    0.00    0.00   95.05

19:41:00     CPU    %usr   %nice    %sys %iowait    %irq   %soft  %steal  %guest  %gnice   %idle
19:41:01     all    0.50    0.00    1.25    0.00    0.00    0.25    0.00    0.00    0.00   98.00
19:41:01       0    0.98    0.00    0.98    0.00    0.00    0.98    0.00    0.00    0.00   97.06
19:41:01       1    1.00    0.00    1.00    0.00    0.00    0.00    0.00    0.00    0.00   98.00
19:41:01       2    0.00    0.00    1.01    0.00    0.00    0.00    0.00    0.00    0.00   98.99
19:41:01       3    0.00    0.00    2.02    0.00    0.00    0.00    0.00    0.00    0.00   97.98

19:41:01     CPU    %usr   %nice    %sys %iowait    %irq   %soft  %steal  %guest  %gnice   %idle
19:41:02     all    0.25    0.00    1.01    0.00    0.00    0.00    0.00    0.00    0.00   98.74
19:41:02       0    1.00    0.00    1.00    0.00    0.00    0.00    0.00    0.00    0.00   98.00
19:41:02       1    0.00    0.00    2.00    0.00    0.00    0.00    0.00    0.00    0.00   98.00
19:41:02       2    0.00    0.00    1.01    0.00    0.00    0.00    0.00    0.00    0.00   98.99
19:41:02       3    0.00    0.00    0.00    0.00    0.00    0.00    0.00    0.00    0.00  100.00

19:41:02     CPU    %usr   %nice    %sys %iowait    %irq   %soft  %steal  %guest  %gnice   %idle
19:41:03     all    0.25    0.00    1.01    0.00    0.00    0.00    0.00    0.00    0.00   98.74
19:41:03       0    1.00    0.00    1.00    0.00    0.00    0.00    0.00    0.00    0.00   98.00
19:41:03       1    0.00    0.00    1.01    0.00    0.00    0.00    0.00    0.00    0.00   98.99
19:41:03       2    0.00    0.00    0.00    0.00    0.00    0.00    0.00    0.00    0.00  100.00
19:41:03       3    0.00    0.00    2.02    0.00    0.00    0.00    0.00    0.00    0.00   97.98

19:41:03     CPU    %usr   %nice    %sys %iowait    %irq   %soft  %steal  %guest  %gnice   %idle
19:41:04     all    3.04    0.00    4.81    0.25    0.00    0.00    0.00    0.00    0.00   91.90
19:41:04       0    2.06    0.00    6.19    0.00    0.00    0.00    0.00    0.00    0.00   91.75
19:41:04       1    5.10    0.00    3.06    0.00    0.00    0.00    0.00    0.00    0.00   91.84
19:41:04       2    2.00    0.00    5.00    1.00    0.00    0.00    0.00    0.00    0.00   92.00
19:41:04       3    3.00    0.00    5.00    0.00    0.00    0.00    0.00    0.00    0.00   92.00

19:41:04     CPU    %usr   %nice    %sys %iowait    %irq   %soft  %steal  %guest  %gnice   %idle
19:41:05     all    2.01    0.00    1.76    0.00    0.00    0.00    0.00    0.00    0.00   96.23
19:41:05       0    1.00    0.00    3.00    0.00    0.00    0.00    0.00    0.00    0.00   96.00
19:41:05       1    2.02    0.00    0.00    0.00    0.00    0.00    0.00    0.00    0.00   97.98
19:41:05       2    4.00    0.00    2.00    0.00    0.00    0.00    0.00    0.00    0.00   94.00
19:41:05       3    1.01    0.00    2.02    0.00    0.00    0.00    0.00    0.00    0.00   96.97

19:41:05     CPU    %usr   %nice    %sys %iowait    %irq   %soft  %steal  %guest  %gnice   %idle
19:41:06     all    0.75    0.00    1.50    0.00    0.00    0.00    0.00    0.00    0.00   97.74
19:41:06       0    2.00    0.00    1.00    0.00    0.00    0.00    0.00    0.00    0.00   97.00
19:41:06       1    0.00    0.00    1.01    0.00    0.00    0.00    0.00    0.00    0.00   98.99
19:41:06       2    0.99    0.00    2.97    0.00    0.00    0.00    0.00    0.00    0.00   96.04
19:41:06       3    0.00    0.00    1.01    0.00    0.00    0.00    0.00    0.00    0.00   98.99

19:41:06     CPU    %usr   %nice    %sys %iowait    %irq   %soft  %steal  %guest  %gnice   %idle
19:41:07     all    0.50    0.00    1.00    0.00    0.00    0.00    0.00    0.00    0.00   98.50
19:41:07       0    1.00    0.00    1.00    0.00    0.00    0.00    0.00    0.00    0.00   98.00
19:41:07       1    0.00    0.00    1.00    0.00    0.00    0.00    0.00    0.00    0.00   99.00
19:41:07       2    0.00    0.00    0.00    0.00    0.00    0.00    0.00    0.00    0.00  100.00
19:41:07       3    0.98    0.00    1.96    0.00    0.00    0.00    0.00    0.00    0.00   97.06

19:41:07     CPU    %usr   %nice    %sys %iowait    %irq   %soft  %steal  %guest  %gnice   %idle
19:41:08     all    0.00    0.00    0.76    0.00    0.00    0.00    0.00    0.00    0.00   99.24
19:41:08       0    0.00    0.00    1.01    0.00    0.00    0.00    0.00    0.00    0.00   98.99
19:41:08       1    0.00    0.00    0.00    0.00    0.00    0.00    0.00    0.00    0.00  100.00
19:41:08       2    0.00    0.00    2.04    0.00    0.00    0.00    0.00    0.00    0.00   97.96
19:41:08       3    0.00    0.00    0.00    0.00    0.00    0.00    0.00    0.00    0.00  100.00

19:41:08     CPU    %usr   %nice    %sys %iowait    %irq   %soft  %steal  %guest  %gnice   %idle
19:41:09     all    2.78    0.00    3.80    0.00    0.00    0.00    0.00    0.00    0.00   93.42
19:41:09       0    1.03    0.00    3.09    0.00    0.00    0.00    0.00    0.00    0.00   95.88
19:41:09       1    6.06    0.00    4.04    0.00    0.00    0.00    0.00    0.00    0.00   89.90
19:41:09       2    2.02    0.00    5.05    0.00    0.00    0.00    0.00    0.00    0.00   92.93
19:41:09       3    2.00    0.00    3.00    0.00    0.00    0.00    0.00    0.00    0.00   95.00

19:41:09     CPU    %usr   %nice    %sys %iowait    %irq   %soft  %steal  %guest  %gnice   %idle
19:41:10     all    0.25    0.00    1.26    0.00    0.00    0.00    0.00    0.00    0.00   98.49
19:41:10       0    1.02    0.00    0.00    0.00    0.00    0.00    0.00    0.00    0.00   98.98
19:41:10       1    0.00    0.00    1.98    0.00    0.00    0.00    0.00    0.00    0.00   98.02
19:41:10       2    0.00    0.00    2.00    0.00    0.00    0.00    0.00    0.00    0.00   98.00
19:41:10       3    0.00    0.00    1.01    0.00    0.00    0.00    0.00    0.00    0.00   98.99

19:41:10     CPU    %usr   %nice    %sys %iowait    %irq   %soft  %steal  %guest  %gnice   %idle
19:41:11     all    0.51    0.00    0.51    0.00    0.00    0.00    0.00    0.00    0.00   98.99
19:41:11       0    1.01    0.00    0.00    0.00    0.00    0.00    0.00    0.00    0.00   98.99
19:41:11       1    0.00    0.00    0.00    0.00    0.00    0.00    0.00    0.00    0.00  100.00
19:41:11       2    1.00    0.00    1.00    0.00    0.00    0.00    0.00    0.00    0.00   98.00
19:41:11       3    0.00    0.00    1.01    0.00    0.00    0.00    0.00    0.00    0.00   98.99

19:41:11     CPU    %usr   %nice    %sys %iowait    %irq   %soft  %steal  %guest  %gnice   %idle
19:41:12     all    0.00    0.00    0.76    0.00    0.00    0.00    0.00    0.00    0.00   99.24
19:41:12       0    0.00    0.00    0.00    0.00    0.00    0.00    0.00    0.00    0.00  100.00
19:41:12       1    0.00    0.00    1.01    0.00    0.00    0.00    0.00    0.00    0.00   98.99
19:41:12       2    0.00    0.00    1.01    0.00    0.00    0.00    0.00    0.00    0.00   98.99
19:41:12       3    0.00    0.00    1.01    0.00    0.00    0.00    0.00    0.00    0.00   98.99

19:41:12     CPU    %usr   %nice    %sys %iowait    %irq   %soft  %steal  %guest  %gnice   %idle
19:41:13     all    2.27    0.00    2.27    0.00    0.00    0.00    0.00    0.00    0.00   95.45
19:41:13       0    1.01    0.00    2.02    0.00    0.00    0.00    0.00    0.00    0.00   96.97
19:41:13       1    2.02    0.00    2.02    0.00    0.00    0.00    0.00    0.00    0.00   95.96
19:41:13       2    4.08    0.00    2.04    0.00    0.00    0.00    0.00    0.00    0.00   93.88
19:41:13       3    2.00    0.00    3.00    0.00    0.00    0.00    0.00    0.00    0.00   95.00

19:41:13     CPU    %usr   %nice    %sys %iowait    %irq   %soft  %steal  %guest  %gnice   %idle
19:41:14     all    1.51    0.00    2.02    0.00    0.00    0.50    0.00    0.00    0.00   95.97
19:41:14       0    3.00    0.00    2.00    0.00    0.00    1.00    0.00    0.00    0.00   94.00
19:41:14       1    2.02    0.00    3.03    0.00    0.00    0.00    0.00    0.00    0.00   94.95
19:41:14       2    1.01    0.00    2.02    0.00    0.00    0.00    0.00    0.00    0.00   96.97
19:41:14       3    0.00    0.00    1.01    0.00    0.00    1.01    0.00    0.00    0.00   97.98

19:41:14     CPU    %usr   %nice    %sys %iowait    %irq   %soft  %steal  %guest  %gnice   %idle
19:41:15     all    1.75    0.00    2.76    0.00    0.00    0.25    0.00    0.00    0.00   95.24
19:41:15       0    1.01    0.00    2.02    0.00    0.00    0.00    0.00    0.00    0.00   96.97
19:41:15       1    0.00    0.00    3.00    0.00    0.00    1.00    0.00    0.00    0.00   96.00
19:41:15       2    0.98    0.00    4.90    0.00    0.00    0.00    0.00    0.00    0.00   94.12
19:41:15       3    5.10    0.00    1.02    0.00    0.00    0.00    0.00    0.00    0.00   93.88

19:41:15     CPU    %usr   %nice    %sys %iowait    %irq   %soft  %steal  %guest  %gnice   %idle
19:41:16     all    0.76    0.00    1.01    0.00    0.00    0.00    0.00    0.00    0.00   98.24
19:41:16       0    1.00    0.00    1.00    0.00    0.00    0.00    0.00    0.00    0.00   98.00
19:41:16       1    1.98    0.00    1.98    0.00    0.00    0.00    0.00    0.00    0.00   96.04
19:41:16       2    0.00    0.00    0.00    0.00    0.00    0.00    0.00    0.00    0.00  100.00
19:41:16       3    0.00    0.00    1.02    0.00    0.00    0.00    0.00    0.00    0.00   98.98

19:41:16     CPU    %usr   %nice    %sys %iowait    %irq   %soft  %steal  %guest  %gnice   %idle
19:41:17     all    0.25    0.00    2.49    0.00    0.00    0.00    0.00    0.00    0.00   97.26
19:41:17       0    0.00    0.00    2.97    0.00    0.00    0.00    0.00    0.00    0.00   97.03
19:41:17       1    0.00    0.00    1.01    0.00    0.00    0.00    0.00    0.00    0.00   98.99
19:41:17       2    0.98    0.00    3.92    0.00    0.00    0.00    0.00    0.00    0.00   95.10
19:41:17       3    0.00    0.00    2.00    0.00    0.00    0.00    0.00    0.00    0.00   98.00

19:41:17     CPU    %usr   %nice    %sys %iowait    %irq   %soft  %steal  %guest  %gnice   %idle
19:41:18     all    0.50    0.00    0.76    0.25    0.00    0.00    0.00    0.00    0.00   98.49
19:41:18       0    0.99    0.00    1.98    0.99    0.00    0.00    0.00    0.00    0.00   96.04
19:41:18       1    0.00    0.00    0.00    0.00    0.00    0.00    0.00    0.00    0.00  100.00
19:41:18       2    0.00    0.00    1.02    0.00    0.00    0.00    0.00    0.00    0.00   98.98
19:41:18       3    1.01    0.00    0.00    0.00    0.00    0.00    0.00    0.00    0.00   98.99

19:41:18     CPU    %usr   %nice    %sys %iowait    %irq   %soft  %steal  %guest  %gnice   %idle
19:41:19     all    1.03    0.00    2.31    0.26    0.00    1.03    0.00    0.00    0.00   95.38
19:41:19       0    1.03    0.00    3.09    0.00    0.00    0.00    0.00    0.00    0.00   95.88
19:41:19       1    0.00    0.00    0.00    0.00    0.00    4.12    0.00    0.00    0.00   95.88
19:41:19       2    2.00    0.00    4.00    1.00    0.00    0.00    0.00    0.00    0.00   93.00
19:41:19       3    1.04    0.00    2.08    0.00    0.00    0.00    0.00    0.00    0.00   96.88

19:41:19     CPU    %usr   %nice    %sys %iowait    %irq   %soft  %steal  %guest  %gnice   %idle
19:41:20     all    5.05    0.00   23.40    0.00    0.00   24.20    0.00    0.00    0.00   47.34
19:41:20       0    6.25    0.00   28.12    0.00    0.00   14.58    0.00    0.00    0.00   51.04
19:41:20       1    2.20    0.00   17.58    0.00    0.00   45.05    0.00    0.00    0.00   35.16
19:41:20       2    6.25    0.00   20.83    0.00    0.00   25.00    0.00    0.00    0.00   47.92
19:41:20       3    5.38    0.00   26.88    0.00    0.00   12.90    0.00    0.00    0.00   54.84

19:41:20     CPU    %usr   %nice    %sys %iowait    %irq   %soft  %steal  %guest  %gnice   %idle
19:41:21     all    4.52    0.00   28.89    0.00    0.00   31.66    0.00    0.00    0.00   34.92
19:41:21       0    2.04    0.00   35.71    0.00    0.00   22.45    0.00    0.00    0.00   39.80
19:41:21       1    3.16    0.00   17.89    0.00    0.00   53.68    0.00    0.00    0.00   25.26
19:41:21       2    6.86    0.00   30.39    0.00    0.00   27.45    0.00    0.00    0.00   35.29
19:41:21       3    5.83    0.00   31.07    0.00    0.00   24.27    0.00    0.00    0.00   38.83

19:41:21     CPU    %usr   %nice    %sys %iowait    %irq   %soft  %steal  %guest  %gnice   %idle
19:41:22     all    2.93    0.00   28.72    0.00    0.00   27.93    0.00    0.00    0.00   40.43
19:41:22       0    3.06    0.00   35.71    0.00    0.00   17.35    0.00    0.00    0.00   43.88
19:41:22       1    1.14    0.00   15.91    0.00    0.00   51.14    0.00    0.00    0.00   31.82
19:41:22       2    2.17    0.00   27.17    0.00    0.00   28.26    0.00    0.00    0.00   42.39
19:41:22       3    5.10    0.00   34.69    0.00    0.00   17.35    0.00    0.00    0.00   42.86

19:41:22     CPU    %usr   %nice    %sys %iowait    %irq   %soft  %steal  %guest  %gnice   %idle
19:41:23     all    4.17    0.00   28.65    0.00    0.00   29.95    0.00    0.00    0.00   37.24
19:41:23       0    5.32    0.00   31.91    0.00    0.00   21.28    0.00    0.00    0.00   41.49
19:41:23       1    4.17    0.00   16.67    0.00    0.00   51.04    0.00    0.00    0.00   28.12
19:41:23       2    2.13    0.00   29.79    0.00    0.00   27.66    0.00    0.00    0.00   40.43
19:41:23       3    5.00    0.00   36.00    0.00    0.00   20.00    0.00    0.00    0.00   39.00

19:41:23     CPU    %usr   %nice    %sys %iowait    %irq   %soft  %steal  %guest  %gnice   %idle
19:41:24     all    5.04    0.00   32.75    0.00    0.00   28.46    0.00    0.00    0.00   33.75
19:41:24       0    8.08    0.00   36.36    0.00    0.00   20.20    0.00    0.00    0.00   35.35
19:41:24       1    3.06    0.00   15.31    0.00    0.00   55.10    0.00    0.00    0.00   26.53
19:41:24       2    6.06    0.00   34.34    0.00    0.00   24.24    0.00    0.00    0.00   35.35
19:41:24       3    2.97    0.00   44.55    0.00    0.00   14.85    0.00    0.00    0.00   37.62

19:41:24     CPU    %usr   %nice    %sys %iowait    %irq   %soft  %steal  %guest  %gnice   %idle
19:41:25     all    6.08    0.00   24.81    0.00    0.00   37.97    0.00    0.00    0.00   31.14
19:41:25       0   10.89    0.00   33.66    0.00    0.00   14.85    0.00    0.00    0.00   40.59
19:41:25       1    0.00    0.00    0.00    0.00    0.00  100.00    0.00    0.00    0.00    0.00
19:41:25       2    7.37    0.00   32.63    0.00    0.00   16.84    0.00    0.00    0.00   43.16
19:41:25       3    6.06    0.00   33.33    0.00    0.00   19.19    0.00    0.00    0.00   41.41

19:41:25     CPU    %usr   %nice    %sys %iowait    %irq   %soft  %steal  %guest  %gnice   %idle
19:41:26     all    4.16    0.00   27.79    0.00    0.00   38.96    0.00    0.00    0.00   29.09
19:41:26       0    4.30    0.00   37.63    0.00    0.00   19.35    0.00    0.00    0.00   38.71
19:41:26       1    0.00    0.00    0.00    0.00    0.00  100.00    0.00    0.00    0.00    0.00
19:41:26       2    6.25    0.00   38.54    0.00    0.00   17.71    0.00    0.00    0.00   37.50
19:41:26       3    6.25    0.00   36.46    0.00    0.00   15.62    0.00    0.00    0.00   41.67

19:41:26     CPU    %usr   %nice    %sys %iowait    %irq   %soft  %steal  %guest  %gnice   %idle
19:41:27     all    5.58    0.00   29.95    0.00    0.00   38.58    0.00    0.00    0.00   25.89
19:41:27       0    8.91    0.00   38.61    0.00    0.00   16.83    0.00    0.00    0.00   35.64
19:41:27       1    0.00    0.00    0.00    0.00    0.00  100.00    0.00    0.00    0.00    0.00
19:41:27       2    7.14    0.00   42.86    0.00    0.00   19.39    0.00    0.00    0.00   30.61
19:41:27       3    6.32    0.00   38.95    0.00    0.00   16.84    0.00    0.00    0.00   37.89

19:41:27     CPU    %usr   %nice    %sys %iowait    %irq   %soft  %steal  %guest  %gnice   %idle
19:41:28     all    3.86    0.00   25.96    0.00    0.00   35.73    0.00    0.00    0.00   34.45
19:41:28       0    5.21    0.00   35.42    0.00    0.00   15.62    0.00    0.00    0.00   43.75
19:41:28       1    0.00    0.00    0.00    0.00    0.00  100.00    0.00    0.00    0.00    0.00
19:41:28       2    4.08    0.00   33.67    0.00    0.00   12.24    0.00    0.00    0.00   50.00
19:41:28       3    6.32    0.00   35.79    0.00    0.00   12.63    0.00    0.00    0.00   45.26

19:41:28     CPU    %usr   %nice    %sys %iowait    %irq   %soft  %steal  %guest  %gnice   %idle
19:41:29     all    3.94    0.00   23.88    0.00    0.00   35.96    0.00    0.00    0.00   36.22
19:41:29       0    6.12    0.00   32.65    0.00    0.00   14.29    0.00    0.00    0.00   46.94
19:41:29       1    0.00    0.00    0.00    0.00    0.00  100.00    0.00    0.00    0.00    0.00
19:41:29       2    3.33    0.00   32.22    0.00    0.00   11.11    0.00    0.00    0.00   53.33
19:41:29       3    6.45    0.00   32.26    0.00    0.00   13.98    0.00    0.00    0.00   47.31

19:41:29     CPU    %usr   %nice    %sys %iowait    %irq   %soft  %steal  %guest  %gnice   %idle
19:41:30     all    5.12    0.00   26.85    0.00    0.00   34.53    0.00    0.00    0.00   33.50
19:41:30       0    8.08    0.00   43.43    0.00    0.00   10.10    0.00    0.00    0.00   38.38
19:41:30       1    1.00    0.00    0.00    0.00    0.00   99.00    0.00    0.00    0.00    0.00
19:41:30       2    6.25    0.00   32.29    0.00    0.00   13.54    0.00    0.00    0.00   47.92
19:41:30       3    5.21    0.00   32.29    0.00    0.00   13.54    0.00    0.00    0.00   48.96

19:41:30     CPU    %usr   %nice    %sys %iowait    %irq   %soft  %steal  %guest  %gnice   %idle
19:41:31     all    3.10    0.00   23.51    0.00    0.00   35.40    0.00    0.00    0.00   37.98
19:41:31       0    4.12    0.00   31.96    0.00    0.00   14.43    0.00    0.00    0.00   49.48
19:41:31       1    0.00    0.00    0.00    0.00    0.00  100.00    0.00    0.00    0.00    0.00
19:41:31       2    5.43    0.00   28.26    0.00    0.00   11.96    0.00    0.00    0.00   54.35
19:41:31       3    3.06    0.00   34.69    0.00    0.00   12.24    0.00    0.00    0.00   50.00

19:41:31     CPU    %usr   %nice    %sys %iowait    %irq   %soft  %steal  %guest  %gnice   %idle
19:41:32     all    4.11    0.00   25.45    0.00    0.00   34.19    0.00    0.00    0.00   36.25
19:41:32       0    7.22    0.00   34.02    0.00    0.00    8.25    0.00    0.00    0.00   50.52
19:41:32       1    0.00    0.00    0.00    0.00    0.00  100.00    0.00    0.00    0.00    0.00
19:41:32       2    5.10    0.00   36.73    0.00    0.00   13.27    0.00    0.00    0.00   44.90
19:41:32       3    4.26    0.00   31.91    0.00    0.00   12.77    0.00    0.00    0.00   51.06

19:41:32     CPU    %usr   %nice    %sys %iowait    %irq   %soft  %steal  %guest  %gnice   %idle
19:41:33     all    3.54    0.00   21.77    0.00    0.00   35.70    0.00    0.00    0.00   38.99
19:41:33       0    5.10    0.00   29.59    0.00    0.00   11.22    0.00    0.00    0.00   54.08
19:41:33       1    0.00    0.00    0.00    0.00    0.00  100.00    0.00    0.00    0.00    0.00
19:41:33       2    5.26    0.00   32.63    0.00    0.00   17.89    0.00    0.00    0.00   44.21
19:41:33       3    3.92    0.00   25.49    0.00    0.00   12.75    0.00    0.00    0.00   57.84

19:41:33     CPU    %usr   %nice    %sys %iowait    %irq   %soft  %steal  %guest  %gnice   %idle
19:41:34     all    3.53    0.00   24.69    0.00    0.00   34.01    0.00    0.00    0.00   37.78
19:41:34       0    5.00    0.00   34.00    0.00    0.00    9.00    0.00    0.00    0.00   52.00
19:41:34       1    0.00    0.00    0.00    0.00    0.00  100.00    0.00    0.00    0.00    0.00
19:41:34       2    3.09    0.00   35.05    0.00    0.00   12.37    0.00    0.00    0.00   49.48
19:41:34       3    6.00    0.00   30.00    0.00    0.00   14.00    0.00    0.00    0.00   50.00

19:41:34     CPU    %usr   %nice    %sys %iowait    %irq   %soft  %steal  %guest  %gnice   %idle
19:41:35     all    5.00    0.00   22.37    0.00    0.00   35.53    0.00    0.00    0.00   37.11
19:41:35       0    5.26    0.00   28.42    0.00    0.00   12.63    0.00    0.00    0.00   53.68
19:41:35       1    0.00    0.00    0.00    0.00    0.00  100.00    0.00    0.00    0.00    0.00
19:41:35       2   10.75    0.00   30.11    0.00    0.00   11.83    0.00    0.00    0.00   47.31
19:41:35       3    4.30    0.00   32.26    0.00    0.00   13.98    0.00    0.00    0.00   49.46

19:41:35     CPU    %usr   %nice    %sys %iowait    %irq   %soft  %steal  %guest  %gnice   %idle
19:41:36     all    3.88    0.00   24.29    0.00    0.00   32.82    0.00    0.00    0.00   39.02
19:41:36       0    3.19    0.00   29.79    0.00    0.00   10.64    0.00    0.00    0.00   56.38
19:41:36       1    0.00    0.00    0.00    0.00    0.00  100.00    0.00    0.00    0.00    0.00
19:41:36       2    7.37    0.00   28.42    0.00    0.00    8.42    0.00    0.00    0.00   55.79
19:41:36       3    5.10    0.00   39.80    0.00    0.00    9.18    0.00    0.00    0.00   45.92

19:41:36     CPU    %usr   %nice    %sys %iowait    %irq   %soft  %steal  %guest  %gnice   %idle
19:41:37     all    4.23    0.00   18.78    0.00    0.00   33.86    0.00    0.00    0.00   43.12
19:41:37       0    6.45    0.00   23.66    0.00    0.00   11.83    0.00    0.00    0.00   58.06
19:41:37       1    0.00    0.00    0.00    0.00    0.00  100.00    0.00    0.00    0.00    0.00
19:41:37       2    7.87    0.00   30.34    0.00    0.00    6.74    0.00    0.00    0.00   55.06
19:41:37       3    3.12    0.00   22.92    0.00    0.00   11.46    0.00    0.00    0.00   62.50

19:41:37     CPU    %usr   %nice    %sys %iowait    %irq   %soft  %steal  %guest  %gnice   %idle
19:41:38     all    4.79    0.00   21.16    0.00    0.00   32.49    0.00    0.00    0.00   41.56
19:41:38       0    7.00    0.00   29.00    0.00    0.00   11.00    0.00    0.00    0.00   53.00
19:41:38       1    0.00    0.00    0.00    0.00    0.00  100.00    0.00    0.00    0.00    0.00
19:41:38       2    6.00    0.00   24.00    0.00    0.00    9.00    0.00    0.00    0.00   61.00
19:41:38       3    6.19    0.00   31.96    0.00    0.00    9.28    0.00    0.00    0.00   52.58

19:41:38     CPU    %usr   %nice    %sys %iowait    %irq   %soft  %steal  %guest  %gnice   %idle
19:41:39     all    3.50    0.00   22.75    0.00    0.00   31.75    0.00    0.00    0.00   42.00
19:41:39       0    5.83    0.00   31.07    0.00    0.00    9.71    0.00    0.00    0.00   53.40
19:41:39       1    0.00    0.00    0.00    0.00    0.00  100.00    0.00    0.00    0.00    0.00
19:41:39       2    4.12    0.00   29.90    0.00    0.00    6.19    0.00    0.00    0.00   59.79
19:41:39       3    4.00    0.00   30.00    0.00    0.00   11.00    0.00    0.00    0.00   55.00

19:41:39     CPU    %usr   %nice    %sys %iowait    %irq   %soft  %steal  %guest  %gnice   %idle
19:41:40     all    3.86    0.00   24.16    0.00    0.00   32.65    0.00    0.00    0.00   39.33
19:41:40       0    4.17    0.00   31.25    0.00    0.00    8.33    0.00    0.00    0.00   56.25
19:41:40       1    0.00    0.00    1.00    0.00    0.00   99.00    0.00    0.00    0.00    0.00
19:41:40       2    6.93    0.00   33.66    0.00    0.00    7.92    0.00    0.00    0.00   51.49
19:41:40       3    4.35    0.00   31.52    0.00    0.00   13.04    0.00    0.00    0.00   51.09

19:41:40     CPU    %usr   %nice    %sys %iowait    %irq   %soft  %steal  %guest  %gnice   %idle
19:41:41     all    3.71    0.00   27.85    0.00    0.00   23.08    0.00    0.00    0.00   45.36
19:41:41       0    3.96    0.00   34.65    0.00    0.00   12.87    0.00    0.00    0.00   48.51
19:41:41       1    2.47    0.00   12.35    0.00    0.00   66.67    0.00    0.00    0.00   18.52
19:41:41       2    6.32    0.00   25.26    0.00    0.00   11.58    0.00    0.00    0.00   56.84
19:41:41       3    2.00    0.00   36.00    0.00    0.00    9.00    0.00    0.00    0.00   53.00

19:41:41     CPU    %usr   %nice    %sys %iowait    %irq   %soft  %steal  %guest  %gnice   %idle
19:41:42     all    4.37    0.00   30.60    0.00    0.00   19.67    0.00    0.00    0.00   45.36
19:41:42       0    6.19    0.00   30.93    0.00    0.00   15.46    0.00    0.00    0.00   47.42
19:41:42       1    2.50    0.00   21.25    0.00    0.00   36.25    0.00    0.00    0.00   40.00
19:41:42       2    3.23    0.00   34.41    0.00    0.00   16.13    0.00    0.00    0.00   46.24
19:41:42       3    5.21    0.00   34.38    0.00    0.00   13.54    0.00    0.00    0.00   46.88

19:41:42     CPU    %usr   %nice    %sys %iowait    %irq   %soft  %steal  %guest  %gnice   %idle
19:41:43     all    2.77    0.00   31.02    0.00    0.00   17.73    0.00    0.00    0.00   48.48
19:41:43       0    2.06    0.00   36.08    0.00    0.00   10.31    0.00    0.00    0.00   51.55
19:41:43       1    1.27    0.00   25.32    0.00    0.00   34.18    0.00    0.00    0.00   39.24
19:41:43       2    4.35    0.00   33.70    0.00    0.00   14.13    0.00    0.00    0.00   47.83
19:41:43       3    3.23    0.00   27.96    0.00    0.00   15.05    0.00    0.00    0.00   53.76

19:41:43     CPU    %usr   %nice    %sys %iowait    %irq   %soft  %steal  %guest  %gnice   %idle
19:41:44     all    5.29    0.00   29.37    0.26    0.00   18.78    0.00    0.00    0.00   46.30
19:41:44       0    4.90    0.00   32.35    0.00    0.00   15.69    0.00    0.00    0.00   47.06
19:41:44       1    2.50    0.00   23.75    0.00    0.00   33.75    0.00    0.00    0.00   40.00
19:41:44       2    8.08    0.00   28.28    1.01    0.00   15.15    0.00    0.00    0.00   47.47
19:41:44       3    5.15    0.00   31.96    0.00    0.00   13.40    0.00    0.00    0.00   49.48

19:41:44     CPU    %usr   %nice    %sys %iowait    %irq   %soft  %steal  %guest  %gnice   %idle
19:41:45     all    5.25    0.00   29.83    0.00    0.00   20.17    0.00    0.00    0.00   44.75
19:41:45       0    7.22    0.00   36.08    0.00    0.00   12.37    0.00    0.00    0.00   44.33
19:41:45       1    3.75    0.00   21.25    0.00    0.00   36.25    0.00    0.00    0.00   38.75
19:41:45       2    4.40    0.00   28.57    0.00    0.00   18.68    0.00    0.00    0.00   48.35
19:41:45       3    5.32    0.00   31.91    0.00    0.00   15.96    0.00    0.00    0.00   46.81

19:41:45     CPU    %usr   %nice    %sys %iowait    %irq   %soft  %steal  %guest  %gnice   %idle
19:41:46     all    3.80    0.00   27.45    0.00    0.00   16.85    0.27    0.00    0.00   51.63
19:41:46       0    3.77    0.00   33.96    0.00    0.00    9.43    0.94    0.00    0.00   51.89
19:41:46       1    2.67    0.00   17.33    0.00    0.00   33.33    0.00    0.00    0.00   46.67
19:41:46       2    4.17    0.00   29.17    0.00    0.00   14.58    0.00    0.00    0.00   52.08
19:41:46       3    4.40    0.00   26.37    0.00    0.00   14.29    0.00    0.00    0.00   54.95

19:41:46     CPU    %usr   %nice    %sys %iowait    %irq   %soft  %steal  %guest  %gnice   %idle
19:41:47     all    3.44    0.00   32.28    0.00    0.00   19.31    0.00    0.00    0.00   44.97
19:41:47       0    5.00    0.00   33.00    0.00    0.00   16.00    0.00    0.00    0.00   46.00
19:41:47       1    1.27    0.00   26.58    0.00    0.00   37.97    0.00    0.00    0.00   34.18
19:41:47       2    2.94    0.00   36.27    0.00    0.00   14.71    0.00    0.00    0.00   46.08
19:41:47       3    4.12    0.00   31.96    0.00    0.00   12.37    0.00    0.00    0.00   51.55

19:41:47     CPU    %usr   %nice    %sys %iowait    %irq   %soft  %steal  %guest  %gnice   %idle
19:41:48     all    3.35    0.00   27.93    0.00    0.00   22.07    0.00    0.00    0.00   46.65
19:41:48       0    3.23    0.00   33.33    0.00    0.00   15.05    0.00    0.00    0.00   48.39
19:41:48       1    3.85    0.00   19.23    0.00    0.00   38.46    0.00    0.00    0.00   38.46
19:41:48       2    3.16    0.00   29.47    0.00    0.00   21.05    0.00    0.00    0.00   46.32
19:41:48       3    3.26    0.00   28.26    0.00    0.00   16.30    0.00    0.00    0.00   52.17

19:41:48     CPU    %usr   %nice    %sys %iowait    %irq   %soft  %steal  %guest  %gnice   %idle
19:41:49     all    4.04    0.00   30.73    0.00    0.00   20.75    0.00    0.00    0.00   44.47
19:41:49       0    5.10    0.00   32.65    0.00    0.00   18.37    0.00    0.00    0.00   43.88
19:41:49       1    2.50    0.00   21.25    0.00    0.00   35.00    0.00    0.00    0.00   41.25
19:41:49       2    4.40    0.00   30.77    0.00    0.00   17.58    0.00    0.00    0.00   47.25
19:41:49       3    3.92    0.00   36.27    0.00    0.00   14.71    0.00    0.00    0.00   45.10

19:41:49     CPU    %usr   %nice    %sys %iowait    %irq   %soft  %steal  %guest  %gnice   %idle
19:41:50     all    4.10    0.00   29.51    0.00    0.00   20.77    0.00    0.00    0.00   45.63
19:41:50       0    6.45    0.00   26.88    0.00    0.00   17.20    0.00    0.00    0.00   49.46
19:41:50       1    2.41    0.00   21.69    0.00    0.00   38.55    0.00    0.00    0.00   37.35
19:41:50       2    4.21    0.00   32.63    0.00    0.00   16.84    0.00    0.00    0.00   46.32
19:41:50       3    3.16    0.00   35.79    0.00    0.00   12.63    0.00    0.00    0.00   48.42

19:41:50     CPU    %usr   %nice    %sys %iowait    %irq   %soft  %steal  %guest  %gnice   %idle
19:41:51     all    5.57    0.00   28.13    0.00    0.00   21.45    0.00    0.00    0.00   44.85
19:41:51       0    4.30    0.00   31.18    0.00    0.00   19.35    0.00    0.00    0.00   45.16
19:41:51       1    5.00    0.00   18.75    0.00    0.00   38.75    0.00    0.00    0.00   37.50
19:41:51       2    8.70    0.00   31.52    0.00    0.00   14.13    0.00    0.00    0.00   45.65
19:41:51       3    4.26    0.00   29.79    0.00    0.00   15.96    0.00    0.00    0.00   50.00

19:41:51     CPU    %usr   %nice    %sys %iowait    %irq   %soft  %steal  %guest  %gnice   %idle
19:41:52     all    4.46    0.00   30.64    0.00    0.00   16.99    0.00    0.00    0.00   47.91
19:41:52       0    5.26    0.00   32.63    0.00    0.00   11.58    0.00    0.00    0.00   50.53
19:41:52       1    5.19    0.00   19.48    0.00    0.00   36.36    0.00    0.00    0.00   38.96
19:41:52       2    5.32    0.00   30.85    0.00    0.00   12.77    0.00    0.00    0.00   51.06
19:41:52       3    2.15    0.00   37.63    0.00    0.00   10.75    0.00    0.00    0.00   49.46

19:41:52     CPU    %usr   %nice    %sys %iowait    %irq   %soft  %steal  %guest  %gnice   %idle
19:41:53     all    3.99    0.00   29.26    0.00    0.00   18.35    0.00    0.00    0.00   48.40
19:41:53       0    3.96    0.00   32.67    0.00    0.00   13.86    0.00    0.00    0.00   49.50
19:41:53       1    4.88    0.00   24.39    0.00    0.00   31.71    0.00    0.00    0.00   39.02
19:41:53       2    3.19    0.00   30.85    0.00    0.00   15.96    0.00    0.00    0.00   50.00
19:41:53       3    4.04    0.00   28.28    0.00    0.00   14.14    0.00    0.00    0.00   53.54

19:41:53     CPU    %usr   %nice    %sys %iowait    %irq   %soft  %steal  %guest  %gnice   %idle
19:41:54     all    1.53    0.00   10.46    0.00    0.00    5.87    0.00    0.00    0.00   82.14
19:41:54       0    2.04    0.00    8.16    0.00    0.00    5.10    0.00    0.00    0.00   84.69
19:41:54       1    0.00    0.00    8.60    0.00    0.00    9.68    0.00    0.00    0.00   81.72
19:41:54       2    2.00    0.00   12.00    0.00    0.00    5.00    0.00    0.00    0.00   81.00
19:41:54       3    1.98    0.00   12.87    0.00    0.00    3.96    0.00    0.00    0.00   81.19

19:41:54     CPU    %usr   %nice    %sys %iowait    %irq   %soft  %steal  %guest  %gnice   %idle
19:41:55     all    0.75    0.00    1.50    0.00    0.00    0.00    0.00    0.00    0.00   97.74
19:41:55       0    0.00    0.00    1.00    0.00    0.00    0.00    0.00    0.00    0.00   99.00
19:41:55       1    1.98    0.00    1.98    0.00    0.00    0.00    0.00    0.00    0.00   96.04
19:41:55       2    1.00    0.00    2.00    0.00    0.00    0.00    0.00    0.00    0.00   97.00
19:41:55       3    0.00    0.00    1.02    0.00    0.00    0.00    0.00    0.00    0.00   98.98

19:41:55     CPU    %usr   %nice    %sys %iowait    %irq   %soft  %steal  %guest  %gnice   %idle
19:41:56     all    2.78    0.00    4.81    0.00    0.00    0.00    0.00    0.00    0.00   92.41
19:41:56       0    3.00    0.00    4.00    0.00    0.00    0.00    0.00    0.00    0.00   93.00
19:41:56       1    3.09    0.00    4.12    0.00    0.00    0.00    0.00    0.00    0.00   92.78
19:41:56       2    3.03    0.00    6.06    0.00    0.00    0.00    0.00    0.00    0.00   90.91
19:41:56       3    2.02    0.00    5.05    0.00    0.00    0.00    0.00    0.00    0.00   92.93

19:41:56     CPU    %usr   %nice    %sys %iowait    %irq   %soft  %steal  %guest  %gnice   %idle
19:41:57     all    0.25    0.00    0.76    0.00    0.00    0.00    0.00    0.00    0.00   98.99
19:41:57       0    1.00    0.00    1.00    0.00    0.00    0.00    0.00    0.00    0.00   98.00
19:41:57       1    0.00    0.00    1.02    0.00    0.00    0.00    0.00    0.00    0.00   98.98
19:41:57       2    0.00    0.00    0.00    0.00    0.00    0.00    0.00    0.00    0.00  100.00
19:41:57       3    0.00    0.00    1.01    0.00    0.00    0.00    0.00    0.00    0.00   98.99

19:41:57     CPU    %usr   %nice    %sys %iowait    %irq   %soft  %steal  %guest  %gnice   %idle
19:41:58     all    0.00    0.00    1.01    0.00    0.00    0.00    0.00    0.00    0.00   98.99
19:41:58       0    0.00    0.00    0.00    0.00    0.00    0.00    0.00    0.00    0.00  100.00
19:41:58       1    0.00    0.00    2.02    0.00    0.00    0.00    0.00    0.00    0.00   97.98
19:41:58       2    0.00    0.00    1.01    0.00    0.00    0.00    0.00    0.00    0.00   98.99
19:41:58       3    0.00    0.00    1.01    0.00    0.00    0.00    0.00    0.00    0.00   98.99

19:41:58     CPU    %usr   %nice    %sys %iowait    %irq   %soft  %steal  %guest  %gnice   %idle
19:41:59     all    2.51    0.00    4.02    0.00    0.00    0.00    0.00    0.00    0.00   93.47
19:41:59       0    4.12    0.00    2.06    0.00    0.00    0.00    0.00    0.00    0.00   93.81
19:41:59       1    3.00    0.00    3.00    0.00    0.00    0.00    0.00    0.00    0.00   94.00
19:41:59       2    1.98    0.00    5.94    0.00    0.00    0.00    0.00    0.00    0.00   92.08
19:41:59       3    1.00    0.00    5.00    0.00    0.00    0.00    0.00    0.00    0.00   94.00

19:41:59     CPU    %usr   %nice    %sys %iowait    %irq   %soft  %steal  %guest  %gnice   %idle
19:42:00     all    0.75    0.00    1.49    0.00    0.00    0.00    0.00    0.00    0.00   97.76
19:42:00       0    1.96    0.00    0.98    0.00    0.00    0.00    0.00    0.00    0.00   97.06
19:42:00       1    1.00    0.00    1.00    0.00    0.00    0.00    0.00    0.00    0.00   98.00
19:42:00       2    0.00    0.00    1.00    0.00    0.00    0.00    0.00    0.00    0.00   99.00
19:42:00       3    0.00    0.00    3.00    0.00    0.00    0.00    0.00    0.00    0.00   97.00

19:42:00     CPU    %usr   %nice    %sys %iowait    %irq   %soft  %steal  %guest  %gnice   %idle
19:42:01     all    3.32    0.00    3.83    0.00    0.00    0.26    0.00    0.00    0.00   92.60
19:42:01       0    3.03    0.00    5.05    0.00    0.00    1.01    0.00    0.00    0.00   90.91
19:42:01       1    2.06    0.00    3.09    0.00    0.00    0.00    0.00    0.00    0.00   94.85
19:42:01       2    3.06    0.00    3.06    0.00    0.00    0.00    0.00    0.00    0.00   93.88
19:42:01       3    5.10    0.00    4.08    0.00    0.00    0.00    0.00    0.00    0.00   90.82

19:42:01     CPU    %usr   %nice    %sys %iowait    %irq   %soft  %steal  %guest  %gnice   %idle
19:42:02     all    0.51    0.00    1.01    0.00    0.00    0.00    0.00    0.00    0.00   98.48
19:42:02       0    1.00    0.00    1.00    0.00    0.00    0.00    0.00    0.00    0.00   98.00
19:42:02       1    0.00    0.00    0.00    0.00    0.00    0.00    0.00    0.00    0.00  100.00
19:42:02       2    1.01    0.00    1.01    0.00    0.00    0.00    0.00    0.00    0.00   97.98
19:42:02       3    0.00    0.00    2.04    0.00    0.00    0.00    0.00    0.00    0.00   97.96

19:42:02     CPU    %usr   %nice    %sys %iowait    %irq   %soft  %steal  %guest  %gnice   %idle
19:42:03     all    0.50    0.00    0.75    0.00    0.00    0.00    0.00    0.00    0.00   98.74
19:42:03       0    1.00    0.00    2.00    0.00    0.00    0.00    0.00    0.00    0.00   97.00
19:42:03       1    0.00    0.00    0.00    0.00    0.00    0.00    0.00    0.00    0.00  100.00
19:42:03       2    0.00    0.00    0.00    0.00    0.00    0.00    0.00    0.00    0.00  100.00
19:42:03       3    1.00    0.00    1.00    0.00    0.00    0.00    0.00    0.00    0.00   98.00

19:42:03     CPU    %usr   %nice    %sys %iowait    %irq   %soft  %steal  %guest  %gnice   %idle
19:42:04     all    0.50    0.00    1.51    0.00    0.00    0.00    0.00    0.00    0.00   97.99
19:42:04       0    1.01    0.00    2.02    0.00    0.00    0.00    0.00    0.00    0.00   96.97
19:42:04       1    0.00    0.00    2.00    0.00    0.00    0.00    0.00    0.00    0.00   98.00
19:42:04       2    0.00    0.00    2.00    0.00    0.00    0.00    0.00    0.00    0.00   98.00
19:42:04       3    1.01    0.00    0.00    0.00    0.00    0.00    0.00    0.00    0.00   98.99

19:42:04     CPU    %usr   %nice    %sys %iowait    %irq   %soft  %steal  %guest  %gnice   %idle
19:42:05     all    0.50    0.00    0.76    0.00    0.00    0.25    0.00    0.00    0.00   98.49
19:42:05       0    1.01    0.00    1.01    0.00    0.00    0.00    0.00    0.00    0.00   97.98
19:42:05       1    0.00    0.00    0.00    0.00    0.00    1.01    0.00    0.00    0.00   98.99
19:42:05       2    1.01    0.00    1.01    0.00    0.00    0.00    0.00    0.00    0.00   97.98
19:42:05       3    0.00    0.00    1.00    0.00    0.00    0.00    0.00    0.00    0.00   99.00

19:42:05     CPU    %usr   %nice    %sys %iowait    %irq   %soft  %steal  %guest  %gnice   %idle
19:42:06     all    2.76    0.00    4.27    0.00    0.00    0.00    0.00    0.00    0.00   92.96
19:42:06       0    1.98    0.00    6.93    0.00    0.00    0.00    0.00    0.00    0.00   91.09
19:42:06       1    3.03    0.00    3.03    0.00    0.00    0.00    0.00    0.00    0.00   93.94
19:42:06       2    1.02    0.00    2.04    0.00    0.00    0.00    0.00    0.00    0.00   96.94
19:42:06       3    5.00    0.00    5.00    0.00    0.00    0.00    0.00    0.00    0.00   90.00

19:42:06     CPU    %usr   %nice    %sys %iowait    %irq   %soft  %steal  %guest  %gnice   %idle
19:42:07     all    0.50    0.00    1.49    0.00    0.00    0.00    0.00    0.00    0.00   98.01
19:42:07       0    1.00    0.00    1.00    0.00    0.00    0.00    0.00    0.00    0.00   98.00
19:42:07       1    0.00    0.00    3.00    0.00    0.00    0.00    0.00    0.00    0.00   97.00
19:42:07       2    0.00    0.00    0.99    0.00    0.00    0.00    0.00    0.00    0.00   99.01
19:42:07       3    0.99    0.00    0.99    0.00    0.00    0.00    0.00    0.00    0.00   98.02

19:42:07     CPU    %usr   %nice    %sys %iowait    %irq   %soft  %steal  %guest  %gnice   %idle
19:42:08     all    0.25    0.00    0.51    0.00    0.00    0.00    0.00    0.00    0.00   99.24
19:42:08       0    0.00    0.00    0.00    0.00    0.00    0.00    0.00    0.00    0.00  100.00
19:42:08       1    1.02    0.00    1.02    0.00    0.00    0.00    0.00    0.00    0.00   97.96
19:42:08       2    0.00    0.00    0.00    0.00    0.00    0.00    0.00    0.00    0.00  100.00
19:42:08       3    0.00    0.00    1.00    0.00    0.00    0.00    0.00    0.00    0.00   99.00

19:42:08     CPU    %usr   %nice    %sys %iowait    %irq   %soft  %steal  %guest  %gnice   %idle
19:42:09     all    0.00    0.00    1.51    0.25    0.00    0.00    0.00    0.00    0.00   98.24
19:42:09       0    0.00    0.00    1.01    0.00    0.00    0.00    0.00    0.00    0.00   98.99
19:42:09       1    0.00    0.00    1.02    0.00    0.00    0.00    0.00    0.00    0.00   98.98
19:42:09       2    0.00    0.00    1.00    1.00    0.00    0.00    0.00    0.00    0.00   98.00
19:42:09       3    0.00    0.00    3.00    0.00    0.00    0.00    0.00    0.00    0.00   97.00

19:42:09     CPU    %usr   %nice    %sys %iowait    %irq   %soft  %steal  %guest  %gnice   %idle
19:42:10     all    0.00    0.00    0.50    0.00    0.00    0.25    0.00    0.00    0.00   99.24
19:42:10       0    0.00    0.00    0.00    0.00    0.00    1.00    0.00    0.00    0.00   99.00
19:42:10       1    0.00    0.00    1.01    0.00    0.00    0.00    0.00    0.00    0.00   98.99
19:42:10       2    0.00    0.00    1.01    0.00    0.00    0.00    0.00    0.00    0.00   98.99
19:42:10       3    0.00    0.00    0.00    0.00    0.00    0.00    0.00    0.00    0.00  100.00

19:42:10     CPU    %usr   %nice    %sys %iowait    %irq   %soft  %steal  %guest  %gnice   %idle
19:42:11     all    2.76    0.00    3.26    0.00    0.00    0.00    0.00    0.00    0.00   93.98
19:42:11       0    3.06    0.00    3.06    0.00    0.00    0.00    0.00    0.00    0.00   93.88
19:42:11       1    1.00    0.00    5.00    0.00    0.00    0.00    0.00    0.00    0.00   94.00
19:42:11       2    5.00    0.00    3.00    0.00    0.00    0.00    0.00    0.00    0.00   92.00
19:42:11       3    1.98    0.00    1.98    0.00    0.00    0.00    0.00    0.00    0.00   96.04

19:42:11     CPU    %usr   %nice    %sys %iowait    %irq   %soft  %steal  %guest  %gnice   %idle
19:42:12     all    0.25    0.00    0.51    0.00    0.00    0.00    0.00    0.00    0.00   99.24
19:42:12       0    1.01    0.00    1.01    0.00    0.00    0.00    0.00    0.00    0.00   97.98
19:42:12       1    0.00    0.00    1.01    0.00    0.00    0.00    0.00    0.00    0.00   98.99
19:42:12       2    0.00    0.00    0.00    0.00    0.00    0.00    0.00    0.00    0.00  100.00
19:42:12       3    0.00    0.00    0.00    0.00    0.00    0.00    0.00    0.00    0.00  100.00

19:42:12     CPU    %usr   %nice    %sys %iowait    %irq   %soft  %steal  %guest  %gnice   %idle
19:42:13     all    0.00    0.00    1.26    0.00    0.00    0.00    0.00    0.00    0.00   98.74
19:42:13       0    0.00    0.00    1.01    0.00    0.00    0.00    0.00    0.00    0.00   98.99
19:42:13       1    0.00    0.00    1.01    0.00    0.00    0.00    0.00    0.00    0.00   98.99
19:42:13       2    0.00    0.00    1.98    0.00    0.00    0.00    0.00    0.00    0.00   98.02
19:42:13       3    0.00    0.00    1.01    0.00    0.00    0.00    0.00    0.00    0.00   98.99

19:42:13     CPU    %usr   %nice    %sys %iowait    %irq   %soft  %steal  %guest  %gnice   %idle
19:42:14     all    0.25    0.00    0.51    0.00    0.00    0.00    0.00    0.00    0.00   99.24
19:42:14       0    0.00    0.00    1.01    0.00    0.00    0.00    0.00    0.00    0.00   98.99
19:42:14       1    1.02    0.00    0.00    0.00    0.00    0.00    0.00    0.00    0.00   98.98
19:42:14       2    0.00    0.00    0.00    0.00    0.00    0.00    0.00    0.00    0.00  100.00
19:42:14       3    0.00    0.00    1.01    0.00    0.00    0.00    0.00    0.00    0.00   98.99

19:42:14     CPU    %usr   %nice    %sys %iowait    %irq   %soft  %steal  %guest  %gnice   %idle
19:42:15     all    0.25    0.00    1.26    0.00    0.00    0.00    0.00    0.00    0.00   98.49
19:42:15       0    0.00    0.00    2.02    0.00    0.00    0.00    0.00    0.00    0.00   97.98
19:42:15       1    1.00    0.00    2.00    0.00    0.00    0.00    0.00    0.00    0.00   97.00
19:42:15       2    0.00    0.00    1.01    0.00    0.00    0.00    0.00    0.00    0.00   98.99
19:42:15       3    0.00    0.00    0.00    0.00    0.00    0.00    0.00    0.00    0.00  100.00

19:42:15     CPU    %usr   %nice    %sys %iowait    %irq   %soft  %steal  %guest  %gnice   %idle
19:42:16     all    3.02    0.00    3.78    0.00    0.00    0.50    0.00    0.00    0.00   92.70
19:42:16       0    2.97    0.00    5.94    0.00    0.00    0.99    0.00    0.00    0.00   90.10
19:42:16       1    2.06    0.00    2.06    0.00    0.00    0.00    0.00    0.00    0.00   95.88
19:42:16       2    5.94    0.00    3.96    0.00    0.00    0.99    0.00    0.00    0.00   89.11
19:42:16       3    1.02    0.00    3.06    0.00    0.00    0.00    0.00    0.00    0.00   95.92

19:42:16     CPU    %usr   %nice    %sys %iowait    %irq   %soft  %steal  %guest  %gnice   %idle
19:42:17     all    0.00    0.00    1.26    0.00    0.00    0.00    0.00    0.00    0.00   98.74
19:42:17       0    0.00    0.00    1.01    0.00    0.00    0.00    0.00    0.00    0.00   98.99
19:42:17       1    0.00    0.00    1.01    0.00    0.00    0.00    0.00    0.00    0.00   98.99
19:42:17       2    0.00    0.00    2.02    0.00    0.00    0.00    0.00    0.00    0.00   97.98
19:42:17       3    0.00    0.00    1.01    0.00    0.00    0.00    0.00    0.00    0.00   98.99

19:42:17     CPU    %usr   %nice    %sys %iowait    %irq   %soft  %steal  %guest  %gnice   %idle
19:42:18     all    0.51    0.00    0.76    0.00    0.00    0.00    0.00    0.00    0.00   98.74
19:42:18       0    0.00    0.00    1.01    0.00    0.00    0.00    0.00    0.00    0.00   98.99
19:42:18       1    1.00    0.00    1.00    0.00    0.00    0.00    0.00    0.00    0.00   98.00
19:42:18       2    1.00    0.00    1.00    0.00    0.00    0.00    0.00    0.00    0.00   98.00
19:42:18       3    0.00    0.00    0.00    0.00    0.00    0.00    0.00    0.00    0.00  100.00

19:42:18     CPU    %usr   %nice    %sys %iowait    %irq   %soft  %steal  %guest  %gnice   %idle
19:42:19     all    0.51    0.00    1.01    0.00    0.00    0.00    0.00    0.00    0.00   98.48
19:42:19       0    1.01    0.00    0.00    0.00    0.00    0.00    0.00    0.00    0.00   98.99
19:42:19       1    0.00    0.00    1.02    0.00    0.00    0.00    0.00    0.00    0.00   98.98
19:42:19       2    0.00    0.00    2.00    0.00    0.00    0.00    0.00    0.00    0.00   98.00
19:42:19       3    1.01    0.00    1.01    0.00    0.00    0.00    0.00    0.00    0.00   97.98

19:42:19     CPU    %usr   %nice    %sys %iowait    %irq   %soft  %steal  %guest  %gnice   %idle
19:42:20     all    0.25    0.00    1.75    0.00    0.00    0.00    0.00    0.00    0.00   98.00
19:42:20       0    0.00    0.00    2.97    0.00    0.00    0.00    0.00    0.00    0.00   97.03
19:42:20       1    0.98    0.00    1.96    0.00    0.00    0.00    0.00    0.00    0.00   97.06
19:42:20       2    0.00    0.00    1.01    0.00    0.00    0.00    0.00    0.00    0.00   98.99
19:42:20       3    0.00    0.00    1.01    0.00    0.00    0.00    0.00    0.00    0.00   98.99

19:42:20     CPU    %usr   %nice    %sys %iowait    %irq   %soft  %steal  %guest  %gnice   %idle
19:42:21     all    3.30    0.00    3.55    0.00    0.00    0.00    0.00    0.00    0.00   93.15
19:42:21       0    2.04    0.00    2.04    0.00    0.00    0.00    0.00    0.00    0.00   95.92
19:42:21       1    4.08    0.00    2.04    0.00    0.00    0.00    0.00    0.00    0.00   93.88
19:42:21       2    6.06    0.00    5.05    0.00    0.00    0.00    0.00    0.00    0.00   88.89
19:42:21       3    1.01    0.00    5.05    0.00    0.00    0.00    0.00    0.00    0.00   93.94

19:42:21     CPU    %usr   %nice    %sys %iowait    %irq   %soft  %steal  %guest  %gnice   %idle
19:42:22     all    2.27    0.00    3.02    0.00    0.00    0.00    0.00    0.00    0.00   94.71
19:42:22       0    2.04    0.00    3.06    0.00    0.00    0.00    0.00    0.00    0.00   94.90
19:42:22       1    1.01    0.00    4.04    0.00    0.00    0.00    0.00    0.00    0.00   94.95
19:42:22       2    4.00    0.00    3.00    0.00    0.00    0.00    0.00    0.00    0.00   93.00
19:42:22       3    2.00    0.00    2.00    0.00    0.00    0.00    0.00    0.00    0.00   96.00

19:42:22     CPU    %usr   %nice    %sys %iowait    %irq   %soft  %steal  %guest  %gnice   %idle
19:42:23     all    0.25    0.00    0.76    0.00    0.00    0.00    0.00    0.00    0.00   98.98
19:42:23       0    1.02    0.00    1.02    0.00    0.00    0.00    0.00    0.00    0.00   97.96
19:42:23       1    0.00    0.00    1.01    0.00    0.00    0.00    0.00    0.00    0.00   98.99
19:42:23       2    0.00    0.00    0.00    0.00    0.00    0.00    0.00    0.00    0.00  100.00
19:42:23       3    0.00    0.00    1.02    0.00    0.00    0.00    0.00    0.00    0.00   98.98

19:42:23     CPU    %usr   %nice    %sys %iowait    %irq   %soft  %steal  %guest  %gnice   %idle
19:42:24     all    3.07    0.00    7.42    0.00    0.00    5.12    0.00    0.00    0.00   84.40
19:42:24       0    4.08    0.00    6.12    0.00    0.00    4.08    0.00    0.00    0.00   85.71
19:42:24       1    3.09    0.00    6.19    0.00    0.00    9.28    0.00    0.00    0.00   81.44
19:42:24       2    1.02    0.00   11.22    0.00    0.00    4.08    0.00    0.00    0.00   83.67
19:42:24       3    4.08    0.00    6.12    0.00    0.00    3.06    0.00    0.00    0.00   86.73

19:42:24     CPU    %usr   %nice    %sys %iowait    %irq   %soft  %steal  %guest  %gnice   %idle
19:42:25     all    3.98    0.00   27.32    0.00    0.00   24.67    0.00    0.00    0.00   44.03
19:42:25       0    5.32    0.00   29.79    0.00    0.00   13.83    0.00    0.00    0.00   51.06
19:42:25       1    1.06    0.00   17.02    0.00    0.00   52.13    0.00    0.00    0.00   29.79
19:42:25       2    3.26    0.00   28.26    0.00    0.00   19.57    0.00    0.00    0.00   48.91
19:42:25       3    6.19    0.00   34.02    0.00    0.00   13.40    0.00    0.00    0.00   46.39

19:42:25     CPU    %usr   %nice    %sys %iowait    %irq   %soft  %steal  %guest  %gnice   %idle
19:42:26     all    4.08    0.00   28.83    0.00    0.00   30.36    0.00    0.00    0.00   36.73
19:42:26       0    5.21    0.00   29.17    0.00    0.00   23.96    0.00    0.00    0.00   41.67
19:42:26       1    2.04    0.00   18.37    0.00    0.00   53.06    0.00    0.00    0.00   26.53
19:42:26       2    5.10    0.00   30.61    0.00    0.00   26.53    0.00    0.00    0.00   37.76
19:42:26       3    4.00    0.00   37.00    0.00    0.00   18.00    0.00    0.00    0.00   41.00

19:42:26     CPU    %usr   %nice    %sys %iowait    %irq   %soft  %steal  %guest  %gnice   %idle
19:42:27     all    6.25    0.00   27.86    0.00    0.00   25.00    0.00    0.00    0.00   40.89
19:42:27       0    6.06    0.00   32.32    0.00    0.00   19.19    0.00    0.00    0.00   42.42
19:42:27       1    5.62    0.00   20.22    0.00    0.00   42.70    0.00    0.00    0.00   31.46
19:42:27       2    8.08    0.00   31.31    0.00    0.00   24.24    0.00    0.00    0.00   36.36
19:42:27       3    5.15    0.00   26.80    0.00    0.00   15.46    0.00    0.00    0.00   52.58

19:42:27     CPU    %usr   %nice    %sys %iowait    %irq   %soft  %steal  %guest  %gnice   %idle
19:42:28     all    4.88    0.00   29.54    0.00    0.00   28.73    0.00    0.00    0.00   36.86
19:42:28       0    5.38    0.00   35.48    0.00    0.00   19.35    0.00    0.00    0.00   39.78
19:42:28       1    3.37    0.00   19.10    0.00    0.00   51.69    0.00    0.00    0.00   25.84
19:42:28       2    6.38    0.00   30.85    0.00    0.00   25.53    0.00    0.00    0.00   37.23
19:42:28       3    4.30    0.00   32.26    0.00    0.00   19.35    0.00    0.00    0.00   44.09

19:42:28     CPU    %usr   %nice    %sys %iowait    %irq   %soft  %steal  %guest  %gnice   %idle
19:42:29     all    4.66    0.00   31.09    0.00    0.00   30.83    0.00    0.00    0.00   33.42
19:42:29       0    4.26    0.00   34.04    0.00    0.00   21.28    0.00    0.00    0.00   40.43
19:42:29       1    3.19    0.00    6.38    0.00    0.00   70.21    0.00    0.00    0.00   20.21
19:42:29       2    5.21    0.00   35.42    0.00    0.00   20.83    0.00    0.00    0.00   38.54
19:42:29       3    5.88    0.00   47.06    0.00    0.00   12.75    0.00    0.00    0.00   34.31

19:42:29     CPU    %usr   %nice    %sys %iowait    %irq   %soft  %steal  %guest  %gnice   %idle
19:42:30     all    5.79    0.00   29.72    0.00    0.00   38.04    0.00    0.00    0.00   26.45
19:42:30       0   10.10    0.00   34.34    0.00    0.00   20.20    0.00    0.00    0.00   35.35
19:42:30       1    1.00    0.00    0.00    0.00    0.00   99.00    0.00    0.00    0.00    0.00
19:42:30       2    8.25    0.00   39.18    0.00    0.00   16.49    0.00    0.00    0.00   36.08
19:42:30       3    3.96    0.00   45.54    0.00    0.00   15.84    0.00    0.00    0.00   34.65

19:42:30     CPU    %usr   %nice    %sys %iowait    %irq   %soft  %steal  %guest  %gnice   %idle
19:42:31     all    5.37    0.00   32.23    0.00    0.00   39.90    0.00    0.00    0.00   22.51
19:42:31       0    7.00    0.00   46.00    0.00    0.00   23.00    0.00    0.00    0.00   24.00
19:42:31       1    0.00    0.00    0.00    0.00    0.00  100.00    0.00    0.00    0.00    0.00
19:42:31       2    5.43    0.00   40.22    0.00    0.00   16.30    0.00    0.00    0.00   38.04
19:42:31       3    9.09    0.00   43.43    0.00    0.00   18.18    0.00    0.00    0.00   29.29

19:42:31     CPU    %usr   %nice    %sys %iowait    %irq   %soft  %steal  %guest  %gnice   %idle
19:42:32     all    4.83    0.00   35.62    0.00    0.00   39.44    0.00    0.00    0.00   20.10
19:42:32       0    8.16    0.00   47.96    0.00    0.00   21.43    0.00    0.00    0.00   22.45
19:42:32       1    0.99    0.00    0.99    0.00    0.00   98.02    0.00    0.00    0.00    0.00
19:42:32       2    3.92    0.00   53.92    0.00    0.00   20.59    0.00    0.00    0.00   21.57
19:42:32       3    6.52    0.00   40.22    0.00    0.00   15.22    0.00    0.00    0.00   38.04

19:42:32     CPU    %usr   %nice    %sys %iowait    %irq   %soft  %steal  %guest  %gnice   %idle
19:42:33     all    5.93    0.00   30.93    0.00    0.00   40.46    0.00    0.00    0.00   22.68
19:42:33       0    6.45    0.00   41.94    0.00    0.00   21.51    0.00    0.00    0.00   30.11
19:42:33       1    0.00    0.00    0.00    0.00    0.00  100.00    0.00    0.00    0.00    0.00
19:42:33       2    9.18    0.00   37.76    0.00    0.00   20.41    0.00    0.00    0.00   32.65
19:42:33       3    8.25    0.00   45.36    0.00    0.00   17.53    0.00    0.00    0.00   28.87

19:42:33     CPU    %usr   %nice    %sys %iowait    %irq   %soft  %steal  %guest  %gnice   %idle
19:42:34     all    4.65    0.00   25.32    0.00    0.00   39.53    0.00    0.00    0.00   30.49
19:42:34       0    5.32    0.00   32.98    0.00    0.00   18.09    0.00    0.00    0.00   43.62
19:42:34       1    0.00    0.00    0.00    0.00    0.00  100.00    0.00    0.00    0.00    0.00
19:42:34       2    7.14    0.00   36.73    0.00    0.00   16.33    0.00    0.00    0.00   39.80
19:42:34       3    6.32    0.00   32.63    0.00    0.00   21.05    0.00    0.00    0.00   40.00

19:42:34     CPU    %usr   %nice    %sys %iowait    %irq   %soft  %steal  %guest  %gnice   %idle
19:42:35     all    3.91    0.00   28.12    0.26    0.00   39.06    0.00    0.00    0.00   28.65
19:42:35       0    5.15    0.00   37.11    1.03    0.00   16.49    0.00    0.00    0.00   40.21
19:42:35       1    0.00    0.00    0.00    0.00    0.00  100.00    0.00    0.00    0.00    0.00
19:42:35       2    5.26    0.00   37.89    0.00    0.00   18.95    0.00    0.00    0.00   37.89
19:42:35       3    5.43    0.00   39.13    0.00    0.00   17.39    0.00    0.00    0.00   38.04

19:42:35     CPU    %usr   %nice    %sys %iowait    %irq   %soft  %steal  %guest  %gnice   %idle
19:42:36     all    4.03    0.00   30.23    0.00    0.00   35.52    0.00    0.00    0.00   30.23
19:42:36       0    5.26    0.00   38.95    0.00    0.00   13.68    0.00    0.00    0.00   42.11
19:42:36       1    0.00    0.00    0.00    0.00    0.00  100.00    0.00    0.00    0.00    0.00
19:42:36       2    4.00    0.00   42.00    0.00    0.00   16.00    0.00    0.00    0.00   38.00
19:42:36       3    6.86    0.00   40.20    0.00    0.00   11.76    0.00    0.00    0.00   41.18

19:42:36     CPU    %usr   %nice    %sys %iowait    %irq   %soft  %steal  %guest  %gnice   %idle
19:42:37     all    5.12    0.00   25.58    0.00    0.00   32.99    0.00    0.00    0.00   36.32
19:42:37       0    6.06    0.00   39.39    0.00    0.00   10.10    0.00    0.00    0.00   44.44
19:42:37       1    0.00    0.00    0.00    0.00    0.00  100.00    0.00    0.00    0.00    0.00
19:42:37       2    6.25    0.00   27.08    0.00    0.00   11.46    0.00    0.00    0.00   55.21
19:42:37       3    8.25    0.00   36.08    0.00    0.00    9.28    0.00    0.00    0.00   46.39

19:42:37     CPU    %usr   %nice    %sys %iowait    %irq   %soft  %steal  %guest  %gnice   %idle
19:42:38     all    3.63    0.00   20.98    0.00    0.00   35.23    0.00    0.00    0.00   40.16
19:42:38       0    6.12    0.00   30.61    0.00    0.00   10.20    0.00    0.00    0.00   53.06
19:42:38       1    0.00    0.00    0.00    0.00    0.00  100.00    0.00    0.00    0.00    0.00
19:42:38       2    5.43    0.00   28.26    0.00    0.00   14.13    0.00    0.00    0.00   52.17
19:42:38       3    3.12    0.00   26.04    0.00    0.00   13.54    0.00    0.00    0.00   57.29

19:42:38     CPU    %usr   %nice    %sys %iowait    %irq   %soft  %steal  %guest  %gnice   %idle
19:42:39     all    2.56    0.00   20.97    0.00    0.00   35.04    0.00    0.00    0.00   41.43
19:42:39       0    4.17    0.00   26.04    0.00    0.00   12.50    0.00    0.00    0.00   57.29
19:42:39       1    0.00    0.00    0.00    0.00    0.00  100.00    0.00    0.00    0.00    0.00
19:42:39       2    2.06    0.00   29.90    0.00    0.00    8.25    0.00    0.00    0.00   59.79
19:42:39       3    4.08    0.00   28.57    0.00    0.00   17.35    0.00    0.00    0.00   50.00

19:42:39     CPU    %usr   %nice    %sys %iowait    %irq   %soft  %steal  %guest  %gnice   %idle
19:42:40     all    2.65    0.00   20.69    0.00    0.00   34.75    0.00    0.00    0.00   41.91
19:42:40       0    3.41    0.00   26.14    0.00    0.00    9.09    0.00    0.00    0.00   61.36
19:42:40       1    0.00    0.00    0.00    0.00    0.00  100.00    0.00    0.00    0.00    0.00
19:42:40       2    3.23    0.00   27.96    0.00    0.00   10.75    0.00    0.00    0.00   58.06
19:42:40       3    4.17    0.00   30.21    0.00    0.00   13.54    0.00    0.00    0.00   52.08

19:42:40     CPU    %usr   %nice    %sys %iowait    %irq   %soft  %steal  %guest  %gnice   %idle
19:42:41     all    2.85    0.00   22.28    0.00    0.00   34.97    0.00    0.00    0.00   39.90
19:42:41       0    5.32    0.00   34.04    0.00    0.00   13.83    0.00    0.00    0.00   46.81
19:42:41       1    0.00    0.00    0.00    0.00    0.00  100.00    0.00    0.00    0.00    0.00
19:42:41       2    3.23    0.00   26.88    0.00    0.00   12.90    0.00    0.00    0.00   56.99
19:42:41       3    3.03    0.00   29.29    0.00    0.00   10.10    0.00    0.00    0.00   57.58

19:42:41     CPU    %usr   %nice    %sys %iowait    %irq   %soft  %steal  %guest  %gnice   %idle
19:42:42     all    4.60    0.00   22.25    0.00    0.00   34.27    0.00    0.00    0.00   38.87
19:42:42       0    9.28    0.00   25.77    0.00    0.00   11.34    0.00    0.00    0.00   53.61
19:42:42       1    0.00    0.00    0.00    0.00    0.00  100.00    0.00    0.00    0.00    0.00
19:42:42       2    4.04    0.00   32.32    0.00    0.00   13.13    0.00    0.00    0.00   50.51
19:42:42       3    5.26    0.00   31.58    0.00    0.00   10.53    0.00    0.00    0.00   52.63

19:42:42     CPU    %usr   %nice    %sys %iowait    %irq   %soft  %steal  %guest  %gnice   %idle
19:42:43     all    4.03    0.00   22.17    0.00    0.00   35.01    0.00    0.00    0.00   38.79
19:42:43       0    4.81    0.00   31.73    0.00    0.00   15.38    0.00    0.00    0.00   48.08
19:42:43       1    0.00    0.00    0.00    0.00    0.00  100.00    0.00    0.00    0.00    0.00
19:42:43       2    5.21    0.00   29.17    0.00    0.00   11.46    0.00    0.00    0.00   54.17
19:42:43       3    6.06    0.00   27.27    0.00    0.00   14.14    0.00    0.00    0.00   52.53

19:42:43     CPU    %usr   %nice    %sys %iowait    %irq   %soft  %steal  %guest  %gnice   %idle
19:42:44     all    2.61    0.00   19.06    0.26    0.00   36.81    0.00    0.00    0.00   41.25
19:42:44       0    3.16    0.00   24.21    1.05    0.00   15.79    0.00    0.00    0.00   55.79
19:42:44       1    0.00    0.00    0.00    0.00    0.00  100.00    0.00    0.00    0.00    0.00
19:42:44       2    4.30    0.00   26.88    0.00    0.00   13.98    0.00    0.00    0.00   54.84
19:42:44       3    3.16    0.00   26.32    0.00    0.00   13.68    0.00    0.00    0.00   56.84

19:42:44     CPU    %usr   %nice    %sys %iowait    %irq   %soft  %steal  %guest  %gnice   %idle
19:42:45     all    2.99    0.00   19.84    0.00    0.00   31.25    0.00    0.00    0.00   45.92
19:42:45       0    4.30    0.00   24.73    0.00    0.00   12.90    0.00    0.00    0.00   58.06
19:42:45       1    0.00    0.00    1.18    0.00    0.00   96.47    0.00    0.00    0.00    2.35
19:42:45       2    3.16    0.00   24.21    0.00    0.00    9.47    0.00    0.00    0.00   63.16
19:42:45       3    4.21    0.00   27.37    0.00    0.00   12.63    0.00    0.00    0.00   55.79

19:42:45     CPU    %usr   %nice    %sys %iowait    %irq   %soft  %steal  %guest  %gnice   %idle
19:42:46     all    3.18    0.00   23.34    0.00    0.00   30.24    0.00    0.00    0.00   43.24
19:42:46       0    2.08    0.00   28.12    0.00    0.00    9.38    0.00    0.00    0.00   60.42
19:42:46       1    0.00    0.00    1.20    0.00    0.00   93.98    0.00    0.00    0.00    4.82
19:42:46       2    6.06    0.00   28.28    0.00    0.00   13.13    0.00    0.00    0.00   52.53
19:42:46       3    4.04    0.00   32.32    0.00    0.00   14.14    0.00    0.00    0.00   49.49

19:42:46     CPU    %usr   %nice    %sys %iowait    %irq   %soft  %steal  %guest  %gnice   %idle
19:42:47     all    5.28    0.00   27.44    0.00    0.00   28.76    0.00    0.00    0.00   38.52
19:42:47       0    6.93    0.00   34.65    0.00    0.00   10.89    0.00    0.00    0.00   47.52
19:42:47       1    0.00    0.00    1.22    0.00    0.00   95.12    0.00    0.00    0.00    3.66
19:42:47       2    6.06    0.00   36.36    0.00    0.00   10.10    0.00    0.00    0.00   47.47
19:42:47       3    7.22    0.00   32.99    0.00    0.00   10.31    0.00    0.00    0.00   49.48

19:42:47     CPU    %usr   %nice    %sys %iowait    %irq   %soft  %steal  %guest  %gnice   %idle
19:42:48     all    2.30    0.00   25.29    0.00    0.00   20.40    0.00    0.00    0.00   52.01
19:42:48       0    2.11    0.00   32.63    0.00    0.00    5.26    0.00    0.00    0.00   60.00
19:42:48       1    1.54    0.00    6.15    0.00    0.00   81.54    0.00    0.00    0.00   10.77
19:42:48       2    2.11    0.00   30.53    0.00    0.00    7.37    0.00    0.00    0.00   60.00
19:42:48       3    3.23    0.00   25.81    0.00    0.00    6.45    0.00    0.00    0.00   64.52

19:42:48     CPU    %usr   %nice    %sys %iowait    %irq   %soft  %steal  %guest  %gnice   %idle
19:42:49     all    3.23    0.00   33.87    0.00    0.00   22.04    0.00    0.00    0.00   40.86
19:42:49       0    3.00    0.00   41.00    0.00    0.00   15.00    0.00    0.00    0.00   41.00
19:42:49       1    3.85    0.00   17.95    0.00    0.00   43.59    0.00    0.00    0.00   34.62
19:42:49       2    3.00    0.00   36.00    0.00    0.00   18.00    0.00    0.00    0.00   43.00
19:42:49       3    3.19    0.00   37.23    0.00    0.00   15.96    0.00    0.00    0.00   43.62

19:42:49     CPU    %usr   %nice    %sys %iowait    %irq   %soft  %steal  %guest  %gnice   %idle
19:42:50     all    3.68    0.00   31.73    0.00    0.00   21.53    0.28    0.00    0.00   42.78
19:42:50       0    4.40    0.00   35.16    0.00    0.00   14.29    0.00    0.00    0.00   46.15
19:42:50       1    2.53    0.00   20.25    0.00    0.00   36.71    1.27    0.00    0.00   39.24
19:42:50       2    5.62    0.00   30.34    0.00    0.00   23.60    0.00    0.00    0.00   40.45
19:42:50       3    2.13    0.00   39.36    0.00    0.00   13.83    0.00    0.00    0.00   44.68

19:42:50     CPU    %usr   %nice    %sys %iowait    %irq   %soft  %steal  %guest  %gnice   %idle
19:42:51     all    4.34    0.00   29.00    0.00    0.00   22.49    0.00    0.00    0.00   44.17
19:42:51       0    6.19    0.00   34.02    0.00    0.00   15.46    0.00    0.00    0.00   44.33
19:42:51       1    2.53    0.00   17.72    0.00    0.00   40.51    0.00    0.00    0.00   39.24
19:42:51       2    2.15    0.00   30.11    0.00    0.00   20.43    0.00    0.00    0.00   47.31
19:42:51       3    6.00    0.00   32.00    0.00    0.00   17.00    0.00    0.00    0.00   45.00

19:42:51     CPU    %usr   %nice    %sys %iowait    %irq   %soft  %steal  %guest  %gnice   %idle
19:42:52     all    3.94    0.00   26.76    0.00    0.00   21.97    0.00    0.00    0.00   47.32
19:42:52       0    5.43    0.00   27.17    0.00    0.00   13.04    0.00    0.00    0.00   54.35
19:42:52       1    2.70    0.00   18.92    0.00    0.00   40.54    0.00    0.00    0.00   37.84
19:42:52       2    4.40    0.00   30.77    0.00    0.00   16.48    0.00    0.00    0.00   48.35
19:42:52       3    3.06    0.00   28.57    0.00    0.00   21.43    0.00    0.00    0.00   46.94

19:42:52     CPU    %usr   %nice    %sys %iowait    %irq   %soft  %steal  %guest  %gnice   %idle
19:42:53     all    6.03    0.00   28.22    0.00    0.00   21.92    0.00    0.00    0.00   43.84
19:42:53       0    4.40    0.00   31.87    0.00    0.00   18.68    0.00    0.00    0.00   45.05
19:42:53       1    4.82    0.00   19.28    0.00    0.00   39.76    0.00    0.00    0.00   36.14
19:42:53       2    8.79    0.00   29.67    0.00    0.00   17.58    0.00    0.00    0.00   43.96
19:42:53       3    6.00    0.00   31.00    0.00    0.00   14.00    0.00    0.00    0.00   49.00

19:42:53     CPU    %usr   %nice    %sys %iowait    %irq   %soft  %steal  %guest  %gnice   %idle
19:42:54     all    5.09    0.00   29.22    0.00    0.00   19.57    0.00    0.00    0.00   46.11
19:42:54       0    6.00    0.00   30.00    0.00    0.00   15.00    0.00    0.00    0.00   49.00
19:42:54       1    3.95    0.00   22.37    0.00    0.00   35.53    0.00    0.00    0.00   38.16
19:42:54       2    6.25    0.00   28.12    0.00    0.00   17.71    0.00    0.00    0.00   47.92
19:42:54       3    3.96    0.00   34.65    0.00    0.00   13.86    0.00    0.00    0.00   47.52

19:42:54     CPU    %usr   %nice    %sys %iowait    %irq   %soft  %steal  %guest  %gnice   %idle
19:42:55     all    3.23    0.00   31.45    0.00    0.00   20.16    0.00    0.00    0.00   45.16
19:42:55       0    4.08    0.00   32.65    0.00    0.00   14.29    0.00    0.00    0.00   48.98
19:42:55       1    2.53    0.00   24.05    0.00    0.00   35.44    0.00    0.00    0.00   37.97
19:42:55       2    4.30    0.00   27.96    0.00    0.00   18.28    0.00    0.00    0.00   49.46
19:42:55       3    1.96    0.00   39.22    0.00    0.00   15.69    0.00    0.00    0.00   43.14

19:42:55     CPU    %usr   %nice    %sys %iowait    %irq   %soft  %steal  %guest  %gnice   %idle
19:42:56     all    3.97    0.00   29.10    0.00    0.00   20.11    0.26    0.00    0.00   46.56
19:42:56       0    4.00    0.00   31.00    0.00    0.00   15.00    0.00    0.00    0.00   50.00
19:42:56       1    2.53    0.00   18.99    0.00    0.00   39.24    0.00    0.00    0.00   39.24
19:42:56       2    3.03    0.00   29.29    0.00    0.00   16.16    1.01    0.00    0.00   50.51
19:42:56       3    6.00    0.00   35.00    0.00    0.00   14.00    0.00    0.00    0.00   45.00

19:42:56     CPU    %usr   %nice    %sys %iowait    %irq   %soft  %steal  %guest  %gnice   %idle
19:42:57     all    3.91    0.00   27.93    0.00    0.00   19.83    0.00    0.00    0.00   48.32
19:42:57       0    4.30    0.00   32.26    0.00    0.00   10.75    0.00    0.00    0.00   52.69
19:42:57       1    2.50    0.00   23.75    0.00    0.00   38.75    0.00    0.00    0.00   35.00
19:42:57       2    3.30    0.00   27.47    0.00    0.00   17.58    0.00    0.00    0.00   51.65
19:42:57       3    5.32    0.00   27.66    0.00    0.00   14.89    0.00    0.00    0.00   52.13

19:42:57     CPU    %usr   %nice    %sys %iowait    %irq   %soft  %steal  %guest  %gnice   %idle
19:42:58     all    4.87    0.00   28.08    0.00    0.00   20.34    0.00    0.00    0.00   46.70
19:42:58       0    8.51    0.00   30.85    0.00    0.00   11.70    0.00    0.00    0.00   48.94
19:42:58       1    1.43    0.00   20.00    0.00    0.00   38.57    0.00    0.00    0.00   40.00
19:42:58       2    4.40    0.00   26.37    0.00    0.00   20.88    0.00    0.00    0.00   48.35
19:42:58       3    4.26    0.00   32.98    0.00    0.00   14.89    0.00    0.00    0.00   47.87

19:42:58     CPU    %usr   %nice    %sys %iowait    %irq   %soft  %steal  %guest  %gnice   %idle
19:42:59     all    0.75    0.00    2.26    0.00    0.00    1.00    0.00    0.00    0.00   95.99
19:42:59       0    0.00    0.00    3.96    0.00    0.00    0.99    0.00    0.00    0.00   95.05
19:42:59       1    0.00    0.00    1.03    0.00    0.00    1.03    0.00    0.00    0.00   97.94
19:42:59       2    1.98    0.00    0.99    0.00    0.00    1.98    0.00    0.00    0.00   95.05
19:42:59       3    1.00    0.00    3.00    0.00    0.00    0.00    0.00    0.00    0.00   96.00

19:42:59     CPU    %usr   %nice    %sys %iowait    %irq   %soft  %steal  %guest  %gnice   %idle
19:43:00     all    0.25    0.00    1.26    0.00    0.00    0.00    0.00    0.00    0.00   98.48
19:43:00       0    0.00    0.00    0.00    0.00    0.00    0.00    0.00    0.00    0.00  100.00
19:43:00       1    0.00    0.00    1.01    0.00    0.00    0.00    0.00    0.00    0.00   98.99
19:43:00       2    0.99    0.00    1.98    0.00    0.00    0.00    0.00    0.00    0.00   97.03
19:43:00       3    0.00    0.00    2.04    0.00    0.00    0.00    0.00    0.00    0.00   97.96

19:43:00     CPU    %usr   %nice    %sys %iowait    %irq   %soft  %steal  %guest  %gnice   %idle
19:43:01     all    0.25    0.00    0.51    0.00    0.00    0.00    0.00    0.00    0.00   99.24
19:43:01       0    0.00    0.00    0.00    0.00    0.00    0.00    0.00    0.00    0.00  100.00
19:43:01       1    0.00    0.00    1.01    0.00    0.00    0.00    0.00    0.00    0.00   98.99
19:43:01       2    0.00    0.00    1.02    0.00    0.00    0.00    0.00    0.00    0.00   98.98
19:43:01       3    1.01    0.00    0.00    0.00    0.00    0.00    0.00    0.00    0.00   98.99

19:43:01     CPU    %usr   %nice    %sys %iowait    %irq   %soft  %steal  %guest  %gnice   %idle
19:43:02     all    0.25    0.00    1.00    0.00    0.00    0.00    0.00    0.00    0.00   98.75
19:43:02       0    0.00    0.00    1.00    0.00    0.00    0.00    0.00    0.00    0.00   99.00
19:43:02       1    0.00    0.00    1.00    0.00    0.00    0.00    0.00    0.00    0.00   99.00
19:43:02       2    1.01    0.00    1.01    0.00    0.00    0.00    0.00    0.00    0.00   97.98
19:43:02       3    0.00    0.00    1.00    0.00    0.00    0.00    0.00    0.00    0.00   99.00

19:43:02     CPU    %usr   %nice    %sys %iowait    %irq   %soft  %steal  %guest  %gnice   %idle
19:43:03     all    3.58    0.00    2.56    0.00    0.00    0.00    0.00    0.00    0.00   93.86
19:43:03       0    7.14    0.00    2.04    0.00    0.00    0.00    0.00    0.00    0.00   90.82
19:43:03       1    3.06    0.00    2.04    0.00    0.00    0.00    0.00    0.00    0.00   94.90
19:43:03       2    2.06    0.00    3.09    0.00    0.00    0.00    0.00    0.00    0.00   94.85
19:43:03       3    2.04    0.00    3.06    0.00    0.00    0.00    0.00    0.00    0.00   94.90

19:43:03     CPU    %usr   %nice    %sys %iowait    %irq   %soft  %steal  %guest  %gnice   %idle
19:43:04     all    0.25    0.00    1.01    0.00    0.00    0.00    0.00    0.00    0.00   98.74
19:43:04       0    1.01    0.00    1.01    0.00    0.00    0.00    0.00    0.00    0.00   97.98
19:43:04       1    0.00    0.00    1.01    0.00    0.00    0.00    0.00    0.00    0.00   98.99
19:43:04       2    0.00    0.00    0.00    0.00    0.00    0.00    0.00    0.00    0.00  100.00
19:43:04       3    0.00    0.00    2.02    0.00    0.00    0.00    0.00    0.00    0.00   97.98

19:43:04     CPU    %usr   %nice    %sys %iowait    %irq   %soft  %steal  %guest  %gnice   %idle
19:43:05     all    0.50    0.00    0.75    0.00    0.00    0.00    0.00    0.00    0.00   98.74
19:43:05       0    1.00    0.00    1.00    0.00    0.00    0.00    0.00    0.00    0.00   98.00
19:43:05       1    0.00    0.00    1.00    0.00    0.00    0.00    0.00    0.00    0.00   99.00
19:43:05       2    0.00    0.00    0.00    0.00    0.00    0.00    0.00    0.00    0.00  100.00
19:43:05       3    1.00    0.00    1.00    0.00    0.00    0.00    0.00    0.00    0.00   98.00

19:43:05     CPU    %usr   %nice    %sys %iowait    %irq   %soft  %steal  %guest  %gnice   %idle
19:43:06     all    0.50    0.00    1.50    1.00    0.00    0.00    0.00    0.00    0.00   96.99
19:43:06       0    1.01    0.00    1.01    4.04    0.00    0.00    0.00    0.00    0.00   93.94
19:43:06       1    1.00    0.00    1.00    0.00    0.00    0.00    0.00    0.00    0.00   98.00
19:43:06       2    0.00    0.00    1.00    0.00    0.00    0.00    0.00    0.00    0.00   99.00
19:43:06       3    0.00    0.00    3.00    0.00    0.00    0.00    0.00    0.00    0.00   97.00

19:43:06     CPU    %usr   %nice    %sys %iowait    %irq   %soft  %steal  %guest  %gnice   %idle
19:43:07     all    0.51    0.00    0.76    0.00    0.00    0.00    0.00    0.00    0.00   98.73
19:43:07       0    0.00    0.00    1.02    0.00    0.00    0.00    0.00    0.00    0.00   98.98
19:43:07       1    0.00    0.00    0.00    0.00    0.00    0.00    0.00    0.00    0.00  100.00
19:43:07       2    1.00    0.00    1.00    0.00    0.00    0.00    0.00    0.00    0.00   98.00
19:43:07       3    1.01    0.00    1.01    0.00    0.00    0.00    0.00    0.00    0.00   97.98

19:43:07     CPU    %usr   %nice    %sys %iowait    %irq   %soft  %steal  %guest  %gnice   %idle
19:43:08     all    6.73    0.00    6.48    0.00    0.00    0.25    0.00    0.00    0.00   86.53
19:43:08       0    4.04    0.00    5.05    0.00    0.00    0.00    0.00    0.00    0.00   90.91
19:43:08       1   11.88    0.00    7.92    0.00    0.00    0.00    0.00    0.00    0.00   80.20
19:43:08       2    5.94    0.00    4.95    0.00    0.00    0.00    0.00    0.00    0.00   89.11
19:43:08       3    5.00    0.00    8.00    0.00    0.00    1.00    0.00    0.00    0.00   86.00

19:43:08     CPU    %usr   %nice    %sys %iowait    %irq   %soft  %steal  %guest  %gnice   %idle
19:43:09     all    0.25    0.00    1.50    0.25    0.00    0.25    0.00    0.00    0.00   97.75
19:43:09       0    0.00    0.00    1.98    0.00    0.00    0.99    0.00    0.00    0.00   97.03
19:43:09       1    0.00    0.00    1.01    0.00    0.00    0.00    0.00    0.00    0.00   98.99
19:43:09       2    0.00    0.00    1.01    0.00    0.00    0.00    0.00    0.00    0.00   98.99
19:43:09       3    0.99    0.00    1.98    0.99    0.00    0.00    0.00    0.00    0.00   96.04

19:43:09     CPU    %usr   %nice    %sys %iowait    %irq   %soft  %steal  %guest  %gnice   %idle
19:43:10     all    0.25    0.00    1.26    0.00    0.00    0.00    0.00    0.00    0.00   98.48
19:43:10       0    0.00    0.00    2.00    0.00    0.00    0.00    0.00    0.00    0.00   98.00
19:43:10       1    0.00    0.00    0.00    0.00    0.00    0.00    0.00    0.00    0.00  100.00
19:43:10       2    0.00    0.00    2.02    0.00    0.00    0.00    0.00    0.00    0.00   97.98
19:43:10       3    1.01    0.00    1.01    0.00    0.00    0.00    0.00    0.00    0.00   97.98

19:43:10     CPU    %usr   %nice    %sys %iowait    %irq   %soft  %steal  %guest  %gnice   %idle
19:43:11     all    3.67    0.00   23.88    0.00    0.00   21.52    0.00    0.00    0.00   50.92
19:43:11       0    4.12    0.00   28.87    0.00    0.00   11.34    0.00    0.00    0.00   55.67
19:43:11       1    2.20    0.00   10.99    0.00    0.00   43.96    0.00    0.00    0.00   42.86
19:43:11       2    3.09    0.00   29.90    0.00    0.00   19.59    0.00    0.00    0.00   47.42
19:43:11       3    5.21    0.00   25.00    0.00    0.00   12.50    0.00    0.00    0.00   57.29

19:43:11     CPU    %usr   %nice    %sys %iowait    %irq   %soft  %steal  %guest  %gnice   %idle
19:43:12     all    6.42    0.00   29.14    0.00    0.00   28.34    0.00    0.00    0.00   36.10
19:43:12       0    6.12    0.00   36.73    0.00    0.00   21.43    0.00    0.00    0.00   35.71
19:43:12       1    2.17    0.00   16.30    0.00    0.00   54.35    0.00    0.00    0.00   27.17
19:43:12       2   10.00    0.00   26.67    0.00    0.00   22.22    0.00    0.00    0.00   41.11
19:43:12       3    7.45    0.00   36.17    0.00    0.00   15.96    0.00    0.00    0.00   40.43

19:43:12     CPU    %usr   %nice    %sys %iowait    %irq   %soft  %steal  %guest  %gnice   %idle
19:43:13     all    6.58    0.00   26.05    0.00    0.00   28.68    0.00    0.00    0.00   38.68
19:43:13       0    6.32    0.00   26.32    0.00    0.00   21.05    0.00    0.00    0.00   46.32
19:43:13       1    2.13    0.00   20.21    0.00    0.00   52.13    0.00    0.00    0.00   25.53
19:43:13       2    8.42    0.00   26.32    0.00    0.00   25.26    0.00    0.00    0.00   40.00
19:43:13       3    9.38    0.00   31.25    0.00    0.00   16.67    0.00    0.00    0.00   42.71

19:43:13     CPU    %usr   %nice    %sys %iowait    %irq   %soft  %steal  %guest  %gnice   %idle
19:43:14     all    5.99    0.00   29.69    0.00    0.00   25.26    0.00    0.00    0.00   39.06
19:43:14       0    6.12    0.00   33.67    0.00    0.00   16.33    0.00    0.00    0.00   43.88
19:43:14       1    3.30    0.00   20.88    0.00    0.00   50.55    0.00    0.00    0.00   25.27
19:43:14       2    6.25    0.00   32.29    0.00    0.00   17.71    0.00    0.00    0.00   43.75
19:43:14       3    8.08    0.00   31.31    0.00    0.00   18.18    0.00    0.00    0.00   42.42

19:43:14     CPU    %usr   %nice    %sys %iowait    %irq   %soft  %steal  %guest  %gnice   %idle
19:43:15     all    4.65    0.00   31.27    0.00    0.00   28.68    0.00    0.00    0.00   35.40
19:43:15       0    6.38    0.00   36.17    0.00    0.00   14.89    0.00    0.00    0.00   42.55
19:43:15       1    2.13    0.00   17.02    0.00    0.00   53.19    0.00    0.00    0.00   27.66
19:43:15       2    4.12    0.00   34.02    0.00    0.00   26.80    0.00    0.00    0.00   35.05
19:43:15       3    5.88    0.00   37.25    0.00    0.00   20.59    0.00    0.00    0.00   36.27

19:43:15     CPU    %usr   %nice    %sys %iowait    %irq   %soft  %steal  %guest  %gnice   %idle
19:43:16     all    5.14    0.00   27.51    0.00    0.00   35.22    0.00    0.00    0.00   32.13
19:43:16       0    7.07    0.00   36.36    0.00    0.00   13.13    0.00    0.00    0.00   43.43
19:43:16       1    1.01    0.00    3.03    0.00    0.00   92.93    0.00    0.00    0.00    3.03
19:43:16       2    5.32    0.00   38.30    0.00    0.00   15.96    0.00    0.00    0.00   40.43
19:43:16       3    7.22    0.00   32.99    0.00    0.00   17.53    0.00    0.00    0.00   42.27

19:43:16     CPU    %usr   %nice    %sys %iowait    %irq   %soft  %steal  %guest  %gnice   %idle
19:43:17     all    5.85    0.00   30.79    0.00    0.00   37.15    0.00    0.00    0.00   26.21
19:43:17       0    6.19    0.00   38.14    0.00    0.00   17.53    0.00    0.00    0.00   38.14
19:43:17       1    0.00    0.00    0.00    0.00    0.00  100.00    0.00    0.00    0.00    0.00
19:43:17       2    9.09    0.00   45.45    0.00    0.00   14.14    0.00    0.00    0.00   31.31
19:43:17       3    8.25    0.00   40.21    0.00    0.00   15.46    0.00    0.00    0.00   36.08

19:43:17     CPU    %usr   %nice    %sys %iowait    %irq   %soft  %steal  %guest  %gnice   %idle
19:43:18     all    6.49    0.00   34.29    0.00    0.00   39.48    0.00    0.00    0.00   19.74
19:43:18       0   11.58    0.00   47.37    0.00    0.00   16.84    0.00    0.00    0.00   24.21
19:43:18       1    0.00    0.00    1.00    0.00    0.00   99.00    0.00    0.00    0.00    0.00
19:43:18       2    7.22    0.00   46.39    0.00    0.00   14.43    0.00    0.00    0.00   31.96
19:43:18       3    7.53    0.00   44.09    0.00    0.00   24.73    0.00    0.00    0.00   23.66

19:43:18     CPU    %usr   %nice    %sys %iowait    %irq   %soft  %steal  %guest  %gnice   %idle
19:43:19     all    5.26    0.00   33.33    0.25    0.00   39.85    0.00    0.00    0.00   21.30
19:43:19       0    7.14    0.00   50.00    1.02    0.00   17.35    0.00    0.00    0.00   24.49
19:43:19       1    0.00    0.00    0.00    0.00    0.00  100.00    0.00    0.00    0.00    0.00
19:43:19       2    6.12    0.00   41.84    0.00    0.00   16.33    0.00    0.00    0.00   35.71
19:43:19       3    7.77    0.00   41.75    0.00    0.00   25.24    0.00    0.00    0.00   25.24

19:43:19     CPU    %usr   %nice    %sys %iowait    %irq   %soft  %steal  %guest  %gnice   %idle
19:43:20     all    3.89    0.00   29.53    0.00    0.00   38.86    0.00    0.00    0.00   27.72
19:43:20       0    4.12    0.00   40.21    0.00    0.00   20.62    0.00    0.00    0.00   35.05
19:43:20       1    0.00    0.00    0.00    0.00    0.00  100.00    0.00    0.00    0.00    0.00
19:43:20       2    5.32    0.00   41.49    0.00    0.00   14.89    0.00    0.00    0.00   38.30
19:43:20       3    6.32    0.00   37.89    0.00    0.00   16.84    0.00    0.00    0.00   38.95

19:43:20     CPU    %usr   %nice    %sys %iowait    %irq   %soft  %steal  %guest  %gnice   %idle
19:43:21     all    5.28    0.00   27.64    0.00    0.00   39.45    0.00    0.00    0.00   27.64
19:43:21       0    8.82    0.00   35.29    0.00    0.00   18.63    0.00    0.00    0.00   37.25
19:43:21       1    0.00    0.00    0.00    0.00    0.00  100.00    0.00    0.00    0.00    0.00
19:43:21       2    4.12    0.00   41.24    0.00    0.00   16.49    0.00    0.00    0.00   38.14
19:43:21       3    8.08    0.00   34.34    0.00    0.00   22.22    0.00    0.00    0.00   35.35

19:43:21     CPU    %usr   %nice    %sys %iowait    %irq   %soft  %steal  %guest  %gnice   %idle
19:43:22     all    3.62    0.00   27.39    0.00    0.00   37.21    0.00    0.00    0.00   31.78
19:43:22       0    4.04    0.00   35.35    0.00    0.00   17.17    0.00    0.00    0.00   43.43
19:43:22       1    0.00    0.00    0.00    0.00    0.00  100.00    0.00    0.00    0.00    0.00
19:43:22       2    4.12    0.00   38.14    0.00    0.00   12.37    0.00    0.00    0.00   45.36
19:43:22       3    6.59    0.00   37.36    0.00    0.00   16.48    0.00    0.00    0.00   39.56

19:43:22     CPU    %usr   %nice    %sys %iowait    %irq   %soft  %steal  %guest  %gnice   %idle
19:43:23     all    4.17    0.00   24.22    0.00    0.00   35.94    0.00    0.00    0.00   35.68
19:43:23       0    4.08    0.00   32.65    0.00    0.00   13.27    0.00    0.00    0.00   50.00
19:43:23       1    0.00    0.00    0.00    0.00    0.00  100.00    0.00    0.00    0.00    0.00
19:43:23       2    6.67    0.00   34.44    0.00    0.00   11.11    0.00    0.00    0.00   47.78
19:43:23       3    6.25    0.00   31.25    0.00    0.00   15.62    0.00    0.00    0.00   46.88

19:43:23     CPU    %usr   %nice    %sys %iowait    %irq   %soft  %steal  %guest  %gnice   %idle
19:43:24     all    3.58    0.00   23.27    0.00    0.00   34.78    0.26    0.00    0.00   38.11
19:43:24       0    3.06    0.00   34.69    0.00    0.00   12.24    0.00    0.00    0.00   50.00
19:43:24       1    0.00    0.00    0.00    0.00    0.00  100.00    0.00    0.00    0.00    0.00
19:43:24       2    6.06    0.00   27.27    0.00    0.00   12.12    0.00    0.00    0.00   54.55
19:43:24       3    5.32    0.00   31.91    0.00    0.00   12.77    1.06    0.00    0.00   48.94

19:43:24     CPU    %usr   %nice    %sys %iowait    %irq   %soft  %steal  %guest  %gnice   %idle
19:43:25     all    3.10    0.00   22.22    0.00    0.00   34.88    0.00    0.00    0.00   39.79
19:43:25       0    5.15    0.00   25.77    0.00    0.00   14.43    0.00    0.00    0.00   54.64
19:43:25       1    0.00    0.00    0.00    0.00    0.00  100.00    0.00    0.00    0.00    0.00
19:43:25       2    4.26    0.00   28.72    0.00    0.00   12.77    0.00    0.00    0.00   54.26
19:43:25       3    3.12    0.00   35.42    0.00    0.00    9.38    0.00    0.00    0.00   52.08

19:43:25     CPU    %usr   %nice    %sys %iowait    %irq   %soft  %steal  %guest  %gnice   %idle
19:43:26     all    3.32    0.00   23.53    0.00    0.00   35.29    0.00    0.00    0.00   37.85
19:43:26       0    3.12    0.00   34.38    0.00    0.00   13.54    0.00    0.00    0.00   48.96
19:43:26       1    0.00    0.00    0.00    0.00    0.00  100.00    0.00    0.00    0.00    0.00
19:43:26       2    4.30    0.00   26.88    0.00    0.00   12.90    0.00    0.00    0.00   55.91
19:43:26       3    5.88    0.00   33.33    0.00    0.00   12.75    0.00    0.00    0.00   48.04

19:43:26     CPU    %usr   %nice    %sys %iowait    %irq   %soft  %steal  %guest  %gnice   %idle
19:43:27     all    3.32    0.00   22.96    0.00    0.00   35.97    0.00    0.00    0.00   37.76
19:43:27       0    3.26    0.00   32.61    0.00    0.00   13.04    0.00    0.00    0.00   51.09
19:43:27       1    0.00    0.00    0.00    0.00    0.00  100.00    0.00    0.00    0.00    0.00
19:43:27       2    7.00    0.00   25.00    0.00    0.00   17.00    0.00    0.00    0.00   51.00
19:43:27       3    3.00    0.00   35.00    0.00    0.00   12.00    0.00    0.00    0.00   50.00

19:43:27     CPU    %usr   %nice    %sys %iowait    %irq   %soft  %steal  %guest  %gnice   %idle
19:43:28     all    3.17    0.00   23.75    0.00    0.00   35.09    0.00    0.00    0.00   37.99
19:43:28       0    3.19    0.00   31.91    0.00    0.00   11.70    0.00    0.00    0.00   53.19
19:43:28       1    0.00    0.00    0.00    0.00    0.00  100.00    0.00    0.00    0.00    0.00
19:43:28       2    6.38    0.00   32.98    0.00    0.00    9.57    0.00    0.00    0.00   51.06
19:43:28       3    3.30    0.00   31.87    0.00    0.00   14.29    0.00    0.00    0.00   50.55

19:43:28     CPU    %usr   %nice    %sys %iowait    %irq   %soft  %steal  %guest  %gnice   %idle
19:43:29     all    4.63    0.00   24.42    0.00    0.00   34.96    0.00    0.00    0.00   35.99
19:43:29       0    5.32    0.00   35.11    0.00    0.00   11.70    0.00    0.00    0.00   47.87
19:43:29       1    0.00    0.00    0.00    0.00    0.00  100.00    0.00    0.00    0.00    0.00
19:43:29       2    5.00    0.00   32.00    0.00    0.00   14.00    0.00    0.00    0.00   49.00
19:43:29       3    8.42    0.00   31.58    0.00    0.00   11.58    0.00    0.00    0.00   48.42

19:43:29     CPU    %usr   %nice    %sys %iowait    %irq   %soft  %steal  %guest  %gnice   %idle
19:43:30     all    2.67    0.00   20.80    0.00    0.00   33.87    0.00    0.00    0.00   42.67
19:43:30       0    3.19    0.00   30.85    0.00    0.00   10.64    0.00    0.00    0.00   55.32
19:43:30       1    0.00    0.00    0.00    0.00    0.00  100.00    0.00    0.00    0.00    0.00
19:43:30       2    3.37    0.00   22.47    0.00    0.00    8.99    0.00    0.00    0.00   65.17
19:43:30       3    4.35    0.00   31.52    0.00    0.00    9.78    0.00    0.00    0.00   54.35

19:43:30     CPU    %usr   %nice    %sys %iowait    %irq   %soft  %steal  %guest  %gnice   %idle
19:43:31     all    3.78    0.00   19.65    0.00    0.00   33.50    0.25    0.00    0.00   42.82
19:43:31       0    5.21    0.00   27.08    0.00    0.00    9.38    1.04    0.00    0.00   57.29
19:43:31       1    0.00    0.00    0.00    0.00    0.00  100.00    0.00    0.00    0.00    0.00
19:43:31       2    5.00    0.00   26.00    0.00    0.00   14.00    0.00    0.00    0.00   55.00
19:43:31       3    4.95    0.00   25.74    0.00    0.00    9.90    0.00    0.00    0.00   59.41

19:43:31     CPU    %usr   %nice    %sys %iowait    %irq   %soft  %steal  %guest  %gnice   %idle
19:43:32     all    2.79    0.00   21.83    0.00    0.00   34.26    0.00    0.00    0.00   41.12
19:43:32       0    4.17    0.00   26.04    0.00    0.00   10.42    0.00    0.00    0.00   59.38
19:43:32       1    0.00    0.00    0.00    0.00    0.00  100.00    0.00    0.00    0.00    0.00
19:43:32       2    3.96    0.00   29.70    0.00    0.00   10.89    0.00    0.00    0.00   55.45
19:43:32       3    3.09    0.00   31.96    0.00    0.00   14.43    0.00    0.00    0.00   50.52

19:43:32     CPU    %usr   %nice    %sys %iowait    %irq   %soft  %steal  %guest  %gnice   %idle
19:43:33     all    3.91    0.00   22.40    0.00    0.00   28.91    0.00    0.00    0.00   44.79
19:43:33       0    3.96    0.00   26.73    0.00    0.00    8.91    0.00    0.00    0.00   60.40
19:43:33       1    0.00    0.00    1.16    0.00    0.00   95.35    0.00    0.00    0.00    3.49
19:43:33       2    5.00    0.00   30.00    0.00    0.00    9.00    0.00    0.00    0.00   56.00
19:43:33       3    6.19    0.00   28.87    0.00    0.00   11.34    0.00    0.00    0.00   53.61

19:43:33     CPU    %usr   %nice    %sys %iowait    %irq   %soft  %steal  %guest  %gnice   %idle
19:43:34     all    4.89    0.00   24.73    0.00    0.00   20.65    0.00    0.00    0.00   49.73
19:43:34       0    7.37    0.00   24.21    0.00    0.00    9.47    0.00    0.00    0.00   58.95
19:43:34       1    2.53    0.00   11.39    0.00    0.00   65.82    0.00    0.00    0.00   20.25
19:43:34       2    3.09    0.00   30.93    0.00    0.00    8.25    0.00    0.00    0.00   57.73
19:43:34       3    6.19    0.00   29.90    0.00    0.00    7.22    0.00    0.00    0.00   56.70

19:43:34     CPU    %usr   %nice    %sys %iowait    %irq   %soft  %steal  %guest  %gnice   %idle
19:43:35     all    4.51    0.00   26.48    0.00    0.00   18.31    0.00    0.00    0.00   50.70
19:43:35       0    4.21    0.00   21.05    0.00    0.00   16.84    0.00    0.00    0.00   57.89
19:43:35       1    5.33    0.00   22.67    0.00    0.00   29.33    0.00    0.00    0.00   42.67
19:43:35       2    4.49    0.00   30.34    0.00    0.00   13.48    0.00    0.00    0.00   51.69
19:43:35       3    4.17    0.00   31.25    0.00    0.00   15.62    0.00    0.00    0.00   48.96

19:43:35     CPU    %usr   %nice    %sys %iowait    %irq   %soft  %steal  %guest  %gnice   %idle
19:43:36     all    3.52    0.00   32.79    0.00    0.00   23.58    0.00    0.00    0.00   40.11
19:43:36       0    3.96    0.00   38.61    0.00    0.00   18.81    0.00    0.00    0.00   38.61
19:43:36       1    1.27    0.00   26.58    0.00    0.00   40.51    0.00    0.00    0.00   31.65
19:43:36       2    5.32    0.00   34.04    0.00    0.00   23.40    0.00    0.00    0.00   37.23
19:43:36       3    3.16    0.00   30.53    0.00    0.00   14.74    0.00    0.00    0.00   51.58

19:43:36     CPU    %usr   %nice    %sys %iowait    %irq   %soft  %steal  %guest  %gnice   %idle
19:43:37     all    4.48    0.00   30.53    0.00    0.00   24.09    0.00    0.00    0.00   40.90
19:43:37       0    6.52    0.00   32.61    0.00    0.00   16.30    0.00    0.00    0.00   44.57
19:43:37       1    1.39    0.00   16.67    0.00    0.00   44.44    0.00    0.00    0.00   37.50
19:43:37       2    4.21    0.00   33.68    0.00    0.00   22.11    0.00    0.00    0.00   40.00
19:43:37       3    5.10    0.00   35.71    0.00    0.00   18.37    0.00    0.00    0.00   40.82

19:43:37     CPU    %usr   %nice    %sys %iowait    %irq   %soft  %steal  %guest  %gnice   %idle
19:43:38     all    5.49    0.00   28.90    0.00    0.00   18.50    0.00    0.00    0.00   47.11
19:43:38       0    5.81    0.00   25.58    0.00    0.00   11.63    0.00    0.00    0.00   56.98
19:43:38       1    3.90    0.00   22.08    0.00    0.00   35.06    0.00    0.00    0.00   38.96
19:43:38       2    6.74    0.00   29.21    0.00    0.00   16.85    0.00    0.00    0.00   47.19
19:43:38       3    5.32    0.00   37.23    0.00    0.00   12.77    0.00    0.00    0.00   44.68

19:43:38     CPU    %usr   %nice    %sys %iowait    %irq   %soft  %steal  %guest  %gnice   %idle
19:43:39     all    5.51    0.00   27.27    0.00    0.00   18.73    0.00    0.00    0.00   48.48
19:43:39       0    5.49    0.00   31.87    0.00    0.00   10.99    0.00    0.00    0.00   51.65
19:43:39       1    8.54    0.00   20.73    0.00    0.00   32.93    0.00    0.00    0.00   37.80
19:43:39       2    5.15    0.00   29.90    0.00    0.00   16.49    0.00    0.00    0.00   48.45
19:43:39       3    3.23    0.00   25.81    0.00    0.00   16.13    0.00    0.00    0.00   54.84

19:43:39     CPU    %usr   %nice    %sys %iowait    %irq   %soft  %steal  %guest  %gnice   %idle
19:43:40     all    4.02    0.00   31.10    0.00    0.00   18.50    0.00    0.00    0.00   46.38
19:43:40       0    6.00    0.00   32.00    0.00    0.00   17.00    0.00    0.00    0.00   45.00
19:43:40       1    2.56    0.00   23.08    0.00    0.00   25.64    0.00    0.00    0.00   48.72
19:43:40       2    4.17    0.00   33.33    0.00    0.00   19.79    0.00    0.00    0.00   42.71
19:43:40       3    3.03    0.00   34.34    0.00    0.00   13.13    0.00    0.00    0.00   49.49

19:43:40     CPU    %usr   %nice    %sys %iowait    %irq   %soft  %steal  %guest  %gnice   %idle
19:43:41     all    5.56    0.00   29.89    0.00    0.00   15.87    0.00    0.00    0.00   48.68
19:43:41       0    6.93    0.00   29.70    0.00    0.00   10.89    0.00    0.00    0.00   52.48
19:43:41       1    4.88    0.00   26.83    0.00    0.00   29.27    0.00    0.00    0.00   39.02
19:43:41       2    4.17    0.00   32.29    0.00    0.00   13.54    0.00    0.00    0.00   50.00
19:43:41       3    6.06    0.00   30.30    0.00    0.00   12.12    0.00    0.00    0.00   51.52

19:43:41     CPU    %usr   %nice    %sys %iowait    %irq   %soft  %steal  %guest  %gnice   %idle
19:43:42     all    3.93    0.00   29.21    0.00    0.00   18.26    0.00    0.00    0.00   48.60
19:43:42       0    4.35    0.00   33.70    0.00    0.00    8.70    0.00    0.00    0.00   53.26
19:43:42       1    2.70    0.00   17.57    0.00    0.00   36.49    0.00    0.00    0.00   43.24
19:43:42       2    3.26    0.00   27.17    0.00    0.00   17.39    0.00    0.00    0.00   52.17
19:43:42       3    5.10    0.00   35.71    0.00    0.00   14.29    0.00    0.00    0.00   44.90

19:43:42     CPU    %usr   %nice    %sys %iowait    %irq   %soft  %steal  %guest  %gnice   %idle
19:43:43     all    5.44    0.00   32.64    0.00    0.00   17.10    0.00    0.00    0.00   44.82
19:43:43       0    4.95    0.00   34.65    0.00    0.00   11.88    0.00    0.00    0.00   48.51
19:43:43       1    2.41    0.00   24.10    0.00    0.00   31.33    0.00    0.00    0.00   42.17
19:43:43       2    5.94    0.00   35.64    0.00    0.00   15.84    0.00    0.00    0.00   42.57
19:43:43       3    7.92    0.00   34.65    0.00    0.00   11.88    0.00    0.00    0.00   45.54

19:43:43     CPU    %usr   %nice    %sys %iowait    %irq   %soft  %steal  %guest  %gnice   %idle
19:43:44     all    6.20    0.00   26.68    0.00    0.00   17.25    0.00    0.00    0.00   49.87
19:43:44       0   11.22    0.00   29.59    0.00    0.00   11.22    0.00    0.00    0.00   47.96
19:43:44       1    2.44    0.00   18.29    0.00    0.00   32.93    0.00    0.00    0.00   46.34
19:43:44       2    5.15    0.00   29.90    0.00    0.00   14.43    0.00    0.00    0.00   50.52
19:43:44       3    5.32    0.00   27.66    0.00    0.00   12.77    0.00    0.00    0.00   54.26

19:43:44     CPU    %usr   %nice    %sys %iowait    %irq   %soft  %steal  %guest  %gnice   %idle
19:43:45     all    2.65    0.00   14.81    0.00    0.00    8.73    0.00    0.00    0.00   73.81
19:43:45       0    2.04    0.00   16.33    0.00    0.00    7.14    0.00    0.00    0.00   74.49
19:43:45       1    2.22    0.00   12.22    0.00    0.00   14.44    0.00    0.00    0.00   71.11
19:43:45       2    4.21    0.00   14.74    0.00    0.00    6.32    0.00    0.00    0.00   74.74
19:43:45       3    2.11    0.00   15.79    0.00    0.00    7.37    0.00    0.00    0.00   74.74

19:43:45     CPU    %usr   %nice    %sys %iowait    %irq   %soft  %steal  %guest  %gnice   %idle
19:43:46     all    0.25    0.00    0.76    0.00    0.00    0.00    0.00    0.00    0.00   98.99
19:43:46       0    0.00    0.00    1.00    0.00    0.00    0.00    0.00    0.00    0.00   99.00
19:43:46       1    0.00    0.00    0.00    0.00    0.00    0.00    0.00    0.00    0.00  100.00
19:43:46       2    0.00    0.00    1.02    0.00    0.00    0.00    0.00    0.00    0.00   98.98
19:43:46       3    1.01    0.00    1.01    0.00    0.00    0.00    0.00    0.00    0.00   97.98

19:43:46     CPU    %usr   %nice    %sys %iowait    %irq   %soft  %steal  %guest  %gnice   %idle
19:43:47     all    0.00    0.00    0.51    0.00    0.00    0.25    0.00    0.00    0.00   99.24
19:43:47       0    0.00    0.00    0.00    0.00    0.00    1.00    0.00    0.00    0.00   99.00
19:43:47       1    0.00    0.00    0.00    0.00    0.00    0.00    0.00    0.00    0.00  100.00
19:43:47       2    0.00    0.00    1.01    0.00    0.00    0.00    0.00    0.00    0.00   98.99
19:43:47       3    0.00    0.00    1.02    0.00    0.00    0.00    0.00    0.00    0.00   98.98

19:43:47     CPU    %usr   %nice    %sys %iowait    %irq   %soft  %steal  %guest  %gnice   %idle
19:43:48     all    0.75    0.00    1.01    0.00    0.00    0.00    0.00    0.00    0.00   98.24
19:43:48       0    0.00    0.00    1.01    0.00    0.00    0.00    0.00    0.00    0.00   98.99
19:43:48       1    1.00    0.00    1.00    0.00    0.00    0.00    0.00    0.00    0.00   98.00
19:43:48       2    1.00    0.00    1.00    0.00    0.00    0.00    0.00    0.00    0.00   98.00
19:43:48       3    1.01    0.00    1.01    0.00    0.00    0.00    0.00    0.00    0.00   97.98

19:43:48     CPU    %usr   %nice    %sys %iowait    %irq   %soft  %steal  %guest  %gnice   %idle
19:43:49     all    2.80    0.00    3.82    0.25    0.00    0.25    0.00    0.00    0.00   92.88
19:43:49       0    3.00    0.00    5.00    1.00    0.00    0.00    0.00    0.00    0.00   91.00
19:43:49       1    1.01    0.00    5.05    0.00    0.00    0.00    0.00    0.00    0.00   93.94
19:43:49       2    1.04    0.00    1.04    0.00    0.00    1.04    0.00    0.00    0.00   96.88
19:43:49       3    6.12    0.00    4.08    0.00    0.00    0.00    0.00    0.00    0.00   89.80

19:43:49     CPU    %usr   %nice    %sys %iowait    %irq   %soft  %steal  %guest  %gnice   %idle
19:43:50     all    0.76    0.00    0.76    0.00    0.00    0.00    0.00    0.00    0.00   98.49
19:43:50       0    1.01    0.00    0.00    0.00    0.00    0.00    0.00    0.00    0.00   98.99
19:43:50       1    0.00    0.00    1.01    0.00    0.00    0.00    0.00    0.00    0.00   98.99
19:43:50       2    1.00    0.00    1.00    0.00    0.00    0.00    0.00    0.00    0.00   98.00
19:43:50       3    1.01    0.00    1.01    0.00    0.00    0.00    0.00    0.00    0.00   97.98

19:43:50     CPU    %usr   %nice    %sys %iowait    %irq   %soft  %steal  %guest  %gnice   %idle
19:43:51     all    0.25    0.00    1.50    0.00    0.00    0.00    0.00    0.00    0.00   98.25
19:43:51       0    0.99    0.00    0.00    0.00    0.00    0.00    0.00    0.00    0.00   99.01
19:43:51       1    0.00    0.00    2.02    0.00    0.00    0.00    0.00    0.00    0.00   97.98
19:43:51       2    0.00    0.00    2.00    0.00    0.00    0.00    0.00    0.00    0.00   98.00
19:43:51       3    0.00    0.00    2.00    0.00    0.00    0.00    0.00    0.00    0.00   98.00

19:43:51     CPU    %usr   %nice    %sys %iowait    %irq   %soft  %steal  %guest  %gnice   %idle
19:43:52     all    0.00    0.00    1.76    0.00    0.00    0.00    0.00    0.00    0.00   98.24
19:43:52       0    0.00    0.00    1.00    0.00    0.00    0.00    0.00    0.00    0.00   99.00
19:43:52       1    0.00    0.00    3.00    0.00    0.00    0.00    0.00    0.00    0.00   97.00
19:43:52       2    0.00    0.00    1.01    0.00    0.00    0.00    0.00    0.00    0.00   98.99
19:43:52       3    0.00    0.00    2.02    0.00    0.00    0.00    0.00    0.00    0.00   97.98

19:43:52     CPU    %usr   %nice    %sys %iowait    %irq   %soft  %steal  %guest  %gnice   %idle
19:43:53     all    0.51    0.00    0.51    0.00    0.00    0.00    0.00    0.00    0.00   98.99
19:43:53       0    0.00    0.00    0.00    0.00    0.00    0.00    0.00    0.00    0.00  100.00
19:43:53       1    0.00    0.00    1.01    0.00    0.00    0.00    0.00    0.00    0.00   98.99
19:43:53       2    1.01    0.00    0.00    0.00    0.00    0.00    0.00    0.00    0.00   98.99
19:43:53       3    1.01    0.00    1.01    0.00    0.00    0.00    0.00    0.00    0.00   97.98

19:43:53     CPU    %usr   %nice    %sys %iowait    %irq   %soft  %steal  %guest  %gnice   %idle
19:43:54     all    4.12    0.00    5.41    0.00    0.00    0.26    0.00    0.00    0.00   90.21
19:43:54       0    4.21    0.00    5.26    0.00    0.00    0.00    0.00    0.00    0.00   90.53
19:43:54       1    6.12    0.00    5.10    0.00    0.00    1.02    0.00    0.00    0.00   87.76
19:43:54       2    4.12    0.00    5.15    0.00    0.00    0.00    0.00    0.00    0.00   90.72
19:43:54       3    2.04    0.00    6.12    0.00    0.00    0.00    0.00    0.00    0.00   91.84

19:43:54     CPU    %usr   %nice    %sys %iowait    %irq   %soft  %steal  %guest  %gnice   %idle
19:43:55     all    0.51    0.00    1.01    0.00    0.00    0.00    0.00    0.00    0.00   98.48
19:43:55       0    0.00    0.00    1.01    0.00    0.00    0.00    0.00    0.00    0.00   98.99
19:43:55       1    1.00    0.00    2.00    0.00    0.00    0.00    0.00    0.00    0.00   97.00
19:43:55       2    0.00    0.00    1.01    0.00    0.00    0.00    0.00    0.00    0.00   98.99
19:43:55       3    1.02    0.00    0.00    0.00    0.00    0.00    0.00    0.00    0.00   98.98

19:43:55     CPU    %usr   %nice    %sys %iowait    %irq   %soft  %steal  %guest  %gnice   %idle
19:43:56     all    0.00    0.00    1.01    0.00    0.00    0.00    0.00    0.00    0.00   98.99
19:43:56       0    0.00    0.00    2.00    0.00    0.00    0.00    0.00    0.00    0.00   98.00
19:43:56       1    0.00    0.00    0.00    0.00    0.00    0.00    0.00    0.00    0.00  100.00
19:43:56       2    0.00    0.00    1.01    0.00    0.00    0.00    0.00    0.00    0.00   98.99
19:43:56       3    0.00    0.00    1.01    0.00    0.00    0.00    0.00    0.00    0.00   98.99

19:43:56     CPU    %usr   %nice    %sys %iowait    %irq   %soft  %steal  %guest  %gnice   %idle
19:43:57     all    0.75    0.00    0.75    0.00    0.00    0.00    0.00    0.00    0.00   98.50
19:43:57       0    0.00    0.00    1.00    0.00    0.00    0.00    0.00    0.00    0.00   99.00
19:43:57       1    1.00    0.00    0.00    0.00    0.00    0.00    0.00    0.00    0.00   99.00
19:43:57       2    0.00    0.00    1.01    0.00    0.00    0.00    0.00    0.00    0.00   98.99
19:43:57       3    2.00    0.00    1.00    0.00    0.00    0.00    0.00    0.00    0.00   97.00

19:43:57     CPU    %usr   %nice    %sys %iowait    %irq   %soft  %steal  %guest  %gnice   %idle
19:43:58     all    0.50    0.00    1.01    0.00    0.00    0.00    0.00    0.00    0.00   98.49
19:43:58       0    0.99    0.00    1.98    0.00    0.00    0.00    0.00    0.00    0.00   97.03
19:43:58       1    1.01    0.00    0.00    0.00    0.00    0.00    0.00    0.00    0.00   98.99
19:43:58       2    0.00    0.00    1.02    0.00    0.00    0.00    0.00    0.00    0.00   98.98
19:43:58       3    0.00    0.00    1.01    0.00    0.00    0.00    0.00    0.00    0.00   98.99

19:43:58     CPU    %usr   %nice    %sys %iowait    %irq   %soft  %steal  %guest  %gnice   %idle
19:43:59     all    0.25    0.00    1.26    0.00    0.00    0.00    0.00    0.00    0.00   98.49
19:43:59       0    0.00    0.00    1.02    0.00    0.00    0.00    0.00    0.00    0.00   98.98
19:43:59       1    1.00    0.00    1.00    0.00    0.00    0.00    0.00    0.00    0.00   98.00
19:43:59       2    0.00    0.00    1.02    0.00    0.00    0.00    0.00    0.00    0.00   98.98
19:43:59       3    0.00    0.00    1.98    0.00    0.00    0.00    0.00    0.00    0.00   98.02

19:43:59     CPU    %usr   %nice    %sys %iowait    %irq   %soft  %steal  %guest  %gnice   %idle
19:44:00     all    3.03    0.00    4.55    0.00    0.00    0.00    0.00    0.00    0.00   92.42
19:44:00       0    2.97    0.00    3.96    0.00    0.00    0.00    0.00    0.00    0.00   93.07
19:44:00       1    2.02    0.00    4.04    0.00    0.00    0.00    0.00    0.00    0.00   93.94
19:44:00       2    6.12    0.00    4.08    0.00    0.00    0.00    0.00    0.00    0.00   89.80
19:44:00       3    1.02    0.00    6.12    0.00    0.00    0.00    0.00    0.00    0.00   92.86

19:44:00     CPU    %usr   %nice    %sys %iowait    %irq   %soft  %steal  %guest  %gnice   %idle
19:44:01     all    2.02    0.00    2.53    0.00    0.00    0.00    0.00    0.00    0.00   95.45
19:44:01       0    0.99    0.00    3.96    0.00    0.00    0.00    0.00    0.00    0.00   95.05
19:44:01       1    2.04    0.00    2.04    0.00    0.00    0.00    0.00    0.00    0.00   95.92
19:44:01       2    1.02    0.00    2.04    0.00    0.00    0.00    0.00    0.00    0.00   96.94
19:44:01       3    4.04    0.00    2.02    0.00    0.00    0.00    0.00    0.00    0.00   93.94

19:44:01     CPU    %usr   %nice    %sys %iowait    %irq   %soft  %steal  %guest  %gnice   %idle
19:44:02     all    0.25    0.00    0.51    0.00    0.00    0.00    0.00    0.00    0.00   99.24
19:44:02       0    0.00    0.00    0.00    0.00    0.00    0.00    0.00    0.00    0.00  100.00
19:44:02       1    0.00    0.00    0.00    0.00    0.00    0.00    0.00    0.00    0.00  100.00
19:44:02       2    0.00    0.00    1.01    0.00    0.00    0.00    0.00    0.00    0.00   98.99
19:44:02       3    1.00    0.00    1.00    0.00    0.00    0.00    0.00    0.00    0.00   98.00

19:44:02     CPU    %usr   %nice    %sys %iowait    %irq   %soft  %steal  %guest  %gnice   %idle
19:44:03     all    0.25    0.00    0.51    0.00    0.00    0.25    0.00    0.00    0.00   98.99
19:44:03       0    0.99    0.00    0.00    0.00    0.00    0.99    0.00    0.00    0.00   98.02
19:44:03       1    0.00    0.00    2.02    0.00    0.00    0.00    0.00    0.00    0.00   97.98
19:44:03       2    0.00    0.00    0.00    0.00    0.00    0.00    0.00    0.00    0.00  100.00
19:44:03       3    0.00    0.00    0.00    0.00    0.00    0.00    0.00    0.00    0.00  100.00

19:44:03     CPU    %usr   %nice    %sys %iowait    %irq   %soft  %steal  %guest  %gnice   %idle
19:44:04     all    0.75    0.00    2.00    0.25    0.00    0.00    0.00    0.00    0.00   97.00
19:44:04       0    1.00    0.00    1.00    1.00    0.00    0.00    0.00    0.00    0.00   97.00
19:44:04       1    1.01    0.00    2.02    0.00    0.00    0.00    0.00    0.00    0.00   96.97
19:44:04       2    0.98    0.00    2.94    0.00    0.00    0.00    0.00    0.00    0.00   96.08
19:44:04       3    0.00    0.00    2.02    0.00    0.00    0.00    0.00    0.00    0.00   97.98

19:44:04     CPU    %usr   %nice    %sys %iowait    %irq   %soft  %steal  %guest  %gnice   %idle
19:44:05     all    2.04    0.00    4.85    0.00    0.00    0.26    0.00    0.00    0.00   92.86
19:44:05       0    5.10    0.00    5.10    0.00    0.00    0.00    0.00    0.00    0.00   89.80
19:44:05       1    1.02    0.00    4.08    0.00    0.00    1.02    0.00    0.00    0.00   93.88
19:44:05       2    0.00    0.00    3.12    0.00    0.00    0.00    0.00    0.00    0.00   96.88
19:44:05       3    2.00    0.00    7.00    0.00    0.00    0.00    0.00    0.00    0.00   91.00

19:44:05     CPU    %usr   %nice    %sys %iowait    %irq   %soft  %steal  %guest  %gnice   %idle
19:44:06     all    0.00    0.00    1.51    0.00    0.00    0.00    0.00    0.00    0.00   98.49
19:44:06       0    0.00    0.00    2.00    0.00    0.00    0.00    0.00    0.00    0.00   98.00
19:44:06       1    0.00    0.00    1.02    0.00    0.00    0.00    0.00    0.00    0.00   98.98
19:44:06       2    0.00    0.00    2.00    0.00    0.00    0.00    0.00    0.00    0.00   98.00
19:44:06       3    0.00    0.00    1.00    0.00    0.00    0.00    0.00    0.00    0.00   99.00

19:44:06     CPU    %usr   %nice    %sys %iowait    %irq   %soft  %steal  %guest  %gnice   %idle
19:44:07     all    0.50    0.00    1.01    0.00    0.00    0.00    0.00    0.00    0.00   98.49
19:44:07       0    0.00    0.00    1.01    0.00    0.00    0.00    0.00    0.00    0.00   98.99
19:44:07       1    1.98    0.00    0.99    0.00    0.00    0.00    0.00    0.00    0.00   97.03
19:44:07       2    0.00    0.00    0.00    0.00    0.00    0.00    0.00    0.00    0.00  100.00
19:44:07       3    0.00    0.00    2.00    0.00    0.00    0.00    0.00    0.00    0.00   98.00

19:44:07     CPU    %usr   %nice    %sys %iowait    %irq   %soft  %steal  %guest  %gnice   %idle
19:44:08     all    3.96    0.00   21.64    0.00    0.00   22.16    0.00    0.00    0.00   52.24
19:44:08       0    2.08    0.00   28.12    0.00    0.00   15.62    0.00    0.00    0.00   54.17
19:44:08       1    2.20    0.00    9.89    0.00    0.00   42.86    0.00    0.00    0.00   45.05
19:44:08       2    4.21    0.00   21.05    0.00    0.00   20.00    0.00    0.00    0.00   54.74
19:44:08       3    7.22    0.00   26.80    0.00    0.00   11.34    0.00    0.00    0.00   54.64

19:44:08     CPU    %usr   %nice    %sys %iowait    %irq   %soft  %steal  %guest  %gnice   %idle
19:44:09     all    4.55    0.00   30.56    0.00    0.00   34.34    0.00    0.00    0.00   30.56
19:44:09       0    2.94    0.00   36.27    0.00    0.00   20.59    0.00    0.00    0.00   40.20
19:44:09       1    2.13    0.00   17.02    0.00    0.00   62.77    0.00    0.00    0.00   18.09
19:44:09       2    7.92    0.00   27.72    0.00    0.00   33.66    0.00    0.00    0.00   30.69
19:44:09       3    5.05    0.00   40.40    0.00    0.00   22.22    0.00    0.00    0.00   32.32

19:44:09     CPU    %usr   %nice    %sys %iowait    %irq   %soft  %steal  %guest  %gnice   %idle
19:44:10     all    6.06    0.00   32.07    0.00    0.00   34.09    0.00    0.00    0.00   27.78
19:44:10       0    6.86    0.00   39.22    0.00    0.00   24.51    0.00    0.00    0.00   29.41
19:44:10       1    6.45    0.00   18.28    0.00    0.00   54.84    0.00    0.00    0.00   20.43
19:44:10       2    6.00    0.00   29.00    0.00    0.00   38.00    0.00    0.00    0.00   27.00
19:44:10       3    4.95    0.00   40.59    0.00    0.00   20.79    0.00    0.00    0.00   33.66

19:44:10     CPU    %usr   %nice    %sys %iowait    %irq   %soft  %steal  %guest  %gnice   %idle
19:44:11     all    5.03    0.00   32.01    0.00    0.00   33.07    0.00    0.00    0.00   29.89
19:44:11       0    7.53    0.00   32.26    0.00    0.00   24.73    0.00    0.00    0.00   35.48
19:44:11       1    2.20    0.00   18.68    0.00    0.00   56.04    0.00    0.00    0.00   23.08
19:44:11       2    5.38    0.00   34.41    0.00    0.00   32.26    0.00    0.00    0.00   27.96
19:44:11       3    4.95    0.00   41.58    0.00    0.00   20.79    0.00    0.00    0.00   32.67

19:44:11     CPU    %usr   %nice    %sys %iowait    %irq   %soft  %steal  %guest  %gnice   %idle
19:44:12     all    5.61    0.00   31.55    0.00    0.00   33.69    0.00    0.00    0.00   29.14
19:44:12       0    8.60    0.00   35.48    0.00    0.00   26.88    0.00    0.00    0.00   29.03
19:44:12       1    2.30    0.00   17.24    0.00    0.00   52.87    0.00    0.00    0.00   27.59
19:44:12       2    6.32    0.00   30.53    0.00    0.00   35.79    0.00    0.00    0.00   27.37
19:44:12       3    5.05    0.00   41.41    0.00    0.00   21.21    0.00    0.00    0.00   32.32

19:44:12     CPU    %usr   %nice    %sys %iowait    %irq   %soft  %steal  %guest  %gnice   %idle
19:44:13     all    3.95    0.00   33.42    0.00    0.00   29.21    0.00    0.00    0.00   33.42
19:44:13       0    6.06    0.00   37.37    0.00    0.00   21.21    0.00    0.00    0.00   35.35
19:44:13       1    2.22    0.00   20.00    0.00    0.00   51.11    0.00    0.00    0.00   26.67
19:44:13       2    3.16    0.00   38.95    0.00    0.00   26.32    0.00    0.00    0.00   31.58
19:44:13       3    4.17    0.00   36.46    0.00    0.00   19.79    0.00    0.00    0.00   39.58

19:44:13     CPU    %usr   %nice    %sys %iowait    %irq   %soft  %steal  %guest  %gnice   %idle
19:44:14     all    5.29    0.00   32.01    0.00    0.00   29.89    0.00    0.00    0.00   32.80
19:44:14       0    7.22    0.00   32.99    0.00    0.00   24.74    0.00    0.00    0.00   35.05
19:44:14       1    3.23    0.00   21.51    0.00    0.00   49.46    0.00    0.00    0.00   25.81
19:44:14       2    4.21    0.00   34.74    0.00    0.00   26.32    0.00    0.00    0.00   34.74
19:44:14       3    6.45    0.00   38.71    0.00    0.00   19.35    0.00    0.00    0.00   35.48

19:44:14     CPU    %usr   %nice    %sys %iowait    %irq   %soft  %steal  %guest  %gnice   %idle
19:44:15     all    3.85    0.00   33.59    0.00    0.00   28.72    0.00    0.00    0.00   33.85
19:44:15       0    5.21    0.00   36.46    0.00    0.00   16.67    0.00    0.00    0.00   41.67
19:44:15       1    1.08    0.00   23.66    0.00    0.00   48.39    0.00    0.00    0.00   26.88
19:44:15       2    3.81    0.00   35.24    0.00    0.00   33.33    0.00    0.00    0.00   27.62
19:44:15       3    5.21    0.00   38.54    0.00    0.00   16.67    0.00    0.00    0.00   39.58

19:44:15     CPU    %usr   %nice    %sys %iowait    %irq   %soft  %steal  %guest  %gnice   %idle
19:44:16     all    5.19    0.00   32.99    0.00    0.00   27.01    0.00    0.00    0.00   34.81
19:44:16       0    7.29    0.00   38.54    0.00    0.00   18.75    0.00    0.00    0.00   35.42
19:44:16       1    2.17    0.00   17.39    0.00    0.00   52.17    0.00    0.00    0.00   28.26
19:44:16       2    5.15    0.00   35.05    0.00    0.00   21.65    0.00    0.00    0.00   38.14
19:44:16       3    6.00    0.00   40.00    0.00    0.00   17.00    0.00    0.00    0.00   37.00

19:44:16     CPU    %usr   %nice    %sys %iowait    %irq   %soft  %steal  %guest  %gnice   %idle
19:44:17     all    6.13    0.00   33.07    0.00    0.00   27.20    0.00    0.00    0.00   33.60
19:44:17       0    4.08    0.00   41.84    0.00    0.00   18.37    0.00    0.00    0.00   35.71
19:44:17       1    4.44    0.00   21.11    0.00    0.00   46.67    0.00    0.00    0.00   27.78
19:44:17       2    5.49    0.00   31.87    0.00    0.00   27.47    0.00    0.00    0.00   35.16
19:44:17       3   10.42    0.00   36.46    0.00    0.00   17.71    0.00    0.00    0.00   35.42

19:44:17     CPU    %usr   %nice    %sys %iowait    %irq   %soft  %steal  %guest  %gnice   %idle
19:44:18     all    5.57    0.00   34.75    0.00    0.00   30.50    0.00    0.00    0.00   29.18
19:44:18       0    8.51    0.00   38.30    0.00    0.00   23.40    0.00    0.00    0.00   29.79
19:44:18       1    2.30    0.00   20.69    0.00    0.00   49.43    0.00    0.00    0.00   27.59
19:44:18       2    4.04    0.00   39.39    0.00    0.00   29.29    0.00    0.00    0.00   27.27
19:44:18       3    7.22    0.00   39.18    0.00    0.00   21.65    0.00    0.00    0.00   31.96

19:44:18     CPU    %usr   %nice    %sys %iowait    %irq   %soft  %steal  %guest  %gnice   %idle
19:44:19     all    4.88    0.00   35.23    0.00    0.00   27.64    0.00    0.00    0.00   32.25
19:44:19       0    6.52    0.00   39.13    0.00    0.00   17.39    0.00    0.00    0.00   36.96
19:44:19       1    2.22    0.00   20.00    0.00    0.00   47.78    0.00    0.00    0.00   30.00
19:44:19       2    3.23    0.00   41.94    0.00    0.00   25.81    0.00    0.00    0.00   29.03
19:44:19       3    7.45    0.00   39.36    0.00    0.00   20.21    0.00    0.00    0.00   32.98

19:44:19     CPU    %usr   %nice    %sys %iowait    %irq   %soft  %steal  %guest  %gnice   %idle
19:44:20     all    6.56    0.00   33.33    0.00    0.00   28.87    0.00    0.00    0.00   31.23
19:44:20       0    8.51    0.00   38.30    0.00    0.00   21.28    0.00    0.00    0.00   31.91
19:44:20       1    3.06    0.00   23.47    0.00    0.00   47.96    0.00    0.00    0.00   25.51
19:44:20       2    5.32    0.00   38.30    0.00    0.00   29.79    0.00    0.00    0.00   26.60
19:44:20       3    9.47    0.00   33.68    0.00    0.00   15.79    0.00    0.00    0.00   41.05

19:44:20     CPU    %usr   %nice    %sys %iowait    %irq   %soft  %steal  %guest  %gnice   %idle
19:44:21     all    4.68    0.00   29.35    0.00    0.00   30.13    0.00    0.00    0.00   35.84
19:44:21       0    5.10    0.00   32.65    0.00    0.00   19.39    0.00    0.00    0.00   42.86
19:44:21       1    3.30    0.00   21.98    0.00    0.00   50.55    0.00    0.00    0.00   24.18
19:44:21       2    5.21    0.00   31.25    0.00    0.00   27.08    0.00    0.00    0.00   36.46
19:44:21       3    5.00    0.00   31.00    0.00    0.00   25.00    0.00    0.00    0.00   39.00

19:44:21     CPU    %usr   %nice    %sys %iowait    %irq   %soft  %steal  %guest  %gnice   %idle
19:44:22     all    5.01    0.00   32.98    0.00    0.00   27.97    0.00    0.00    0.00   34.04
19:44:22       0    7.22    0.00   35.05    0.00    0.00   17.53    0.00    0.00    0.00   40.21
19:44:22       1    2.22    0.00   22.22    0.00    0.00   52.22    0.00    0.00    0.00   23.33
19:44:22       2    5.49    0.00   35.16    0.00    0.00   21.98    0.00    0.00    0.00   37.36
19:44:22       3    4.95    0.00   38.61    0.00    0.00   21.78    0.00    0.00    0.00   34.65

19:44:22     CPU    %usr   %nice    %sys %iowait    %irq   %soft  %steal  %guest  %gnice   %idle
19:44:23     all    4.59    0.00   30.61    0.00    0.00   31.89    0.00    0.00    0.00   32.91
19:44:23       0    5.94    0.00   34.65    0.00    0.00   14.85    0.00    0.00    0.00   44.55
19:44:23       1    1.03    0.00    4.12    0.00    0.00   88.66    0.00    0.00    0.00    6.19
19:44:23       2    7.14    0.00   40.82    0.00    0.00   15.31    0.00    0.00    0.00   36.73
19:44:23       3    4.17    0.00   42.71    0.00    0.00    9.38    0.00    0.00    0.00   43.75

19:44:23     CPU    %usr   %nice    %sys %iowait    %irq   %soft  %steal  %guest  %gnice   %idle
19:44:24     all    2.81    0.00   29.34    0.00    0.00   35.46    0.00    0.00    0.00   32.40
19:44:24       0    4.17    0.00   42.71    0.00    0.00   13.54    0.00    0.00    0.00   39.58
19:44:24       1    0.00    0.00    0.00    0.00    0.00  100.00    0.00    0.00    0.00    0.00
19:44:24       2    4.04    0.00   38.38    0.00    0.00   12.12    0.00    0.00    0.00   45.45
19:44:24       3    3.09    0.00   37.11    0.00    0.00   14.43    0.00    0.00    0.00   45.36

19:44:24     CPU    %usr   %nice    %sys %iowait    %irq   %soft  %steal  %guest  %gnice   %idle
19:44:25     all    5.82    0.00   26.84    0.00    0.00   37.97    0.00    0.00    0.00   29.37
19:44:25       0    8.25    0.00   31.96    0.00    0.00   19.59    0.00    0.00    0.00   40.21
19:44:25       1    0.00    0.00    0.00    0.00    0.00  100.00    0.00    0.00    0.00    0.00
19:44:25       2    9.00    0.00   43.00    0.00    0.00   17.00    0.00    0.00    0.00   31.00
19:44:25       3    6.12    0.00   32.65    0.00    0.00   14.29    0.00    0.00    0.00   46.94

19:44:25     CPU    %usr   %nice    %sys %iowait    %irq   %soft  %steal  %guest  %gnice   %idle
19:44:26     all    3.60    0.00   27.51    0.00    0.00   36.50    0.00    0.00    0.00   32.39
19:44:26       0    4.26    0.00   37.23    0.00    0.00   13.83    0.00    0.00    0.00   44.68
19:44:26       1    0.00    0.00    0.00    0.00    0.00  100.00    0.00    0.00    0.00    0.00
19:44:26       2    4.08    0.00   35.71    0.00    0.00   15.31    0.00    0.00    0.00   44.90
19:44:26       3    6.19    0.00   38.14    0.00    0.00   14.43    0.00    0.00    0.00   41.24

19:44:26     CPU    %usr   %nice    %sys %iowait    %irq   %soft  %steal  %guest  %gnice   %idle
19:44:27     all    3.82    0.00   24.43    0.00    0.00   32.82    0.00    0.00    0.00   38.93
19:44:27       0    5.15    0.00   28.87    0.00    0.00    6.19    0.00    0.00    0.00   59.79
19:44:27       1    0.00    0.00    0.00    0.00    0.00  100.00    0.00    0.00    0.00    0.00
19:44:27       2    5.05    0.00   35.35    0.00    0.00   11.11    0.00    0.00    0.00   48.48
19:44:27       3    5.15    0.00   34.02    0.00    0.00   12.37    0.00    0.00    0.00   48.45

19:44:27     CPU    %usr   %nice    %sys %iowait    %irq   %soft  %steal  %guest  %gnice   %idle
19:44:28     all    3.26    0.00   22.81    0.00    0.00   32.08    0.00    0.00    0.00   41.85
19:44:28       0    3.96    0.00   27.72    0.00    0.00    8.91    0.00    0.00    0.00   59.41
19:44:28       1    0.00    0.00    0.00    0.00    0.00  100.00    0.00    0.00    0.00    0.00
19:44:28       2    4.95    0.00   30.69    0.00    0.00   10.89    0.00    0.00    0.00   53.47
19:44:28       3    4.12    0.00   32.99    0.00    0.00    8.25    0.00    0.00    0.00   54.64

19:44:28     CPU    %usr   %nice    %sys %iowait    %irq   %soft  %steal  %guest  %gnice   %idle
19:44:29     all    2.08    0.00   20.31    0.00    0.00   32.29    0.00    0.00    0.00   45.31
19:44:29       0    2.17    0.00   28.26    0.00    0.00    8.70    0.00    0.00    0.00   60.87
19:44:29       1    0.00    0.00    0.00    0.00    0.00  100.00    0.00    0.00    0.00    0.00
19:44:29       2    4.17    0.00   27.08    0.00    0.00    5.21    0.00    0.00    0.00   63.54
19:44:29       3    2.08    0.00   27.08    0.00    0.00   11.46    0.00    0.00    0.00   59.38

19:44:29     CPU    %usr   %nice    %sys %iowait    %irq   %soft  %steal  %guest  %gnice   %idle
19:44:30     all    3.78    0.00   21.91    0.00    0.00   30.23    0.00    0.00    0.00   44.08
19:44:30       0    4.90    0.00   25.49    0.00    0.00    6.86    0.00    0.00    0.00   62.75
19:44:30       1    0.00    0.00    0.00    0.00    0.00  100.00    0.00    0.00    0.00    0.00
19:44:30       2    4.40    0.00   25.27    0.00    0.00    6.59    0.00    0.00    0.00   63.74
19:44:30       3    5.77    0.00   36.54    0.00    0.00    6.73    0.00    0.00    0.00   50.96

19:44:30     CPU    %usr   %nice    %sys %iowait    %irq   %soft  %steal  %guest  %gnice   %idle
19:44:31     all    3.91    0.00   20.31    0.00    0.00   32.55    0.00    0.00    0.00   43.23
19:44:31       0    4.00    0.00   25.00    0.00    0.00   12.00    0.00    0.00    0.00   59.00
19:44:31       1    0.00    0.00    1.08    0.00    0.00   97.85    0.00    0.00    0.00    1.08
19:44:31       2    7.22    0.00   28.87    0.00    0.00   10.31    0.00    0.00    0.00   53.61
19:44:31       3    4.26    0.00   25.53    0.00    0.00   12.77    0.00    0.00    0.00   57.45

19:44:31     CPU    %usr   %nice    %sys %iowait    %irq   %soft  %steal  %guest  %gnice   %idle
19:44:32     all    3.22    0.00   26.81    0.00    0.00   21.45    0.27    0.00    0.00   48.26
19:44:32       0    4.35    0.00   28.26    0.00    0.00   11.96    0.00    0.00    0.00   55.43
19:44:32       1    0.00    0.00   11.39    0.00    0.00   58.23    0.00    0.00    0.00   30.38
19:44:32       2    4.95    0.00   30.69    0.00    0.00   11.88    0.99    0.00    0.00   51.49
19:44:32       3    2.97    0.00   33.66    0.00    0.00   10.89    0.00    0.00    0.00   52.48

19:44:32     CPU    %usr   %nice    %sys %iowait    %irq   %soft  %steal  %guest  %gnice   %idle
19:44:33     all    4.47    0.00   30.26    0.00    0.00   18.68    0.00    0.00    0.00   46.58
19:44:33       0    5.10    0.00   32.65    0.00    0.00   14.29    0.00    0.00    0.00   47.96
19:44:33       1    1.15    0.00   22.99    0.00    0.00   32.18    0.00    0.00    0.00   43.68
19:44:33       2    7.29    0.00   30.21    0.00    0.00   14.58    0.00    0.00    0.00   47.92
19:44:33       3    4.04    0.00   34.34    0.00    0.00   15.15    0.00    0.00    0.00   46.46

19:44:33     CPU    %usr   %nice    %sys %iowait    %irq   %soft  %steal  %guest  %gnice   %idle
19:44:34     all    4.17    0.00   26.11    0.00    0.00   17.22    0.00    0.00    0.00   52.50
19:44:34       0    5.26    0.00   31.58    0.00    0.00   15.79    0.00    0.00    0.00   47.37
19:44:34       1    2.47    0.00   19.75    0.00    0.00   25.93    0.00    0.00    0.00   51.85
19:44:34       2    4.40    0.00   29.67    0.00    0.00   16.48    0.00    0.00    0.00   49.45
19:44:34       3    4.30    0.00   22.58    0.00    0.00   11.83    0.00    0.00    0.00   61.29

19:44:34     CPU    %usr   %nice    %sys %iowait    %irq   %soft  %steal  %guest  %gnice   %idle
19:44:35     all    3.50    0.00   28.03    0.00    0.00   15.36    0.00    0.00    0.00   53.10
19:44:35       0    4.00    0.00   31.00    0.00    0.00   14.00    0.00    0.00    0.00   51.00
19:44:35       1    2.47    0.00   22.22    0.00    0.00   22.22    0.00    0.00    0.00   53.09
19:44:35       2    3.16    0.00   30.53    0.00    0.00   11.58    0.00    0.00    0.00   54.74
19:44:35       3    4.21    0.00   27.37    0.00    0.00   14.74    0.00    0.00    0.00   53.68

19:44:35     CPU    %usr   %nice    %sys %iowait    %irq   %soft  %steal  %guest  %gnice   %idle
19:44:36     all    4.83    0.00   28.69    0.00    0.00   17.69    0.00    0.00    0.00   48.79
19:44:36       0    4.17    0.00   29.17    0.00    0.00   12.50    0.00    0.00    0.00   54.17
19:44:36       1    3.66    0.00   23.17    0.00    0.00   26.83    0.00    0.00    0.00   46.34
19:44:36       2    3.16    0.00   31.58    0.00    0.00   16.84    0.00    0.00    0.00   48.42
19:44:36       3    8.00    0.00   30.00    0.00    0.00   16.00    0.00    0.00    0.00   46.00

19:44:36     CPU    %usr   %nice    %sys %iowait    %irq   %soft  %steal  %guest  %gnice   %idle
19:44:37     all    3.90    0.00   28.41    0.00    0.00   20.33    0.00    0.00    0.00   47.35
19:44:37       0    5.68    0.00   29.55    0.00    0.00   13.64    0.00    0.00    0.00   51.14
19:44:37       1    1.18    0.00   20.00    0.00    0.00   32.94    0.00    0.00    0.00   45.88
19:44:37       2    2.30    0.00   26.44    0.00    0.00   19.54    0.00    0.00    0.00   51.72
19:44:37       3    6.06    0.00   36.36    0.00    0.00   16.16    0.00    0.00    0.00   41.41

19:44:37     CPU    %usr   %nice    %sys %iowait    %irq   %soft  %steal  %guest  %gnice   %idle
19:44:38     all    4.77    0.00   26.26    0.00    0.00   24.14    0.00    0.00    0.00   44.83
19:44:38       0    5.15    0.00   24.74    0.00    0.00   20.62    0.00    0.00    0.00   49.48
19:44:38       1    4.65    0.00   16.28    0.00    0.00   32.56    0.00    0.00    0.00   46.51
19:44:38       2    5.10    0.00   28.57    0.00    0.00   24.49    0.00    0.00    0.00   41.84
19:44:38       3    4.17    0.00   34.38    0.00    0.00   19.79    0.00    0.00    0.00   41.67

19:44:38     CPU    %usr   %nice    %sys %iowait    %irq   %soft  %steal  %guest  %gnice   %idle
19:44:39     all    3.72    0.00   31.65    0.00    0.00   19.15    0.00    0.00    0.00   45.48
19:44:39       0    4.21    0.00   32.63    0.00    0.00   16.84    0.00    0.00    0.00   46.32
19:44:39       1    2.38    0.00   25.00    0.00    0.00   30.95    0.00    0.00    0.00   41.67
19:44:39       2    5.15    0.00   26.80    0.00    0.00   17.53    0.00    0.00    0.00   50.52
19:44:39       3    3.00    0.00   41.00    0.00    0.00   13.00    0.00    0.00    0.00   43.00

19:44:39     CPU    %usr   %nice    %sys %iowait    %irq   %soft  %steal  %guest  %gnice   %idle
19:44:40     all    4.05    0.00   30.00    0.00    0.00   18.11    0.00    0.00    0.00   47.84
19:44:40       0    4.04    0.00   34.34    0.00    0.00   16.16    0.00    0.00    0.00   45.45
19:44:40       1    3.66    0.00   21.95    0.00    0.00   30.49    0.00    0.00    0.00   43.90
19:44:40       2    5.38    0.00   27.96    0.00    0.00   16.13    0.00    0.00    0.00   50.54
19:44:40       3    3.12    0.00   34.38    0.00    0.00   11.46    0.00    0.00    0.00   51.04

19:44:40     CPU    %usr   %nice    %sys %iowait    %irq   %soft  %steal  %guest  %gnice   %idle
19:44:41     all    5.42    0.00   31.17    0.00    0.00   15.45    0.00    0.00    0.00   47.97
19:44:41       0    7.92    0.00   34.65    0.00    0.00    6.93    0.00    0.00    0.00   50.50
19:44:41       1    4.94    0.00   22.22    0.00    0.00   30.86    0.00    0.00    0.00   41.98
19:44:41       2    4.40    0.00   29.67    0.00    0.00   16.48    0.00    0.00    0.00   49.45
19:44:41       3    4.17    0.00   36.46    0.00    0.00   10.42    0.00    0.00    0.00   48.96

19:44:41     CPU    %usr   %nice    %sys %iowait    %irq   %soft  %steal  %guest  %gnice   %idle
19:44:42     all    1.56    0.00   16.10    0.00    0.00   11.17    0.00    0.00    0.00   71.17
19:44:42       0    3.12    0.00   18.75    0.00    0.00    6.25    0.00    0.00    0.00   71.88
19:44:42       1    0.00    0.00   11.83    0.00    0.00   20.43    0.00    0.00    0.00   67.74
19:44:42       2    2.00    0.00   16.00    0.00    0.00   10.00    0.00    0.00    0.00   72.00
19:44:42       3    1.04    0.00   17.71    0.00    0.00    8.33    0.00    0.00    0.00   72.92

19:44:42     CPU    %usr   %nice    %sys %iowait    %irq   %soft  %steal  %guest  %gnice   %idle
19:44:43     all    0.25    0.00    1.01    0.00    0.00    0.00    0.00    0.00    0.00   98.74
19:44:43       0    0.00    0.00    1.01    0.00    0.00    0.00    0.00    0.00    0.00   98.99
19:44:43       1    0.00    0.00    0.00    0.00    0.00    0.00    0.00    0.00    0.00  100.00
19:44:43       2    0.00    0.00    1.02    0.00    0.00    0.00    0.00    0.00    0.00   98.98
19:44:43       3    0.99    0.00    1.98    0.00    0.00    0.00    0.00    0.00    0.00   97.03

19:44:43     CPU    %usr   %nice    %sys %iowait    %irq   %soft  %steal  %guest  %gnice   %idle
19:44:44     all    0.50    0.00    0.76    0.25    0.00    0.00    0.00    0.00    0.00   98.49
19:44:44       0    0.99    0.00    1.98    0.99    0.00    0.00    0.00    0.00    0.00   96.04
19:44:44       1    0.00    0.00    1.00    0.00    0.00    0.00    0.00    0.00    0.00   99.00
19:44:44       2    0.00    0.00    0.00    0.00    0.00    0.00    0.00    0.00    0.00  100.00
19:44:44       3    1.03    0.00    0.00    0.00    0.00    0.00    0.00    0.00    0.00   98.97

19:44:44     CPU    %usr   %nice    %sys %iowait    %irq   %soft  %steal  %guest  %gnice   %idle
19:44:45     all    0.50    0.00    1.26    0.00    0.00    0.00    0.00    0.00    0.00   98.24
19:44:45       0    0.00    0.00    0.00    0.00    0.00    0.00    0.00    0.00    0.00  100.00
19:44:45       1    0.98    0.00    2.94    0.00    0.00    0.00    0.00    0.00    0.00   96.08
19:44:45       2    1.00    0.00    1.00    0.00    0.00    0.00    0.00    0.00    0.00   98.00
19:44:45       3    0.00    0.00    1.02    0.00    0.00    0.00    0.00    0.00    0.00   98.98

19:44:45     CPU    %usr   %nice    %sys %iowait    %irq   %soft  %steal  %guest  %gnice   %idle
19:44:46     all    2.74    0.00    5.49    0.00    0.00    0.00    0.00    0.00    0.00   91.77
19:44:46       0    0.00    0.00    6.00    0.00    0.00    0.00    0.00    0.00    0.00   94.00
19:44:46       1    4.04    0.00    5.05    0.00    0.00    0.00    0.00    0.00    0.00   90.91
19:44:46       2    3.92    0.00    5.88    0.00    0.00    0.00    0.00    0.00    0.00   90.20
19:44:46       3    3.00    0.00    5.00    0.00    0.00    0.00    0.00    0.00    0.00   92.00

19:44:46     CPU    %usr   %nice    %sys %iowait    %irq   %soft  %steal  %guest  %gnice   %idle
19:44:47     all    0.25    0.00    1.01    0.00    0.00    0.00    0.00    0.00    0.00   98.74
19:44:47       0    1.00    0.00    1.00    0.00    0.00    0.00    0.00    0.00    0.00   98.00
19:44:47       1    0.00    0.00    1.01    0.00    0.00    0.00    0.00    0.00    0.00   98.99
19:44:47       2    0.00    0.00    0.00    0.00    0.00    0.00    0.00    0.00    0.00  100.00
19:44:47       3    0.00    0.00    2.02    0.00    0.00    0.00    0.00    0.00    0.00   97.98

19:44:47     CPU    %usr   %nice    %sys %iowait    %irq   %soft  %steal  %guest  %gnice   %idle
19:44:48     all    0.25    0.00    1.01    0.00    0.00    0.00    0.00    0.00    0.00   98.74
19:44:48       0    0.00    0.00    2.00    0.00    0.00    0.00    0.00    0.00    0.00   98.00
19:44:48       1    0.00    0.00    1.01    0.00    0.00    0.00    0.00    0.00    0.00   98.99
19:44:48       2    1.00    0.00    0.00    0.00    0.00    0.00    0.00    0.00    0.00   99.00
19:44:48       3    0.00    0.00    1.01    0.00    0.00    0.00    0.00    0.00    0.00   98.99

19:44:48     CPU    %usr   %nice    %sys %iowait    %irq   %soft  %steal  %guest  %gnice   %idle
19:44:49     all    0.25    0.00    1.01    0.00    0.00    0.00    0.00    0.00    0.00   98.74
19:44:49       0    1.00    0.00    1.00    0.00    0.00    0.00    0.00    0.00    0.00   98.00
19:44:49       1    0.00    0.00    1.02    0.00    0.00    0.00    0.00    0.00    0.00   98.98
19:44:49       2    0.00    0.00    0.00    0.00    0.00    0.00    0.00    0.00    0.00  100.00
19:44:49       3    0.00    0.00    2.02    0.00    0.00    0.00    0.00    0.00    0.00   97.98

19:44:49     CPU    %usr   %nice    %sys %iowait    %irq   %soft  %steal  %guest  %gnice   %idle
19:44:50     all    0.75    0.00    1.00    0.00    0.00    0.00    0.00    0.00    0.00   98.25
19:44:50       0    0.00    0.00    0.00    0.00    0.00    0.00    0.00    0.00    0.00  100.00
19:44:50       1    0.99    0.00    1.98    0.00    0.00    0.00    0.00    0.00    0.00   97.03
19:44:50       2    0.99    0.00    0.99    0.00    0.00    0.00    0.00    0.00    0.00   98.02
19:44:50       3    1.01    0.00    1.01    0.00    0.00    0.00    0.00    0.00    0.00   97.98

19:44:50     CPU    %usr   %nice    %sys %iowait    %irq   %soft  %steal  %guest  %gnice   %idle
19:44:51     all    2.54    0.00    3.81    0.00    0.00    0.25    0.00    0.00    0.00   93.40
19:44:51       0    0.00    0.00    2.04    0.00    0.00    1.02    0.00    0.00    0.00   96.94
19:44:51       1    5.05    0.00    4.04    0.00    0.00    0.00    0.00    0.00    0.00   90.91
19:44:51       2    3.03    0.00    5.05    0.00    0.00    0.00    0.00    0.00    0.00   91.92
19:44:51       3    2.04    0.00    4.08    0.00    0.00    0.00    0.00    0.00    0.00   93.88

19:44:51     CPU    %usr   %nice    %sys %iowait    %irq   %soft  %steal  %guest  %gnice   %idle
19:44:52     all    0.25    0.00    1.01    0.00    0.00    0.00    0.00    0.00    0.00   98.74
19:44:52       0    0.00    0.00    0.00    0.00    0.00    0.00    0.00    0.00    0.00  100.00
19:44:52       1    0.00    0.00    1.00    0.00    0.00    0.00    0.00    0.00    0.00   99.00
19:44:52       2    0.00    0.00    1.01    0.00    0.00    0.00    0.00    0.00    0.00   98.99
19:44:52       3    1.00    0.00    2.00    0.00    0.00    0.00    0.00    0.00    0.00   97.00

19:44:52     CPU    %usr   %nice    %sys %iowait    %irq   %soft  %steal  %guest  %gnice   %idle
19:44:53     all    0.25    0.00    1.01    0.00    0.00    0.00    0.00    0.00    0.00   98.74
19:44:53       0    0.00    0.00    1.98    0.00    0.00    0.00    0.00    0.00    0.00   98.02
19:44:53       1    0.00    0.00    1.01    0.00    0.00    0.00    0.00    0.00    0.00   98.99
19:44:53       2    0.99    0.00    0.99    0.00    0.00    0.00    0.00    0.00    0.00   98.02
19:44:53       3    0.00    0.00    0.00    0.00    0.00    0.00    0.00    0.00    0.00  100.00

19:44:53     CPU    %usr   %nice    %sys %iowait    %irq   %soft  %steal  %guest  %gnice   %idle
19:44:54     all    2.28    0.00    3.04    0.00    0.00    0.00    0.00    0.00    0.00   94.68
19:44:54       0    1.01    0.00    3.03    0.00    0.00    0.00    0.00    0.00    0.00   95.96
19:44:54       1    6.00    0.00    3.00    0.00    0.00    0.00    0.00    0.00    0.00   91.00
19:44:54       2    1.02    0.00    3.06    0.00    0.00    0.00    0.00    0.00    0.00   95.92
19:44:54       3    1.02    0.00    3.06    0.00    0.00    0.00    0.00    0.00    0.00   95.92

19:44:54     CPU    %usr   %nice    %sys %iowait    %irq   %soft  %steal  %guest  %gnice   %idle
19:44:55     all    0.25    0.00    0.76    0.00    0.00    0.00    0.00    0.00    0.00   98.99
19:44:55       0    1.01    0.00    0.00    0.00    0.00    0.00    0.00    0.00    0.00   98.99
19:44:55       1    0.00    0.00    0.00    0.00    0.00    0.00    0.00    0.00    0.00  100.00
19:44:55       2    0.00    0.00    1.00    0.00    0.00    0.00    0.00    0.00    0.00   99.00
19:44:55       3    0.00    0.00    2.02    0.00    0.00    0.00    0.00    0.00    0.00   97.98

19:44:55     CPU    %usr   %nice    %sys %iowait    %irq   %soft  %steal  %guest  %gnice   %idle
19:44:56     all    1.76    0.00    2.51    0.00    0.00    0.00    0.00    0.00    0.00   95.73
19:44:56       0    0.00    0.00    1.01    0.00    0.00    0.00    0.00    0.00    0.00   98.99
19:44:56       1    2.02    0.00    3.03    0.00    0.00    0.00    0.00    0.00    0.00   94.95
19:44:56       2    2.97    0.00    3.96    0.00    0.00    0.00    0.00    0.00    0.00   93.07
19:44:56       3    2.02    0.00    2.02    0.00    0.00    0.00    0.00    0.00    0.00   95.96

19:44:56     CPU    %usr   %nice    %sys %iowait    %irq   %soft  %steal  %guest  %gnice   %idle
19:44:57     all    2.00    0.00    3.00    0.00    0.00    0.25    0.00    0.00    0.00   94.75
19:44:57       0    1.96    0.00    6.86    0.00    0.00    0.98    0.00    0.00    0.00   90.20
19:44:57       1    0.00    0.00    2.04    0.00    0.00    0.00    0.00    0.00    0.00   97.96
19:44:57       2    1.00    0.00    2.00    0.00    0.00    0.00    0.00    0.00    0.00   97.00
19:44:57       3    5.00    0.00    1.00    0.00    0.00    0.00    0.00    0.00    0.00   94.00

19:44:57     CPU    %usr   %nice    %sys %iowait    %irq   %soft  %steal  %guest  %gnice   %idle
19:44:58     all    0.00    0.00    1.01    0.00    0.00    0.00    0.00    0.00    0.00   98.99
19:44:58       0    0.00    0.00    3.03    0.00    0.00    0.00    0.00    0.00    0.00   96.97
19:44:58       1    0.00    0.00    0.00    0.00    0.00    0.00    0.00    0.00    0.00  100.00
19:44:58       2    0.00    0.00    1.01    0.00    0.00    0.00    0.00    0.00    0.00   98.99
19:44:58       3    0.00    0.00    0.00    0.00    0.00    0.00    0.00    0.00    0.00  100.00

19:44:58     CPU    %usr   %nice    %sys %iowait    %irq   %soft  %steal  %guest  %gnice   %idle
19:44:59     all    0.51    0.00    0.76    0.25    0.00    0.00    0.00    0.00    0.00   98.48
19:44:59       0    0.00    0.00    1.01    1.01    0.00    0.00    0.00    0.00    0.00   97.98
19:44:59       1    1.01    0.00    0.00    0.00    0.00    0.00    0.00    0.00    0.00   98.99
19:44:59       2    1.01    0.00    1.01    0.00    0.00    0.00    0.00    0.00    0.00   97.98
19:44:59       3    0.00    0.00    1.01    0.00    0.00    0.00    0.00    0.00    0.00   98.99

19:44:59     CPU    %usr   %nice    %sys %iowait    %irq   %soft  %steal  %guest  %gnice   %idle
19:45:00     all    0.25    0.00    1.75    0.00    0.00    0.00    0.00    0.00    0.00   97.99
19:45:00       0    1.00    0.00    2.00    0.00    0.00    0.00    0.00    0.00    0.00   97.00
19:45:00       1    0.00    0.00    0.00    0.00    0.00    0.00    0.00    0.00    0.00  100.00
19:45:00       2    0.00    0.00    2.02    0.00    0.00    0.00    0.00    0.00    0.00   97.98
19:45:00       3    0.00    0.00    2.97    0.00    0.00    0.00    0.00    0.00    0.00   97.03

19:45:00     CPU    %usr   %nice    %sys %iowait    %irq   %soft  %steal  %guest  %gnice   %idle
19:45:01     all    1.00    0.00    1.25    0.00    0.00    0.00    0.00    0.00    0.00   97.74
19:45:01       0    1.01    0.00    1.01    0.00    0.00    0.00    0.00    0.00    0.00   97.98
19:45:01       1    1.00    0.00    1.00    0.00    0.00    0.00    0.00    0.00    0.00   98.00
19:45:01       2    1.00    0.00    2.00    0.00    0.00    0.00    0.00    0.00    0.00   97.00
19:45:01       3    1.00    0.00    1.00    0.00    0.00    0.00    0.00    0.00    0.00   98.00

19:45:01     CPU    %usr   %nice    %sys %iowait    %irq   %soft  %steal  %guest  %gnice   %idle
19:45:02     all    2.79    0.00    2.79    0.00    0.00    0.25    0.00    0.00    0.00   94.16
19:45:02       0    4.08    0.00    2.04    0.00    0.00    0.00    0.00    0.00    0.00   93.88
19:45:02       1    1.02    0.00    1.02    0.00    0.00    1.02    0.00    0.00    0.00   96.94
19:45:02       2    2.02    0.00    4.04    0.00    0.00    0.00    0.00    0.00    0.00   93.94
19:45:02       3    4.04    0.00    4.04    0.00    0.00    0.00    0.00    0.00    0.00   91.92

19:45:02     CPU    %usr   %nice    %sys %iowait    %irq   %soft  %steal  %guest  %gnice   %idle
19:45:03     all    0.25    0.00    0.76    0.00    0.00    0.00    0.00    0.00    0.00   98.99
19:45:03       0    0.00    0.00    1.02    0.00    0.00    0.00    0.00    0.00    0.00   98.98
19:45:03       1    0.00    0.00    0.00    0.00    0.00    0.00    0.00    0.00    0.00  100.00
19:45:03       2    0.00    0.00    1.01    0.00    0.00    0.00    0.00    0.00    0.00   98.99
19:45:03       3    0.99    0.00    0.99    0.00    0.00    0.00    0.00    0.00    0.00   98.02

19:45:03     CPU    %usr   %nice    %sys %iowait    %irq   %soft  %steal  %guest  %gnice   %idle
19:45:04     all    0.50    0.00    1.75    0.00    0.00    0.00    0.00    0.00    0.00   97.76
19:45:04       0    0.00    0.00    1.01    0.00    0.00    0.00    0.00    0.00    0.00   98.99
19:45:04       1    1.00    0.00    2.00    0.00    0.00    0.00    0.00    0.00    0.00   97.00
19:45:04       2    0.00    0.00    1.98    0.00    0.00    0.00    0.00    0.00    0.00   98.02
19:45:04       3    0.99    0.00    1.98    0.00    0.00    0.00    0.00    0.00    0.00   97.03

19:45:04     CPU    %usr   %nice    %sys %iowait    %irq   %soft  %steal  %guest  %gnice   %idle
19:45:05     all    0.25    0.00    0.76    0.00    0.00    0.25    0.00    0.00    0.00   98.74
19:45:05       0    0.00    0.00    1.98    0.00    0.00    0.99    0.00    0.00    0.00   97.03
19:45:05       1    0.00    0.00    1.02    0.00    0.00    0.00    0.00    0.00    0.00   98.98
19:45:05       2    0.00    0.00    0.00    0.00    0.00    0.00    0.00    0.00    0.00  100.00
19:45:05       3    1.01    0.00    0.00    0.00    0.00    0.00    0.00    0.00    0.00   98.99

19:45:05     CPU    %usr   %nice    %sys %iowait    %irq   %soft  %steal  %guest  %gnice   %idle
19:45:06     all    0.25    0.00    1.75    0.00    0.00    0.00    0.00    0.00    0.00   98.00
19:45:06       0    0.00    0.00    1.01    0.00    0.00    0.00    0.00    0.00    0.00   98.99
19:45:06       1    0.99    0.00    2.97    0.00    0.00    0.00    0.00    0.00    0.00   96.04
19:45:06       2    0.00    0.00    1.00    0.00    0.00    0.00    0.00    0.00    0.00   99.00
19:45:06       3    0.00    0.00    2.00    0.00    0.00    0.00    0.00    0.00    0.00   98.00

19:45:06     CPU    %usr   %nice    %sys %iowait    %irq   %soft  %steal  %guest  %gnice   %idle
19:45:07     all    2.78    0.00    4.05    0.25    0.00    0.00    0.00    0.00    0.00   92.91
19:45:07       0    2.04    0.00    3.06    0.00    0.00    0.00    0.00    0.00    0.00   94.90
19:45:07       1    2.97    0.00    4.95    0.99    0.00    0.00    0.00    0.00    0.00   91.09
19:45:07       2    2.02    0.00    5.05    0.00    0.00    0.00    0.00    0.00    0.00   92.93
19:45:07       3    4.12    0.00    3.09    0.00    0.00    0.00    0.00    0.00    0.00   92.78

19:45:07     CPU    %usr   %nice    %sys %iowait    %irq   %soft  %steal  %guest  %gnice   %idle
19:45:08     all    0.25    0.00    1.50    0.00    0.00    0.00    0.00    0.00    0.00   98.25
19:45:08       0    0.99    0.00    1.98    0.00    0.00    0.00    0.00    0.00    0.00   97.03
19:45:08       1    0.00    0.00    0.00    0.00    0.00    0.00    0.00    0.00    0.00  100.00
19:45:08       2    0.00    0.00    3.00    0.00    0.00    0.00    0.00    0.00    0.00   97.00
19:45:08       3    0.00    0.00    1.00    0.00    0.00    0.00    0.00    0.00    0.00   99.00

19:45:08     CPU    %usr   %nice    %sys %iowait    %irq   %soft  %steal  %guest  %gnice   %idle
19:45:09     all    0.00    0.00    0.26    0.00    0.00    0.00    0.00    0.00    0.00   99.74
19:45:09       0    0.00    0.00    0.00    0.00    0.00    0.00    0.00    0.00    0.00  100.00
19:45:09       1    0.00    0.00    0.00    0.00    0.00    0.00    0.00    0.00    0.00  100.00
19:45:09       2    0.00    0.00    0.00    0.00    0.00    0.00    0.00    0.00    0.00  100.00
19:45:09       3    0.00    0.00    1.01    0.00    0.00    0.00    0.00    0.00    0.00   98.99

19:45:09     CPU    %usr   %nice    %sys %iowait    %irq   %soft  %steal  %guest  %gnice   %idle
19:45:10     all    0.25    0.00    1.51    0.00    0.00    0.00    0.00    0.00    0.00   98.24
19:45:10       0    0.99    0.00    2.97    0.00    0.00    0.00    0.00    0.00    0.00   96.04
19:45:10       1    0.00    0.00    1.00    0.00    0.00    0.00    0.00    0.00    0.00   99.00
19:45:10       2    0.00    0.00    2.04    0.00    0.00    0.00    0.00    0.00    0.00   97.96
19:45:10       3    0.00    0.00    0.00    0.00    0.00    0.00    0.00    0.00    0.00  100.00

19:45:10     CPU    %usr   %nice    %sys %iowait    %irq   %soft  %steal  %guest  %gnice   %idle
19:45:11     all    2.28    0.00    2.53    0.00    0.00    0.00    0.00    0.00    0.00   95.19
19:45:11       0    1.03    0.00    3.09    0.00    0.00    0.00    0.00    0.00    0.00   95.88
19:45:11       1    4.04    0.00    4.04    0.00    0.00    0.00    0.00    0.00    0.00   91.92
19:45:11       2    2.02    0.00    2.02    0.00    0.00    0.00    0.00    0.00    0.00   95.96
19:45:11       3    2.00    0.00    1.00    0.00    0.00    0.00    0.00    0.00    0.00   97.00

19:45:11     CPU    %usr   %nice    %sys %iowait    %irq   %soft  %steal  %guest  %gnice   %idle
19:45:12     all    3.27    0.00    3.78    0.25    0.00    0.00    0.00    0.00    0.00   92.70
19:45:12       0    2.04    0.00    3.06    1.02    0.00    0.00    0.00    0.00    0.00   93.88
19:45:12       1    3.03    0.00    3.03    0.00    0.00    0.00    0.00    0.00    0.00   93.94
19:45:12       2    6.00    0.00    5.00    0.00    0.00    0.00    0.00    0.00    0.00   89.00
19:45:12       3    2.00    0.00    4.00    0.00    0.00    0.00    0.00    0.00    0.00   94.00

19:45:12     CPU    %usr   %nice    %sys %iowait    %irq   %soft  %steal  %guest  %gnice   %idle
19:45:13     all    2.88    0.00   25.65    0.00    0.00   21.47    0.00    0.00    0.00   50.00
19:45:13       0    3.09    0.00   34.02    0.00    0.00   14.43    0.00    0.00    0.00   48.45
19:45:13       1    2.06    0.00   16.49    0.00    0.00   43.30    0.00    0.00    0.00   38.14
19:45:13       2    4.30    0.00   23.66    0.00    0.00   15.05    0.00    0.00    0.00   56.99
19:45:13       3    2.11    0.00   28.42    0.00    0.00   12.63    0.00    0.00    0.00   56.84

19:45:13     CPU    %usr   %nice    %sys %iowait    %irq   %soft  %steal  %guest  %gnice   %idle
19:45:14     all    4.95    0.00   33.33    0.00    0.00   24.74    0.00    0.00    0.00   36.98
19:45:14       0    6.12    0.00   36.73    0.00    0.00   16.33    0.00    0.00    0.00   40.82
19:45:14       1    3.19    0.00   17.02    0.00    0.00   42.55    0.00    0.00    0.00   37.23
19:45:14       2    4.17    0.00   38.54    0.00    0.00   23.96    0.00    0.00    0.00   33.33
19:45:14       3    6.25    0.00   40.62    0.00    0.00   16.67    0.00    0.00    0.00   36.46

19:45:14     CPU    %usr   %nice    %sys %iowait    %irq   %soft  %steal  %guest  %gnice   %idle
19:45:15     all    6.17    0.00   30.08    0.00    0.00   25.45    0.00    0.00    0.00   38.30
19:45:15       0    4.12    0.00   36.08    0.00    0.00   18.56    0.00    0.00    0.00   41.24
19:45:15       1    3.09    0.00   20.62    0.00    0.00   44.33    0.00    0.00    0.00   31.96
19:45:15       2    8.25    0.00   35.05    0.00    0.00   22.68    0.00    0.00    0.00   34.02
19:45:15       3    9.18    0.00   28.57    0.00    0.00   16.33    0.00    0.00    0.00   45.92

19:45:15     CPU    %usr   %nice    %sys %iowait    %irq   %soft  %steal  %guest  %gnice   %idle
19:45:16     all    3.33    0.00   33.08    0.00    0.00   31.54    0.00    0.00    0.00   32.05
19:45:16       0    2.97    0.00   36.63    0.00    0.00   25.74    0.00    0.00    0.00   34.65
19:45:16       1    2.02    0.00   22.22    0.00    0.00   46.46    0.00    0.00    0.00   29.29
19:45:16       2    4.30    0.00   31.18    0.00    0.00   33.33    0.00    0.00    0.00   31.18
19:45:16       3    4.12    0.00   42.27    0.00    0.00   20.62    0.00    0.00    0.00   32.99

19:45:16     CPU    %usr   %nice    %sys %iowait    %irq   %soft  %steal  %guest  %gnice   %idle
19:45:17     all    7.12    0.00   33.25    0.00    0.00   28.76    0.00    0.00    0.00   30.87
19:45:17       0    7.37    0.00   41.05    0.00    0.00   17.89    0.00    0.00    0.00   33.68
19:45:17       1    5.56    0.00   17.78    0.00    0.00   47.78    0.00    0.00    0.00   28.89
19:45:17       2    9.28    0.00   31.96    0.00    0.00   31.96    0.00    0.00    0.00   26.80
19:45:17       3    6.19    0.00   41.24    0.00    0.00   18.56    0.00    0.00    0.00   34.02

19:45:17     CPU    %usr   %nice    %sys %iowait    %irq   %soft  %steal  %guest  %gnice   %idle
19:45:18     all    5.17    0.00   34.88    0.00    0.00   28.17    0.00    0.00    0.00   31.78
19:45:18       0    7.07    0.00   37.37    0.00    0.00   20.20    0.00    0.00    0.00   35.35
19:45:18       1    4.40    0.00   23.08    0.00    0.00   46.15    0.00    0.00    0.00   26.37
19:45:18       2    3.96    0.00   36.63    0.00    0.00   26.73    0.00    0.00    0.00   32.67
19:45:18       3    5.21    0.00   41.67    0.00    0.00   20.83    0.00    0.00    0.00   32.29

19:45:18     CPU    %usr   %nice    %sys %iowait    %irq   %soft  %steal  %guest  %gnice   %idle
19:45:19     all    5.32    0.00   33.78    0.00    0.00   30.32    0.00    0.00    0.00   30.59
19:45:19       0    6.00    0.00   42.00    0.00    0.00   23.00    0.00    0.00    0.00   29.00
19:45:19       1    3.45    0.00   25.29    0.00    0.00   47.13    0.00    0.00    0.00   24.14
19:45:19       2    5.32    0.00   32.98    0.00    0.00   28.72    0.00    0.00    0.00   32.98
19:45:19       3    6.32    0.00   33.68    0.00    0.00   24.21    0.00    0.00    0.00   35.79

19:45:19     CPU    %usr   %nice    %sys %iowait    %irq   %soft  %steal  %guest  %gnice   %idle
19:45:20     all    4.22    0.00   33.00    0.00    0.00   29.03    0.00    0.00    0.00   33.75
19:45:20       0    4.85    0.00   40.78    0.00    0.00   19.42    0.00    0.00    0.00   34.95
19:45:20       1    2.08    0.00   21.88    0.00    0.00   45.83    0.00    0.00    0.00   30.21
19:45:20       2    2.97    0.00   32.67    0.00    0.00   28.71    0.00    0.00    0.00   35.64
19:45:20       3    6.80    0.00   35.92    0.00    0.00   23.30    0.00    0.00    0.00   33.98

19:45:20     CPU    %usr   %nice    %sys %iowait    %irq   %soft  %steal  %guest  %gnice   %idle
19:45:21     all    4.26    0.00   32.98    0.00    0.00   28.19    0.00    0.00    0.00   34.57
19:45:21       0    7.07    0.00   37.37    0.00    0.00   19.19    0.00    0.00    0.00   36.36
19:45:21       1    3.26    0.00   21.74    0.00    0.00   43.48    0.00    0.00    0.00   31.52
19:45:21       2    3.23    0.00   34.41    0.00    0.00   27.96    0.00    0.00    0.00   34.41
19:45:21       3    3.26    0.00   38.04    0.00    0.00   22.83    0.00    0.00    0.00   35.87

19:45:21     CPU    %usr   %nice    %sys %iowait    %irq   %soft  %steal  %guest  %gnice   %idle
19:45:22     all    5.40    0.00   32.39    0.00    0.00   27.76    0.00    0.00    0.00   34.45
19:45:22       0    8.25    0.00   36.08    0.00    0.00   21.65    0.00    0.00    0.00   34.02
19:45:22       1    6.12    0.00   21.43    0.00    0.00   42.86    0.00    0.00    0.00   29.59
19:45:22       2    4.12    0.00   31.96    0.00    0.00   27.84    0.00    0.00    0.00   36.08
19:45:22       3    3.09    0.00   40.21    0.00    0.00   18.56    0.00    0.00    0.00   38.14

19:45:22     CPU    %usr   %nice    %sys %iowait    %irq   %soft  %steal  %guest  %gnice   %idle
19:45:23     all    5.56    0.00   32.54    0.00    0.00   30.16    0.00    0.00    0.00   31.75
19:45:23       0    7.14    0.00   39.80    0.00    0.00   22.45    0.00    0.00    0.00   30.61
19:45:23       1    2.11    0.00   23.16    0.00    0.00   47.37    0.00    0.00    0.00   27.37
19:45:23       2    6.45    0.00   34.41    0.00    0.00   29.03    0.00    0.00    0.00   30.11
19:45:23       3    6.52    0.00   32.61    0.00    0.00   21.74    0.00    0.00    0.00   39.13

19:45:23     CPU    %usr   %nice    %sys %iowait    %irq   %soft  %steal  %guest  %gnice   %idle
19:45:24     all    5.93    0.00   33.96    0.00    0.00   31.00    0.00    0.00    0.00   29.11
19:45:24       0    7.14    0.00   41.84    0.00    0.00   19.39    0.00    0.00    0.00   31.63
19:45:24       1    5.75    0.00   22.99    0.00    0.00   45.98    0.00    0.00    0.00   25.29
19:45:24       2    3.30    0.00   31.87    0.00    0.00   37.36    0.00    0.00    0.00   27.47
19:45:24       3    7.37    0.00   37.89    0.00    0.00   23.16    0.00    0.00    0.00   31.58

19:45:24     CPU    %usr   %nice    %sys %iowait    %irq   %soft  %steal  %guest  %gnice   %idle
19:45:25     all    6.99    0.00   32.26    0.00    0.00   32.53    0.00    0.00    0.00   28.23
19:45:25       0    7.37    0.00   38.95    0.00    0.00   24.21    0.00    0.00    0.00   29.47
19:45:25       1    7.78    0.00   21.11    0.00    0.00   48.89    0.00    0.00    0.00   22.22
19:45:25       2    5.38    0.00   30.11    0.00    0.00   34.41    0.00    0.00    0.00   30.11
19:45:25       3    7.45    0.00   38.30    0.00    0.00   23.40    0.00    0.00    0.00   30.85

19:45:25     CPU    %usr   %nice    %sys %iowait    %irq   %soft  %steal  %guest  %gnice   %idle
19:45:26     all    4.24    0.00   33.95    0.00    0.00   28.38    0.00    0.00    0.00   33.42
19:45:26       0    5.10    0.00   36.73    0.00    0.00   24.49    0.00    0.00    0.00   33.67
19:45:26       1    2.33    0.00   23.26    0.00    0.00   40.70    0.00    0.00    0.00   33.72
19:45:26       2    6.25    0.00   36.46    0.00    0.00   29.17    0.00    0.00    0.00   28.12
19:45:26       3    3.09    0.00   38.14    0.00    0.00   20.62    0.00    0.00    0.00   38.14

19:45:26     CPU    %usr   %nice    %sys %iowait    %irq   %soft  %steal  %guest  %gnice   %idle
19:45:27     all    5.26    0.00   29.92    0.00    0.00   26.32    0.00    0.00    0.00   38.50
19:45:27       0    5.49    0.00   36.26    0.00    0.00   17.58    0.00    0.00    0.00   40.66
19:45:27       1    4.82    0.00   16.87    0.00    0.00   34.94    0.00    0.00    0.00   43.37
19:45:27       2    4.26    0.00   29.79    0.00    0.00   28.72    0.00    0.00    0.00   37.23
19:45:27       3    6.45    0.00   35.48    0.00    0.00   24.73    0.00    0.00    0.00   33.33

19:45:27     CPU    %usr   %nice    %sys %iowait    %irq   %soft  %steal  %guest  %gnice   %idle
19:45:28     all    4.64    0.00   26.55    0.00    0.00   31.70    0.00    0.00    0.00   37.11
19:45:28       0    7.37    0.00   40.00    0.00    0.00    7.37    0.00    0.00    0.00   45.26
19:45:28       1    0.00    0.00    1.98    0.00    0.00   94.06    0.00    0.00    0.00    3.96
19:45:28       2    4.40    0.00   30.77    0.00    0.00   10.99    0.00    0.00    0.00   53.85
19:45:28       3    6.93    0.00   34.65    0.00    0.00   10.89    0.00    0.00    0.00   47.52

19:45:28     CPU    %usr   %nice    %sys %iowait    %irq   %soft  %steal  %guest  %gnice   %idle
19:45:29     all    2.33    0.00   21.24    0.00    0.00   33.16    0.26    0.00    0.00   43.01
19:45:29       0    4.08    0.00   29.59    0.00    0.00    8.16    0.00    0.00    0.00   58.16
19:45:29       1    0.00    0.00    0.00    0.00    0.00   99.01    0.99    0.00    0.00    0.00
19:45:29       2    2.20    0.00   30.77    0.00    0.00   10.99    0.00    0.00    0.00   56.04
19:45:29       3    3.12    0.00   26.04    0.00    0.00   10.42    0.00    0.00    0.00   60.42

19:45:29     CPU    %usr   %nice    %sys %iowait    %irq   %soft  %steal  %guest  %gnice   %idle
19:45:30     all    2.04    0.00   23.92    0.00    0.00   32.57    0.00    0.00    0.00   41.48
19:45:30       0    3.12    0.00   35.42    0.00    0.00    8.33    0.00    0.00    0.00   53.12
19:45:30       1    0.00    0.00    0.00    0.00    0.00  100.00    0.00    0.00    0.00    0.00
19:45:30       2    2.08    0.00   29.17    0.00    0.00   12.50    0.00    0.00    0.00   56.25
19:45:30       3    2.97    0.00   31.68    0.00    0.00    7.92    0.00    0.00    0.00   57.43

19:45:30     CPU    %usr   %nice    %sys %iowait    %irq   %soft  %steal  %guest  %gnice   %idle
19:45:31     all    3.32    0.00   22.76    0.00    0.00   32.74    0.00    0.00    0.00   41.18
19:45:31       0    3.16    0.00   33.68    0.00    0.00    4.21    0.00    0.00    0.00   58.95
19:45:31       1    0.00    0.00    0.00    0.00    0.00  100.00    0.00    0.00    0.00    0.00
19:45:31       2    5.10    0.00   27.55    0.00    0.00    9.18    0.00    0.00    0.00   58.16
19:45:31       3    5.10    0.00   30.61    0.00    0.00   15.31    0.00    0.00    0.00   48.98

19:45:31     CPU    %usr   %nice    %sys %iowait    %irq   %soft  %steal  %guest  %gnice   %idle
19:45:32     all    2.50    0.00   26.75    0.00    0.00   33.00    0.00    0.00    0.00   37.75
19:45:32       0    2.86    0.00   40.95    0.00    0.00   11.43    0.00    0.00    0.00   44.76
19:45:32       1    0.00    0.00    0.00    0.00    0.00  100.00    0.00    0.00    0.00    0.00
19:45:32       2    3.16    0.00   29.47    0.00    0.00    9.47    0.00    0.00    0.00   57.89
19:45:32       3    4.00    0.00   36.00    0.00    0.00   11.00    0.00    0.00    0.00   49.00

19:45:32     CPU    %usr   %nice    %sys %iowait    %irq   %soft  %steal  %guest  %gnice   %idle
19:45:33     all    3.52    0.00   26.38    0.00    0.00   33.42    0.00    0.00    0.00   36.68
19:45:33       0    5.05    0.00   38.38    0.00    0.00   13.13    0.00    0.00    0.00   43.43
19:45:33       1    0.00    0.00    0.00    0.00    0.00  100.00    0.00    0.00    0.00    0.00
19:45:33       2    3.06    0.00   32.65    0.00    0.00    8.16    0.00    0.00    0.00   56.12
19:45:33       3    5.88    0.00   34.31    0.00    0.00   12.75    0.00    0.00    0.00   47.06

19:45:33     CPU    %usr   %nice    %sys %iowait    %irq   %soft  %steal  %guest  %gnice   %idle
19:45:34     all    2.34    0.00   22.66    0.00    0.00   34.90    0.00    0.00    0.00   40.10
19:45:34       0    2.22    0.00   27.78    0.00    0.00   12.22    0.00    0.00    0.00   57.78
19:45:34       1    0.00    0.00    0.00    0.00    0.00  100.00    0.00    0.00    0.00    0.00
19:45:34       2    3.12    0.00   30.21    0.00    0.00   11.46    0.00    0.00    0.00   55.21
19:45:34       3    4.04    0.00   33.33    0.00    0.00   13.13    0.00    0.00    0.00   49.49

19:45:34     CPU    %usr   %nice    %sys %iowait    %irq   %soft  %steal  %guest  %gnice   %idle
19:45:35     all    3.15    0.00   23.10    0.00    0.00   31.50    0.00    0.00    0.00   42.26
19:45:35       0    5.15    0.00   26.80    0.00    0.00   14.43    0.00    0.00    0.00   53.61
19:45:35       1    0.00    0.00    1.18    0.00    0.00   95.29    0.00    0.00    0.00    3.53
19:45:35       2    3.03    0.00   33.33    0.00    0.00    9.09    0.00    0.00    0.00   54.55
19:45:35       3    4.00    0.00   28.00    0.00    0.00   16.00    0.00    0.00    0.00   52.00

19:45:35     CPU    %usr   %nice    %sys %iowait    %irq   %soft  %steal  %guest  %gnice   %idle
19:45:36     all    3.26    0.00   32.34    0.00    0.00   21.20    0.00    0.00    0.00   43.21
19:45:36       0    3.23    0.00   33.33    0.00    0.00   12.90    0.00    0.00    0.00   50.54
19:45:36       1    2.63    0.00   18.42    0.00    0.00   51.32    0.00    0.00    0.00   27.63
19:45:36       2    3.00    0.00   34.00    0.00    0.00   17.00    0.00    0.00    0.00   46.00
19:45:36       3    4.04    0.00   40.40    0.00    0.00   10.10    0.00    0.00    0.00   45.45

19:45:36     CPU    %usr   %nice    %sys %iowait    %irq   %soft  %steal  %guest  %gnice   %idle
19:45:37     all    5.38    0.00   31.45    0.00    0.00   22.31    0.00    0.00    0.00   40.86
19:45:37       0    4.12    0.00   40.21    0.00    0.00   16.49    0.00    0.00    0.00   39.18
19:45:37       1    2.67    0.00   21.33    0.00    0.00   42.67    0.00    0.00    0.00   33.33
19:45:37       2    7.84    0.00   30.39    0.00    0.00   16.67    0.00    0.00    0.00   45.10
19:45:37       3    6.12    0.00   31.63    0.00    0.00   18.37    0.00    0.00    0.00   43.88

19:45:37     CPU    %usr   %nice    %sys %iowait    %irq   %soft  %steal  %guest  %gnice   %idle
19:45:38     all    5.94    0.00   28.94    0.00    0.00   25.84    0.00    0.00    0.00   39.28
19:45:38       0    5.05    0.00   29.29    0.00    0.00   21.21    0.00    0.00    0.00   44.44
19:45:38       1    6.98    0.00   22.09    0.00    0.00   43.02    0.00    0.00    0.00   27.91
19:45:38       2    8.65    0.00   27.88    0.00    0.00   23.08    0.00    0.00    0.00   40.38
19:45:38       3    3.06    0.00   35.71    0.00    0.00   18.37    0.00    0.00    0.00   42.86

19:45:38     CPU    %usr   %nice    %sys %iowait    %irq   %soft  %steal  %guest  %gnice   %idle
19:45:39     all    5.14    0.00   29.46    0.00    0.00   22.70    0.27    0.00    0.00   42.43
19:45:39       0    5.38    0.00   27.96    0.00    0.00   16.13    0.00    0.00    0.00   50.54
19:45:39       1    2.50    0.00   22.50    0.00    0.00   45.00    0.00    0.00    0.00   30.00
19:45:39       2    3.16    0.00   29.47    0.00    0.00   22.11    0.00    0.00    0.00   45.26
19:45:39       3    8.82    0.00   36.27    0.00    0.00   11.76    0.98    0.00    0.00   42.16

19:45:39     CPU    %usr   %nice    %sys %iowait    %irq   %soft  %steal  %guest  %gnice   %idle
19:45:40     all    4.75    0.00   31.40    0.00    0.00   21.90    0.00    0.00    0.00   41.95
19:45:40       0    6.12    0.00   31.63    0.00    0.00   16.33    0.00    0.00    0.00   45.92
19:45:40       1    2.74    0.00   20.55    0.00    0.00   41.10    0.00    0.00    0.00   35.62
19:45:40       2    5.88    0.00   32.35    0.00    0.00   18.63    0.00    0.00    0.00   43.14
19:45:40       3    3.77    0.00   37.74    0.00    0.00   16.98    0.00    0.00    0.00   41.51

19:45:40     CPU    %usr   %nice    %sys %iowait    %irq   %soft  %steal  %guest  %gnice   %idle
19:45:41     all    4.70    0.00   27.07    0.00    0.00   20.99    0.00    0.00    0.00   47.24
19:45:41       0    6.38    0.00   27.66    0.00    0.00   15.96    0.00    0.00    0.00   50.00
19:45:41       1    1.30    0.00   16.88    0.00    0.00   38.96    0.00    0.00    0.00   42.86
19:45:41       2    4.08    0.00   26.53    0.00    0.00   18.37    0.00    0.00    0.00   51.02
19:45:41       3    6.45    0.00   35.48    0.00    0.00   13.98    0.00    0.00    0.00   44.09

19:45:41     CPU    %usr   %nice    %sys %iowait    %irq   %soft  %steal  %guest  %gnice   %idle
19:45:42     all    4.53    0.00   27.73    0.27    0.00   22.67    0.00    0.00    0.00   44.80
19:45:42       0    5.77    0.00   31.73    0.96    0.00   22.12    0.00    0.00    0.00   39.42
19:45:42       1    2.60    0.00   20.78    0.00    0.00   36.36    0.00    0.00    0.00   40.26
19:45:42       2    5.05    0.00   25.25    0.00    0.00   19.19    0.00    0.00    0.00   50.51
19:45:42       3    4.21    0.00   31.58    0.00    0.00   15.79    0.00    0.00    0.00   48.42

19:45:42     CPU    %usr   %nice    %sys %iowait    %irq   %soft  %steal  %guest  %gnice   %idle
19:45:43     all    4.31    0.00   28.57    0.00    0.00   19.68    0.00    0.00    0.00   47.44
19:45:43       0    5.15    0.00   29.90    0.00    0.00   14.43    0.00    0.00    0.00   50.52
19:45:43       1    3.53    0.00   20.00    0.00    0.00   35.29    0.00    0.00    0.00   41.18
19:45:43       2    3.30    0.00   30.77    0.00    0.00   14.29    0.00    0.00    0.00   51.65
19:45:43       3    5.10    0.00   32.65    0.00    0.00   16.33    0.00    0.00    0.00   45.92

19:45:43     CPU    %usr   %nice    %sys %iowait    %irq   %soft  %steal  %guest  %gnice   %idle
19:45:44     all    4.59    0.00   26.76    0.00    0.00   20.27    0.00    0.00    0.00   48.38
19:45:44       0    5.05    0.00   27.27    0.00    0.00   16.16    0.00    0.00    0.00   51.52
19:45:44       1    2.50    0.00   21.25    0.00    0.00   40.00    0.00    0.00    0.00   36.25
19:45:44       2    4.26    0.00   28.72    0.00    0.00   12.77    0.00    0.00    0.00   54.26
19:45:44       3    6.19    0.00   28.87    0.00    0.00   15.46    0.00    0.00    0.00   49.48

19:45:44     CPU    %usr   %nice    %sys %iowait    %irq   %soft  %steal  %guest  %gnice   %idle
19:45:45     all    5.87    0.00   28.45    0.00    0.00   16.13    0.00    0.00    0.00   49.56
19:45:45       0    6.74    0.00   30.34    0.00    0.00   12.36    0.00    0.00    0.00   50.56
19:45:45       1    4.23    0.00   23.94    0.00    0.00   28.17    0.00    0.00    0.00   43.66
19:45:45       2    5.56    0.00   26.67    0.00    0.00   16.67    0.00    0.00    0.00   51.11
19:45:45       3    6.59    0.00   31.87    0.00    0.00    9.89    0.00    0.00    0.00   51.65

19:45:45     CPU    %usr   %nice    %sys %iowait    %irq   %soft  %steal  %guest  %gnice   %idle
19:45:46     all    5.49    0.00   28.30    0.00    0.00   16.48    0.00    0.00    0.00   49.73
19:45:46       0    7.07    0.00   33.33    0.00    0.00   13.13    0.00    0.00    0.00   46.46
19:45:46       1    4.00    0.00   20.00    0.00    0.00   29.33    0.00    0.00    0.00   46.67
19:45:46       2    3.19    0.00   30.85    0.00    0.00   11.70    0.00    0.00    0.00   54.26
19:45:46       3    7.29    0.00   27.08    0.00    0.00   14.58    0.00    0.00    0.00   51.04

19:45:46     CPU    %usr   %nice    %sys %iowait    %irq   %soft  %steal  %guest  %gnice   %idle
19:45:47     all    2.82    0.00   11.03    0.00    0.00    6.92    0.00    0.00    0.00   79.23
19:45:47       0    3.09    0.00   13.40    0.00    0.00    5.15    0.00    0.00    0.00   78.35
19:45:47       1    1.09    0.00    7.61    0.00    0.00   11.96    0.00    0.00    0.00   79.35
19:45:47       2    3.00    0.00    9.00    0.00    0.00    5.00    0.00    0.00    0.00   83.00
19:45:47       3    3.96    0.00   13.86    0.00    0.00    5.94    0.00    0.00    0.00   76.24

19:45:47     CPU    %usr   %nice    %sys %iowait    %irq   %soft  %steal  %guest  %gnice   %idle
19:45:48     all    2.04    0.00    4.59    0.00    0.00    0.00    0.00    0.00    0.00   93.37
19:45:48       0    1.02    0.00    5.10    0.00    0.00    0.00    0.00    0.00    0.00   93.88
19:45:48       1    3.06    0.00    3.06    0.00    0.00    0.00    0.00    0.00    0.00   93.88
19:45:48       2    1.02    0.00    7.14    0.00    0.00    0.00    0.00    0.00    0.00   91.84
19:45:48       3    3.06    0.00    3.06    0.00    0.00    0.00    0.00    0.00    0.00   93.88

19:45:48     CPU    %usr   %nice    %sys %iowait    %irq   %soft  %steal  %guest  %gnice   %idle
19:45:49     all    0.50    0.00    1.51    0.00    0.00    0.00    0.00    0.00    0.00   97.99
19:45:49       0    1.00    0.00    1.00    0.00    0.00    0.00    0.00    0.00    0.00   98.00
19:45:49       1    0.00    0.00    1.01    0.00    0.00    0.00    0.00    0.00    0.00   98.99
19:45:49       2    0.00    0.00    2.04    0.00    0.00    0.00    0.00    0.00    0.00   97.96
19:45:49       3    0.99    0.00    1.98    0.00    0.00    0.00    0.00    0.00    0.00   97.03

19:45:49     CPU    %usr   %nice    %sys %iowait    %irq   %soft  %steal  %guest  %gnice   %idle
19:45:50     all    0.76    0.00    0.51    0.00    0.00    0.00    0.25    0.00    0.00   98.48
19:45:50       0    1.00    0.00    0.00    0.00    0.00    0.00    1.00    0.00    0.00   98.00
19:45:50       1    0.00    0.00    1.01    0.00    0.00    0.00    0.00    0.00    0.00   98.99
19:45:50       2    2.02    0.00    1.01    0.00    0.00    0.00    0.00    0.00    0.00   96.97
19:45:50       3    0.00    0.00    0.00    0.00    0.00    0.00    0.00    0.00    0.00  100.00

19:45:50     CPU    %usr   %nice    %sys %iowait    %irq   %soft  %steal  %guest  %gnice   %idle
19:45:51     all    0.25    0.00    1.25    0.00    0.00    0.00    0.00    0.00    0.00   98.50
19:45:51       0    0.00    0.00    1.01    0.00    0.00    0.00    0.00    0.00    0.00   98.99
19:45:51       1    1.00    0.00    1.00    0.00    0.00    0.00    0.00    0.00    0.00   98.00
19:45:51       2    0.00    0.00    2.00    0.00    0.00    0.00    0.00    0.00    0.00   98.00
19:45:51       3    0.00    0.00    1.00    0.00    0.00    0.00    0.00    0.00    0.00   99.00

19:45:51     CPU    %usr   %nice    %sys %iowait    %irq   %soft  %steal  %guest  %gnice   %idle
19:45:52     all    0.25    0.00    0.51    0.00    0.00    0.00    0.00    0.00    0.00   99.24
19:45:52       0    1.02    0.00    1.02    0.00    0.00    0.00    0.00    0.00    0.00   97.96
19:45:52       1    0.00    0.00    0.00    0.00    0.00    0.00    0.00    0.00    0.00  100.00
19:45:52       2    0.00    0.00    1.01    0.00    0.00    0.00    0.00    0.00    0.00   98.99
19:45:52       3    0.00    0.00    0.00    0.00    0.00    0.00    0.00    0.00    0.00  100.00

19:45:52     CPU    %usr   %nice    %sys %iowait    %irq   %soft  %steal  %guest  %gnice   %idle
19:45:53     all    2.78    0.00    4.55    0.00    0.00    0.00    0.00    0.00    0.00   92.68
19:45:53       0    5.10    0.00    3.06    0.00    0.00    0.00    0.00    0.00    0.00   91.84
19:45:53       1    1.01    0.00    6.06    0.00    0.00    0.00    0.00    0.00    0.00   92.93
19:45:53       2    3.00    0.00    3.00    0.00    0.00    0.00    0.00    0.00    0.00   94.00
19:45:53       3    2.02    0.00    6.06    0.00    0.00    0.00    0.00    0.00    0.00   91.92

19:45:53     CPU    %usr   %nice    %sys %iowait    %irq   %soft  %steal  %guest  %gnice   %idle
19:45:54     all    0.50    0.00    1.25    0.00    0.00    0.00    0.00    0.00    0.00   98.25
19:45:54       0    0.00    0.00    0.00    0.00    0.00    0.00    0.00    0.00    0.00  100.00
19:45:54       1    0.99    0.00    0.99    0.00    0.00    0.00    0.00    0.00    0.00   98.02
19:45:54       2    0.00    0.00    2.00    0.00    0.00    0.00    0.00    0.00    0.00   98.00
19:45:54       3    1.00    0.00    2.00    0.00    0.00    0.00    0.00    0.00    0.00   97.00

19:45:54     CPU    %usr   %nice    %sys %iowait    %irq   %soft  %steal  %guest  %gnice   %idle
19:45:55     all    0.25    0.00    1.26    0.00    0.00    0.00    0.00    0.00    0.00   98.48
19:45:55       0    0.00    0.00    1.01    0.00    0.00    0.00    0.00    0.00    0.00   98.99
19:45:55       1    1.01    0.00    1.01    0.00    0.00    0.00    0.00    0.00    0.00   97.98
19:45:55       2    0.00    0.00    1.01    0.00    0.00    0.00    0.00    0.00    0.00   98.99
19:45:55       3    0.00    0.00    2.02    0.00    0.00    0.00    0.00    0.00    0.00   97.98

19:45:55     CPU    %usr   %nice    %sys %iowait    %irq   %soft  %steal  %guest  %gnice   %idle
19:45:56     all    0.25    0.00    1.01    0.00    0.00    0.00    0.00    0.00    0.00   98.74
19:45:56       0    0.00    0.00    1.00    0.00    0.00    0.00    0.00    0.00    0.00   99.00
19:45:56       1    0.00    0.00    2.00    0.00    0.00    0.00    0.00    0.00    0.00   98.00
19:45:56       2    0.00    0.00    0.00    0.00    0.00    0.00    0.00    0.00    0.00  100.00
19:45:56       3    1.00    0.00    1.00    0.00    0.00    0.00    0.00    0.00    0.00   98.00

19:45:56     CPU    %usr   %nice    %sys %iowait    %irq   %soft  %steal  %guest  %gnice   %idle
19:45:57     all    2.27    0.00    2.53    0.00    0.00    0.25    0.00    0.00    0.00   94.95
19:45:57       0    1.00    0.00    2.00    0.00    0.00    1.00    0.00    0.00    0.00   96.00
19:45:57       1    4.04    0.00    2.02    0.00    0.00    0.00    0.00    0.00    0.00   93.94
19:45:57       2    2.97    0.00    3.96    0.00    0.00    0.00    0.00    0.00    0.00   93.07
19:45:57       3    1.04    0.00    2.08    0.00    0.00    0.00    0.00    0.00    0.00   96.88

19:45:57     CPU    %usr   %nice    %sys %iowait    %irq   %soft  %steal  %guest  %gnice   %idle
19:45:58     all    3.84    0.00   10.49    0.00    0.00    6.39    0.00    0.00    0.00   79.28
19:45:58       0    3.00    0.00   12.00    0.00    0.00    4.00    0.00    0.00    0.00   81.00
19:45:58       1    2.08    0.00    7.29    0.00    0.00   14.58    0.00    0.00    0.00   76.04
19:45:58       2    3.12    0.00    7.29    0.00    0.00    4.17    0.00    0.00    0.00   85.42
19:45:58       3    7.07    0.00   15.15    0.00    0.00    3.03    0.00    0.00    0.00   74.75

19:45:58     CPU    %usr   %nice    %sys %iowait    %irq   %soft  %steal  %guest  %gnice   %idle
19:45:59     all    3.89    0.00   28.76    0.00    0.00   30.83    0.00    0.00    0.00   36.53
19:45:59       0    4.08    0.00   34.69    0.00    0.00   21.43    0.00    0.00    0.00   39.80
19:45:59       1    2.08    0.00   16.67    0.00    0.00   58.33    0.00    0.00    0.00   22.92
19:45:59       2    4.30    0.00   31.18    0.00    0.00   24.73    0.00    0.00    0.00   39.78
19:45:59       3    5.05    0.00   32.32    0.00    0.00   19.19    0.00    0.00    0.00   43.43

19:45:59     CPU    %usr   %nice    %sys %iowait    %irq   %soft  %steal  %guest  %gnice   %idle
19:46:00     all    5.68    0.00   30.00    0.00    0.00   31.08    0.00    0.00    0.00   33.24
19:46:00       0    8.89    0.00   33.33    0.00    0.00   20.00    0.00    0.00    0.00   37.78
19:46:00       1    2.13    0.00   17.02    0.00    0.00   55.32    0.00    0.00    0.00   25.53
19:46:00       2    4.26    0.00   37.23    0.00    0.00   26.60    0.00    0.00    0.00   31.91
19:46:00       3    7.61    0.00   32.61    0.00    0.00   21.74    0.00    0.00    0.00   38.04

19:46:00     CPU    %usr   %nice    %sys %iowait    %irq   %soft  %steal  %guest  %gnice   %idle
19:46:01     all    5.17    0.00   31.01    0.00    0.00   33.33    0.00    0.00    0.00   30.49
19:46:01       0    6.32    0.00   36.84    0.00    0.00   24.21    0.00    0.00    0.00   32.63
19:46:01       1    4.17    0.00   22.92    0.00    0.00   50.00    0.00    0.00    0.00   22.92
19:46:01       2    7.07    0.00   29.29    0.00    0.00   33.33    0.00    0.00    0.00   30.30
19:46:01       3    3.09    0.00   35.05    0.00    0.00   25.77    0.00    0.00    0.00   36.08

19:46:01     CPU    %usr   %nice    %sys %iowait    %irq   %soft  %steal  %guest  %gnice   %idle
19:46:02     all    5.12    0.00   31.20    0.00    0.00   34.53    0.00    0.00    0.00   29.16
19:46:02       0    7.07    0.00   33.33    0.00    0.00   27.27    0.00    0.00    0.00   32.32
19:46:02       1    4.17    0.00   19.79    0.00    0.00   55.21    0.00    0.00    0.00   20.83
19:46:02       2    5.26    0.00   28.42    0.00    0.00   34.74    0.00    0.00    0.00   31.58
19:46:02       3    3.96    0.00   42.57    0.00    0.00   21.78    0.00    0.00    0.00   31.68

19:46:02     CPU    %usr   %nice    %sys %iowait    %irq   %soft  %steal  %guest  %gnice   %idle
19:46:03     all    4.51    0.00   33.69    0.00    0.00   34.48    0.00    0.00    0.00   27.32
19:46:03       0    5.10    0.00   40.82    0.00    0.00   21.43    0.00    0.00    0.00   32.65
19:46:03       1    2.17    0.00   13.04    0.00    0.00   61.96    0.00    0.00    0.00   22.83
19:46:03       2    3.19    0.00   38.30    0.00    0.00   30.85    0.00    0.00    0.00   27.66
19:46:03       3    7.53    0.00   41.94    0.00    0.00   24.73    0.00    0.00    0.00   25.81

19:46:03     CPU    %usr   %nice    %sys %iowait    %irq   %soft  %steal  %guest  %gnice   %idle
19:46:04     all    5.74    0.00   31.33    0.00    0.00   36.03    0.00    0.00    0.00   26.89
19:46:04       0    5.10    0.00   38.78    0.00    0.00   22.45    0.00    0.00    0.00   33.67
19:46:04       1    6.12    0.00   20.41    0.00    0.00   59.18    0.00    0.00    0.00   14.29
19:46:04       2    6.38    0.00   27.66    0.00    0.00   34.04    0.00    0.00    0.00   31.91
19:46:04       3    5.38    0.00   38.71    0.00    0.00   27.96    0.00    0.00    0.00   27.96

19:46:04     CPU    %usr   %nice    %sys %iowait    %irq   %soft  %steal  %guest  %gnice   %idle
19:46:05     all    5.01    0.00   30.34    0.00    0.00   31.13    0.00    0.00    0.00   33.51
19:46:05       0    6.38    0.00   30.85    0.00    0.00   23.40    0.00    0.00    0.00   39.36
19:46:05       1    2.20    0.00   20.88    0.00    0.00   52.75    0.00    0.00    0.00   24.18
19:46:05       2    7.45    0.00   30.85    0.00    0.00   25.53    0.00    0.00    0.00   36.17
19:46:05       3    4.00    0.00   38.00    0.00    0.00   24.00    0.00    0.00    0.00   34.00

19:46:05     CPU    %usr   %nice    %sys %iowait    %irq   %soft  %steal  %guest  %gnice   %idle
19:46:06     all    4.50    0.00   31.75    0.00    0.00   28.57    0.00    0.00    0.00   35.19
19:46:06       0    6.12    0.00   31.63    0.00    0.00   24.49    0.00    0.00    0.00   37.76
19:46:06       1    2.27    0.00   20.45    0.00    0.00   47.73    0.00    0.00    0.00   29.55
19:46:06       2    4.44    0.00   35.56    0.00    0.00   24.44    0.00    0.00    0.00   35.56
19:46:06       3    4.90    0.00   38.24    0.00    0.00   19.61    0.00    0.00    0.00   37.25

19:46:06     CPU    %usr   %nice    %sys %iowait    %irq   %soft  %steal  %guest  %gnice   %idle
19:46:07     all    6.02    0.00   33.33    0.25    0.00   27.32    0.00    0.00    0.00   33.08
19:46:07       0    5.94    0.00   41.58    0.99    0.00   15.84    0.00    0.00    0.00   35.64
19:46:07       1    5.10    0.00   16.33    0.00    0.00   48.98    0.00    0.00    0.00   29.59
19:46:07       2    7.00    0.00   36.00    0.00    0.00   25.00    0.00    0.00    0.00   32.00
19:46:07       3    6.00    0.00   39.00    0.00    0.00   20.00    0.00    0.00    0.00   35.00

19:46:07     CPU    %usr   %nice    %sys %iowait    %irq   %soft  %steal  %guest  %gnice   %idle
19:46:08     all    4.80    0.00   30.93    0.00    0.00   27.47    0.00    0.00    0.00   36.80
19:46:08       0    6.38    0.00   36.17    0.00    0.00   19.15    0.00    0.00    0.00   38.30
19:46:08       1    4.30    0.00   19.35    0.00    0.00   47.31    0.00    0.00    0.00   29.03
19:46:08       2    2.17    0.00   34.78    0.00    0.00   22.83    0.00    0.00    0.00   40.22
19:46:08       3    6.25    0.00   33.33    0.00    0.00   20.83    0.00    0.00    0.00   39.58

19:46:08     CPU    %usr   %nice    %sys %iowait    %irq   %soft  %steal  %guest  %gnice   %idle
19:46:09     all    6.14    0.00   30.18    0.00    0.00   26.85    0.00    0.00    0.00   36.83
19:46:09       0    5.94    0.00   30.69    0.00    0.00   17.82    0.00    0.00    0.00   45.54
19:46:09       1    3.37    0.00   16.85    0.00    0.00   51.69    0.00    0.00    0.00   28.09
19:46:09       2    9.00    0.00   32.00    0.00    0.00   25.00    0.00    0.00    0.00   34.00
19:46:09       3    5.94    0.00   39.60    0.00    0.00   15.84    0.00    0.00    0.00   38.61

19:46:09     CPU    %usr   %nice    %sys %iowait    %irq   %soft  %steal  %guest  %gnice   %idle
19:46:10     all    5.85    0.00   32.18    0.00    0.00   25.53    0.00    0.00    0.00   36.44
19:46:10       0    5.21    0.00   38.54    0.00    0.00   16.67    0.00    0.00    0.00   39.58
19:46:10       1    4.55    0.00   18.18    0.00    0.00   48.86    0.00    0.00    0.00   28.41
19:46:10       2    4.17    0.00   37.50    0.00    0.00   22.92    0.00    0.00    0.00   35.42
19:46:10       3    9.38    0.00   33.33    0.00    0.00   15.62    0.00    0.00    0.00   41.67

19:46:10     CPU    %usr   %nice    %sys %iowait    %irq   %soft  %steal  %guest  %gnice   %idle
19:46:11     all    4.88    0.00   29.00    0.00    0.00   25.75    0.00    0.00    0.00   40.38
19:46:11       0    3.09    0.00   37.11    0.00    0.00   18.56    0.00    0.00    0.00   41.24
19:46:11       1    3.61    0.00   16.87    0.00    0.00   44.58    0.00    0.00    0.00   34.94
19:46:11       2    5.21    0.00   26.04    0.00    0.00   26.04    0.00    0.00    0.00   42.71
19:46:11       3    7.53    0.00   34.41    0.00    0.00   16.13    0.00    0.00    0.00   41.94

19:46:11     CPU    %usr   %nice    %sys %iowait    %irq   %soft  %steal  %guest  %gnice   %idle
19:46:12     all    2.62    0.00   30.45    0.00    0.00   25.72    0.00    0.00    0.00   41.21
19:46:12       0    3.06    0.00   33.67    0.00    0.00   19.39    0.00    0.00    0.00   43.88
19:46:12       1    1.16    0.00   18.60    0.00    0.00   50.00    0.00    0.00    0.00   30.23
19:46:12       2    3.06    0.00   33.67    0.00    0.00   21.43    0.00    0.00    0.00   41.84
19:46:12       3    3.03    0.00   34.34    0.00    0.00   15.15    0.00    0.00    0.00   47.47

19:46:12     CPU    %usr   %nice    %sys %iowait    %irq   %soft  %steal  %guest  %gnice   %idle
19:46:13     all    5.01    0.00   27.97    0.00    0.00   30.08    0.00    0.00    0.00   36.94
19:46:13       0    5.15    0.00   36.08    0.00    0.00   18.56    0.00    0.00    0.00   40.21
19:46:13       1    2.13    0.00    8.51    0.00    0.00   68.09    0.00    0.00    0.00   21.28
19:46:13       2    6.32    0.00   35.79    0.00    0.00   20.00    0.00    0.00    0.00   37.89
19:46:13       3    6.45    0.00   31.18    0.00    0.00   13.98    0.00    0.00    0.00   48.39

19:46:13     CPU    %usr   %nice    %sys %iowait    %irq   %soft  %steal  %guest  %gnice   %idle
19:46:14     all    4.60    0.00   26.09    0.00    0.00   33.76    0.00    0.00    0.00   35.55
19:46:14       0    4.17    0.00   37.50    0.00    0.00    8.33    0.00    0.00    0.00   50.00
19:46:14       1    0.00    0.00    0.00    0.00    0.00  100.00    0.00    0.00    0.00    0.00
19:46:14       2    8.33    0.00   36.46    0.00    0.00    7.29    0.00    0.00    0.00   47.92
19:46:14       3    6.06    0.00   31.31    0.00    0.00   17.17    0.00    0.00    0.00   45.45

19:46:14     CPU    %usr   %nice    %sys %iowait    %irq   %soft  %steal  %guest  %gnice   %idle
19:46:15     all    4.12    0.00   23.71    0.00    0.00   35.31    0.00    0.00    0.00   36.86
19:46:15       0    5.49    0.00   32.97    0.00    0.00   12.09    0.00    0.00    0.00   49.45
19:46:15       1    0.00    0.00    0.00    0.00    0.00  100.00    0.00    0.00    0.00    0.00
19:46:15       2    5.15    0.00   30.93    0.00    0.00   12.37    0.00    0.00    0.00   51.55
19:46:15       3    6.00    0.00   32.00    0.00    0.00   14.00    0.00    0.00    0.00   48.00

19:46:15     CPU    %usr   %nice    %sys %iowait    %irq   %soft  %steal  %guest  %gnice   %idle
19:46:16     all    2.61    0.00   16.45    0.00    0.00   35.51    0.00    0.00    0.00   45.43
19:46:16       0    3.12    0.00   22.92    0.00    0.00   11.46    0.00    0.00    0.00   62.50
19:46:16       1    0.00    0.00    0.00    0.00    0.00  100.00    0.00    0.00    0.00    0.00
19:46:16       2    2.25    0.00   24.72    0.00    0.00    8.99    0.00    0.00    0.00   64.04
19:46:16       3    5.10    0.00   19.39    0.00    0.00   17.35    0.00    0.00    0.00   58.16

19:46:16     CPU    %usr   %nice    %sys %iowait    %irq   %soft  %steal  %guest  %gnice   %idle
19:46:17     all    2.89    0.00   17.63    0.00    0.00   34.21    0.00    0.00    0.00   45.26
19:46:17       0    3.19    0.00   23.40    0.00    0.00    7.45    0.00    0.00    0.00   65.96
19:46:17       1    0.00    0.00    0.00    0.00    0.00  100.00    0.00    0.00    0.00    0.00
19:46:17       2    5.26    0.00   22.11    0.00    0.00   10.53    0.00    0.00    0.00   62.11
19:46:17       3    3.30    0.00   26.37    0.00    0.00   14.29    0.00    0.00    0.00   56.04

19:46:17     CPU    %usr   %nice    %sys %iowait    %irq   %soft  %steal  %guest  %gnice   %idle
19:46:18     all    3.20    0.00   20.69    0.00    0.00   33.25    0.00    0.00    0.00   42.86
19:46:18       0    5.00    0.00   29.00    0.00    0.00   11.00    0.00    0.00    0.00   55.00
19:46:18       1    0.00    0.00    0.99    0.00    0.00   99.01    0.00    0.00    0.00    0.00
19:46:18       2    4.72    0.00   27.36    0.00    0.00   11.32    0.00    0.00    0.00   56.60
19:46:18       3    3.03    0.00   25.25    0.00    0.00   12.12    0.00    0.00    0.00   59.60

19:46:18     CPU    %usr   %nice    %sys %iowait    %irq   %soft  %steal  %guest  %gnice   %idle
19:46:19     all    4.30    0.00   15.95    0.00    0.00   31.90    0.00    0.00    0.00   47.85
19:46:19       0    4.95    0.00   23.76    0.00    0.00    6.93    0.00    0.00    0.00   64.36
19:46:19       1    0.00    0.00    0.00    0.00    0.00  100.00    0.00    0.00    0.00    0.00
19:46:19       2    7.07    0.00   18.18    0.00    0.00   10.10    0.00    0.00    0.00   64.65
19:46:19       3    5.21    0.00   21.88    0.00    0.00   10.42    0.00    0.00    0.00   62.50

19:46:19     CPU    %usr   %nice    %sys %iowait    %irq   %soft  %steal  %guest  %gnice   %idle
19:46:20     all    2.07    0.00   13.21    0.00    0.00   34.72    0.00    0.00    0.00   50.00
19:46:20       0    2.15    0.00   18.28    0.00    0.00    7.53    0.00    0.00    0.00   72.04
19:46:20       1    0.00    0.00    0.00    0.00    0.00  100.00    0.00    0.00    0.00    0.00
19:46:20       2    2.97    0.00   18.81    0.00    0.00   14.85    0.00    0.00    0.00   63.37
19:46:20       3    3.26    0.00   16.30    0.00    0.00   13.04    0.00    0.00    0.00   67.39

19:46:20     CPU    %usr   %nice    %sys %iowait    %irq   %soft  %steal  %guest  %gnice   %idle
19:46:21     all    1.02    0.00    8.95    0.00    0.00   29.16    0.00    0.00    0.00   60.87
19:46:21       0    1.06    0.00   10.64    0.00    0.00    5.32    0.00    0.00    0.00   82.98
19:46:21       1    0.00    0.00    0.00    0.00    0.00  100.00    0.00    0.00    0.00    0.00
19:46:21       2    1.03    0.00    8.25    0.00    0.00    4.12    0.00    0.00    0.00   86.60
19:46:21       3    2.00    0.00   17.00    0.00    0.00    5.00    0.00    0.00    0.00   76.00

19:46:21     CPU    %usr   %nice    %sys %iowait    %irq   %soft  %steal  %guest  %gnice   %idle
19:46:22     all    0.50    0.00    8.73    0.00    0.00   25.44    0.00    0.00    0.00   65.34
19:46:22       0    0.99    0.00   14.85    0.00    0.00    1.98    0.00    0.00    0.00   82.18
19:46:22       1    0.00    0.00    0.00    0.00    0.00  100.00    0.00    0.00    0.00    0.00
19:46:22       2    0.98    0.00    8.82    0.00    0.00    0.00    0.00    0.00    0.00   90.20
19:46:22       3    0.00    0.00   11.22    0.00    0.00    0.00    0.00    0.00    0.00   88.78

19:46:22     CPU    %usr   %nice    %sys %iowait    %irq   %soft  %steal  %guest  %gnice   %idle
19:46:23     all    0.56    0.00    8.73    0.00    0.00   16.06    0.00    0.00    0.00   74.65
19:46:23       0    0.00    0.00   11.34    0.00    0.00    1.03    0.00    0.00    0.00   87.63
19:46:23       1    0.00    0.00    0.00    0.00    0.00   89.66    0.00    0.00    0.00   10.34
19:46:23       2    0.00    0.00   10.00    0.00    0.00    2.00    0.00    0.00    0.00   88.00
19:46:23       3    2.00    0.00   10.00    0.00    0.00    2.00    0.00    0.00    0.00   86.00

19:46:23     CPU    %usr   %nice    %sys %iowait    %irq   %soft  %steal  %guest  %gnice   %idle
19:46:24     all    2.56    0.00   12.54    0.00    0.00   13.39    0.00    0.00    0.00   71.51
19:46:24       0    2.04    0.00   17.35    0.00    0.00    1.02    0.00    0.00    0.00   79.59
19:46:24       1    1.67    0.00    0.00    0.00    0.00   70.00    0.00    0.00    0.00   28.33
19:46:24       2    2.11    0.00   13.68    0.00    0.00    4.21    0.00    0.00    0.00   80.00
19:46:24       3    4.08    0.00   14.29    0.00    0.00    0.00    0.00    0.00    0.00   81.63

19:46:24     CPU    %usr   %nice    %sys %iowait    %irq   %soft  %steal  %guest  %gnice   %idle
19:46:25     all    2.39    0.00   27.39    0.00    0.00   14.10    0.00    0.00    0.00   56.12
19:46:25       0    2.94    0.00   31.37    0.00    0.00    5.88    0.00    0.00    0.00   59.80
19:46:25       1    1.33    0.00   17.33    0.00    0.00   38.67    0.00    0.00    0.00   42.67
19:46:25       2    3.96    0.00   29.70    0.00    0.00    7.92    0.00    0.00    0.00   58.42
19:46:25       3    1.02    0.00   28.57    0.00    0.00   10.20    0.00    0.00    0.00   60.20

19:46:25     CPU    %usr   %nice    %sys %iowait    %irq   %soft  %steal  %guest  %gnice   %idle
19:46:26     all    4.52    0.00   28.72    0.00    0.00   20.48    0.00    0.00    0.00   46.28
19:46:26       0    5.00    0.00   35.00    0.00    0.00   17.00    0.00    0.00    0.00   43.00
19:46:26       1    3.75    0.00   20.00    0.00    0.00   32.50    0.00    0.00    0.00   43.75
19:46:26       2    4.21    0.00   30.53    0.00    0.00   16.84    0.00    0.00    0.00   48.42
19:46:26       3    4.95    0.00   27.72    0.00    0.00   17.82    0.00    0.00    0.00   49.50

19:46:26     CPU    %usr   %nice    %sys %iowait    %irq   %soft  %steal  %guest  %gnice   %idle
19:46:27     all    2.66    0.00   28.99    0.00    0.00   19.15    0.00    0.00    0.00   49.20
19:46:27       0    3.06    0.00   31.63    0.00    0.00   13.27    0.00    0.00    0.00   52.04
19:46:27       1    2.41    0.00   18.07    0.00    0.00   34.94    0.00    0.00    0.00   44.58
19:46:27       2    3.23    0.00   29.03    0.00    0.00   15.05    0.00    0.00    0.00   52.69
19:46:27       3    1.96    0.00   35.29    0.00    0.00   15.69    0.00    0.00    0.00   47.06

19:46:27     CPU    %usr   %nice    %sys %iowait    %irq   %soft  %steal  %guest  %gnice   %idle
19:46:28     all    4.90    0.00   25.34    0.00    0.00   18.80    0.00    0.00    0.00   50.95
19:46:28       0    4.04    0.00   33.33    0.00    0.00   14.14    0.00    0.00    0.00   48.48
19:46:28       1    2.56    0.00   20.51    0.00    0.00   30.77    0.00    0.00    0.00   46.15
19:46:28       2    7.22    0.00   24.74    0.00    0.00   17.53    0.00    0.00    0.00   50.52
19:46:28       3    5.38    0.00   21.51    0.00    0.00   15.05    0.00    0.00    0.00   58.06

19:46:28     CPU    %usr   %nice    %sys %iowait    %irq   %soft  %steal  %guest  %gnice   %idle
19:46:29     all    4.57    0.00   24.73    0.00    0.00   18.55    0.00    0.00    0.00   52.15
19:46:29       0    4.04    0.00   27.27    0.00    0.00   14.14    0.00    0.00    0.00   54.55
19:46:29       1    1.25    0.00   22.50    0.00    0.00   28.75    0.00    0.00    0.00   47.50
19:46:29       2    6.19    0.00   24.74    0.00    0.00   18.56    0.00    0.00    0.00   50.52
19:46:29       3    6.25    0.00   23.96    0.00    0.00   14.58    0.00    0.00    0.00   55.21

19:46:29     CPU    %usr   %nice    %sys %iowait    %irq   %soft  %steal  %guest  %gnice   %idle
19:46:30     all    5.32    0.00   26.06    0.00    0.00   17.02    0.00    0.00    0.00   51.60
19:46:30       0    5.00    0.00   26.00    0.00    0.00   14.00    0.00    0.00    0.00   55.00
19:46:30       1    3.75    0.00   20.00    0.00    0.00   31.25    0.00    0.00    0.00   45.00
19:46:30       2    5.26    0.00   27.37    0.00    0.00   10.53    0.00    0.00    0.00   56.84
19:46:30       3    6.93    0.00   29.70    0.00    0.00   14.85    0.00    0.00    0.00   48.51

19:46:30     CPU    %usr   %nice    %sys %iowait    %irq   %soft  %steal  %guest  %gnice   %idle
19:46:31     all    4.13    0.00   27.55    0.00    0.00   15.98    0.00    0.00    0.00   52.34
19:46:31       0    6.19    0.00   23.71    0.00    0.00   13.40    0.00    0.00    0.00   56.70
19:46:31       1    2.70    0.00   27.03    0.00    0.00   24.32    0.00    0.00    0.00   45.95
19:46:31       2    3.23    0.00   23.66    0.00    0.00   17.20    0.00    0.00    0.00   55.91
19:46:31       3    4.04    0.00   35.35    0.00    0.00   11.11    0.00    0.00    0.00   49.49

19:46:31     CPU    %usr   %nice    %sys %iowait    %irq   %soft  %steal  %guest  %gnice   %idle
19:46:32     all    4.18    0.00   28.72    0.00    0.00   16.19    0.00    0.00    0.00   50.91
19:46:32       0    5.77    0.00   33.65    0.00    0.00   14.42    0.00    0.00    0.00   46.15
19:46:32       1    1.30    0.00   20.78    0.00    0.00   24.68    0.00    0.00    0.00   53.25
19:46:32       2    4.04    0.00   26.26    0.00    0.00   15.15    0.00    0.00    0.00   54.55
19:46:32       3    4.85    0.00   32.04    0.00    0.00   12.62    0.00    0.00    0.00   50.49

19:46:32     CPU    %usr   %nice    %sys %iowait    %irq   %soft  %steal  %guest  %gnice   %idle
19:46:33     all    0.25    0.00    0.76    0.00    0.00    0.00    0.00    0.00    0.00   98.99
19:46:33       0    0.00    0.00    0.00    0.00    0.00    0.00    0.00    0.00    0.00  100.00
19:46:33       1    1.00    0.00    1.00    0.00    0.00    0.00    0.00    0.00    0.00   98.00
19:46:33       2    0.00    0.00    1.01    0.00    0.00    0.00    0.00    0.00    0.00   98.99
19:46:33       3    0.00    0.00    1.01    0.00    0.00    0.00    0.00    0.00    0.00   98.99

19:46:33     CPU    %usr   %nice    %sys %iowait    %irq   %soft  %steal  %guest  %gnice   %idle
19:46:34     all    1.76    0.00    1.76    0.00    0.00    0.00    0.00    0.00    0.00   96.47
19:46:34       0    2.00    0.00    1.00    0.00    0.00    0.00    0.00    0.00    0.00   97.00
19:46:34       1    1.01    0.00    1.01    0.00    0.00    0.00    0.00    0.00    0.00   97.98
19:46:34       2    2.02    0.00    4.04    0.00    0.00    0.00    0.00    0.00    0.00   93.94
19:46:34       3    2.02    0.00    1.01    0.00    0.00    0.00    0.00    0.00    0.00   96.97

19:46:34     CPU    %usr   %nice    %sys %iowait    %irq   %soft  %steal  %guest  %gnice   %idle
19:46:35     all    0.76    0.00    3.79    0.00    0.00    0.00    0.00    0.00    0.00   95.45
19:46:35       0    0.00    0.00    3.03    0.00    0.00    0.00    0.00    0.00    0.00   96.97
19:46:35       1    0.00    0.00    5.00    0.00    0.00    0.00    0.00    0.00    0.00   95.00
19:46:35       2    0.00    0.00    2.02    0.00    0.00    0.00    0.00    0.00    0.00   97.98
19:46:35       3    3.06    0.00    5.10    0.00    0.00    0.00    0.00    0.00    0.00   91.84

19:46:35     CPU    %usr   %nice    %sys %iowait    %irq   %soft  %steal  %guest  %gnice   %idle
19:46:36     all    0.50    0.00    0.76    0.00    0.00    0.00    0.00    0.00    0.00   98.74
19:46:36       0    1.01    0.00    0.00    0.00    0.00    0.00    0.00    0.00    0.00   98.99
19:46:36       1    0.00    0.00    2.00    0.00    0.00    0.00    0.00    0.00    0.00   98.00
19:46:36       2    0.00    0.00    0.00    0.00    0.00    0.00    0.00    0.00    0.00  100.00
19:46:36       3    1.00    0.00    1.00    0.00    0.00    0.00    0.00    0.00    0.00   98.00

19:46:36     CPU    %usr   %nice    %sys %iowait    %irq   %soft  %steal  %guest  %gnice   %idle
19:46:37     all    0.25    0.00    1.01    0.25    0.00    0.00    0.00    0.00    0.00   98.49
19:46:37       0    0.00    0.00    1.01    0.00    0.00    0.00    0.00    0.00    0.00   98.99
19:46:37       1    0.00    0.00    1.01    0.00    0.00    0.00    0.00    0.00    0.00   98.99
19:46:37       2    0.00    0.00    1.00    1.00    0.00    0.00    0.00    0.00    0.00   98.00
19:46:37       3    1.01    0.00    1.01    0.00    0.00    0.00    0.00    0.00    0.00   97.98

19:46:37     CPU    %usr   %nice    %sys %iowait    %irq   %soft  %steal  %guest  %gnice   %idle
19:46:38     all    0.25    0.00    0.51    0.00    0.00    0.00    0.00    0.00    0.00   99.24
19:46:38       0    0.00    0.00    1.02    0.00    0.00    0.00    0.00    0.00    0.00   98.98
19:46:38       1    0.00    0.00    0.00    0.00    0.00    0.00    0.00    0.00    0.00  100.00
19:46:38       2    0.00    0.00    0.00    0.00    0.00    0.00    0.00    0.00    0.00  100.00
19:46:38       3    1.00    0.00    1.00    0.00    0.00    0.00    0.00    0.00    0.00   98.00

19:46:38     CPU    %usr   %nice    %sys %iowait    %irq   %soft  %steal  %guest  %gnice   %idle
19:46:39     all    0.50    0.00    1.50    0.00    0.00    0.00    0.00    0.00    0.00   97.99
19:46:39       0    0.00    0.00    2.02    0.00    0.00    0.00    0.00    0.00    0.00   97.98
19:46:39       1    1.00    0.00    1.00    0.00    0.00    0.00    0.00    0.00    0.00   98.00
19:46:39       2    0.99    0.00    0.99    0.00    0.00    0.00    0.00    0.00    0.00   98.02
19:46:39       3    0.00    0.00    2.02    0.00    0.00    0.00    0.00    0.00    0.00   97.98

19:46:39     CPU    %usr   %nice    %sys %iowait    %irq   %soft  %steal  %guest  %gnice   %idle
19:46:40     all    4.09    0.00    4.35    0.00    0.00    0.26    0.00    0.00    0.00   91.30
19:46:40       0    7.22    0.00    4.12    0.00    0.00    0.00    0.00    0.00    0.00   88.66
19:46:40       1    3.09    0.00    5.15    0.00    0.00    0.00    0.00    0.00    0.00   91.75
19:46:40       2    5.00    0.00    5.00    0.00    0.00    1.00    0.00    0.00    0.00   89.00
19:46:40       3    1.03    0.00    3.09    0.00    0.00    0.00    0.00    0.00    0.00   95.88

19:46:40     CPU    %usr   %nice    %sys %iowait    %irq   %soft  %steal  %guest  %gnice   %idle
19:46:41     all    0.50    0.00    0.75    0.00    0.00    0.00    0.00    0.00    0.00   98.74
19:46:41       0    2.00    0.00    1.00    0.00    0.00    0.00    0.00    0.00    0.00   97.00
19:46:41       1    0.00    0.00    0.00    0.00    0.00    0.00    0.00    0.00    0.00  100.00
19:46:41       2    0.00    0.00    2.00    0.00    0.00    0.00    0.00    0.00    0.00   98.00
19:46:41       3    0.00    0.00    0.00    0.00    0.00    0.00    0.00    0.00    0.00  100.00

19:46:41     CPU    %usr   %nice    %sys %iowait    %irq   %soft  %steal  %guest  %gnice   %idle
19:46:42     all    0.00    0.00    0.51    0.00    0.00    0.00    0.00    0.00    0.00   99.49
19:46:42       0    0.00    0.00    0.00    0.00    0.00    0.00    0.00    0.00    0.00  100.00
19:46:42       1    0.00    0.00    0.00    0.00    0.00    0.00    0.00    0.00    0.00  100.00
19:46:42       2    0.00    0.00    1.02    0.00    0.00    0.00    0.00    0.00    0.00   98.98
19:46:42       3    0.00    0.00    1.01    0.00    0.00    0.00    0.00    0.00    0.00   98.99

19:46:42     CPU    %usr   %nice    %sys %iowait    %irq   %soft  %steal  %guest  %gnice   %idle
19:46:43     all    0.50    0.00    0.75    0.00    0.00    0.00    0.00    0.00    0.00   98.74
19:46:43       0    1.01    0.00    1.01    0.00    0.00    0.00    0.00    0.00    0.00   97.98
19:46:43       1    0.00    0.00    0.00    0.00    0.00    0.00    0.00    0.00    0.00  100.00
19:46:43       2    0.00    0.00    1.00    0.00    0.00    0.00    0.00    0.00    0.00   99.00
19:46:43       3    1.00    0.00    1.00    0.00    0.00    0.00    0.00    0.00    0.00   98.00

19:46:43     CPU    %usr   %nice    %sys %iowait    %irq   %soft  %steal  %guest  %gnice   %idle
19:46:44     all    0.25    0.00    0.76    0.00    0.00    0.00    0.00    0.00    0.00   98.99
19:46:44       0    1.00    0.00    2.00    0.00    0.00    0.00    0.00    0.00    0.00   97.00
19:46:44       1    0.00    0.00    0.00    0.00    0.00    0.00    0.00    0.00    0.00  100.00
19:46:44       2    0.00    0.00    0.00    0.00    0.00    0.00    0.00    0.00    0.00  100.00
19:46:44       3    0.00    0.00    1.01    0.00    0.00    0.00    0.00    0.00    0.00   98.99

19:46:44     CPU    %usr   %nice    %sys %iowait    %irq   %soft  %steal  %guest  %gnice   %idle
19:46:45     all    3.77    0.00    3.77    0.00    0.00    0.25    0.00    0.00    0.00   92.21
19:46:45       0    3.03    0.00    3.03    0.00    0.00    1.01    0.00    0.00    0.00   92.93
19:46:45       1    7.00    0.00    4.00    0.00    0.00    0.00    0.00    0.00    0.00   89.00
19:46:45       2    2.97    0.00    4.95    0.00    0.00    0.00    0.00    0.00    0.00   92.08
19:46:45       3    2.04    0.00    3.06    0.00    0.00    0.00    0.00    0.00    0.00   94.90

19:46:45     CPU    %usr   %nice    %sys %iowait    %irq   %soft  %steal  %guest  %gnice   %idle
19:46:46     all    2.29    0.00    1.53    0.00    0.00    0.00    0.00    0.00    0.00   96.18
19:46:46       0    1.01    0.00    2.02    0.00    0.00    0.00    0.00    0.00    0.00   96.97
19:46:46       1    3.03    0.00    1.01    0.00    0.00    0.00    0.00    0.00    0.00   95.96
19:46:46       2    2.06    0.00    1.03    0.00    0.00    0.00    0.00    0.00    0.00   96.91
19:46:46       3    3.06    0.00    2.04    0.00    0.00    0.00    0.00    0.00    0.00   94.90

19:46:46     CPU    %usr   %nice    %sys %iowait    %irq   %soft  %steal  %guest  %gnice   %idle
19:46:47     all    0.00    0.00    1.01    0.00    0.00    0.00    0.00    0.00    0.00   98.99
19:46:47       0    0.00    0.00    1.00    0.00    0.00    0.00    0.00    0.00    0.00   99.00
19:46:47       1    0.00    0.00    0.00    0.00    0.00    0.00    0.00    0.00    0.00  100.00
19:46:47       2    0.00    0.00    2.04    0.00    0.00    0.00    0.00    0.00    0.00   97.96
19:46:47       3    0.00    0.00    1.00    0.00    0.00    0.00    0.00    0.00    0.00   99.00

19:46:47     CPU    %usr   %nice    %sys %iowait    %irq   %soft  %steal  %guest  %gnice   %idle
19:46:48     all    0.76    0.00    1.26    0.00    0.00    0.00    0.00    0.00    0.00   97.98
19:46:48       0    0.00    0.00    1.02    0.00    0.00    0.00    0.00    0.00    0.00   98.98
19:46:48       1    0.00    0.00    1.01    0.00    0.00    0.00    0.00    0.00    0.00   98.99
19:46:48       2    1.02    0.00    1.02    0.00    0.00    0.00    0.00    0.00    0.00   97.96
19:46:48       3    1.98    0.00    1.98    0.00    0.00    0.00    0.00    0.00    0.00   96.04

19:46:48     CPU    %usr   %nice    %sys %iowait    %irq   %soft  %steal  %guest  %gnice   %idle
19:46:49     all    0.50    0.00    1.26    0.00    0.00    0.00    0.00    0.00    0.00   98.24
19:46:49       0    1.01    0.00    0.00    0.00    0.00    0.00    0.00    0.00    0.00   98.99
19:46:49       1    0.00    0.00    1.01    0.00    0.00    0.00    0.00    0.00    0.00   98.99
19:46:49       2    1.01    0.00    1.01    0.00    0.00    0.00    0.00    0.00    0.00   97.98
19:46:49       3    0.00    0.00    2.97    0.00    0.00    0.00    0.00    0.00    0.00   97.03

19:46:49     CPU    %usr   %nice    %sys %iowait    %irq   %soft  %steal  %guest  %gnice   %idle
19:46:50     all    3.54    0.00    7.59    0.00    0.00    2.53    0.00    0.00    0.00   86.33
19:46:50       0    4.00    0.00    5.00    0.00    0.00    3.00    0.00    0.00    0.00   88.00
19:46:50       1    4.17    0.00    4.17    0.00    0.00    5.21    0.00    0.00    0.00   86.46
19:46:50       2    3.03    0.00   10.10    0.00    0.00    1.01    0.00    0.00    0.00   85.86
19:46:50       3    3.00    0.00   11.00    0.00    0.00    1.00    0.00    0.00    0.00   85.00

19:46:50     CPU    %usr   %nice    %sys %iowait    %irq   %soft  %steal  %guest  %gnice   %idle
19:46:51     all    4.08    0.00   26.90    0.00    0.00   26.63    0.00    0.00    0.00   42.39
19:46:51       0    5.26    0.00   34.74    0.00    0.00   16.84    0.00    0.00    0.00   43.16
19:46:51       1    2.17    0.00   17.39    0.00    0.00   48.91    0.00    0.00    0.00   31.52
19:46:51       2    5.38    0.00   29.03    0.00    0.00   21.51    0.00    0.00    0.00   44.09
19:46:51       3    3.41    0.00   26.14    0.00    0.00   19.32    0.00    0.00    0.00   51.14

19:46:51     CPU    %usr   %nice    %sys %iowait    %irq   %soft  %steal  %guest  %gnice   %idle
19:46:52     all    4.08    0.00   32.65    0.00    0.00   28.57    0.00    0.00    0.00   34.69
19:46:52       0    4.08    0.00   35.71    0.00    0.00   21.43    0.00    0.00    0.00   38.78
19:46:52       1    3.12    0.00   18.75    0.00    0.00   53.12    0.00    0.00    0.00   25.00
19:46:52       2    3.96    0.00   42.57    0.00    0.00   20.79    0.00    0.00    0.00   32.67
19:46:52       3    5.15    0.00   32.99    0.00    0.00   19.59    0.00    0.00    0.00   42.27

19:46:52     CPU    %usr   %nice    %sys %iowait    %irq   %soft  %steal  %guest  %gnice   %idle
19:46:53     all    4.69    0.00   31.25    0.00    0.00   32.55    0.26    0.00    0.00   31.25
19:46:53       0    4.21    0.00   37.89    0.00    0.00   21.05    0.00    0.00    0.00   36.84
19:46:53       1    1.05    0.00   14.74    0.00    0.00   62.11    0.00    0.00    0.00   22.11
19:46:53       2    5.10    0.00   34.69    0.00    0.00   25.51    1.02    0.00    0.00   33.67
19:46:53       3    8.33    0.00   37.50    0.00    0.00   21.88    0.00    0.00    0.00   32.29

19:46:53     CPU    %usr   %nice    %sys %iowait    %irq   %soft  %steal  %guest  %gnice   %idle
19:46:54     all    4.92    0.00   30.83    0.00    0.00   33.42    0.00    0.00    0.00   30.83
19:46:54       0    6.25    0.00   36.46    0.00    0.00   21.88    0.00    0.00    0.00   35.42
19:46:54       1    2.22    0.00   14.44    0.00    0.00   60.00    0.00    0.00    0.00   23.33
19:46:54       2    6.06    0.00   32.32    0.00    0.00   31.31    0.00    0.00    0.00   30.30
19:46:54       3    4.95    0.00   38.61    0.00    0.00   22.77    0.00    0.00    0.00   33.66

19:46:54     CPU    %usr   %nice    %sys %iowait    %irq   %soft  %steal  %guest  %gnice   %idle
19:46:55     all    8.14    0.00   30.53    0.00    0.00   29.26    0.00    0.00    0.00   32.06
19:46:55       0    8.08    0.00   33.33    0.00    0.00   13.13    0.00    0.00    0.00   45.45
19:46:55       1    4.08    0.00   20.41    0.00    0.00   53.06    0.00    0.00    0.00   22.45
19:46:55       2    9.09    0.00   33.33    0.00    0.00   29.29    0.00    0.00    0.00   28.28
19:46:55       3   11.34    0.00   35.05    0.00    0.00   21.65    0.00    0.00    0.00   31.96

19:46:55     CPU    %usr   %nice    %sys %iowait    %irq   %soft  %steal  %guest  %gnice   %idle
19:46:56     all    3.23    0.00   34.14    0.00    0.00   30.38    0.00    0.00    0.00   32.26
19:46:56       0    5.26    0.00   31.58    0.00    0.00   20.00    0.00    0.00    0.00   43.16
19:46:56       1    1.15    0.00   20.69    0.00    0.00   54.02    0.00    0.00    0.00   24.14
19:46:56       2    2.08    0.00   40.62    0.00    0.00   31.25    0.00    0.00    0.00   26.04
19:46:56       3    4.26    0.00   42.55    0.00    0.00   18.09    0.00    0.00    0.00   35.11

19:46:56     CPU    %usr   %nice    %sys %iowait    %irq   %soft  %steal  %guest  %gnice   %idle
19:46:57     all    5.35    0.00   33.96    0.00    0.00   31.02    0.00    0.00    0.00   29.68
19:46:57       0    8.60    0.00   35.48    0.00    0.00   22.58    0.00    0.00    0.00   33.33
19:46:57       1    3.26    0.00   18.48    0.00    0.00   52.17    0.00    0.00    0.00   26.09
19:46:57       2    4.35    0.00   40.22    0.00    0.00   28.26    0.00    0.00    0.00   27.17
19:46:57       3    5.15    0.00   41.24    0.00    0.00   21.65    0.00    0.00    0.00   31.96

19:46:57     CPU    %usr   %nice    %sys %iowait    %irq   %soft  %steal  %guest  %gnice   %idle
19:46:58     all    4.24    0.00   33.16    0.00    0.00   31.83    0.00    0.00    0.00   30.77
19:46:58       0    5.26    0.00   36.84    0.00    0.00   24.21    0.00    0.00    0.00   33.68
19:46:58       1    2.17    0.00   23.91    0.00    0.00   47.83    0.00    0.00    0.00   26.09
19:46:58       2    4.26    0.00   35.11    0.00    0.00   31.91    0.00    0.00    0.00   28.72
19:46:58       3    5.21    0.00   36.46    0.00    0.00   23.96    0.00    0.00    0.00   34.38

19:46:58     CPU    %usr   %nice    %sys %iowait    %irq   %soft  %steal  %guest  %gnice   %idle
19:46:59     all    4.15    0.00   32.90    0.00    0.00   30.31    0.00    0.00    0.00   32.64
19:46:59       0    3.00    0.00   36.00    0.00    0.00   22.00    0.00    0.00    0.00   39.00
19:46:59       1    2.22    0.00   15.56    0.00    0.00   56.67    0.00    0.00    0.00   25.56
19:46:59       2    7.14    0.00   37.76    0.00    0.00   25.51    0.00    0.00    0.00   29.59
19:46:59       3    4.08    0.00   40.82    0.00    0.00   19.39    0.00    0.00    0.00   35.71

19:46:59     CPU    %usr   %nice    %sys %iowait    %irq   %soft  %steal  %guest  %gnice   %idle
19:47:00     all    7.05    0.00   31.85    0.00    0.00   29.50    0.00    0.00    0.00   31.59
19:47:00       0   10.53    0.00   37.89    0.00    0.00   15.79    0.00    0.00    0.00   35.79
19:47:00       1    4.30    0.00   20.43    0.00    0.00   51.61    0.00    0.00    0.00   23.66
19:47:00       2    7.29    0.00   32.29    0.00    0.00   27.08    0.00    0.00    0.00   33.33
19:47:00       3    6.06    0.00   36.36    0.00    0.00   24.24    0.00    0.00    0.00   33.33

19:47:00     CPU    %usr   %nice    %sys %iowait    %irq   %soft  %steal  %guest  %gnice   %idle
19:47:01     all    3.39    0.00   34.99    0.00    0.00   30.03    0.00    0.00    0.00   31.59
19:47:01       0    5.26    0.00   37.89    0.00    0.00   20.00    0.00    0.00    0.00   36.84
19:47:01       1    2.15    0.00   22.58    0.00    0.00   49.46    0.00    0.00    0.00   25.81
19:47:01       2    3.03    0.00   33.33    0.00    0.00   32.32    0.00    0.00    0.00   31.31
19:47:01       3    3.12    0.00   45.83    0.00    0.00   18.75    0.00    0.00    0.00   32.29

19:47:01     CPU    %usr   %nice    %sys %iowait    %irq   %soft  %steal  %guest  %gnice   %idle
19:47:02     all    4.68    0.00   30.13    0.26    0.00   27.27    0.00    0.00    0.00   37.66
19:47:02       0    3.88    0.00   39.81    0.00    0.00   20.39    0.00    0.00    0.00   35.92
19:47:02       1    1.16    0.00   19.77    0.00    0.00   47.67    0.00    0.00    0.00   31.40
19:47:02       2    6.25    0.00   25.00    1.04    0.00   25.00    0.00    0.00    0.00   42.71
19:47:02       3    7.00    0.00   34.00    0.00    0.00   19.00    0.00    0.00    0.00   40.00

19:47:02     CPU    %usr   %nice    %sys %iowait    %irq   %soft  %steal  %guest  %gnice   %idle
19:47:03     all    3.97    0.00   30.95    0.00    0.00   25.66    0.00    0.00    0.00   39.42
19:47:03       0    4.95    0.00   34.65    0.00    0.00   18.81    0.00    0.00    0.00   41.58
19:47:03       1    3.45    0.00   18.39    0.00    0.00   45.98    0.00    0.00    0.00   32.18
19:47:03       2    2.17    0.00   30.43    0.00    0.00   22.83    0.00    0.00    0.00   44.57
19:47:03       3    5.10    0.00   38.78    0.00    0.00   17.35    0.00    0.00    0.00   38.78

19:47:03     CPU    %usr   %nice    %sys %iowait    %irq   %soft  %steal  %guest  %gnice   %idle
19:47:04     all    5.77    0.00   31.76    0.00    0.00   23.36    0.00    0.00    0.00   39.11
19:47:04       0    5.21    0.00   33.33    0.00    0.00   17.71    0.00    0.00    0.00   43.75
19:47:04       1    4.60    0.00   21.84    0.00    0.00   41.38    0.00    0.00    0.00   32.18
19:47:04       2    7.00    0.00   34.00    0.00    0.00   20.00    0.00    0.00    0.00   39.00
19:47:04       3    6.12    0.00   36.73    0.00    0.00   16.33    0.00    0.00    0.00   40.82

19:47:04     CPU    %usr   %nice    %sys %iowait    %irq   %soft  %steal  %guest  %gnice   %idle
19:47:05     all    5.74    0.00   30.29    0.00    0.00   21.67    0.00    0.00    0.00   42.30
19:47:05       0    8.08    0.00   33.33    0.00    0.00   13.13    0.00    0.00    0.00   45.45
19:47:05       1    2.22    0.00   23.33    0.00    0.00   41.11    0.00    0.00    0.00   33.33
19:47:05       2    5.21    0.00   28.12    0.00    0.00   17.71    0.00    0.00    0.00   48.96
19:47:05       3    7.14    0.00   35.71    0.00    0.00   16.33    0.00    0.00    0.00   40.82

19:47:05     CPU    %usr   %nice    %sys %iowait    %irq   %soft  %steal  %guest  %gnice   %idle
19:47:06     all    5.74    0.00   29.24    0.00    0.00   25.85    0.00    0.00    0.00   39.16
19:47:06       0    6.06    0.00   29.29    0.00    0.00   20.20    0.00    0.00    0.00   44.44
19:47:06       1    4.60    0.00   18.39    0.00    0.00   45.98    0.00    0.00    0.00   31.03
19:47:06       2    7.29    0.00   30.21    0.00    0.00   25.00    0.00    0.00    0.00   37.50
19:47:06       3    4.95    0.00   37.62    0.00    0.00   14.85    0.00    0.00    0.00   42.57

19:47:06     CPU    %usr   %nice    %sys %iowait    %irq   %soft  %steal  %guest  %gnice   %idle
19:47:07     all    4.70    0.00   33.16    0.00    0.00   26.11    0.00    0.00    0.00   36.03
19:47:07       0    6.19    0.00   34.02    0.00    0.00   20.62    0.00    0.00    0.00   39.18
19:47:07       1    1.18    0.00   20.00    0.00    0.00   45.88    0.00    0.00    0.00   32.94
19:47:07       2    7.00    0.00   35.00    0.00    0.00   24.00    0.00    0.00    0.00   34.00
19:47:07       3    3.96    0.00   41.58    0.00    0.00   16.83    0.00    0.00    0.00   37.62

19:47:07     CPU    %usr   %nice    %sys %iowait    %irq   %soft  %steal  %guest  %gnice   %idle
19:47:08     all    3.83    0.00   33.06    0.00    0.00   28.69    0.00    0.00    0.00   34.43
19:47:08       0    6.19    0.00   42.27    0.00    0.00   17.53    0.00    0.00    0.00   34.02
19:47:08       1    2.33    0.00   13.95    0.00    0.00   51.16    0.00    0.00    0.00   32.56
19:47:08       2    2.22    0.00   34.44    0.00    0.00   28.89    0.00    0.00    0.00   34.44
19:47:08       3    4.30    0.00   39.78    0.00    0.00   19.35    0.00    0.00    0.00   36.56

19:47:08     CPU    %usr   %nice    %sys %iowait    %irq   %soft  %steal  %guest  %gnice   %idle
19:47:09     all    5.32    0.00   29.52    0.00    0.00   20.21    0.00    0.00    0.00   44.95
19:47:09       0    7.29    0.00   29.17    0.00    0.00   14.58    0.00    0.00    0.00   48.96
19:47:09       1    3.57    0.00   22.62    0.00    0.00   36.90    0.00    0.00    0.00   36.90
19:47:09       2    4.08    0.00   31.63    0.00    0.00   18.37    0.00    0.00    0.00   45.92
19:47:09       3    6.12    0.00   33.67    0.00    0.00   13.27    0.00    0.00    0.00   46.94

19:47:09     CPU    %usr   %nice    %sys %iowait    %irq   %soft  %steal  %guest  %gnice   %idle
19:47:10     all    4.10    0.00   28.97    0.00    0.00   19.23    0.00    0.00    0.00   47.69
19:47:10       0    5.77    0.00   25.96    0.00    0.00   14.42    0.00    0.00    0.00   53.85
19:47:10       1    4.88    0.00   23.17    0.00    0.00   31.71    0.00    0.00    0.00   40.24
19:47:10       2    3.03    0.00   32.32    0.00    0.00   18.18    0.00    0.00    0.00   46.46
19:47:10       3    2.86    0.00   33.33    0.00    0.00   15.24    0.00    0.00    0.00   48.57

19:47:10     CPU    %usr   %nice    %sys %iowait    %irq   %soft  %steal  %guest  %gnice   %idle
19:47:11     all    5.41    0.00   18.38    0.00    0.00   12.97    0.00    0.00    0.00   63.24
19:47:11       0    7.37    0.00   24.21    0.00    0.00   12.63    0.00    0.00    0.00   55.79
19:47:11       1    6.02    0.00   15.66    0.00    0.00   24.10    0.00    0.00    0.00   54.22
19:47:11       2    3.23    0.00   19.35    0.00    0.00   10.75    0.00    0.00    0.00   66.67
19:47:11       3    5.05    0.00   14.14    0.00    0.00    6.06    0.00    0.00    0.00   74.75

19:47:11     CPU    %usr   %nice    %sys %iowait    %irq   %soft  %steal  %guest  %gnice   %idle
19:47:12     all    2.39    0.00   18.57    0.00    0.00   11.41    0.00    0.00    0.00   67.64
19:47:12       0    4.08    0.00   14.29    0.00    0.00   13.27    0.00    0.00    0.00   68.37
19:47:12       1    1.28    0.00   16.67    0.00    0.00   16.67    0.00    0.00    0.00   65.38
19:47:12       2    2.00    0.00   26.00    0.00    0.00    9.00    0.00    0.00    0.00   63.00
19:47:12       3    1.98    0.00   16.83    0.00    0.00    7.92    0.00    0.00    0.00   73.27

19:47:12     CPU    %usr   %nice    %sys %iowait    %irq   %soft  %steal  %guest  %gnice   %idle
19:47:13     all    2.21    0.00   16.57    0.00    0.00   13.81    0.00    0.00    0.00   67.40
19:47:13       0    2.13    0.00   17.02    0.00    0.00   11.70    0.00    0.00    0.00   69.15
19:47:13       1    2.50    0.00   15.00    0.00    0.00   21.25    0.00    0.00    0.00   61.25
19:47:13       2    2.13    0.00   15.96    0.00    0.00   12.77    0.00    0.00    0.00   69.15
19:47:13       3    2.13    0.00   18.09    0.00    0.00   10.64    0.00    0.00    0.00   69.15

19:47:13     CPU    %usr   %nice    %sys %iowait    %irq   %soft  %steal  %guest  %gnice   %idle
19:47:14     all    3.18    0.00   18.57    0.00    0.00   13.26    0.00    0.00    0.00   64.99
19:47:14       0    2.02    0.00   17.17    0.00    0.00   12.12    0.00    0.00    0.00   68.69
19:47:14       1    4.82    0.00   15.66    0.00    0.00   20.48    0.00    0.00    0.00   59.04
19:47:14       2    3.09    0.00   21.65    0.00    0.00   13.40    0.00    0.00    0.00   61.86
19:47:14       3    3.06    0.00   19.39    0.00    0.00    8.16    0.00    0.00    0.00   69.39

19:47:14     CPU    %usr   %nice    %sys %iowait    %irq   %soft  %steal  %guest  %gnice   %idle
19:47:15     all    1.68    0.00   16.25    0.00    0.00   10.36    0.00    0.00    0.00   71.71
19:47:15       0    2.20    0.00   14.29    0.00    0.00    4.40    0.00    0.00    0.00   79.12
19:47:15       1    2.53    0.00   11.39    0.00    0.00   18.99    0.00    0.00    0.00   67.09
19:47:15       2    1.04    0.00   25.00    0.00    0.00   11.46    0.00    0.00    0.00   62.50
19:47:15       3    1.10    0.00   13.19    0.00    0.00    7.69    0.00    0.00    0.00   78.02

19:47:15     CPU    %usr   %nice    %sys %iowait    %irq   %soft  %steal  %guest  %gnice   %idle
19:47:16     all    5.65    0.00   18.28    0.00    0.00   10.22    0.00    0.00    0.00   65.86
19:47:16       0    5.10    0.00   18.37    0.00    0.00    7.14    0.00    0.00    0.00   69.39
19:47:16       1    5.19    0.00   12.99    0.00    0.00   18.18    0.00    0.00    0.00   63.64
19:47:16       2    4.12    0.00   20.62    0.00    0.00    9.28    0.00    0.00    0.00   65.98
19:47:16       3    8.00    0.00   20.00    0.00    0.00    8.00    0.00    0.00    0.00   64.00

19:47:16     CPU    %usr   %nice    %sys %iowait    %irq   %soft  %steal  %guest  %gnice   %idle
19:47:17     all    3.01    0.00   19.45    0.00    0.00   12.05    0.00    0.00    0.00   65.48
19:47:17       0    3.23    0.00   12.90    0.00    0.00    8.60    0.00    0.00    0.00   75.27
19:47:17       1    3.80    0.00   20.25    0.00    0.00   20.25    0.00    0.00    0.00   55.70
19:47:17       2    3.06    0.00   25.51    0.00    0.00   11.22    0.00    0.00    0.00   60.20
19:47:17       3    2.11    0.00   18.95    0.00    0.00    9.47    0.00    0.00    0.00   69.47

19:47:17     CPU    %usr   %nice    %sys %iowait    %irq   %soft  %steal  %guest  %gnice   %idle
19:47:18     all    2.79    0.00   18.38    0.00    0.00   13.93    0.00    0.00    0.00   64.90
19:47:18       0    3.37    0.00   21.35    0.00    0.00    8.99    0.00    0.00    0.00   66.29
19:47:18       1    3.90    0.00   19.48    0.00    0.00   22.08    0.00    0.00    0.00   54.55
19:47:18       2    2.06    0.00   18.56    0.00    0.00   15.46    0.00    0.00    0.00   63.92
19:47:18       3    2.08    0.00   14.58    0.00    0.00   10.42    0.00    0.00    0.00   72.92

19:47:18     CPU    %usr   %nice    %sys %iowait    %irq   %soft  %steal  %guest  %gnice   %idle
19:47:19     all    3.09    0.00   20.51    0.00    0.00   12.92    0.00    0.00    0.00   63.48
19:47:19       0    4.12    0.00   23.71    0.00    0.00    9.28    0.00    0.00    0.00   62.89
19:47:19       1    2.67    0.00   18.67    0.00    0.00   25.33    0.00    0.00    0.00   53.33
19:47:19       2    2.22    0.00   16.67    0.00    0.00   11.11    0.00    0.00    0.00   70.00
19:47:19       3    3.19    0.00   22.34    0.00    0.00    8.51    0.00    0.00    0.00   65.96

19:47:19     CPU    %usr   %nice    %sys %iowait    %irq   %soft  %steal  %guest  %gnice   %idle
19:47:20     all    3.76    0.00   24.73    0.00    0.00   14.78    0.00    0.00    0.00   56.72
19:47:20       0    3.00    0.00   28.00    0.00    0.00   11.00    0.00    0.00    0.00   58.00
19:47:20       1    2.44    0.00   17.07    0.00    0.00   30.49    0.00    0.00    0.00   50.00
19:47:20       2    4.12    0.00   26.80    0.00    0.00   10.31    0.00    0.00    0.00   58.76
19:47:20       3    5.38    0.00   25.81    0.00    0.00    9.68    0.00    0.00    0.00   59.14

19:47:20     CPU    %usr   %nice    %sys %iowait    %irq   %soft  %steal  %guest  %gnice   %idle
19:47:21     all    3.34    0.00   17.22    0.00    0.00   22.88    0.00    0.00    0.00   56.56
19:47:21       0    3.03    0.00   22.22    0.00    0.00    3.03    0.00    0.00    0.00   71.72
19:47:21       1    0.00    0.00    4.21    0.00    0.00   83.16    0.00    0.00    0.00   12.63
19:47:21       2    5.10    0.00   20.41    0.00    0.00    5.10    0.00    0.00    0.00   69.39
19:47:21       3    5.15    0.00   21.65    0.00    0.00    2.06    0.00    0.00    0.00   71.13

19:47:21     CPU    %usr   %nice    %sys %iowait    %irq   %soft  %steal  %guest  %gnice   %idle
19:47:22     all    0.25    0.00    6.36    0.00    0.00   24.68    0.00    0.00    0.00   68.70
19:47:22       0    0.00    0.00    7.77    0.00    0.00    2.91    0.00    0.00    0.00   89.32
19:47:22       1    0.00    0.00    0.00    0.00    0.00   91.75    0.00    0.00    0.00    8.25
19:47:22       2    0.00    0.00    8.33    0.00    0.00    4.17    0.00    0.00    0.00   87.50
19:47:22       3    1.03    0.00    9.28    0.00    0.00    1.03    0.00    0.00    0.00   88.66

19:47:22     CPU    %usr   %nice    %sys %iowait    %irq   %soft  %steal  %guest  %gnice   %idle
19:47:23     all    0.50    0.00    9.52    0.00    0.00   27.57    0.00    0.00    0.00   62.41
19:47:23       0    1.00    0.00   10.00    0.00    0.00    2.00    0.00    0.00    0.00   87.00
19:47:23       1    0.00    0.00    0.00    0.00    0.00  100.00    0.00    0.00    0.00    0.00
19:47:23       2    1.02    0.00   13.27    0.00    0.00    4.08    0.00    0.00    0.00   81.63
19:47:23       3    0.00    0.00   14.85    0.00    0.00    3.96    0.00    0.00    0.00   81.19

19:47:23     CPU    %usr   %nice    %sys %iowait    %irq   %soft  %steal  %guest  %gnice   %idle
19:47:24     all    0.76    0.00   11.20    0.00    0.00   29.77    0.00    0.00    0.00   58.27
19:47:24       0    1.01    0.00   15.15    0.00    0.00    7.07    0.00    0.00    0.00   76.77
19:47:24       1    0.00    0.00    0.00    0.00    0.00  100.00    0.00    0.00    0.00    0.00
19:47:24       2    1.03    0.00   17.53    0.00    0.00    7.22    0.00    0.00    0.00   74.23
19:47:24       3    1.02    0.00   12.24    0.00    0.00    4.08    0.00    0.00    0.00   82.65

19:47:24     CPU    %usr   %nice    %sys %iowait    %irq   %soft  %steal  %guest  %gnice   %idle
19:47:25     all    1.56    0.00    9.38    0.00    0.00   27.60    0.00    0.00    0.00   61.46
19:47:25       0    2.11    0.00   11.58    0.00    0.00    3.16    0.00    0.00    0.00   83.16
19:47:25       1    0.00    0.00    0.00    0.00    0.00  100.00    0.00    0.00    0.00    0.00
19:47:25       2    2.20    0.00   16.48    0.00    0.00    2.20    0.00    0.00    0.00   79.12
19:47:25       3    2.04    0.00   10.20    0.00    0.00    1.02    0.00    0.00    0.00   86.73

19:47:25     CPU    %usr   %nice    %sys %iowait    %irq   %soft  %steal  %guest  %gnice   %idle
19:47:26     all    3.71    0.00   16.58    0.00    0.00   25.50    0.00    0.00    0.00   54.21
19:47:26       0    4.81    0.00   24.04    0.00    0.00    0.96    0.00    0.00    0.00   70.19
19:47:26       1    0.00    0.00    0.00    0.00    0.00  100.00    0.00    0.00    0.00    0.00
19:47:26       2    7.00    0.00   22.00    0.00    0.00    1.00    0.00    0.00    0.00   70.00
19:47:26       3    3.00    0.00   20.00    0.00    0.00    1.00    0.00    0.00    0.00   76.00

19:47:26     CPU    %usr   %nice    %sys %iowait    %irq   %soft  %steal  %guest  %gnice   %idle
19:47:27     all    2.08    0.00   18.49    0.52    0.00   16.15    0.00    0.00    0.00   62.76
19:47:27       0    1.87    0.00   23.36    0.93    0.00    1.87    0.00    0.00    0.00   71.96
19:47:27       1    1.41    0.00    4.23    0.00    0.00   81.69    0.00    0.00    0.00   12.68
19:47:27       2    2.97    0.00   18.81    0.99    0.00    0.99    0.00    0.00    0.00   76.24
19:47:27       3    1.90    0.00   22.86    0.00    0.00    0.95    0.00    0.00    0.00   74.29

19:47:27     CPU    %usr   %nice    %sys %iowait    %irq   %soft  %steal  %guest  %gnice   %idle
19:47:28     all    1.10    0.00   23.56    0.00    0.00    4.93    0.00    0.00    0.00   70.41
19:47:28       0    1.98    0.00   28.71    0.00    0.00    0.99    0.00    0.00    0.00   68.32
19:47:28       1    0.00    0.00    6.56    0.00    0.00   24.59    0.00    0.00    0.00   68.85
19:47:28       2    0.00    0.00   27.55    0.00    0.00    1.02    0.00    0.00    0.00   71.43
19:47:28       3    1.90    0.00   24.76    0.00    0.00    0.95    0.00    0.00    0.00   72.38

19:47:28     CPU    %usr   %nice    %sys %iowait    %irq   %soft  %steal  %guest  %gnice   %idle
19:47:29     all    0.78    0.00    6.27    0.00    0.00    1.04    0.00    0.00    0.00   91.91
19:47:29       0    1.98    0.00    7.92    0.00    0.00    0.00    0.00    0.00    0.00   90.10
19:47:29       1    0.00    0.00    1.14    0.00    0.00    4.55    0.00    0.00    0.00   94.32
19:47:29       2    1.03    0.00    7.22    0.00    0.00    0.00    0.00    0.00    0.00   91.75
19:47:29       3    0.00    0.00    8.25    0.00    0.00    0.00    0.00    0.00    0.00   91.75

19:47:29     CPU    %usr   %nice    %sys %iowait    %irq   %soft  %steal  %guest  %gnice   %idle
19:47:30     all    0.00    0.00    1.50    0.00    0.00    0.00    0.00    0.00    0.00   98.50
19:47:30       0    0.00    0.00    1.01    0.00    0.00    0.00    0.00    0.00    0.00   98.99
19:47:30       1    0.00    0.00    0.99    0.00    0.00    0.00    0.00    0.00    0.00   99.01
19:47:30       2    0.00    0.00    2.02    0.00    0.00    0.00    0.00    0.00    0.00   97.98
19:47:30       3    0.00    0.00    2.00    0.00    0.00    0.00    0.00    0.00    0.00   98.00

19:47:30     CPU    %usr   %nice    %sys %iowait    %irq   %soft  %steal  %guest  %gnice   %idle
19:47:31     all    3.05    0.00    4.07    0.00    0.00    0.00    0.00    0.00    0.00   92.88
19:47:31       0    1.02    0.00    6.12    0.00    0.00    0.00    0.00    0.00    0.00   92.86
19:47:31       1    2.97    0.00    4.95    0.00    0.00    0.00    0.00    0.00    0.00   92.08
19:47:31       2    6.12    0.00    2.04    0.00    0.00    0.00    0.00    0.00    0.00   91.84
19:47:31       3    2.08    0.00    3.12    0.00    0.00    0.00    0.00    0.00    0.00   94.79

19:47:31     CPU    %usr   %nice    %sys %iowait    %irq   %soft  %steal  %guest  %gnice   %idle
19:47:32     all    0.50    0.00    1.26    0.00    0.00    0.00    0.00    0.00    0.00   98.24
19:47:32       0    0.00    0.00    0.00    0.00    0.00    0.00    0.00    0.00    0.00  100.00
19:47:32       1    0.00    0.00    0.00    0.00    0.00    0.00    0.00    0.00    0.00  100.00
19:47:32       2    0.99    0.00    1.98    0.00    0.00    0.00    0.00    0.00    0.00   97.03
19:47:32       3    1.01    0.00    3.03    0.00    0.00    0.00    0.00    0.00    0.00   95.96

19:47:32     CPU    %usr   %nice    %sys %iowait    %irq   %soft  %steal  %guest  %gnice   %idle
19:47:33     all    0.25    0.00    1.75    0.00    0.00    0.00    0.00    0.00    0.00   98.00
19:47:33       0    0.00    0.00    1.00    0.00    0.00    0.00    0.00    0.00    0.00   99.00
19:47:33       1    0.00    0.00    1.01    0.00    0.00    0.00    0.00    0.00    0.00   98.99
19:47:33       2    0.00    0.00    1.00    0.00    0.00    0.00    0.00    0.00    0.00   99.00
19:47:33       3    0.99    0.00    3.96    0.00    0.00    0.00    0.00    0.00    0.00   95.05

19:47:33     CPU    %usr   %nice    %sys %iowait    %irq   %soft  %steal  %guest  %gnice   %idle
19:47:34     all    0.25    0.00    0.51    0.00    0.00    0.00    0.00    0.00    0.00   99.24
19:47:34       0    1.01    0.00    0.00    0.00    0.00    0.00    0.00    0.00    0.00   98.99
19:47:34       1    0.00    0.00    1.00    0.00    0.00    0.00    0.00    0.00    0.00   99.00
19:47:34       2    0.00    0.00    0.00    0.00    0.00    0.00    0.00    0.00    0.00  100.00
19:47:34       3    0.00    0.00    1.02    0.00    0.00    0.00    0.00    0.00    0.00   98.98

19:47:34     CPU    %usr   %nice    %sys %iowait    %irq   %soft  %steal  %guest  %gnice   %idle
19:47:35     all    0.00    0.00    1.26    0.00    0.00    0.00    0.00    0.00    0.00   98.74
19:47:35       0    0.00    0.00    1.00    0.00    0.00    0.00    0.00    0.00    0.00   99.00
19:47:35       1    0.00    0.00    2.00    0.00    0.00    0.00    0.00    0.00    0.00   98.00
19:47:35       2    0.00    0.00    1.01    0.00    0.00    0.00    0.00    0.00    0.00   98.99
19:47:35       3    0.00    0.00    1.02    0.00    0.00    0.00    0.00    0.00    0.00   98.98

19:47:35     CPU    %usr   %nice    %sys %iowait    %irq   %soft  %steal  %guest  %gnice   %idle
19:47:36     all    3.04    0.00    4.05    0.00    0.00    0.25    0.00    0.00    0.00   92.66
19:47:36       0    2.00    0.00    4.00    0.00    0.00    1.00    0.00    0.00    0.00   93.00
19:47:36       1    3.06    0.00    3.06    0.00    0.00    0.00    0.00    0.00    0.00   93.88
19:47:36       2    2.02    0.00    4.04    0.00    0.00    0.00    0.00    0.00    0.00   93.94
19:47:36       3    5.10    0.00    5.10    0.00    0.00    0.00    0.00    0.00    0.00   89.80

19:47:36     CPU    %usr   %nice    %sys %iowait    %irq   %soft  %steal  %guest  %gnice   %idle
19:47:37     all    0.25    0.00    1.51    0.00    0.00    0.00    0.00    0.00    0.00   98.24
19:47:37       0    0.00    0.00    2.02    0.00    0.00    0.00    0.00    0.00    0.00   97.98
19:47:37       1    1.00    0.00    1.00    0.00    0.00    0.00    0.00    0.00    0.00   98.00
19:47:37       2    0.00    0.00    2.02    0.00    0.00    0.00    0.00    0.00    0.00   97.98
19:47:37       3    0.00    0.00    1.00    0.00    0.00    0.00    0.00    0.00    0.00   99.00

19:47:37     CPU    %usr   %nice    %sys %iowait    %irq   %soft  %steal  %guest  %gnice   %idle
19:47:38     all    2.29    0.00    2.54    0.00    0.00    0.00    0.00    0.00    0.00   95.17
19:47:38       0    1.04    0.00    2.08    0.00    0.00    0.00    0.00    0.00    0.00   96.88
19:47:38       1    1.02    0.00    3.06    0.00    0.00    0.00    0.00    0.00    0.00   95.92
19:47:38       2    2.00    0.00    4.00    0.00    0.00    0.00    0.00    0.00    0.00   94.00
19:47:38       3    5.05    0.00    1.01    0.00    0.00    0.00    0.00    0.00    0.00   93.94

19:47:38     CPU    %usr   %nice    %sys %iowait    %irq   %soft  %steal  %guest  %gnice   %idle
19:47:39     all    0.25    0.00    1.75    0.00    0.00    0.00    0.00    0.00    0.00   97.99
19:47:39       0    0.00    0.00    3.96    0.00    0.00    0.00    0.00    0.00    0.00   96.04
19:47:39       1    0.00    0.00    1.01    0.00    0.00    0.00    0.00    0.00    0.00   98.99
19:47:39       2    0.00    0.00    2.00    0.00    0.00    0.00    0.00    0.00    0.00   98.00
19:47:39       3    1.01    0.00    0.00    0.00    0.00    0.00    0.00    0.00    0.00   98.99

19:47:39     CPU    %usr   %nice    %sys %iowait    %irq   %soft  %steal  %guest  %gnice   %idle
19:47:40     all    1.01    0.00    1.76    0.00    0.00    0.00    0.00    0.00    0.00   97.23
19:47:40       0    1.00    0.00    2.00    0.00    0.00    0.00    0.00    0.00    0.00   97.00
19:47:40       1    0.00    0.00    2.04    0.00    0.00    0.00    0.00    0.00    0.00   97.96
19:47:40       2    2.00    0.00    1.00    0.00    0.00    0.00    0.00    0.00    0.00   97.00
19:47:40       3    1.01    0.00    2.02    0.00    0.00    0.00    0.00    0.00    0.00   96.97

19:47:40     CPU    %usr   %nice    %sys %iowait    %irq   %soft  %steal  %guest  %gnice   %idle
19:47:41     all    0.51    0.00    1.27    0.00    0.00    0.25    0.00    0.00    0.00   97.97
19:47:41       0    1.01    0.00    2.02    0.00    0.00    0.00    0.00    0.00    0.00   96.97
19:47:41       1    1.00    0.00    2.00    0.00    0.00    1.00    0.00    0.00    0.00   96.00
19:47:41       2    0.00    0.00    0.00    0.00    0.00    0.00    0.00    0.00    0.00  100.00
19:47:41       3    0.00    0.00    1.01    0.00    0.00    0.00    0.00    0.00    0.00   98.99

19:47:41     CPU    %usr   %nice    %sys %iowait    %irq   %soft  %steal  %guest  %gnice   %idle
19:47:42     all    3.02    0.00    3.02    0.25    0.00    0.00    0.00    0.00    0.00   93.70
19:47:42       0    3.00    0.00    5.00    0.00    0.00    0.00    0.00    0.00    0.00   92.00
19:47:42       1    2.02    0.00    3.03    0.00    0.00    0.00    0.00    0.00    0.00   94.95
19:47:42       2    2.00    0.00    2.00    1.00    0.00    0.00    0.00    0.00    0.00   95.00
19:47:42       3    5.10    0.00    2.04    0.00    0.00    0.00    0.00    0.00    0.00   92.86

19:47:42     CPU    %usr   %nice    %sys %iowait    %irq   %soft  %steal  %guest  %gnice   %idle
19:47:43     all    0.50    0.00    0.50    0.00    0.00    0.00    0.00    0.00    0.00   98.99
19:47:43       0    1.01    0.00    1.01    0.00    0.00    0.00    0.00    0.00    0.00   97.98
19:47:43       1    0.00    0.00    1.00    0.00    0.00    0.00    0.00    0.00    0.00   99.00
19:47:43       2    1.01    0.00    0.00    0.00    0.00    0.00    0.00    0.00    0.00   98.99
19:47:43       3    0.00    0.00    0.00    0.00    0.00    0.00    0.00    0.00    0.00  100.00

19:47:43     CPU    %usr   %nice    %sys %iowait    %irq   %soft  %steal  %guest  %gnice   %idle
19:47:44     all    0.00    0.00    0.51    0.00    0.00    0.00    0.00    0.00    0.00   99.49
19:47:44       0    0.00    0.00    0.00    0.00    0.00    0.00    0.00    0.00    0.00  100.00
19:47:44       1    0.00    0.00    1.02    0.00    0.00    0.00    0.00    0.00    0.00   98.98
19:47:44       2    0.00    0.00    1.01    0.00    0.00    0.00    0.00    0.00    0.00   98.99
19:47:44       3    0.00    0.00    0.00    0.00    0.00    0.00    0.00    0.00    0.00  100.00

19:47:44     CPU    %usr   %nice    %sys %iowait    %irq   %soft  %steal  %guest  %gnice   %idle
19:47:45     all    0.00    0.00    1.01    0.00    0.00    0.00    0.00    0.00    0.00   98.99
19:47:45       0    0.00    0.00    0.00    0.00    0.00    0.00    0.00    0.00    0.00  100.00
19:47:45       1    0.00    0.00    1.01    0.00    0.00    0.00    0.00    0.00    0.00   98.99
19:47:45       2    0.00    0.00    2.02    0.00    0.00    0.00    0.00    0.00    0.00   97.98
19:47:45       3    0.00    0.00    1.00    0.00    0.00    0.00    0.00    0.00    0.00   99.00

19:47:45     CPU    %usr   %nice    %sys %iowait    %irq   %soft  %steal  %guest  %gnice   %idle
19:47:46     all    0.75    0.00    1.00    0.00    0.00    0.25    0.00    0.00    0.00   98.00
19:47:46       0    0.99    0.00    0.00    0.00    0.00    0.99    0.00    0.00    0.00   98.02
19:47:46       1    0.99    0.00    1.98    0.00    0.00    0.00    0.00    0.00    0.00   97.03
19:47:46       2    0.00    0.00    1.02    0.00    0.00    0.00    0.00    0.00    0.00   98.98
19:47:46       3    1.00    0.00    1.00    0.00    0.00    0.00    0.00    0.00    0.00   98.00

19:47:46     CPU    %usr   %nice    %sys %iowait    %irq   %soft  %steal  %guest  %gnice   %idle
19:47:47     all    2.55    0.00    3.57    0.00    0.00    0.00    0.00    0.00    0.00   93.88
19:47:47       0    2.06    0.00    3.09    0.00    0.00    0.00    0.00    0.00    0.00   94.85
19:47:47       1    4.08    0.00    4.08    0.00    0.00    0.00    0.00    0.00    0.00   91.84
19:47:47       2    3.06    0.00    3.06    0.00    0.00    0.00    0.00    0.00    0.00   93.88
19:47:47       3    1.01    0.00    4.04    0.00    0.00    0.00    0.00    0.00    0.00   94.95

19:47:47     CPU    %usr   %nice    %sys %iowait    %irq   %soft  %steal  %guest  %gnice   %idle
19:47:48     all    0.00    0.00    1.26    0.00    0.00    0.25    0.00    0.00    0.00   98.49
19:47:48       0    0.00    0.00    0.00    0.00    0.00    0.00    0.00    0.00    0.00  100.00
19:47:48       1    0.00    0.00    1.00    0.00    0.00    1.00    0.00    0.00    0.00   98.00
19:47:48       2    0.00    0.00    3.00    0.00    0.00    0.00    0.00    0.00    0.00   97.00
19:47:48       3    0.00    0.00    1.01    0.00    0.00    0.00    0.00    0.00    0.00   98.99

19:47:48     CPU    %usr   %nice    %sys %iowait    %irq   %soft  %steal  %guest  %gnice   %idle
19:47:49     all    0.00    0.00    1.01    0.00    0.00    0.00    0.00    0.00    0.00   98.99
19:47:49       0    0.00    0.00    1.00    0.00    0.00    0.00    0.00    0.00    0.00   99.00
19:47:49       1    0.00    0.00    1.01    0.00    0.00    0.00    0.00    0.00    0.00   98.99
19:47:49       2    0.00    0.00    1.03    0.00    0.00    0.00    0.00    0.00    0.00   98.97
19:47:49       3    0.00    0.00    1.01    0.00    0.00    0.00    0.00    0.00    0.00   98.99

19:47:49     CPU    %usr   %nice    %sys %iowait    %irq   %soft  %steal  %guest  %gnice   %idle
19:47:50     all    0.75    0.00    1.49    0.00    0.00    0.00    0.00    0.00    0.00   97.76
19:47:50       0    0.00    0.00    0.00    0.00    0.00    0.00    0.00    0.00    0.00  100.00
19:47:50       1    0.00    0.00    2.00    0.00    0.00    0.00    0.00    0.00    0.00   98.00
19:47:50       2    1.00    0.00    2.00    0.00    0.00    0.00    0.00    0.00    0.00   97.00
19:47:50       3    1.96    0.00    1.96    0.00    0.00    0.00    0.00    0.00    0.00   96.08

19:47:50     CPU    %usr   %nice    %sys %iowait    %irq   %soft  %steal  %guest  %gnice   %idle
19:47:51     all    0.25    0.00    1.01    0.00    0.00    0.25    0.00    0.00    0.00   98.49
19:47:51       0    0.00    0.00    0.00    0.00    0.00    0.00    0.00    0.00    0.00  100.00
19:47:51       1    0.00    0.00    2.02    0.00    0.00    0.00    0.00    0.00    0.00   97.98
19:47:51       2    0.99    0.00    1.98    0.00    0.00    0.99    0.00    0.00    0.00   96.04
19:47:51       3    0.00    0.00    0.00    0.00    0.00    0.00    0.00    0.00    0.00  100.00

19:47:51     CPU    %usr   %nice    %sys %iowait    %irq   %soft  %steal  %guest  %gnice   %idle
19:47:52     all    2.05    0.00    3.33    0.26    0.00    0.00    0.00    0.00    0.00   94.36
19:47:52       0    3.06    0.00    3.06    0.00    0.00    0.00    0.00    0.00    0.00   93.88
19:47:52       1    1.04    0.00    2.08    0.00    0.00    0.00    0.00    0.00    0.00   96.88
19:47:52       2    4.08    0.00    6.12    0.00    0.00    0.00    0.00    0.00    0.00   89.80
19:47:52       3    0.00    0.00    2.04    1.02    0.00    0.00    0.00    0.00    0.00   96.94

19:47:52     CPU    %usr   %nice    %sys %iowait    %irq   %soft  %steal  %guest  %gnice   %idle
19:47:53     all    2.52    0.00    2.52    0.00    0.00    0.25    0.00    0.00    0.00   94.71
19:47:53       0    2.02    0.00    2.02    0.00    0.00    0.00    0.00    0.00    0.00   95.96
19:47:53       1    1.00    0.00    3.00    0.00    0.00    1.00    0.00    0.00    0.00   95.00
19:47:53       2    6.06    0.00    3.03    0.00    0.00    0.00    0.00    0.00    0.00   90.91
19:47:53       3    1.01    0.00    2.02    0.00    0.00    0.00    0.00    0.00    0.00   96.97

19:47:53     CPU    %usr   %nice    %sys %iowait    %irq   %soft  %steal  %guest  %gnice   %idle
19:47:54     all    1.02    0.00    3.30    0.00    0.00    1.52    0.00    0.00    0.00   94.16
19:47:54       0    2.00    0.00    4.00    0.00    0.00    1.00    0.00    0.00    0.00   93.00
19:47:54       1    0.00    0.00    1.03    0.00    0.00    4.12    0.00    0.00    0.00   94.85
19:47:54       2    1.02    0.00    3.06    0.00    0.00    1.02    0.00    0.00    0.00   94.90
19:47:54       3    1.01    0.00    5.05    0.00    0.00    0.00    0.00    0.00    0.00   93.94

19:47:54     CPU    %usr   %nice    %sys %iowait    %irq   %soft  %steal  %guest  %gnice   %idle
19:47:55     all    3.47    0.00   28.80    0.00    0.00   26.40    0.00    0.00    0.00   41.33
19:47:55       0    3.06    0.00   37.76    0.00    0.00   20.41    0.00    0.00    0.00   38.78
19:47:55       1    1.15    0.00   14.94    0.00    0.00   44.83    0.00    0.00    0.00   39.08
19:47:55       2    4.35    0.00   27.17    0.00    0.00   26.09    0.00    0.00    0.00   42.39
19:47:55       3    5.10    0.00   33.67    0.00    0.00   16.33    0.00    0.00    0.00   44.90

19:47:55     CPU    %usr   %nice    %sys %iowait    %irq   %soft  %steal  %guest  %gnice   %idle
19:47:56     all    3.95    0.00   28.95    0.00    0.00   37.89    0.26    0.00    0.00   28.95
19:47:56       0    4.30    0.00   37.63    0.00    0.00   26.88    0.00    0.00    0.00   31.18
19:47:56       1    1.04    0.00   14.58    0.00    0.00   63.54    1.04    0.00    0.00   19.79
19:47:56       2    5.05    0.00   33.33    0.00    0.00   34.34    0.00    0.00    0.00   27.27
19:47:56       3    5.43    0.00   30.43    0.00    0.00   26.09    0.00    0.00    0.00   38.04

19:47:56     CPU    %usr   %nice    %sys %iowait    %irq   %soft  %steal  %guest  %gnice   %idle
19:47:57     all    5.80    0.00   29.29    0.00    0.00   30.34    0.00    0.00    0.00   34.56
19:47:57       0    8.42    0.00   34.74    0.00    0.00   21.05    0.00    0.00    0.00   35.79
19:47:57       1    3.23    0.00   17.20    0.00    0.00   60.22    0.00    0.00    0.00   19.35
19:47:57       2    4.21    0.00   31.58    0.00    0.00   23.16    0.00    0.00    0.00   41.05
19:47:57       3    7.29    0.00   33.33    0.00    0.00   17.71    0.00    0.00    0.00   41.67

19:47:57     CPU    %usr   %nice    %sys %iowait    %irq   %soft  %steal  %guest  %gnice   %idle
19:47:58     all    4.29    0.00   35.92    0.00    0.00   30.29    0.00    0.00    0.00   29.49
19:47:58       0    7.61    0.00   39.13    0.00    0.00   22.83    0.00    0.00    0.00   30.43
19:47:58       1    2.17    0.00   21.74    0.00    0.00   54.35    0.00    0.00    0.00   21.74
19:47:58       2    3.23    0.00   36.56    0.00    0.00   27.96    0.00    0.00    0.00   32.26
19:47:58       3    4.17    0.00   45.83    0.00    0.00   16.67    0.00    0.00    0.00   33.33

19:47:58     CPU    %usr   %nice    %sys %iowait    %irq   %soft  %steal  %guest  %gnice   %idle
19:47:59     all    4.43    0.00   30.73    0.00    0.00   36.46    0.00    0.00    0.00   28.39
19:47:59       0    4.08    0.00   36.73    0.00    0.00   30.61    0.00    0.00    0.00   28.57
19:47:59       1    4.26    0.00   15.96    0.00    0.00   57.45    0.00    0.00    0.00   22.34
19:47:59       2    5.21    0.00   32.29    0.00    0.00   31.25    0.00    0.00    0.00   31.25
19:47:59       3    4.17    0.00   37.50    0.00    0.00   27.08    0.00    0.00    0.00   31.25

19:47:59     CPU    %usr   %nice    %sys %iowait    %irq   %soft  %steal  %guest  %gnice   %idle
19:48:00     all    3.42    0.00   30.79    0.00    0.00   35.79    0.00    0.00    0.00   30.00
19:48:00       0    6.25    0.00   37.50    0.00    0.00   20.83    0.00    0.00    0.00   35.42
19:48:00       1    3.26    0.00   15.22    0.00    0.00   61.96    0.00    0.00    0.00   19.57
19:48:00       2    2.06    0.00   36.08    0.00    0.00   32.99    0.00    0.00    0.00   28.87
19:48:00       3    2.11    0.00   33.68    0.00    0.00   28.42    0.00    0.00    0.00   35.79

19:48:00     CPU    %usr   %nice    %sys %iowait    %irq   %soft  %steal  %guest  %gnice   %idle
19:48:01     all    5.15    0.00   30.93    0.00    0.00   28.87    0.00    0.00    0.00   35.05
19:48:01       0    6.06    0.00   34.34    0.00    0.00   21.21    0.00    0.00    0.00   38.38
19:48:01       1    3.33    0.00   17.78    0.00    0.00   52.22    0.00    0.00    0.00   26.67
19:48:01       2    6.00    0.00   30.00    0.00    0.00   25.00    0.00    0.00    0.00   39.00
19:48:01       3    5.05    0.00   40.40    0.00    0.00   19.19    0.00    0.00    0.00   35.35

19:48:01     CPU    %usr   %nice    %sys %iowait    %irq   %soft  %steal  %guest  %gnice   %idle
19:48:02     all    6.38    0.00   28.72    0.27    0.00   26.06    0.00    0.00    0.00   38.56
19:48:02       0    9.18    0.00   34.69    0.00    0.00   17.35    0.00    0.00    0.00   38.78
19:48:02       1    4.55    0.00   18.18    0.00    0.00   47.73    0.00    0.00    0.00   29.55
19:48:02       2    6.38    0.00   27.66    1.06    0.00   24.47    0.00    0.00    0.00   40.43
19:48:02       3    5.21    0.00   33.33    0.00    0.00   16.67    0.00    0.00    0.00   44.79

19:48:02     CPU    %usr   %nice    %sys %iowait    %irq   %soft  %steal  %guest  %gnice   %idle
19:48:03     all    4.59    0.00   31.35    0.00    0.00   25.41    0.00    0.00    0.00   38.65
19:48:03       0    5.26    0.00   37.89    0.00    0.00   17.89    0.00    0.00    0.00   38.95
19:48:03       1    2.27    0.00   19.32    0.00    0.00   47.73    0.00    0.00    0.00   30.68
19:48:03       2    4.26    0.00   36.17    0.00    0.00   19.15    0.00    0.00    0.00   40.43
19:48:03       3    6.45    0.00   31.18    0.00    0.00   18.28    0.00    0.00    0.00   44.09

19:48:03     CPU    %usr   %nice    %sys %iowait    %irq   %soft  %steal  %guest  %gnice   %idle
19:48:04     all    4.97    0.00   28.53    0.00    0.00   29.32    0.00    0.00    0.00   37.17
19:48:04       0    5.10    0.00   36.73    0.00    0.00   19.39    0.00    0.00    0.00   38.78
19:48:04       1    1.05    0.00   17.89    0.00    0.00   51.58    0.00    0.00    0.00   29.47
19:48:04       2    6.45    0.00   27.96    0.00    0.00   27.96    0.00    0.00    0.00   37.63
19:48:04       3    7.29    0.00   31.25    0.00    0.00   18.75    0.00    0.00    0.00   42.71

19:48:04     CPU    %usr   %nice    %sys %iowait    %irq   %soft  %steal  %guest  %gnice   %idle
19:48:05     all    5.19    0.00   30.39    0.00    0.00   31.17    0.26    0.00    0.00   32.99
19:48:05       0    6.25    0.00   33.33    0.00    0.00   22.92    0.00    0.00    0.00   37.50
19:48:05       1    3.16    0.00   16.84    0.00    0.00   55.79    0.00    0.00    0.00   24.21
19:48:05       2    7.29    0.00   33.33    0.00    0.00   25.00    0.00    0.00    0.00   34.38
19:48:05       3    4.08    0.00   37.76    0.00    0.00   21.43    1.02    0.00    0.00   35.71

19:48:05     CPU    %usr   %nice    %sys %iowait    %irq   %soft  %steal  %guest  %gnice   %idle
19:48:06     all    4.17    0.00   32.81    0.00    0.00   29.69    0.00    0.00    0.00   33.33
19:48:06       0    3.12    0.00   34.38    0.00    0.00   23.96    0.00    0.00    0.00   38.54
19:48:06       1    2.17    0.00   22.83    0.00    0.00   48.91    0.00    0.00    0.00   26.09
19:48:06       2    5.26    0.00   31.58    0.00    0.00   27.37    0.00    0.00    0.00   35.79
19:48:06       3    5.94    0.00   41.58    0.00    0.00   19.80    0.00    0.00    0.00   32.67

19:48:06     CPU    %usr   %nice    %sys %iowait    %irq   %soft  %steal  %guest  %gnice   %idle
19:48:07     all    6.48    0.00   31.09    0.00    0.00   30.05    0.00    0.00    0.00   32.38
19:48:07       0    6.12    0.00   39.80    0.00    0.00   19.39    0.00    0.00    0.00   34.69
19:48:07       1    3.06    0.00   15.31    0.00    0.00   55.10    0.00    0.00    0.00   26.53
19:48:07       2    5.21    0.00   35.42    0.00    0.00   29.17    0.00    0.00    0.00   30.21
19:48:07       3   11.70    0.00   34.04    0.00    0.00   15.96    0.00    0.00    0.00   38.30

19:48:07     CPU    %usr   %nice    %sys %iowait    %irq   %soft  %steal  %guest  %gnice   %idle
19:48:08     all    5.34    0.00   27.99    0.00    0.00   29.01    0.25    0.00    0.00   37.40
19:48:08       0    4.08    0.00   32.65    0.00    0.00   19.39    1.02    0.00    0.00   42.86
19:48:08       1    2.13    0.00   20.21    0.00    0.00   53.19    0.00    0.00    0.00   24.47
19:48:08       2    7.07    0.00   29.29    0.00    0.00   27.27    0.00    0.00    0.00   36.36
19:48:08       3    7.84    0.00   29.41    0.00    0.00   17.65    0.00    0.00    0.00   45.10

19:48:08     CPU    %usr   %nice    %sys %iowait    %irq   %soft  %steal  %guest  %gnice   %idle
19:48:09     all    5.48    0.00   31.07    0.00    0.00   27.68    0.00    0.00    0.00   35.77
19:48:09       0    7.14    0.00   38.78    0.00    0.00   17.35    0.00    0.00    0.00   36.73
19:48:09       1    2.17    0.00   16.30    0.00    0.00   51.09    0.00    0.00    0.00   30.43
19:48:09       2    6.52    0.00   32.61    0.00    0.00   25.00    0.00    0.00    0.00   35.87
19:48:09       3    5.94    0.00   35.64    0.00    0.00   18.81    0.00    0.00    0.00   39.60

19:48:09     CPU    %usr   %nice    %sys %iowait    %irq   %soft  %steal  %guest  %gnice   %idle
19:48:10     all    4.79    0.00   32.71    0.00    0.00   25.27    0.00    0.00    0.00   37.23
19:48:10       0    4.12    0.00   41.24    0.00    0.00   15.46    0.00    0.00    0.00   39.18
19:48:10       1    4.55    0.00   19.32    0.00    0.00   44.32    0.00    0.00    0.00   31.82
19:48:10       2    6.25    0.00   35.42    0.00    0.00   22.92    0.00    0.00    0.00   35.42
19:48:10       3    4.21    0.00   33.68    0.00    0.00   20.00    0.00    0.00    0.00   42.11

19:48:10     CPU    %usr   %nice    %sys %iowait    %irq   %soft  %steal  %guest  %gnice   %idle
19:48:11     all    5.09    0.00   36.19    0.00    0.00   27.88    0.00    0.00    0.00   30.83
19:48:11       0    5.10    0.00   40.82    0.00    0.00   20.41    0.00    0.00    0.00   33.67
19:48:11       1    4.76    0.00   17.86    0.00    0.00   48.81    0.00    0.00    0.00   28.57
19:48:11       2    4.30    0.00   43.01    0.00    0.00   25.81    0.00    0.00    0.00   26.88
19:48:11       3    6.12    0.00   40.82    0.00    0.00   19.39    0.00    0.00    0.00   33.67

19:48:11     CPU    %usr   %nice    %sys %iowait    %irq   %soft  %steal  %guest  %gnice   %idle
19:48:12     all    5.87    0.00   30.13    0.00    0.00   30.93    0.00    0.00    0.00   33.07
19:48:12       0    7.53    0.00   32.26    0.00    0.00   24.73    0.00    0.00    0.00   35.48
19:48:12       1    2.22    0.00   18.89    0.00    0.00   53.33    0.00    0.00    0.00   25.56
19:48:12       2    6.25    0.00   28.12    0.00    0.00   31.25    0.00    0.00    0.00   34.38
19:48:12       3    7.29    0.00   40.62    0.00    0.00   15.62    0.00    0.00    0.00   36.46

19:48:12     CPU    %usr   %nice    %sys %iowait    %irq   %soft  %steal  %guest  %gnice   %idle
19:48:13     all    4.55    0.00   30.21    0.00    0.00   22.99    0.00    0.00    0.00   42.25
19:48:13       0    6.19    0.00   36.08    0.00    0.00   17.53    0.00    0.00    0.00   40.21
19:48:13       1    3.49    0.00   20.93    0.00    0.00   45.35    0.00    0.00    0.00   30.23
19:48:13       2    1.08    0.00   34.41    0.00    0.00   17.20    0.00    0.00    0.00   47.31
19:48:13       3    7.14    0.00   28.57    0.00    0.00   14.29    0.00    0.00    0.00   50.00

19:48:13     CPU    %usr   %nice    %sys %iowait    %irq   %soft  %steal  %guest  %gnice   %idle
19:48:14     all    4.66    0.00   28.49    0.00    0.00   23.01    0.00    0.00    0.00   43.84
19:48:14       0    5.32    0.00   32.98    0.00    0.00   17.02    0.00    0.00    0.00   44.68
19:48:14       1    2.53    0.00   17.72    0.00    0.00   41.77    0.00    0.00    0.00   37.97
19:48:14       2    4.21    0.00   31.58    0.00    0.00   23.16    0.00    0.00    0.00   41.05
19:48:14       3    6.19    0.00   29.90    0.00    0.00   13.40    0.00    0.00    0.00   50.52

19:48:14     CPU    %usr   %nice    %sys %iowait    %irq   %soft  %steal  %guest  %gnice   %idle
19:48:15     all    4.88    0.00   26.29    0.00    0.00   20.87    0.00    0.00    0.00   47.97
19:48:15       0    3.19    0.00   25.53    0.00    0.00   18.09    0.00    0.00    0.00   53.19
19:48:15       1    2.60    0.00   19.48    0.00    0.00   35.06    0.00    0.00    0.00   42.86
19:48:15       2    5.00    0.00   28.00    0.00    0.00   19.00    0.00    0.00    0.00   48.00
19:48:15       3    8.16    0.00   30.61    0.00    0.00   14.29    0.00    0.00    0.00   46.94

19:48:15     CPU    %usr   %nice    %sys %iowait    %irq   %soft  %steal  %guest  %gnice   %idle
19:48:16     all    4.12    0.00   26.03    0.00    0.00   22.16    0.00    0.00    0.00   47.68
19:48:16       0    5.77    0.00   25.96    0.00    0.00   18.27    0.00    0.00    0.00   50.00
19:48:16       1    2.33    0.00   16.28    0.00    0.00   43.02    0.00    0.00    0.00   38.37
19:48:16       2    4.08    0.00   26.53    0.00    0.00   17.35    0.00    0.00    0.00   52.04
19:48:16       3    4.00    0.00   34.00    0.00    0.00   13.00    0.00    0.00    0.00   49.00

19:48:16     CPU    %usr   %nice    %sys %iowait    %irq   %soft  %steal  %guest  %gnice   %idle
19:48:17     all    3.92    0.00   23.50    0.00    0.00   17.49    0.00    0.00    0.00   55.09
19:48:17       0    6.00    0.00   26.00    0.00    0.00    9.00    0.00    0.00    0.00   59.00
19:48:17       1    2.38    0.00   17.86    0.00    0.00   34.52    0.00    0.00    0.00   45.24
19:48:17       2    4.12    0.00   22.68    0.00    0.00   16.49    0.00    0.00    0.00   56.70
19:48:17       3    2.94    0.00   26.47    0.00    0.00   12.75    0.00    0.00    0.00   57.84

19:48:17     CPU    %usr   %nice    %sys %iowait    %irq   %soft  %steal  %guest  %gnice   %idle
19:48:18     all    3.48    0.00   22.19    0.53    0.00   16.04    0.00    0.00    0.00   57.75
19:48:18       0    4.21    0.00   18.95    0.00    0.00   14.74    0.00    0.00    0.00   62.11
19:48:18       1    2.33    0.00   22.09    2.33    0.00   26.74    0.00    0.00    0.00   46.51
19:48:18       2    4.04    0.00   16.16    0.00    0.00   12.12    0.00    0.00    0.00   67.68
19:48:18       3    3.19    0.00   31.91    0.00    0.00   11.70    0.00    0.00    0.00   53.19

19:48:18     CPU    %usr   %nice    %sys %iowait    %irq   %soft  %steal  %guest  %gnice   %idle
19:48:19     all    2.70    0.00   19.68    0.00    0.00   15.36    0.00    0.00    0.00   62.26
19:48:19       0    2.13    0.00   20.21    0.00    0.00   13.83    0.00    0.00    0.00   63.83
19:48:19       1    2.53    0.00   12.66    0.00    0.00   25.32    0.00    0.00    0.00   59.49
19:48:19       2    2.06    0.00   21.65    0.00    0.00   14.43    0.00    0.00    0.00   61.86
19:48:19       3    3.96    0.00   22.77    0.00    0.00    9.90    0.00    0.00    0.00   63.37

19:48:19     CPU    %usr   %nice    %sys %iowait    %irq   %soft  %steal  %guest  %gnice   %idle
19:48:20     all    3.24    0.00   20.00    0.00    0.00   14.59    0.00    0.00    0.00   62.16
19:48:20       0    2.15    0.00   13.98    0.00    0.00   12.90    0.00    0.00    0.00   70.97
19:48:20       1    4.82    0.00   16.87    0.00    0.00   26.51    0.00    0.00    0.00   51.81
19:48:20       2    2.06    0.00   24.74    0.00    0.00    9.28    0.00    0.00    0.00   63.92
19:48:20       3    4.12    0.00   23.71    0.00    0.00   11.34    0.00    0.00    0.00   60.82

19:48:20     CPU    %usr   %nice    %sys %iowait    %irq   %soft  %steal  %guest  %gnice   %idle
19:48:21     all    2.47    0.00   19.23    0.00    0.00   12.09    0.00    0.00    0.00   66.21
19:48:21       0    2.13    0.00   22.34    0.00    0.00   10.64    0.00    0.00    0.00   64.89
19:48:21       1    2.47    0.00   16.05    0.00    0.00   20.99    0.00    0.00    0.00   60.49
19:48:21       2    2.11    0.00   22.11    0.00    0.00    7.37    0.00    0.00    0.00   68.42
19:48:21       3    3.19    0.00   15.96    0.00    0.00   10.64    0.00    0.00    0.00   70.21

19:48:21     CPU    %usr   %nice    %sys %iowait    %irq   %soft  %steal  %guest  %gnice   %idle
19:48:22     all    3.27    0.00   17.17    0.00    0.00   12.26    0.00    0.00    0.00   67.30
19:48:22       0    2.08    0.00   18.75    0.00    0.00    7.29    0.00    0.00    0.00   71.88
19:48:22       1    3.53    0.00   16.47    0.00    0.00   21.18    0.00    0.00    0.00   58.82
19:48:22       2    4.35    0.00   15.22    0.00    0.00    8.70    0.00    0.00    0.00   71.74
19:48:22       3    3.19    0.00   18.09    0.00    0.00   12.77    0.00    0.00    0.00   65.96

19:48:22     CPU    %usr   %nice    %sys %iowait    %irq   %soft  %steal  %guest  %gnice   %idle
19:48:23     all    4.56    0.00   19.03    0.00    0.00   12.87    0.00    0.00    0.00   63.54
19:48:23       0    1.03    0.00   20.62    0.00    0.00    5.15    0.00    0.00    0.00   73.20
19:48:23       1    5.95    0.00   17.86    0.00    0.00   28.57    0.00    0.00    0.00   47.62
19:48:23       2    6.19    0.00   20.62    0.00    0.00   12.37    0.00    0.00    0.00   60.82
19:48:23       3    5.26    0.00   16.84    0.00    0.00    7.37    0.00    0.00    0.00   70.53

19:48:23     CPU    %usr   %nice    %sys %iowait    %irq   %soft  %steal  %guest  %gnice   %idle
19:48:24     all    3.19    0.00   18.35    0.00    0.00   14.36    0.00    0.00    0.00   64.10
19:48:24       0    2.11    0.00   14.74    0.00    0.00    8.42    0.00    0.00    0.00   74.74
19:48:24       1    4.76    0.00   13.10    0.00    0.00   28.57    0.00    0.00    0.00   53.57
19:48:24       2    4.26    0.00   19.15    0.00    0.00    9.57    0.00    0.00    0.00   67.02
19:48:24       3    1.94    0.00   25.24    0.00    0.00   12.62    0.00    0.00    0.00   60.19

19:48:24     CPU    %usr   %nice    %sys %iowait    %irq   %soft  %steal  %guest  %gnice   %idle
19:48:25     all    1.55    0.00   19.12    0.00    0.00   29.46    0.00    0.00    0.00   49.87
19:48:25       0    1.08    0.00   21.51    0.00    0.00    6.45    0.00    0.00    0.00   70.97
19:48:25       1    0.00    0.00    0.98    0.00    0.00   96.08    0.00    0.00    0.00    2.94
19:48:25       2    3.06    0.00   29.59    0.00    0.00    6.12    0.00    0.00    0.00   61.22
19:48:25       3    2.13    0.00   25.53    0.00    0.00    4.26    0.00    0.00    0.00   68.09

19:48:25     CPU    %usr   %nice    %sys %iowait    %irq   %soft  %steal  %guest  %gnice   %idle
19:48:26     all    1.51    0.00   10.83    0.00    0.00   27.20    0.00    0.00    0.00   60.45
19:48:26       0    0.98    0.00   11.76    0.00    0.00    0.00    0.00    0.00    0.00   87.25
19:48:26       1    0.00    0.00    0.00    0.00    0.00  100.00    0.00    0.00    0.00    0.00
19:48:26       2    1.08    0.00   12.90    0.00    0.00    0.00    0.00    0.00    0.00   86.02
19:48:26       3    3.92    0.00   18.63    0.00    0.00    7.84    0.00    0.00    0.00   69.61

19:48:26     CPU    %usr   %nice    %sys %iowait    %irq   %soft  %steal  %guest  %gnice   %idle
19:48:27     all    0.51    0.00    6.43    0.00    0.00   26.99    0.00    0.00    0.00   66.07
19:48:27       0    0.00    0.00    7.14    0.00    0.00    0.00    0.00    0.00    0.00   92.86
19:48:27       1    0.00    0.00    0.00    0.00    0.00  100.00    0.00    0.00    0.00    0.00
19:48:27       2    1.04    0.00    7.29    0.00    0.00    1.04    0.00    0.00    0.00   90.62
19:48:27       3    1.05    0.00   11.58    0.00    0.00    4.21    0.00    0.00    0.00   83.16

19:48:27     CPU    %usr   %nice    %sys %iowait    %irq   %soft  %steal  %guest  %gnice   %idle
19:48:28     all    2.55    0.00    9.18    0.26    0.00   26.53    0.00    0.00    0.00   61.48
19:48:28       0    5.15    0.00    8.25    0.00    0.00    2.06    0.00    0.00    0.00   84.54
19:48:28       1    0.00    0.00    0.00    0.00    0.00  100.00    0.00    0.00    0.00    0.00
19:48:28       2    3.12    0.00   13.54    0.00    0.00    0.00    0.00    0.00    0.00   83.33
19:48:28       3    2.02    0.00   15.15    1.01    0.00    2.02    0.00    0.00    0.00   79.80

19:48:28     CPU    %usr   %nice    %sys %iowait    %irq   %soft  %steal  %guest  %gnice   %idle
19:48:29     all    0.00    0.00    5.91    0.00    0.00   25.71    0.00    0.00    0.00   68.38
19:48:29       0    0.00    0.00    7.22    0.00    0.00    0.00    0.00    0.00    0.00   92.78
19:48:29       1    0.00    0.00    0.00    0.00    0.00  100.00    0.00    0.00    0.00    0.00
19:48:29       2    0.00    0.00    9.28    0.00    0.00    0.00    0.00    0.00    0.00   90.72
19:48:29       3    0.00    0.00    7.37    0.00    0.00    0.00    0.00    0.00    0.00   92.63

19:48:29     CPU    %usr   %nice    %sys %iowait    %irq   %soft  %steal  %guest  %gnice   %idle
19:48:30     all    1.29    0.00    9.28    0.00    0.00   22.94    0.00    0.00    0.00   66.49
19:48:30       0    1.03    0.00    9.28    0.00    0.00    1.03    0.00    0.00    0.00   88.66
19:48:30       1    1.09    0.00    0.00    0.00    0.00   93.48    0.00    0.00    0.00    5.43
19:48:30       2    1.00    0.00   15.00    0.00    0.00    1.00    0.00    0.00    0.00   83.00
19:48:30       3    2.02    0.00   12.12    0.00    0.00    1.01    0.00    0.00    0.00   84.85

19:48:30     CPU    %usr   %nice    %sys %iowait    %irq   %soft  %steal  %guest  %gnice   %idle
19:48:31     all    0.84    0.00   19.38    0.00    0.00    7.30    0.00    0.00    0.00   72.47
19:48:31       0    1.00    0.00   22.00    0.00    0.00    3.00    0.00    0.00    0.00   74.00
19:48:31       1    0.00    0.00    6.90    0.00    0.00   31.03    0.00    0.00    0.00   62.07
19:48:31       2    2.08    0.00   20.83    0.00    0.00    2.08    0.00    0.00    0.00   75.00
19:48:31       3    0.00    0.00   22.55    0.00    0.00    2.94    0.00    0.00    0.00   74.51

19:48:31     CPU    %usr   %nice    %sys %iowait    %irq   %soft  %steal  %guest  %gnice   %idle
19:48:32     all    0.55    0.00   19.39    0.00    0.00    3.88    0.00    0.00    0.00   76.18
19:48:32       0    0.00    0.00   21.78    0.00    0.00    0.00    0.00    0.00    0.00   78.22
19:48:32       1    0.00    0.00    5.08    0.00    0.00   18.64    0.00    0.00    0.00   76.27
19:48:32       2    1.02    0.00   21.43    0.00    0.00    1.02    0.00    0.00    0.00   76.53
19:48:32       3    0.97    0.00   23.30    0.00    0.00    1.94    0.00    0.00    0.00   73.79

19:48:32     CPU    %usr   %nice    %sys %iowait    %irq   %soft  %steal  %guest  %gnice   %idle
19:48:33     all    3.54    0.00    3.80    0.00    0.00    0.25    0.00    0.00    0.00   92.41
19:48:33       0    3.06    0.00    4.08    0.00    0.00    0.00    0.00    0.00    0.00   92.86
19:48:33       1    2.04    0.00    3.06    0.00    0.00    1.02    0.00    0.00    0.00   93.88
19:48:33       2    3.03    0.00    3.03    0.00    0.00    0.00    0.00    0.00    0.00   93.94
19:48:33       3    6.00    0.00    5.00    0.00    0.00    0.00    0.00    0.00    0.00   89.00

19:48:33     CPU    %usr   %nice    %sys %iowait    %irq   %soft  %steal  %guest  %gnice   %idle
19:48:34     all    0.51    0.00    0.25    0.00    0.00    0.00    0.00    0.00    0.00   99.24
19:48:34       0    0.00    0.00    0.00    0.00    0.00    0.00    0.00    0.00    0.00  100.00
19:48:34       1    0.00    0.00    1.02    0.00    0.00    0.00    0.00    0.00    0.00   98.98
19:48:34       2    1.01    0.00    0.00    0.00    0.00    0.00    0.00    0.00    0.00   98.99
19:48:34       3    1.00    0.00    0.00    0.00    0.00    0.00    0.00    0.00    0.00   99.00

19:48:34     CPU    %usr   %nice    %sys %iowait    %irq   %soft  %steal  %guest  %gnice   %idle
19:48:35     all    0.25    0.00    0.76    0.00    0.00    0.00    0.00    0.00    0.00   98.99
19:48:35       0    0.00    0.00    0.00    0.00    0.00    0.00    0.00    0.00    0.00  100.00
19:48:35       1    1.00    0.00    1.00    0.00    0.00    0.00    0.00    0.00    0.00   98.00
19:48:35       2    0.00    0.00    1.01    0.00    0.00    0.00    0.00    0.00    0.00   98.99
19:48:35       3    0.00    0.00    1.01    0.00    0.00    0.00    0.00    0.00    0.00   98.99

19:48:35     CPU    %usr   %nice    %sys %iowait    %irq   %soft  %steal  %guest  %gnice   %idle
19:48:36     all    0.25    0.00    1.01    0.00    0.00    0.00    0.00    0.00    0.00   98.73
19:48:36       0    0.00    0.00    2.04    0.00    0.00    0.00    0.00    0.00    0.00   97.96
19:48:36       1    0.00    0.00    0.00    0.00    0.00    0.00    0.00    0.00    0.00  100.00
19:48:36       2    0.00    0.00    1.01    0.00    0.00    0.00    0.00    0.00    0.00   98.99
19:48:36       3    1.01    0.00    1.01    0.00    0.00    0.00    0.00    0.00    0.00   97.98

19:48:36     CPU    %usr   %nice    %sys %iowait    %irq   %soft  %steal  %guest  %gnice   %idle
19:48:37     all    0.25    0.00    0.00    0.00    0.00    0.00    0.00    0.00    0.00   99.75
19:48:37       0    1.01    0.00    0.00    0.00    0.00    0.00    0.00    0.00    0.00   98.99
19:48:37       1    0.00    0.00    0.00    0.00    0.00    0.00    0.00    0.00    0.00  100.00
19:48:37       2    0.00    0.00    0.00    0.00    0.00    0.00    0.00    0.00    0.00  100.00
19:48:37       3    0.00    0.00    0.00    0.00    0.00    0.00    0.00    0.00    0.00  100.00

19:48:37     CPU    %usr   %nice    %sys %iowait    %irq   %soft  %steal  %guest  %gnice   %idle
19:48:38     all    2.78    0.00    3.54    0.25    0.00    0.00    0.00    0.00    0.00   93.42
19:48:38       0    3.06    0.00    3.06    0.00    0.00    0.00    0.00    0.00    0.00   93.88
19:48:38       1    2.02    0.00    2.02    0.00    0.00    0.00    0.00    0.00    0.00   95.96
19:48:38       2    1.01    0.00    4.04    1.01    0.00    0.00    0.00    0.00    0.00   93.94
19:48:38       3    5.05    0.00    5.05    0.00    0.00    0.00    0.00    0.00    0.00   89.90

19:48:38     CPU    %usr   %nice    %sys %iowait    %irq   %soft  %steal  %guest  %gnice   %idle
19:48:39     all    0.25    0.00    0.76    0.00    0.00    0.00    0.00    0.00    0.00   98.99
19:48:39       0    0.00    0.00    0.00    0.00    0.00    0.00    0.00    0.00    0.00  100.00
19:48:39       1    0.00    0.00    2.04    0.00    0.00    0.00    0.00    0.00    0.00   97.96
19:48:39       2    0.00    0.00    1.00    0.00    0.00    0.00    0.00    0.00    0.00   99.00
19:48:39       3    1.01    0.00    0.00    0.00    0.00    0.00    0.00    0.00    0.00   98.99

19:48:39     CPU    %usr   %nice    %sys %iowait    %irq   %soft  %steal  %guest  %gnice   %idle
19:48:40     all    0.25    0.00    0.76    0.00    0.00    0.00    0.00    0.00    0.00   98.99
19:48:40       0    0.00    0.00    0.00    0.00    0.00    0.00    0.00    0.00    0.00  100.00
19:48:40       1    1.00    0.00    2.00    0.00    0.00    0.00    0.00    0.00    0.00   97.00
19:48:40       2    0.00    0.00    1.02    0.00    0.00    0.00    0.00    0.00    0.00   98.98
19:48:40       3    0.00    0.00    0.00    0.00    0.00    0.00    0.00    0.00    0.00  100.00

19:48:40     CPU    %usr   %nice    %sys %iowait    %irq   %soft  %steal  %guest  %gnice   %idle
19:48:41     all    0.50    0.00    0.76    0.00    0.00    0.00    0.00    0.00    0.00   98.74
19:48:41       0    0.99    0.00    0.99    0.00    0.00    0.00    0.00    0.00    0.00   98.02
19:48:41       1    1.01    0.00    0.00    0.00    0.00    0.00    0.00    0.00    0.00   98.99
19:48:41       2    0.00    0.00    2.02    0.00    0.00    0.00    0.00    0.00    0.00   97.98
19:48:41       3    0.00    0.00    0.00    0.00    0.00    0.00    0.00    0.00    0.00  100.00

19:48:41     CPU    %usr   %nice    %sys %iowait    %irq   %soft  %steal  %guest  %gnice   %idle
19:48:42     all    0.51    0.00    0.25    0.00    0.00    0.00    0.00    0.00    0.00   99.24
19:48:42       0    1.01    0.00    0.00    0.00    0.00    0.00    0.00    0.00    0.00   98.99
19:48:42       1    0.00    0.00    0.00    0.00    0.00    0.00    0.00    0.00    0.00  100.00
19:48:42       2    0.00    0.00    1.01    0.00    0.00    0.00    0.00    0.00    0.00   98.99
19:48:42       3    1.01    0.00    0.00    0.00    0.00    0.00    0.00    0.00    0.00   98.99

19:48:42     CPU    %usr   %nice    %sys %iowait    %irq   %soft  %steal  %guest  %gnice   %idle
19:48:43     all    4.05    0.00    3.80    0.00    0.00    0.00    0.00    0.00    0.00   92.15
19:48:43       0    2.04    0.00    5.10    0.00    0.00    0.00    0.00    0.00    0.00   92.86
19:48:43       1    2.06    0.00    2.06    0.00    0.00    0.00    0.00    0.00    0.00   95.88
19:48:43       2    6.93    0.00    3.96    0.00    0.00    0.00    0.00    0.00    0.00   89.11
19:48:43       3    5.05    0.00    4.04    0.00    0.00    0.00    0.00    0.00    0.00   90.91

19:48:43     CPU    %usr   %nice    %sys %iowait    %irq   %soft  %steal  %guest  %gnice   %idle
19:48:44     all    1.52    0.00    3.29    0.00    0.00    0.00    0.00    0.00    0.00   95.19
19:48:44       0    4.04    0.00    4.04    0.00    0.00    0.00    0.00    0.00    0.00   91.92
19:48:44       1    1.01    0.00    3.03    0.00    0.00    0.00    0.00    0.00    0.00   95.96
19:48:44       2    1.01    0.00    4.04    0.00    0.00    0.00    0.00    0.00    0.00   94.95
19:48:44       3    0.00    0.00    2.04    0.00    0.00    0.00    0.00    0.00    0.00   97.96

19:48:44     CPU    %usr   %nice    %sys %iowait    %irq   %soft  %steal  %guest  %gnice   %idle
19:48:45     all    1.74    0.00    8.19    0.00    0.00    4.47    0.00    0.00    0.00   85.61
19:48:45       0    1.96    0.00    9.80    0.00    0.00    3.92    0.00    0.00    0.00   84.31
19:48:45       1    1.00    0.00    3.00    0.00    0.00   11.00    0.00    0.00    0.00   85.00
19:48:45       2    1.96    0.00    9.80    0.00    0.00    1.96    0.00    0.00    0.00   86.27
19:48:45       3    2.02    0.00   10.10    0.00    0.00    1.01    0.00    0.00    0.00   86.87

19:48:45     CPU    %usr   %nice    %sys %iowait    %irq   %soft  %steal  %guest  %gnice   %idle
19:48:46     all    3.99    0.00   27.93    0.00    0.00   29.52    0.00    0.00    0.00   38.56
19:48:46       0    5.15    0.00   32.99    0.00    0.00   21.65    0.00    0.00    0.00   40.21
19:48:46       1    2.17    0.00   17.39    0.00    0.00   46.74    0.00    0.00    0.00   33.70
19:48:46       2    4.26    0.00   30.85    0.00    0.00   27.66    0.00    0.00    0.00   37.23
19:48:46       3    4.30    0.00   30.11    0.00    0.00   22.58    0.00    0.00    0.00   43.01

19:48:46     CPU    %usr   %nice    %sys %iowait    %irq   %soft  %steal  %guest  %gnice   %idle
19:48:47     all    5.48    0.00   31.07    0.00    0.00   31.85    0.00    0.00    0.00   31.59
19:48:47       0    4.26    0.00   30.85    0.00    0.00   27.66    0.00    0.00    0.00   37.23
19:48:47       1    4.40    0.00   19.78    0.00    0.00   49.45    0.00    0.00    0.00   26.37
19:48:47       2    4.90    0.00   38.24    0.00    0.00   26.47    0.00    0.00    0.00   30.39
19:48:47       3    8.33    0.00   34.38    0.00    0.00   25.00    0.00    0.00    0.00   32.29

19:48:47     CPU    %usr   %nice    %sys %iowait    %irq   %soft  %steal  %guest  %gnice   %idle
19:48:48     all    4.62    0.00   32.61    0.00    0.00   30.43    0.00    0.00    0.00   32.34
19:48:48       0    4.44    0.00   37.78    0.00    0.00   23.33    0.00    0.00    0.00   34.44
19:48:48       1    4.30    0.00   18.28    0.00    0.00   49.46    0.00    0.00    0.00   27.96
19:48:48       2    2.17    0.00   36.96    0.00    0.00   30.43    0.00    0.00    0.00   30.43
19:48:48       3    7.53    0.00   37.63    0.00    0.00   18.28    0.00    0.00    0.00   36.56

19:48:48     CPU    %usr   %nice    %sys %iowait    %irq   %soft  %steal  %guest  %gnice   %idle
19:48:49     all    5.32    0.00   29.52    0.00    0.00   30.05    0.00    0.00    0.00   35.11
19:48:49       0    5.05    0.00   31.31    0.00    0.00   22.22    0.00    0.00    0.00   41.41
19:48:49       1    1.11    0.00   23.33    0.00    0.00   50.00    0.00    0.00    0.00   25.56
19:48:49       2    6.38    0.00   25.53    0.00    0.00   28.72    0.00    0.00    0.00   39.36
19:48:49       3    8.60    0.00   37.63    0.00    0.00   20.43    0.00    0.00    0.00   33.33

19:48:49     CPU    %usr   %nice    %sys %iowait    %irq   %soft  %steal  %guest  %gnice   %idle
19:48:50     all    5.93    0.00   30.93    0.00    0.00   30.67    0.00    0.00    0.00   32.47
19:48:50       0    4.00    0.00   37.00    0.00    0.00   22.00    0.00    0.00    0.00   37.00
19:48:50       1    5.10    0.00   20.41    0.00    0.00   51.02    0.00    0.00    0.00   23.47
19:48:50       2    6.25    0.00   33.33    0.00    0.00   28.12    0.00    0.00    0.00   32.29
19:48:50       3    8.51    0.00   32.98    0.00    0.00   21.28    0.00    0.00    0.00   37.23

19:48:50     CPU    %usr   %nice    %sys %iowait    %irq   %soft  %steal  %guest  %gnice   %idle
19:48:51     all    5.31    0.00   29.97    0.00    0.00   33.16    0.00    0.00    0.00   31.56
19:48:51       0    6.19    0.00   32.99    0.00    0.00   24.74    0.00    0.00    0.00   36.08
19:48:51       1    4.00    0.00   19.00    0.00    0.00   56.00    0.00    0.00    0.00   21.00
19:48:51       2    6.67    0.00   35.56    0.00    0.00   30.00    0.00    0.00    0.00   27.78
19:48:51       3    4.44    0.00   33.33    0.00    0.00   20.00    0.00    0.00    0.00   42.22

19:48:51     CPU    %usr   %nice    %sys %iowait    %irq   %soft  %steal  %guest  %gnice   %idle
19:48:52     all    4.37    0.00   35.48    0.00    0.00   31.88    0.00    0.00    0.00   28.28
19:48:52       0    7.37    0.00   40.00    0.00    0.00   21.05    0.00    0.00    0.00   31.58
19:48:52       1    2.15    0.00   22.58    0.00    0.00   52.69    0.00    0.00    0.00   22.58
19:48:52       2    3.09    0.00   39.18    0.00    0.00   31.96    0.00    0.00    0.00   25.77
19:48:52       3    4.81    0.00   39.42    0.00    0.00   23.08    0.00    0.00    0.00   32.69

19:48:52     CPU    %usr   %nice    %sys %iowait    %irq   %soft  %steal  %guest  %gnice   %idle
19:48:53     all    5.26    0.00   32.11    0.00    0.00   30.53    0.00    0.00    0.00   32.11
19:48:53       0    4.17    0.00   37.50    0.00    0.00   23.96    0.00    0.00    0.00   34.38
19:48:53       1    3.23    0.00   19.35    0.00    0.00   53.76    0.00    0.00    0.00   23.66
19:48:53       2    7.69    0.00   35.16    0.00    0.00   25.27    0.00    0.00    0.00   31.87
19:48:53       3    6.00    0.00   36.00    0.00    0.00   20.00    0.00    0.00    0.00   38.00

19:48:53     CPU    %usr   %nice    %sys %iowait    %irq   %soft  %steal  %guest  %gnice   %idle
19:48:54     all    7.49    0.00   32.62    0.00    0.00   30.21    0.00    0.00    0.00   29.68
19:48:54       0   10.00    0.00   38.00    0.00    0.00   21.00    0.00    0.00    0.00   31.00
19:48:54       1    5.38    0.00   21.51    0.00    0.00   51.61    0.00    0.00    0.00   21.51
19:48:54       2    9.20    0.00   26.44    0.00    0.00   28.74    0.00    0.00    0.00   35.63
19:48:54       3    5.32    0.00   43.62    0.00    0.00   20.21    0.00    0.00    0.00   30.85

19:48:54     CPU    %usr   %nice    %sys %iowait    %irq   %soft  %steal  %guest  %gnice   %idle
19:48:55     all    5.12    0.00   30.95    0.00    0.00   30.43    0.00    0.00    0.00   33.50
19:48:55       0    7.92    0.00   33.66    0.00    0.00   21.78    0.00    0.00    0.00   36.63
19:48:55       1    1.12    0.00   21.35    0.00    0.00   49.44    0.00    0.00    0.00   28.09
19:48:55       2    6.00    0.00   32.00    0.00    0.00   31.00    0.00    0.00    0.00   31.00
19:48:55       3    4.95    0.00   35.64    0.00    0.00   21.78    0.00    0.00    0.00   37.62

19:48:55     CPU    %usr   %nice    %sys %iowait    %irq   %soft  %steal  %guest  %gnice   %idle
19:48:56     all    3.83    0.00   30.36    0.00    0.00   30.61    0.00    0.00    0.00   35.20
19:48:56       0    6.25    0.00   33.33    0.00    0.00   22.92    0.00    0.00    0.00   37.50
19:48:56       1    2.06    0.00   18.56    0.00    0.00   51.55    0.00    0.00    0.00   27.84
19:48:56       2    3.00    0.00   35.00    0.00    0.00   26.00    0.00    0.00    0.00   36.00
19:48:56       3    4.04    0.00   34.34    0.00    0.00   22.22    0.00    0.00    0.00   39.39

19:48:56     CPU    %usr   %nice    %sys %iowait    %irq   %soft  %steal  %guest  %gnice   %idle
19:48:57     all    5.01    0.00   32.19    0.00    0.00   28.23    0.00    0.00    0.00   34.56
19:48:57       0    4.40    0.00   37.36    0.00    0.00   19.78    0.00    0.00    0.00   38.46
19:48:57       1    6.45    0.00   15.05    0.00    0.00   47.31    0.00    0.00    0.00   31.18
19:48:57       2    3.06    0.00   39.80    0.00    0.00   24.49    0.00    0.00    0.00   32.65
19:48:57       3    6.19    0.00   36.08    0.00    0.00   21.65    0.00    0.00    0.00   36.08

19:48:57     CPU    %usr   %nice    %sys %iowait    %irq   %soft  %steal  %guest  %gnice   %idle
19:48:58     all    3.44    0.00   31.75    0.00    0.00   27.78    0.00    0.00    0.00   37.04
19:48:58       0    4.08    0.00   32.65    0.00    0.00   17.35    0.00    0.00    0.00   45.92
19:48:58       1    3.30    0.00   20.88    0.00    0.00   48.35    0.00    0.00    0.00   27.47
19:48:58       2    3.30    0.00   36.26    0.00    0.00   25.27    0.00    0.00    0.00   35.16
19:48:58       3    3.06    0.00   36.73    0.00    0.00   21.43    0.00    0.00    0.00   38.78

19:48:58     CPU    %usr   %nice    %sys %iowait    %irq   %soft  %steal  %guest  %gnice   %idle
19:48:59     all    6.10    0.00   32.10    0.27    0.00   24.14    0.00    0.00    0.00   37.40
19:48:59       0    5.21    0.00   33.33    0.00    0.00   14.58    0.00    0.00    0.00   46.88
19:48:59       1    5.38    0.00   22.58    0.00    0.00   45.16    0.00    0.00    0.00   26.88
19:48:59       2    5.38    0.00   33.33    1.08    0.00   21.51    0.00    0.00    0.00   38.71
19:48:59       3    8.42    0.00   38.95    0.00    0.00   15.79    0.00    0.00    0.00   36.84

19:48:59     CPU    %usr   %nice    %sys %iowait    %irq   %soft  %steal  %guest  %gnice   %idle
19:49:00     all    5.29    0.00   28.31    0.00    0.00   26.46    0.00    0.00    0.00   39.95
19:49:00       0    8.33    0.00   27.08    0.00    0.00   16.67    0.00    0.00    0.00   47.92
19:49:00       1    3.33    0.00   21.11    0.00    0.00   45.56    0.00    0.00    0.00   30.00
19:49:00       2    4.21    0.00   31.58    0.00    0.00   22.11    0.00    0.00    0.00   42.11
19:49:00       3    5.15    0.00   32.99    0.00    0.00   22.68    0.00    0.00    0.00   39.18

19:49:00     CPU    %usr   %nice    %sys %iowait    %irq   %soft  %steal  %guest  %gnice   %idle
19:49:01     all    3.97    0.00   29.63    0.00    0.00   28.31    0.00    0.00    0.00   38.10
19:49:01       0    3.16    0.00   29.47    0.00    0.00   25.26    0.00    0.00    0.00   42.11
19:49:01       1    1.14    0.00   18.18    0.00    0.00   50.00    0.00    0.00    0.00   30.68
19:49:01       2    4.26    0.00   31.91    0.00    0.00   22.34    0.00    0.00    0.00   41.49
19:49:01       3    6.93    0.00   37.62    0.00    0.00   17.82    0.00    0.00    0.00   37.62

19:49:01     CPU    %usr   %nice    %sys %iowait    %irq   %soft  %steal  %guest  %gnice   %idle
19:49:02     all    4.81    0.00   31.55    0.00    0.00   27.01    0.00    0.00    0.00   36.63
19:49:02       0    6.19    0.00   41.24    0.00    0.00   17.53    0.00    0.00    0.00   35.05
19:49:02       1    2.33    0.00   13.95    0.00    0.00   51.16    0.00    0.00    0.00   32.56
19:49:02       2    4.26    0.00   32.98    0.00    0.00   24.47    0.00    0.00    0.00   38.30
19:49:02       3    6.19    0.00   36.08    0.00    0.00   17.53    0.00    0.00    0.00   40.21

19:49:02     CPU    %usr   %nice    %sys %iowait    %irq   %soft  %steal  %guest  %gnice   %idle
19:49:03     all    4.99    0.00   30.47    0.00    0.00   18.28    0.00    0.00    0.00   46.26
19:49:03       0    5.21    0.00   39.58    0.00    0.00   13.54    0.00    0.00    0.00   41.67
19:49:03       1    3.90    0.00   18.18    0.00    0.00   31.17    0.00    0.00    0.00   46.75
19:49:03       2    5.43    0.00   29.35    0.00    0.00   17.39    0.00    0.00    0.00   47.83
19:49:03       3    5.21    0.00   32.29    0.00    0.00   13.54    0.00    0.00    0.00   48.96

19:49:03     CPU    %usr   %nice    %sys %iowait    %irq   %soft  %steal  %guest  %gnice   %idle
19:49:04     all    4.59    0.00   21.35    0.00    0.00   17.30    0.00    0.00    0.00   56.76
19:49:04       0    4.00    0.00   31.00    0.00    0.00   11.00    0.00    0.00    0.00   54.00
19:49:04       1    3.53    0.00   16.47    0.00    0.00   34.12    0.00    0.00    0.00   45.88
19:49:04       2    2.22    0.00   17.78    0.00    0.00   13.33    0.00    0.00    0.00   66.67
19:49:04       3    8.42    0.00   18.95    0.00    0.00   12.63    0.00    0.00    0.00   60.00

19:49:04     CPU    %usr   %nice    %sys %iowait    %irq   %soft  %steal  %guest  %gnice   %idle
19:49:05     all    2.76    0.00   18.51    0.00    0.00   13.26    0.00    0.00    0.00   65.47
19:49:05       0    2.15    0.00   16.13    0.00    0.00   10.75    0.00    0.00    0.00   70.97
19:49:05       1    2.60    0.00   16.88    0.00    0.00   19.48    0.00    0.00    0.00   61.04
19:49:05       2    2.11    0.00   24.21    0.00    0.00   15.79    0.00    0.00    0.00   57.89
19:49:05       3    4.12    0.00   16.49    0.00    0.00    8.25    0.00    0.00    0.00   71.13

19:49:05     CPU    %usr   %nice    %sys %iowait    %irq   %soft  %steal  %guest  %gnice   %idle
19:49:06     all    3.02    0.00   18.68    0.00    0.00   14.01    0.00    0.00    0.00   64.29
19:49:06       0    1.06    0.00   21.28    0.00    0.00   10.64    0.00    0.00    0.00   67.02
19:49:06       1    3.61    0.00   15.66    0.00    0.00   26.51    0.00    0.00    0.00   54.22
19:49:06       2    3.19    0.00   21.28    0.00    0.00   12.77    0.00    0.00    0.00   62.77
19:49:06       3    4.30    0.00   16.13    0.00    0.00    7.53    0.00    0.00    0.00   72.04

19:49:06     CPU    %usr   %nice    %sys %iowait    %irq   %soft  %steal  %guest  %gnice   %idle
19:49:07     all    3.27    0.00   17.71    0.00    0.00   15.26    0.00    0.00    0.00   63.76
19:49:07       0    3.09    0.00   17.53    0.00    0.00   10.31    0.00    0.00    0.00   69.07
19:49:07       1    3.75    0.00   16.25    0.00    0.00   23.75    0.00    0.00    0.00   56.25
19:49:07       2    3.19    0.00   18.09    0.00    0.00   18.09    0.00    0.00    0.00   60.64
19:49:07       3    3.12    0.00   18.75    0.00    0.00   10.42    0.00    0.00    0.00   67.71

19:49:07     CPU    %usr   %nice    %sys %iowait    %irq   %soft  %steal  %guest  %gnice   %idle
19:49:08     all    2.19    0.00   19.95    0.00    0.00   13.39    0.00    0.00    0.00   64.48
19:49:08       0    3.16    0.00   20.00    0.00    0.00    8.42    0.00    0.00    0.00   68.42
19:49:08       1    1.30    0.00   16.88    0.00    0.00   20.78    0.00    0.00    0.00   61.04
19:49:08       2    1.05    0.00   24.21    0.00    0.00   10.53    0.00    0.00    0.00   64.21
19:49:08       3    3.03    0.00   18.18    0.00    0.00   15.15    0.00    0.00    0.00   63.64

19:49:08     CPU    %usr   %nice    %sys %iowait    %irq   %soft  %steal  %guest  %gnice   %idle
19:49:09     all    5.22    0.00   17.58    0.00    0.00   15.38    0.00    0.00    0.00   61.81
19:49:09       0    4.44    0.00   18.89    0.00    0.00    8.89    0.00    0.00    0.00   67.78
19:49:09       1    2.38    0.00   15.48    0.00    0.00   29.76    0.00    0.00    0.00   52.38
19:49:09       2    6.12    0.00   20.41    0.00    0.00   15.31    0.00    0.00    0.00   58.16
19:49:09       3    7.61    0.00   15.22    0.00    0.00    8.70    0.00    0.00    0.00   68.48

19:49:09     CPU    %usr   %nice    %sys %iowait    %irq   %soft  %steal  %guest  %gnice   %idle
19:49:10     all    2.46    0.00   19.95    0.00    0.00   12.30    0.00    0.00    0.00   65.30
19:49:10       0    2.06    0.00   22.68    0.00    0.00   10.31    0.00    0.00    0.00   64.95
19:49:10       1    0.00    0.00   18.42    0.00    0.00   18.42    0.00    0.00    0.00   63.16
19:49:10       2    3.12    0.00   19.79    0.00    0.00   12.50    0.00    0.00    0.00   64.58
19:49:10       3    4.12    0.00   18.56    0.00    0.00    9.28    0.00    0.00    0.00   68.04

19:49:10     CPU    %usr   %nice    %sys %iowait    %irq   %soft  %steal  %guest  %gnice   %idle
19:49:11     all    3.22    0.00   21.18    0.00    0.00   14.21    0.00    0.00    0.00   61.39
19:49:11       0    3.12    0.00   19.79    0.00    0.00   10.42    0.00    0.00    0.00   66.67
19:49:11       1    3.61    0.00   12.05    0.00    0.00   25.30    0.00    0.00    0.00   59.04
19:49:11       2    3.06    0.00   30.61    0.00    0.00   15.31    0.00    0.00    0.00   51.02
19:49:11       3    3.12    0.00   20.83    0.00    0.00    7.29    0.00    0.00    0.00   68.75

19:49:11     CPU    %usr   %nice    %sys %iowait    %irq   %soft  %steal  %guest  %gnice   %idle
19:49:12     all    3.78    0.00   21.08    0.00    0.00   14.05    0.00    0.00    0.00   61.08
19:49:12       0    4.21    0.00   25.26    0.00    0.00   10.53    0.00    0.00    0.00   60.00
19:49:12       1    3.61    0.00   16.87    0.00    0.00   22.89    0.00    0.00    0.00   56.63
19:49:12       2    3.12    0.00   22.92    0.00    0.00   11.46    0.00    0.00    0.00   62.50
19:49:12       3    4.17    0.00   18.75    0.00    0.00   12.50    0.00    0.00    0.00   64.58

19:49:12     CPU    %usr   %nice    %sys %iowait    %irq   %soft  %steal  %guest  %gnice   %idle
19:49:13     all    2.84    0.00   18.75    0.00    0.00   12.78    0.00    0.00    0.00   65.62
19:49:13       0    3.26    0.00   14.13    0.00    0.00    8.70    0.00    0.00    0.00   73.91
19:49:13       1    2.50    0.00   22.50    0.00    0.00   23.75    0.00    0.00    0.00   51.25
19:49:13       2    3.26    0.00   20.65    0.00    0.00   14.13    0.00    0.00    0.00   61.96
19:49:13       3    2.27    0.00   18.18    0.00    0.00    5.68    0.00    0.00    0.00   73.86

19:49:13     CPU    %usr   %nice    %sys %iowait    %irq   %soft  %steal  %guest  %gnice   %idle
19:49:14     all    5.09    0.00   21.45    0.00    0.00   15.01    0.00    0.00    0.00   58.45
19:49:14       0    8.00    0.00   21.00    0.00    0.00   11.00    0.00    0.00    0.00   60.00
19:49:14       1    4.82    0.00   15.66    0.00    0.00   25.30    0.00    0.00    0.00   54.22
19:49:14       2    4.21    0.00   21.05    0.00    0.00   17.89    0.00    0.00    0.00   56.84
19:49:14       3    3.16    0.00   27.37    0.00    0.00    7.37    0.00    0.00    0.00   62.11

19:49:14     CPU    %usr   %nice    %sys %iowait    %irq   %soft  %steal  %guest  %gnice   %idle
19:49:15     all    3.92    0.00   20.63    0.00    0.00   17.49    0.00    0.00    0.00   57.96
19:49:15       0    4.12    0.00   19.59    0.00    0.00   10.31    0.00    0.00    0.00   65.98
19:49:15       1    3.49    0.00   13.95    0.00    0.00   40.70    0.00    0.00    0.00   41.86
19:49:15       2    3.00    0.00   23.00    0.00    0.00   12.00    0.00    0.00    0.00   62.00
19:49:15       3    5.00    0.00   25.00    0.00    0.00   10.00    0.00    0.00    0.00   60.00

19:49:15     CPU    %usr   %nice    %sys %iowait    %irq   %soft  %steal  %guest  %gnice   %idle
19:49:16     all    2.26    0.00   22.11    0.00    0.00   30.65    0.00    0.00    0.00   44.97
19:49:16       0    4.00    0.00   23.00    0.00    0.00    4.00    0.00    0.00    0.00   69.00
19:49:16       1    0.00    0.00    0.00    0.00    0.00  100.00    0.00    0.00    0.00    0.00
19:49:16       2    1.03    0.00   35.05    0.00    0.00    9.28    0.00    0.00    0.00   54.64
19:49:16       3    3.96    0.00   30.69    0.00    0.00    8.91    0.00    0.00    0.00   56.44

19:49:16     CPU    %usr   %nice    %sys %iowait    %irq   %soft  %steal  %guest  %gnice   %idle
19:49:17     all    1.52    0.00   20.71    0.00    0.00   31.57    0.00    0.00    0.00   46.21
19:49:17       0    2.06    0.00   23.71    0.00    0.00    6.19    0.00    0.00    0.00   68.04
19:49:17       1    0.00    0.00    1.00    0.00    0.00   99.00    0.00    0.00    0.00    0.00
19:49:17       2    2.00    0.00   32.00    0.00    0.00    7.00    0.00    0.00    0.00   59.00
19:49:17       3    2.02    0.00   26.26    0.00    0.00   13.13    0.00    0.00    0.00   58.59

19:49:17     CPU    %usr   %nice    %sys %iowait    %irq   %soft  %steal  %guest  %gnice   %idle
19:49:18     all    2.78    0.00   26.84    0.00    0.00   31.90    0.00    0.00    0.00   38.48
19:49:18       0    4.08    0.00   37.76    0.00    0.00    8.16    0.00    0.00    0.00   50.00
19:49:18       1    0.00    0.00    0.00    0.00    0.00  100.00    0.00    0.00    0.00    0.00
19:49:18       2    3.06    0.00   31.63    0.00    0.00   11.22    0.00    0.00    0.00   54.08
19:49:18       3    4.04    0.00   38.38    0.00    0.00    7.07    0.00    0.00    0.00   50.51

19:49:18     CPU    %usr   %nice    %sys %iowait    %irq   %soft  %steal  %guest  %gnice   %idle
19:49:19     all    3.09    0.00   24.23    0.00    0.00   33.25    0.00    0.00    0.00   39.43
19:49:19       0    5.15    0.00   29.90    0.00    0.00   11.34    0.00    0.00    0.00   53.61
19:49:19       1    1.01    0.00    0.00    0.00    0.00   97.98    0.00    0.00    0.00    1.01
19:49:19       2    3.16    0.00   34.74    0.00    0.00   10.53    0.00    0.00    0.00   51.58
19:49:19       3    3.09    0.00   32.99    0.00    0.00   11.34    0.00    0.00    0.00   52.58

19:49:19     CPU    %usr   %nice    %sys %iowait    %irq   %soft  %steal  %guest  %gnice   %idle
19:49:20     all    1.36    0.00   25.47    0.00    0.00   14.09    0.27    0.00    0.00   58.81
19:49:20       0    1.03    0.00   29.90    0.00    0.00    2.06    0.00    0.00    0.00   67.01
19:49:20       1    0.00    0.00    5.41    0.00    0.00   59.46    0.00    0.00    0.00   35.14
19:49:20       2    2.02    0.00   31.31    0.00    0.00    3.03    1.01    0.00    0.00   62.63
19:49:20       3    2.02    0.00   30.30    0.00    0.00    3.03    0.00    0.00    0.00   64.65

19:49:20     CPU    %usr   %nice    %sys %iowait    %irq   %soft  %steal  %guest  %gnice   %idle
19:49:21     all    0.87    0.00   19.71    0.00    0.00    4.06    0.00    0.00    0.00   75.36
19:49:21       0    1.01    0.00   23.23    0.00    0.00    1.01    0.00    0.00    0.00   74.75
19:49:21       1    0.00    0.00    1.79    0.00    0.00   14.29    0.00    0.00    0.00   83.93
19:49:21       2    0.00    0.00   25.81    0.00    0.00    3.23    0.00    0.00    0.00   70.97
19:49:21       3    2.06    0.00   20.62    0.00    0.00    2.06    0.00    0.00    0.00   75.26

19:49:21     CPU    %usr   %nice    %sys %iowait    %irq   %soft  %steal  %guest  %gnice   %idle
19:49:22     all    0.00    0.00    0.51    0.00    0.00    0.00    0.00    0.00    0.00   99.49
19:49:22       0    0.00    0.00    0.00    0.00    0.00    0.00    0.00    0.00    0.00  100.00
19:49:22       1    0.00    0.00    0.00    0.00    0.00    0.00    0.00    0.00    0.00  100.00
19:49:22       2    0.00    0.00    2.04    0.00    0.00    0.00    0.00    0.00    0.00   97.96
19:49:22       3    0.00    0.00    0.00    0.00    0.00    0.00    0.00    0.00    0.00  100.00

19:49:22     CPU    %usr   %nice    %sys %iowait    %irq   %soft  %steal  %guest  %gnice   %idle
19:49:23     all    0.25    0.00    0.50    0.25    0.00    0.00    0.00    0.00    0.00   98.99
19:49:23       0    0.00    0.00    0.00    0.00    0.00    0.00    0.00    0.00    0.00  100.00
19:49:23       1    0.00    0.00    0.00    0.00    0.00    0.00    0.00    0.00    0.00  100.00
19:49:23       2    0.00    0.00    1.01    1.01    0.00    0.00    0.00    0.00    0.00   97.98
19:49:23       3    1.00    0.00    1.00    0.00    0.00    0.00    0.00    0.00    0.00   98.00

19:49:23     CPU    %usr   %nice    %sys %iowait    %irq   %soft  %steal  %guest  %gnice   %idle
19:49:24     all    0.50    0.00    1.51    0.00    0.00    0.00    0.00    0.00    0.00   97.99
19:49:24       0    0.99    0.00    0.99    0.00    0.00    0.00    0.00    0.00    0.00   98.02
19:49:24       1    0.00    0.00    2.02    0.00    0.00    0.00    0.00    0.00    0.00   97.98
19:49:24       2    1.00    0.00    2.00    0.00    0.00    0.00    0.00    0.00    0.00   97.00
19:49:24       3    0.00    0.00    1.02    0.00    0.00    0.00    0.00    0.00    0.00   98.98

19:49:24     CPU    %usr   %nice    %sys %iowait    %irq   %soft  %steal  %guest  %gnice   %idle
19:49:25     all    1.52    0.00    3.79    0.00    0.00    0.25    0.00    0.00    0.00   94.44
19:49:25       0    3.06    0.00    5.10    0.00    0.00    0.00    0.00    0.00    0.00   91.84
19:49:25       1    0.00    0.00    3.06    0.00    0.00    0.00    0.00    0.00    0.00   96.94
19:49:25       2    1.00    0.00    3.00    0.00    0.00    1.00    0.00    0.00    0.00   95.00
19:49:25       3    2.00    0.00    4.00    0.00    0.00    0.00    0.00    0.00    0.00   94.00

19:49:25     CPU    %usr   %nice    %sys %iowait    %irq   %soft  %steal  %guest  %gnice   %idle
19:49:26     all    0.25    0.00    1.26    0.00    0.00    0.00    0.00    0.00    0.00   98.49
19:49:26       0    0.00    0.00    2.97    0.00    0.00    0.00    0.00    0.00    0.00   97.03
19:49:26       1    0.00    0.00    1.00    0.00    0.00    0.00    0.00    0.00    0.00   99.00
19:49:26       2    1.01    0.00    1.01    0.00    0.00    0.00    0.00    0.00    0.00   97.98
19:49:26       3    0.00    0.00    0.00    0.00    0.00    0.00    0.00    0.00    0.00  100.00

19:49:26     CPU    %usr   %nice    %sys %iowait    %irq   %soft  %steal  %guest  %gnice   %idle
19:49:27     all    0.51    0.00    0.51    0.00    0.00    0.00    0.00    0.00    0.00   98.99
19:49:27       0    1.00    0.00    1.00    0.00    0.00    0.00    0.00    0.00    0.00   98.00
19:49:27       1    0.00    0.00    0.00    0.00    0.00    0.00    0.00    0.00    0.00  100.00
19:49:27       2    0.00    0.00    1.02    0.00    0.00    0.00    0.00    0.00    0.00   98.98
19:49:27       3    1.01    0.00    0.00    0.00    0.00    0.00    0.00    0.00    0.00   98.99

19:49:27     CPU    %usr   %nice    %sys %iowait    %irq   %soft  %steal  %guest  %gnice   %idle
19:49:28     all    0.50    0.00    0.50    0.00    0.00    0.00    0.00    0.00    0.00   98.99
19:49:28       0    0.00    0.00    0.00    0.00    0.00    0.00    0.00    0.00    0.00  100.00
19:49:28       1    0.00    0.00    0.00    0.00    0.00    0.00    0.00    0.00    0.00  100.00
19:49:28       2    1.01    0.00    1.01    0.00    0.00    0.00    0.00    0.00    0.00   97.98
19:49:28       3    1.00    0.00    1.00    0.00    0.00    0.00    0.00    0.00    0.00   98.00

19:49:28     CPU    %usr   %nice    %sys %iowait    %irq   %soft  %steal  %guest  %gnice   %idle
19:49:29     all    0.25    0.00    0.76    0.00    0.00    0.00    0.00    0.00    0.00   98.99
19:49:29       0    0.00    0.00    1.00    0.00    0.00    0.00    0.00    0.00    0.00   99.00
19:49:29       1    1.01    0.00    0.00    0.00    0.00    0.00    0.00    0.00    0.00   98.99
19:49:29       2    0.00    0.00    1.01    0.00    0.00    0.00    0.00    0.00    0.00   98.99
19:49:29       3    0.00    0.00    1.01    0.00    0.00    0.00    0.00    0.00    0.00   98.99

19:49:29     CPU    %usr   %nice    %sys %iowait    %irq   %soft  %steal  %guest  %gnice   %idle
19:49:30     all    2.54    0.00    3.55    0.00    0.00    0.00    0.00    0.00    0.00   93.91
19:49:30       0    1.03    0.00    4.12    0.00    0.00    0.00    0.00    0.00    0.00   94.85
19:49:30       1    5.05    0.00    3.03    0.00    0.00    0.00    0.00    0.00    0.00   91.92
19:49:30       2    3.03    0.00    4.04    0.00    0.00    0.00    0.00    0.00    0.00   92.93
19:49:30       3    1.01    0.00    3.03    0.00    0.00    0.00    0.00    0.00    0.00   95.96

19:49:30     CPU    %usr   %nice    %sys %iowait    %irq   %soft  %steal  %guest  %gnice   %idle
19:49:31     all    1.01    0.00    0.50    0.00    0.00    0.00    0.00    0.00    0.00   98.49
19:49:31       0    1.01    0.00    0.00    0.00    0.00    0.00    0.00    0.00    0.00   98.99
19:49:31       1    2.00    0.00    1.00    0.00    0.00    0.00    0.00    0.00    0.00   97.00
19:49:31       2    0.00    0.00    1.02    0.00    0.00    0.00    0.00    0.00    0.00   98.98
19:49:31       3    1.00    0.00    0.00    0.00    0.00    0.00    0.00    0.00    0.00   99.00

19:49:31     CPU    %usr   %nice    %sys %iowait    %irq   %soft  %steal  %guest  %gnice   %idle
19:49:32     all    2.02    0.00    2.27    0.00    0.00    0.25    0.00    0.00    0.00   95.45
19:49:32       0    2.00    0.00    2.00    0.00    0.00    1.00    0.00    0.00    0.00   95.00
19:49:32       1    3.06    0.00    2.04    0.00    0.00    0.00    0.00    0.00    0.00   94.90
19:49:32       2    1.01    0.00    2.02    0.00    0.00    0.00    0.00    0.00    0.00   96.97
19:49:32       3    2.02    0.00    3.03    0.00    0.00    0.00    0.00    0.00    0.00   94.95

19:49:32     CPU    %usr   %nice    %sys %iowait    %irq   %soft  %steal  %guest  %gnice   %idle
19:49:33     all    0.25    0.00    1.01    0.00    0.00    0.00    0.00    0.00    0.00   98.74
19:49:33       0    0.00    0.00    1.00    0.00    0.00    0.00    0.00    0.00    0.00   99.00
19:49:33       1    0.00    0.00    1.00    0.00    0.00    0.00    0.00    0.00    0.00   99.00
19:49:33       2    0.00    0.00    2.02    0.00    0.00    0.00    0.00    0.00    0.00   97.98
19:49:33       3    1.01    0.00    0.00    0.00    0.00    0.00    0.00    0.00    0.00   98.99

19:49:33     CPU    %usr   %nice    %sys %iowait    %irq   %soft  %steal  %guest  %gnice   %idle
19:49:34     all    0.75    0.00    1.50    0.00    0.00    0.25    0.00    0.00    0.00   97.49
19:49:34       0    0.00    0.00    1.01    0.00    0.00    0.00    0.00    0.00    0.00   98.99
19:49:34       1    0.00    0.00    2.02    0.00    0.00    0.00    0.00    0.00    0.00   97.98
19:49:34       2    1.00    0.00    1.00    0.00    0.00    1.00    0.00    0.00    0.00   97.00
19:49:34       3    1.98    0.00    1.98    0.00    0.00    0.00    0.00    0.00    0.00   96.04

19:49:34     CPU    %usr   %nice    %sys %iowait    %irq   %soft  %steal  %guest  %gnice   %idle
19:49:35     all    2.78    0.00    4.04    0.00    0.00    0.00    0.00    0.00    0.00   93.18
19:49:35       0    3.00    0.00    6.00    0.00    0.00    0.00    0.00    0.00    0.00   91.00
19:49:35       1    3.03    0.00    3.03    0.00    0.00    0.00    0.00    0.00    0.00   93.94
19:49:35       2    4.08    0.00    3.06    0.00    0.00    0.00    0.00    0.00    0.00   92.86
19:49:35       3    1.01    0.00    4.04    0.00    0.00    0.00    0.00    0.00    0.00   94.95

19:49:35     CPU    %usr   %nice    %sys %iowait    %irq   %soft  %steal  %guest  %gnice   %idle
19:49:36     all    0.25    0.00    1.01    0.00    0.00    0.00    0.00    0.00    0.00   98.73
19:49:36       0    0.00    0.00    1.02    0.00    0.00    0.00    0.00    0.00    0.00   98.98
19:49:36       1    1.01    0.00    0.00    0.00    0.00    0.00    0.00    0.00    0.00   98.99
19:49:36       2    0.00    0.00    3.03    0.00    0.00    0.00    0.00    0.00    0.00   96.97
19:49:36       3    0.00    0.00    0.00    0.00    0.00    0.00    0.00    0.00    0.00  100.00

19:49:36     CPU    %usr   %nice    %sys %iowait    %irq   %soft  %steal  %guest  %gnice   %idle
19:49:37     all    2.28    0.00    3.29    0.00    0.00    0.00    0.00    0.00    0.00   94.43
19:49:37       0    1.01    0.00    2.02    0.00    0.00    0.00    0.00    0.00    0.00   96.97
19:49:37       1    3.03    0.00    4.04    0.00    0.00    0.00    0.00    0.00    0.00   92.93
19:49:37       2    3.06    0.00    4.08    0.00    0.00    0.00    0.00    0.00    0.00   92.86
19:49:37       3    2.02    0.00    3.03    0.00    0.00    0.00    0.00    0.00    0.00   94.95

19:49:37     CPU    %usr   %nice    %sys %iowait    %irq   %soft  %steal  %guest  %gnice   %idle
19:49:38     all    0.00    0.00    1.01    0.00    0.00    0.00    0.00    0.00    0.00   98.99
19:49:38       0    0.00    0.00    0.00    0.00    0.00    0.00    0.00    0.00    0.00  100.00
19:49:38       1    0.00    0.00    1.01    0.00    0.00    0.00    0.00    0.00    0.00   98.99
19:49:38       2    0.00    0.00    2.02    0.00    0.00    0.00    0.00    0.00    0.00   97.98
19:49:38       3    0.00    0.00    1.01    0.00    0.00    0.00    0.00    0.00    0.00   98.99

19:49:38     CPU    %usr   %nice    %sys %iowait    %irq   %soft  %steal  %guest  %gnice   %idle
19:49:39     all    0.25    0.00    1.77    0.00    0.00    0.00    0.00    0.00    0.00   97.98
19:49:39       0    0.00    0.00    1.02    0.00    0.00    0.00    0.00    0.00    0.00   98.98
19:49:39       1    0.00    0.00    2.02    0.00    0.00    0.00    0.00    0.00    0.00   97.98
19:49:39       2    1.00    0.00    2.00    0.00    0.00    0.00    0.00    0.00    0.00   97.00
19:49:39       3    0.00    0.00    2.02    0.00    0.00    0.00    0.00    0.00    0.00   97.98

19:49:39     CPU    %usr   %nice    %sys %iowait    %irq   %soft  %steal  %guest  %gnice   %idle
19:49:40     all    3.28    0.00    2.78    0.00    0.00    0.00    0.00    0.00    0.00   93.94
19:49:40       0    7.07    0.00    2.02    0.00    0.00    0.00    0.00    0.00    0.00   90.91
19:49:40       1    3.03    0.00    3.03    0.00    0.00    0.00    0.00    0.00    0.00   93.94
19:49:40       2    2.04    0.00    3.06    0.00    0.00    0.00    0.00    0.00    0.00   94.90
19:49:40       3    1.00    0.00    3.00    0.00    0.00    0.00    0.00    0.00    0.00   96.00

19:49:40     CPU    %usr   %nice    %sys %iowait    %irq   %soft  %steal  %guest  %gnice   %idle
19:49:41     all    0.50    0.00    1.26    0.00    0.00    0.00    0.00    0.00    0.00   98.24
19:49:41       0    0.00    0.00    0.00    0.00    0.00    0.00    0.00    0.00    0.00  100.00
19:49:41       1    1.01    0.00    1.01    0.00    0.00    0.00    0.00    0.00    0.00   97.98
19:49:41       2    0.99    0.00    2.97    0.00    0.00    0.00    0.00    0.00    0.00   96.04
19:49:41       3    0.00    0.00    1.02    0.00    0.00    0.00    0.00    0.00    0.00   98.98

19:49:41     CPU    %usr   %nice    %sys %iowait    %irq   %soft  %steal  %guest  %gnice   %idle
19:49:42     all    4.35    0.00   25.06    0.00    0.00   23.79    0.00    0.00    0.00   46.80
19:49:42       0    4.76    0.00   30.48    0.00    0.00   19.05    0.00    0.00    0.00   45.71
19:49:42       1    2.17    0.00   14.13    0.00    0.00   43.48    0.00    0.00    0.00   40.22
19:49:42       2    4.17    0.00   28.12    0.00    0.00   18.75    0.00    0.00    0.00   48.96
19:49:42       3    6.12    0.00   26.53    0.00    0.00   15.31    0.00    0.00    0.00   52.04

19:49:42     CPU    %usr   %nice    %sys %iowait    %irq   %soft  %steal  %guest  %gnice   %idle
19:49:43     all    5.45    0.00   31.69    0.00    0.00   30.65    0.00    0.00    0.00   32.21
19:49:43       0    6.45    0.00   39.78    0.00    0.00   17.20    0.00    0.00    0.00   36.56
19:49:43       1    3.03    0.00   16.16    0.00    0.00   55.56    0.00    0.00    0.00   25.25
19:49:43       2    6.06    0.00   36.36    0.00    0.00   24.24    0.00    0.00    0.00   33.33
19:49:43       3    6.38    0.00   35.11    0.00    0.00   24.47    0.00    0.00    0.00   34.04

19:49:43     CPU    %usr   %nice    %sys %iowait    %irq   %soft  %steal  %guest  %gnice   %idle
19:49:44     all    4.96    0.00   31.07    0.00    0.00   33.16    0.00    0.00    0.00   30.81
19:49:44       0    5.10    0.00   37.76    0.00    0.00   23.47    0.00    0.00    0.00   33.67
19:49:44       1    1.01    0.00   15.15    0.00    0.00   57.58    0.00    0.00    0.00   26.26
19:49:44       2    6.32    0.00   33.68    0.00    0.00   28.42    0.00    0.00    0.00   31.58
19:49:44       3    7.69    0.00   38.46    0.00    0.00   21.98    0.00    0.00    0.00   31.87

19:49:44     CPU    %usr   %nice    %sys %iowait    %irq   %soft  %steal  %guest  %gnice   %idle
19:49:45     all    7.67    0.00   30.18    0.00    0.00   29.41    0.00    0.00    0.00   32.74
19:49:45       0    9.18    0.00   30.61    0.00    0.00   23.47    0.00    0.00    0.00   36.73
19:49:45       1    2.11    0.00   25.26    0.00    0.00   48.42    0.00    0.00    0.00   24.21
19:49:45       2    7.00    0.00   30.00    0.00    0.00   25.00    0.00    0.00    0.00   38.00
19:49:45       3   12.24    0.00   34.69    0.00    0.00   21.43    0.00    0.00    0.00   31.63

19:49:45     CPU    %usr   %nice    %sys %iowait    %irq   %soft  %steal  %guest  %gnice   %idle
19:49:46     all    3.14    0.00   32.98    0.00    0.00   30.10    0.26    0.00    0.00   33.51
19:49:46       0    3.00    0.00   44.00    0.00    0.00   20.00    1.00    0.00    0.00   32.00
19:49:46       1    3.00    0.00   21.00    0.00    0.00   56.00    0.00    0.00    0.00   20.00
19:49:46       2    3.26    0.00   31.52    0.00    0.00   23.91    0.00    0.00    0.00   41.30
19:49:46       3    3.33    0.00   35.56    0.00    0.00   18.89    0.00    0.00    0.00   42.22

19:49:46     CPU    %usr   %nice    %sys %iowait    %irq   %soft  %steal  %guest  %gnice   %idle
19:49:47     all    5.29    0.00   35.45    0.00    0.00   29.89    0.00    0.00    0.00   29.37
19:49:47       0    8.33    0.00   41.67    0.00    0.00   19.79    0.00    0.00    0.00   30.21
19:49:47       1    2.11    0.00   22.11    0.00    0.00   52.63    0.00    0.00    0.00   23.16
19:49:47       2    5.32    0.00   36.17    0.00    0.00   26.60    0.00    0.00    0.00   31.91
19:49:47       3    5.38    0.00   41.94    0.00    0.00   20.43    0.00    0.00    0.00   32.26

19:49:47     CPU    %usr   %nice    %sys %iowait    %irq   %soft  %steal  %guest  %gnice   %idle
19:49:48     all    6.96    0.00   33.76    0.00    0.00   33.51    0.00    0.00    0.00   25.77
19:49:48       0    9.28    0.00   40.21    0.00    0.00   23.71    0.00    0.00    0.00   26.80
19:49:48       1    3.19    0.00   15.96    0.00    0.00   59.57    0.00    0.00    0.00   21.28
19:49:48       2    5.00    0.00   41.00    0.00    0.00   29.00    0.00    0.00    0.00   25.00
19:49:48       3   10.31    0.00   37.11    0.00    0.00   22.68    0.00    0.00    0.00   29.90

19:49:48     CPU    %usr   %nice    %sys %iowait    %irq   %soft  %steal  %guest  %gnice   %idle
19:49:49     all    6.04    0.00   30.97    0.00    0.00   31.23    0.00    0.00    0.00   31.76
19:49:49       0    8.25    0.00   37.11    0.00    0.00   18.56    0.00    0.00    0.00   36.08
19:49:49       1    2.17    0.00   15.22    0.00    0.00   57.61    0.00    0.00    0.00   25.00
19:49:49       2    6.19    0.00   35.05    0.00    0.00   27.84    0.00    0.00    0.00   30.93
19:49:49       3    7.37    0.00   35.79    0.00    0.00   22.11    0.00    0.00    0.00   34.74

19:49:49     CPU    %usr   %nice    %sys %iowait    %irq   %soft  %steal  %guest  %gnice   %idle
19:49:50     all    5.57    0.00   32.63    0.00    0.00   31.83    0.27    0.00    0.00   29.71
19:49:50       0    5.10    0.00   36.73    0.00    0.00   24.49    0.00    0.00    0.00   33.67
19:49:50       1    4.26    0.00   19.15    0.00    0.00   55.32    0.00    0.00    0.00   21.28
19:49:50       2    5.38    0.00   36.56    0.00    0.00   30.11    0.00    0.00    0.00   27.96
19:49:50       3    7.61    0.00   38.04    0.00    0.00   17.39    1.09    0.00    0.00   35.87

19:49:50     CPU    %usr   %nice    %sys %iowait    %irq   %soft  %steal  %guest  %gnice   %idle
19:49:51     all    4.15    0.00   29.02    0.00    0.00   32.90    0.00    0.00    0.00   33.94
19:49:51       0    4.08    0.00   35.71    0.00    0.00   24.49    0.00    0.00    0.00   35.71
19:49:51       1    2.08    0.00   16.67    0.00    0.00   58.33    0.00    0.00    0.00   22.92
19:49:51       2    5.15    0.00   28.87    0.00    0.00   30.93    0.00    0.00    0.00   35.05
19:49:51       3    5.26    0.00   34.74    0.00    0.00   17.89    0.00    0.00    0.00   42.11

19:49:51     CPU    %usr   %nice    %sys %iowait    %irq   %soft  %steal  %guest  %gnice   %idle
19:49:52     all    5.08    0.00   31.22    0.00    0.00   31.73    0.00    0.00    0.00   31.98
19:49:52       0    7.84    0.00   34.31    0.00    0.00   24.51    0.00    0.00    0.00   33.33
19:49:52       1    4.30    0.00   17.20    0.00    0.00   52.69    0.00    0.00    0.00   25.81
19:49:52       2    5.10    0.00   27.55    0.00    0.00   31.63    0.00    0.00    0.00   35.71
19:49:52       3    2.97    0.00   44.55    0.00    0.00   19.80    0.00    0.00    0.00   32.67

19:49:52     CPU    %usr   %nice    %sys %iowait    %irq   %soft  %steal  %guest  %gnice   %idle
19:49:53     all    4.44    0.00   30.00    0.00    0.00   28.33    0.00    0.00    0.00   37.22
19:49:53       0    2.22    0.00   35.56    0.00    0.00   22.22    0.00    0.00    0.00   40.00
19:49:53       1    4.44    0.00   13.33    0.00    0.00   51.11    0.00    0.00    0.00   31.11
19:49:53       2    5.56    0.00   28.89    0.00    0.00   23.33    0.00    0.00    0.00   42.22
19:49:53       3    5.56    0.00   42.22    0.00    0.00   16.67    0.00    0.00    0.00   35.56

19:49:53     CPU    %usr   %nice    %sys %iowait    %irq   %soft  %steal  %guest  %gnice   %idle
19:49:54     all    5.24    0.00   30.89    0.00    0.00   27.23    0.00    0.00    0.00   36.65
19:49:54       0    6.19    0.00   32.99    0.00    0.00   21.65    0.00    0.00    0.00   39.18
19:49:54       1    3.49    0.00   18.60    0.00    0.00   50.00    0.00    0.00    0.00   27.91
19:49:54       2    5.05    0.00   33.33    0.00    0.00   22.22    0.00    0.00    0.00   39.39
19:49:54       3    6.00    0.00   37.00    0.00    0.00   18.00    0.00    0.00    0.00   39.00

19:49:54     CPU    %usr   %nice    %sys %iowait    %irq   %soft  %steal  %guest  %gnice   %idle
19:49:55     all    4.18    0.00   33.68    0.00    0.00   24.80    0.00    0.00    0.00   37.34
19:49:55       0    5.88    0.00   36.27    0.00    0.00   17.65    0.00    0.00    0.00   40.20
19:49:55       1    3.41    0.00   21.59    0.00    0.00   44.32    0.00    0.00    0.00   30.68
19:49:55       2    4.08    0.00   36.73    0.00    0.00   19.39    0.00    0.00    0.00   39.80
19:49:55       3    3.16    0.00   38.95    0.00    0.00   20.00    0.00    0.00    0.00   37.89

19:49:55     CPU    %usr   %nice    %sys %iowait    %irq   %soft  %steal  %guest  %gnice   %idle
19:49:56     all    5.32    0.00   27.93    0.00    0.00   28.72    0.00    0.00    0.00   38.03
19:49:56       0    6.32    0.00   36.84    0.00    0.00   26.32    0.00    0.00    0.00   30.53
19:49:56       1    4.65    0.00   17.44    0.00    0.00   48.84    0.00    0.00    0.00   29.07
19:49:56       2    4.35    0.00   28.26    0.00    0.00   23.91    0.00    0.00    0.00   43.48
19:49:56       3    5.83    0.00   28.16    0.00    0.00   18.45    0.00    0.00    0.00   47.57

19:49:56     CPU    %usr   %nice    %sys %iowait    %irq   %soft  %steal  %guest  %gnice   %idle
19:49:57     all    4.74    0.00   32.89    0.00    0.00   25.00    0.00    0.00    0.00   37.37
19:49:57       0    7.29    0.00   34.38    0.00    0.00   15.62    0.00    0.00    0.00   42.71
19:49:57       1    2.33    0.00   19.77    0.00    0.00   47.67    0.00    0.00    0.00   30.23
19:49:57       2    6.32    0.00   33.68    0.00    0.00   20.00    0.00    0.00    0.00   40.00
19:49:57       3    2.91    0.00   41.75    0.00    0.00   19.42    0.00    0.00    0.00   35.92

19:49:57     CPU    %usr   %nice    %sys %iowait    %irq   %soft  %steal  %guest  %gnice   %idle
19:49:58     all    5.90    0.00   31.54    0.00    0.00   26.41    0.00    0.00    0.00   36.15
19:49:58       0    5.88    0.00   29.41    0.00    0.00   19.61    0.00    0.00    0.00   45.10
19:49:58       1    4.71    0.00   15.29    0.00    0.00   45.88    0.00    0.00    0.00   34.12
19:49:58       2    5.94    0.00   35.64    0.00    0.00   24.75    0.00    0.00    0.00   33.66
19:49:58       3    6.86    0.00   43.14    0.00    0.00   18.63    0.00    0.00    0.00   31.37

19:49:58     CPU    %usr   %nice    %sys %iowait    %irq   %soft  %steal  %guest  %gnice   %idle
19:49:59     all    3.69    0.00   26.12    0.00    0.00   20.58    0.00    0.00    0.00   49.60
19:49:59       0    4.08    0.00   29.59    0.00    0.00   16.33    0.00    0.00    0.00   50.00
19:49:59       1    2.38    0.00   19.05    0.00    0.00   35.71    0.00    0.00    0.00   42.86
19:49:59       2    2.08    0.00   22.92    0.00    0.00   19.79    0.00    0.00    0.00   55.21
19:49:59       3    5.94    0.00   31.68    0.00    0.00   12.87    0.00    0.00    0.00   49.50

19:49:59     CPU    %usr   %nice    %sys %iowait    %irq   %soft  %steal  %guest  %gnice   %idle
19:50:00     all    2.99    0.00   18.48    0.00    0.00   13.32    0.00    0.00    0.00   65.22
19:50:00       0    3.19    0.00   17.02    0.00    0.00    8.51    0.00    0.00    0.00   71.28
19:50:00       1    3.75    0.00   13.75    0.00    0.00   22.50    0.00    0.00    0.00   60.00
19:50:00       2    2.11    0.00   22.11    0.00    0.00   14.74    0.00    0.00    0.00   61.05
19:50:00       3    3.03    0.00   20.20    0.00    0.00    9.09    0.00    0.00    0.00   67.68

19:50:00     CPU    %usr   %nice    %sys %iowait    %irq   %soft  %steal  %guest  %gnice   %idle
19:50:01     all    4.99    0.00   19.11    0.00    0.00   12.47    0.00    0.00    0.00   63.43
19:50:01       0    5.10    0.00   20.41    0.00    0.00    9.18    0.00    0.00    0.00   65.31
19:50:01       1    2.63    0.00   14.47    0.00    0.00   23.68    0.00    0.00    0.00   59.21
19:50:01       2    6.19    0.00   20.62    0.00    0.00    8.25    0.00    0.00    0.00   64.95
19:50:01       3    5.56    0.00   20.00    0.00    0.00   11.11    0.00    0.00    0.00   63.33

19:50:01     CPU    %usr   %nice    %sys %iowait    %irq   %soft  %steal  %guest  %gnice   %idle
19:50:02     all    4.96    0.00   18.02    0.00    0.00   13.84    0.00    0.00    0.00   63.19
19:50:02       0    4.90    0.00   17.65    0.00    0.00   13.73    0.00    0.00    0.00   63.73
19:50:02       1    3.70    0.00   13.58    0.00    0.00   18.52    0.00    0.00    0.00   64.20
19:50:02       2    4.08    0.00   21.43    0.00    0.00   12.24    0.00    0.00    0.00   62.24
19:50:02       3    6.86    0.00   18.63    0.00    0.00   11.76    0.00    0.00    0.00   62.75

19:50:02     CPU    %usr   %nice    %sys %iowait    %irq   %soft  %steal  %guest  %gnice   %idle
19:50:03     all    3.01    0.00   18.31    0.00    0.00   10.93    0.00    0.00    0.00   67.76
19:50:03       0    3.06    0.00   15.31    0.00    0.00    7.14    0.00    0.00    0.00   74.49
19:50:03       1    2.53    0.00   18.99    0.00    0.00   17.72    0.00    0.00    0.00   60.76
19:50:03       2    2.08    0.00   20.83    0.00    0.00    8.33    0.00    0.00    0.00   68.75
19:50:03       3    4.30    0.00   18.28    0.00    0.00   11.83    0.00    0.00    0.00   65.59

19:50:03     CPU    %usr   %nice    %sys %iowait    %irq   %soft  %steal  %guest  %gnice   %idle
19:50:04     all    2.98    0.00   17.62    0.00    0.00   12.20    0.00    0.00    0.00   67.21
19:50:04       0    2.08    0.00   15.62    0.00    0.00    9.38    0.00    0.00    0.00   72.92
19:50:04       1    3.70    0.00   18.52    0.00    0.00   18.52    0.00    0.00    0.00   59.26
19:50:04       2    4.17    0.00   17.71    0.00    0.00   12.50    0.00    0.00    0.00   65.62
19:50:04       3    2.08    0.00   18.75    0.00    0.00    9.38    0.00    0.00    0.00   69.79

19:50:04     CPU    %usr   %nice    %sys %iowait    %irq   %soft  %steal  %guest  %gnice   %idle
19:50:05     all    2.16    0.00   19.19    0.00    0.00   15.68    0.00    0.00    0.00   62.97
19:50:05       0    3.06    0.00   22.45    0.00    0.00   15.31    0.00    0.00    0.00   59.18
19:50:05       1    1.23    0.00   16.05    0.00    0.00   23.46    0.00    0.00    0.00   59.26
19:50:05       2    2.11    0.00   20.00    0.00    0.00   11.58    0.00    0.00    0.00   66.32
19:50:05       3    2.08    0.00   17.71    0.00    0.00   13.54    0.00    0.00    0.00   66.67

19:50:05     CPU    %usr   %nice    %sys %iowait    %irq   %soft  %steal  %guest  %gnice   %idle
19:50:06     all    4.63    0.00   22.89    0.00    0.00   13.08    0.00    0.00    0.00   59.40
19:50:06       0    5.21    0.00   29.17    0.00    0.00    7.29    0.00    0.00    0.00   58.33
19:50:06       1    6.41    0.00   20.51    0.00    0.00   23.08    0.00    0.00    0.00   50.00
19:50:06       2    3.16    0.00   20.00    0.00    0.00   14.74    0.00    0.00    0.00   62.11
19:50:06       3    4.08    0.00   21.43    0.00    0.00    9.18    0.00    0.00    0.00   65.31

19:50:06     CPU    %usr   %nice    %sys %iowait    %irq   %soft  %steal  %guest  %gnice   %idle
19:50:07     all    2.74    0.00   18.36    0.00    0.00   13.42    0.00    0.00    0.00   65.48
19:50:07       0    1.06    0.00   24.47    0.00    0.00   11.70    0.00    0.00    0.00   62.77
19:50:07       1    3.70    0.00   19.75    0.00    0.00   19.75    0.00    0.00    0.00   56.79
19:50:07       2    2.15    0.00   16.13    0.00    0.00   15.05    0.00    0.00    0.00   66.67
19:50:07       3    4.12    0.00   13.40    0.00    0.00    8.25    0.00    0.00    0.00   74.23

19:50:07     CPU    %usr   %nice    %sys %iowait    %irq   %soft  %steal  %guest  %gnice   %idle
19:50:08     all    3.17    0.00   17.46    0.00    0.00   11.64    0.00    0.00    0.00   67.72
19:50:08       0    3.16    0.00   15.79    0.00    0.00    7.37    0.00    0.00    0.00   73.68
19:50:08       1    4.76    0.00   17.86    0.00    0.00   21.43    0.00    0.00    0.00   55.95
19:50:08       2    3.06    0.00   19.39    0.00    0.00    9.18    0.00    0.00    0.00   68.37
19:50:08       3    1.98    0.00   16.83    0.00    0.00    9.90    0.00    0.00    0.00   71.29

19:50:08     CPU    %usr   %nice    %sys %iowait    %irq   %soft  %steal  %guest  %gnice   %idle
19:50:09     all    1.66    0.00   21.27    0.00    0.00   11.60    0.00    0.00    0.00   65.47
19:50:09       0    1.04    0.00   17.71    0.00    0.00    9.38    0.00    0.00    0.00   71.88
19:50:09       1    0.00    0.00   20.00    0.00    0.00   17.33    0.00    0.00    0.00   62.67
19:50:09       2    1.09    0.00   18.48    0.00    0.00   10.87    0.00    0.00    0.00   69.57
19:50:09       3    4.04    0.00   28.28    0.00    0.00   10.10    0.00    0.00    0.00   57.58

19:50:09     CPU    %usr   %nice    %sys %iowait    %irq   %soft  %steal  %guest  %gnice   %idle
19:50:10     all    2.70    0.00   20.00    0.00    0.00   12.70    0.00    0.00    0.00   64.59
19:50:10       0    2.04    0.00   23.47    0.00    0.00   12.24    0.00    0.00    0.00   62.24
19:50:10       1    2.33    0.00   20.93    0.00    0.00   20.93    0.00    0.00    0.00   55.81
19:50:10       2    3.41    0.00   13.64    0.00    0.00   10.23    0.00    0.00    0.00   72.73
19:50:10       3    3.06    0.00   21.43    0.00    0.00    8.16    0.00    0.00    0.00   67.35

19:50:10     CPU    %usr   %nice    %sys %iowait    %irq   %soft  %steal  %guest  %gnice   %idle
19:50:11     all    4.36    0.00   19.07    0.00    0.00   12.26    0.00    0.00    0.00   64.31
19:50:11       0    5.05    0.00   18.18    0.00    0.00   10.10    0.00    0.00    0.00   66.67
19:50:11       1    3.80    0.00   20.25    0.00    0.00   21.52    0.00    0.00    0.00   54.43
19:50:11       2    4.30    0.00   19.35    0.00    0.00    8.60    0.00    0.00    0.00   67.74
19:50:11       3    4.17    0.00   18.75    0.00    0.00   10.42    0.00    0.00    0.00   66.67

19:50:11     CPU    %usr   %nice    %sys %iowait    %irq   %soft  %steal  %guest  %gnice   %idle
19:50:12     all    3.49    0.00   18.01    0.00    0.00   10.48    0.00    0.00    0.00   68.01
19:50:12       0    2.15    0.00   11.83    0.00    0.00   10.75    0.00    0.00    0.00   75.27
19:50:12       1    4.94    0.00   14.81    0.00    0.00   17.28    0.00    0.00    0.00   62.96
19:50:12       2    4.04    0.00   24.24    0.00    0.00    8.08    0.00    0.00    0.00   63.64
19:50:12       3    3.03    0.00   20.20    0.00    0.00    7.07    0.00    0.00    0.00   69.70

19:50:12     CPU    %usr   %nice    %sys %iowait    %irq   %soft  %steal  %guest  %gnice   %idle
19:50:13     all    2.14    0.00   19.30    0.27    0.00   12.87    0.00    0.00    0.00   65.42
19:50:13       0    2.06    0.00   14.43    0.00    0.00   11.34    0.00    0.00    0.00   72.16
19:50:13       1    2.50    0.00   20.00    0.00    0.00   20.00    0.00    0.00    0.00   57.50
19:50:13       2    1.02    0.00   22.45    1.02    0.00   11.22    0.00    0.00    0.00   64.29
19:50:13       3    3.06    0.00   20.41    0.00    0.00   10.20    0.00    0.00    0.00   66.33

19:50:13     CPU    %usr   %nice    %sys %iowait    %irq   %soft  %steal  %guest  %gnice   %idle
19:50:14     all    3.00    0.00   16.89    0.00    0.00   13.62    0.00    0.00    0.00   66.49
19:50:14       0    2.97    0.00   13.86    0.00    0.00   12.87    0.00    0.00    0.00   70.30
19:50:14       1    2.53    0.00   17.72    0.00    0.00   22.78    0.00    0.00    0.00   56.96
19:50:14       2    1.09    0.00   14.13    0.00    0.00    8.70    0.00    0.00    0.00   76.09
19:50:14       3    5.26    0.00   22.11    0.00    0.00   11.58    0.00    0.00    0.00   61.05

19:50:14     CPU    %usr   %nice    %sys %iowait    %irq   %soft  %steal  %guest  %gnice   %idle
19:50:15     all    2.93    0.00   19.47    0.00    0.00   14.93    0.00    0.00    0.00   62.67
19:50:15       0    2.06    0.00   13.40    0.00    0.00   10.31    0.00    0.00    0.00   74.23
19:50:15       1    2.56    0.00   20.51    0.00    0.00   23.08    0.00    0.00    0.00   53.85
19:50:15       2    4.04    0.00   17.17    0.00    0.00   16.16    0.00    0.00    0.00   62.63
19:50:15       3    2.97    0.00   26.73    0.00    0.00   11.88    0.00    0.00    0.00   58.42

19:50:15     CPU    %usr   %nice    %sys %iowait    %irq   %soft  %steal  %guest  %gnice   %idle
19:50:16     all    3.66    0.00   11.49    0.00    0.00    6.53    0.00    0.00    0.00   78.33
19:50:16       0    3.06    0.00   12.24    0.00    0.00    5.10    0.00    0.00    0.00   79.59
19:50:16       1    5.75    0.00    9.20    0.00    0.00    8.05    0.00    0.00    0.00   77.01
19:50:16       2    2.94    0.00   12.75    0.00    0.00    8.82    0.00    0.00    0.00   75.49
19:50:16       3    3.12    0.00   11.46    0.00    0.00    4.17    0.00    0.00    0.00   81.25

19:50:16     CPU    %usr   %nice    %sys %iowait    %irq   %soft  %steal  %guest  %gnice   %idle
19:50:17     all    0.76    0.00    1.01    0.00    0.00    0.00    0.00    0.00    0.00   98.23
19:50:17       0    1.02    0.00    1.02    0.00    0.00    0.00    0.00    0.00    0.00   97.96
19:50:17       1    0.00    0.00    1.02    0.00    0.00    0.00    0.00    0.00    0.00   98.98
19:50:17       2    1.01    0.00    1.01    0.00    0.00    0.00    0.00    0.00    0.00   97.98
19:50:17       3    1.00    0.00    1.00    0.00    0.00    0.00    0.00    0.00    0.00   98.00

19:50:17     CPU    %usr   %nice    %sys %iowait    %irq   %soft  %steal  %guest  %gnice   %idle
19:50:18     all    0.25    0.00    0.76    0.00    0.00    0.00    0.00    0.00    0.00   98.99
19:50:18       0    1.00    0.00    1.00    0.00    0.00    0.00    0.00    0.00    0.00   98.00
19:50:18       1    0.00    0.00    1.02    0.00    0.00    0.00    0.00    0.00    0.00   98.98
19:50:18       2    0.00    0.00    1.02    0.00    0.00    0.00    0.00    0.00    0.00   98.98
19:50:18       3    0.00    0.00    0.00    0.00    0.00    0.00    0.00    0.00    0.00  100.00

19:50:18     CPU    %usr   %nice    %sys %iowait    %irq   %soft  %steal  %guest  %gnice   %idle
19:50:19     all    0.50    0.00    1.00    0.00    0.00    0.00    0.00    0.00    0.00   98.50
19:50:19       0    1.00    0.00    0.00    0.00    0.00    0.00    0.00    0.00    0.00   99.00
19:50:19       1    0.99    0.00    0.99    0.00    0.00    0.00    0.00    0.00    0.00   98.02
19:50:19       2    0.00    0.00    3.00    0.00    0.00    0.00    0.00    0.00    0.00   97.00
19:50:19       3    0.00    0.00    0.00    0.00    0.00    0.00    0.00    0.00    0.00  100.00

19:50:19     CPU    %usr   %nice    %sys %iowait    %irq   %soft  %steal  %guest  %gnice   %idle
19:50:20     all    0.50    0.00    1.25    0.00    0.00    0.00    0.00    0.00    0.00   98.25
19:50:20       0    0.00    0.00    2.00    0.00    0.00    0.00    0.00    0.00    0.00   98.00
19:50:20       1    0.99    0.00    0.99    0.00    0.00    0.00    0.00    0.00    0.00   98.02
19:50:20       2    1.01    0.00    2.02    0.00    0.00    0.00    0.00    0.00    0.00   96.97
19:50:20       3    0.00    0.00    0.00    0.00    0.00    0.00    0.00    0.00    0.00  100.00

19:50:20     CPU    %usr   %nice    %sys %iowait    %irq   %soft  %steal  %guest  %gnice   %idle
19:50:21     all    3.32    0.00    3.07    0.26    0.00    0.00    0.00    0.00    0.00   93.35
19:50:21       0    2.04    0.00    2.04    0.00    0.00    0.00    0.00    0.00    0.00   95.92
19:50:21       1    2.06    0.00    4.12    0.00    0.00    0.00    0.00    0.00    0.00   93.81
19:50:21       2    6.06    0.00    4.04    1.01    0.00    0.00    0.00    0.00    0.00   88.89
19:50:21       3    3.09    0.00    2.06    0.00    0.00    0.00    0.00    0.00    0.00   94.85

19:50:21     CPU    %usr   %nice    %sys %iowait    %irq   %soft  %steal  %guest  %gnice   %idle
19:50:22     all    0.00    0.00    1.50    0.00    0.00    0.00    0.00    0.00    0.00   98.50
19:50:22       0    0.00    0.00    2.00    0.00    0.00    0.00    0.00    0.00    0.00   98.00
19:50:22       1    0.00    0.00    1.00    0.00    0.00    0.00    0.00    0.00    0.00   99.00
19:50:22       2    0.00    0.00    2.00    0.00    0.00    0.00    0.00    0.00    0.00   98.00
19:50:22       3    0.00    0.00    1.01    0.00    0.00    0.00    0.00    0.00    0.00   98.99

19:50:22     CPU    %usr   %nice    %sys %iowait    %irq   %soft  %steal  %guest  %gnice   %idle
19:50:23     all    0.25    0.00    0.51    0.00    0.00    0.00    0.00    0.00    0.00   99.24
19:50:23       0    0.00    0.00    1.02    0.00    0.00    0.00    0.00    0.00    0.00   98.98
19:50:23       1    0.00    0.00    0.00    0.00    0.00    0.00    0.00    0.00    0.00  100.00
19:50:23       2    0.00    0.00    0.00    0.00    0.00    0.00    0.00    0.00    0.00  100.00
19:50:23       3    1.00    0.00    1.00    0.00    0.00    0.00    0.00    0.00    0.00   98.00

19:50:23     CPU    %usr   %nice    %sys %iowait    %irq   %soft  %steal  %guest  %gnice   %idle
19:50:24     all    0.25    0.00    1.26    0.00    0.00    0.00    0.00    0.00    0.00   98.48
19:50:24       0    0.00    0.00    1.01    0.00    0.00    0.00    0.00    0.00    0.00   98.99
19:50:24       1    0.00    0.00    1.01    0.00    0.00    0.00    0.00    0.00    0.00   98.99
19:50:24       2    0.00    0.00    1.02    0.00    0.00    0.00    0.00    0.00    0.00   98.98
19:50:24       3    1.00    0.00    2.00    0.00    0.00    0.00    0.00    0.00    0.00   97.00

19:50:24     CPU    %usr   %nice    %sys %iowait    %irq   %soft  %steal  %guest  %gnice   %idle
19:50:25     all    0.25    0.00    0.76    0.00    0.00    0.00    0.00    0.00    0.00   98.99
19:50:25       0    0.00    0.00    0.00    0.00    0.00    0.00    0.00    0.00    0.00  100.00
19:50:25       1    0.00    0.00    1.01    0.00    0.00    0.00    0.00    0.00    0.00   98.99
19:50:25       2    1.00    0.00    1.00    0.00    0.00    0.00    0.00    0.00    0.00   98.00
19:50:25       3    0.00    0.00    1.02    0.00    0.00    0.00    0.00    0.00    0.00   98.98

19:50:25     CPU    %usr   %nice    %sys %iowait    %irq   %soft  %steal  %guest  %gnice   %idle
19:50:26     all    1.78    0.00    3.31    0.00    0.00    0.00    0.00    0.00    0.00   94.91
19:50:26       0    0.00    0.00    2.06    0.00    0.00    0.00    0.00    0.00    0.00   97.94
19:50:26       1    1.01    0.00    3.03    0.00    0.00    0.00    0.00    0.00    0.00   95.96
19:50:26       2    1.01    0.00    4.04    0.00    0.00    0.00    0.00    0.00    0.00   94.95
19:50:26       3    5.10    0.00    4.08    0.00    0.00    0.00    0.00    0.00    0.00   90.82

19:50:26     CPU    %usr   %nice    %sys %iowait    %irq   %soft  %steal  %guest  %gnice   %idle
19:50:27     all    2.32    0.00   16.75    0.00    0.00   21.13    0.00    0.00    0.00   59.79
19:50:27       0    2.02    0.00   24.24    0.00    0.00    1.01    0.00    0.00    0.00   72.73
19:50:27       1    1.05    0.00    1.05    0.00    0.00   81.05    0.00    0.00    0.00   16.84
19:50:27       2    2.11    0.00   21.05    0.00    0.00    1.05    0.00    0.00    0.00   75.79
19:50:27       3    4.04    0.00   20.20    0.00    0.00    3.03    0.00    0.00    0.00   72.73

19:50:27     CPU    %usr   %nice    %sys %iowait    %irq   %soft  %steal  %guest  %gnice   %idle
19:50:28     all    0.52    0.00   12.66    0.52    0.00   22.22    0.00    0.00    0.00   64.08
19:50:28       0    0.00    0.00   18.18    0.00    0.00    5.05    0.00    0.00    0.00   76.77
19:50:28       1    0.00    0.00    0.00    0.00    0.00   77.66    0.00    0.00    0.00   22.34
19:50:28       2    1.03    0.00   14.43    1.03    0.00    6.19    0.00    0.00    0.00   77.32
19:50:28       3    1.03    0.00   17.53    1.03    0.00    2.06    0.00    0.00    0.00   78.35

19:50:28     CPU    %usr   %nice    %sys %iowait    %irq   %soft  %steal  %guest  %gnice   %idle
19:50:29     all    0.82    0.00   16.16    0.00    0.00   10.96    0.00    0.00    0.00   72.05
19:50:29       0    2.13    0.00   15.96    0.00    0.00    2.13    0.00    0.00    0.00   79.79
19:50:29       1    0.00    0.00    5.19    0.00    0.00   41.56    0.00    0.00    0.00   53.25
19:50:29       2    0.00    0.00   20.83    0.00    0.00    3.12    0.00    0.00    0.00   76.04
19:50:29       3    1.02    0.00   20.41    0.00    0.00    3.06    0.00    0.00    0.00   75.51

19:50:29     CPU    %usr   %nice    %sys %iowait    %irq   %soft  %steal  %guest  %gnice   %idle
19:50:30     all    0.57    0.00   16.62    0.00    0.00    3.15    0.00    0.00    0.00   79.66
19:50:30       0    1.01    0.00   19.19    0.00    0.00    1.01    0.00    0.00    0.00   78.79
19:50:30       1    0.00    0.00    3.51    0.00    0.00   12.28    0.00    0.00    0.00   84.21
19:50:30       2    1.06    0.00   17.02    0.00    0.00    2.13    0.00    0.00    0.00   79.79
19:50:30       3    0.00    0.00   21.21    0.00    0.00    1.01    0.00    0.00    0.00   77.78

19:50:30     CPU    %usr   %nice    %sys %iowait    %irq   %soft  %steal  %guest  %gnice   %idle
19:50:31     all    1.09    0.00    9.26    0.00    0.00    1.91    0.00    0.00    0.00   87.74
19:50:31       0    1.03    0.00   12.37    0.00    0.00    0.00    0.00    0.00    0.00   86.60
19:50:31       1    0.00    0.00    2.63    0.00    0.00    7.89    0.00    0.00    0.00   89.47
19:50:31       2    1.05    0.00    8.42    0.00    0.00    0.00    0.00    0.00    0.00   90.53
19:50:31       3    2.02    0.00   12.12    0.00    0.00    1.01    0.00    0.00    0.00   84.85

19:50:31     CPU    %usr   %nice    %sys %iowait    %irq   %soft  %steal  %guest  %gnice   %idle
19:50:32     all    3.05    0.00    2.79    0.00    0.00    0.00    0.00    0.00    0.00   94.16
19:50:32       0    5.15    0.00    1.03    0.00    0.00    0.00    0.00    0.00    0.00   93.81
19:50:32       1    2.00    0.00    3.00    0.00    0.00    0.00    0.00    0.00    0.00   95.00
19:50:32       2    4.04    0.00    4.04    0.00    0.00    0.00    0.00    0.00    0.00   91.92
19:50:32       3    1.02    0.00    3.06    0.00    0.00    0.00    0.00    0.00    0.00   95.92

19:50:32     CPU    %usr   %nice    %sys %iowait    %irq   %soft  %steal  %guest  %gnice   %idle
19:50:33     all    0.25    0.00    0.51    0.00    0.00    0.00    0.00    0.00    0.00   99.24
19:50:33       0    0.00    0.00    1.01    0.00    0.00    0.00    0.00    0.00    0.00   98.99
19:50:33       1    0.00    0.00    1.00    0.00    0.00    0.00    0.00    0.00    0.00   99.00
19:50:33       2    1.01    0.00    0.00    0.00    0.00    0.00    0.00    0.00    0.00   98.99
19:50:33       3    0.00    0.00    0.00    0.00    0.00    0.00    0.00    0.00    0.00  100.00

19:50:33     CPU    %usr   %nice    %sys %iowait    %irq   %soft  %steal  %guest  %gnice   %idle
19:50:34     all    0.51    0.00    0.76    0.00    0.00    0.00    0.00    0.00    0.00   98.74
19:50:34       0    1.01    0.00    0.00    0.00    0.00    0.00    0.00    0.00    0.00   98.99
19:50:34       1    1.00    0.00    1.00    0.00    0.00    0.00    0.00    0.00    0.00   98.00
19:50:34       2    0.00    0.00    1.02    0.00    0.00    0.00    0.00    0.00    0.00   98.98
19:50:34       3    0.00    0.00    1.01    0.00    0.00    0.00    0.00    0.00    0.00   98.99

19:50:34     CPU    %usr   %nice    %sys %iowait    %irq   %soft  %steal  %guest  %gnice   %idle
19:50:35     all    0.25    0.00    1.01    0.00    0.00    0.00    0.00    0.00    0.00   98.74
19:50:35       0    0.00    0.00    0.00    0.00    0.00    0.00    0.00    0.00    0.00  100.00
19:50:35       1    1.00    0.00    2.00    0.00    0.00    0.00    0.00    0.00    0.00   97.00
19:50:35       2    0.00    0.00    1.02    0.00    0.00    0.00    0.00    0.00    0.00   98.98
19:50:35       3    0.00    0.00    1.00    0.00    0.00    0.00    0.00    0.00    0.00   99.00

19:50:35     CPU    %usr   %nice    %sys %iowait    %irq   %soft  %steal  %guest  %gnice   %idle
19:50:36     all    2.03    0.00    2.54    0.00    0.00    0.00    0.00    0.00    0.00   95.43
19:50:36       0    1.01    0.00    4.04    0.00    0.00    0.00    0.00    0.00    0.00   94.95
19:50:36       1    4.08    0.00    2.04    0.00    0.00    0.00    0.00    0.00    0.00   93.88
19:50:36       2    1.01    0.00    2.02    0.00    0.00    0.00    0.00    0.00    0.00   96.97
19:50:36       3    2.04    0.00    2.04    0.00    0.00    0.00    0.00    0.00    0.00   95.92

19:50:36     CPU    %usr   %nice    %sys %iowait    %irq   %soft  %steal  %guest  %gnice   %idle
19:50:37     all    3.28    0.00    4.04    0.00    0.00    0.25    0.00    0.00    0.00   92.42
19:50:37       0    4.95    0.00    5.94    0.00    0.00    0.00    0.00    0.00    0.00   89.11
19:50:37       1    5.05    0.00    4.04    0.00    0.00    0.00    0.00    0.00    0.00   90.91
19:50:37       2    1.02    0.00    2.04    0.00    0.00    1.02    0.00    0.00    0.00   95.92
19:50:37       3    2.04    0.00    4.08    0.00    0.00    0.00    0.00    0.00    0.00   93.88

19:50:37     CPU    %usr   %nice    %sys %iowait    %irq   %soft  %steal  %guest  %gnice   %idle
19:50:38     all    1.02    0.00    0.76    0.00    0.00    0.00    0.00    0.00    0.00   98.22
19:50:38       0    2.02    0.00    1.01    0.00    0.00    0.00    0.00    0.00    0.00   96.97
19:50:38       1    0.00    0.00    0.00    0.00    0.00    0.00    0.00    0.00    0.00  100.00
19:50:38       2    1.02    0.00    0.00    0.00    0.00    0.00    0.00    0.00    0.00   98.98
19:50:38       3    1.00    0.00    2.00    0.00    0.00    0.00    0.00    0.00    0.00   97.00

19:50:38     CPU    %usr   %nice    %sys %iowait    %irq   %soft  %steal  %guest  %gnice   %idle
19:50:39     all    1.00    0.00    1.50    0.00    0.00    0.25    0.00    0.00    0.00   97.26
19:50:39       0    0.99    0.00    0.99    0.00    0.00    0.99    0.00    0.00    0.00   97.03
19:50:39       1    0.99    0.00    2.97    0.00    0.00    0.00    0.00    0.00    0.00   96.04
19:50:39       2    1.00    0.00    2.00    0.00    0.00    0.00    0.00    0.00    0.00   97.00
19:50:39       3    1.01    0.00    0.00    0.00    0.00    0.00    0.00    0.00    0.00   98.99

19:50:39     CPU    %usr   %nice    %sys %iowait    %irq   %soft  %steal  %guest  %gnice   %idle
19:50:40     all    0.00    0.00    0.51    0.00    0.00    0.00    0.00    0.00    0.00   99.49
19:50:40       0    0.00    0.00    0.00    0.00    0.00    0.00    0.00    0.00    0.00  100.00
19:50:40       1    0.00    0.00    1.01    0.00    0.00    0.00    0.00    0.00    0.00   98.99
19:50:40       2    0.00    0.00    1.02    0.00    0.00    0.00    0.00    0.00    0.00   98.98
19:50:40       3    0.00    0.00    0.00    0.00    0.00    0.00    0.00    0.00    0.00  100.00

19:50:40     CPU    %usr   %nice    %sys %iowait    %irq   %soft  %steal  %guest  %gnice   %idle
19:50:41     all    0.25    0.00    1.26    0.00    0.00    0.00    0.00    0.00    0.00   98.49
19:50:41       0    0.00    0.00    1.00    0.00    0.00    0.00    0.00    0.00    0.00   99.00
19:50:41       1    0.00    0.00    2.02    0.00    0.00    0.00    0.00    0.00    0.00   97.98
19:50:41       2    1.01    0.00    1.01    0.00    0.00    0.00    0.00    0.00    0.00   97.98
19:50:41       3    0.00    0.00    1.01    0.00    0.00    0.00    0.00    0.00    0.00   98.99

19:50:41     CPU    %usr   %nice    %sys %iowait    %irq   %soft  %steal  %guest  %gnice   %idle
19:50:42     all    3.53    0.00    4.03    0.00    0.00    0.00    0.00    0.00    0.00   92.44
19:50:42       0    3.00    0.00    5.00    0.00    0.00    0.00    0.00    0.00    0.00   92.00
19:50:42       1    3.06    0.00    4.08    0.00    0.00    0.00    0.00    0.00    0.00   92.86
19:50:42       2    5.00    0.00    4.00    0.00    0.00    0.00    0.00    0.00    0.00   91.00
19:50:42       3    3.03    0.00    3.03    0.00    0.00    0.00    0.00    0.00    0.00   93.94

19:50:42     CPU    %usr   %nice    %sys %iowait    %irq   %soft  %steal  %guest  %gnice   %idle
19:50:43     all    0.25    0.00    1.25    0.25    0.00    0.00    0.00    0.00    0.00   98.25
19:50:43       0    0.00    0.00    3.00    0.00    0.00    0.00    0.00    0.00    0.00   97.00
19:50:43       1    0.00    0.00    1.00    0.00    0.00    0.00    0.00    0.00    0.00   99.00
19:50:43       2    0.99    0.00    0.99    0.99    0.00    0.00    0.00    0.00    0.00   97.03
19:50:43       3    0.00    0.00    0.00    0.00    0.00    0.00    0.00    0.00    0.00  100.00

19:50:43     CPU    %usr   %nice    %sys %iowait    %irq   %soft  %steal  %guest  %gnice   %idle
19:50:44     all    0.25    0.00    1.01    0.00    0.00    0.00    0.00    0.00    0.00   98.74
19:50:44       0    1.01    0.00    1.01    0.00    0.00    0.00    0.00    0.00    0.00   97.98
19:50:44       1    0.00    0.00    0.00    0.00    0.00    0.00    0.00    0.00    0.00  100.00
19:50:44       2    0.00    0.00    1.01    0.00    0.00    0.00    0.00    0.00    0.00   98.99
19:50:44       3    0.00    0.00    2.00    0.00    0.00    0.00    0.00    0.00    0.00   98.00

19:50:44     CPU    %usr   %nice    %sys %iowait    %irq   %soft  %steal  %guest  %gnice   %idle
19:50:45     all    0.25    0.00    0.76    0.00    0.00    0.00    0.00    0.00    0.00   98.99
19:50:45       0    1.00    0.00    2.00    0.00    0.00    0.00    0.00    0.00    0.00   97.00
19:50:45       1    0.00    0.00    1.01    0.00    0.00    0.00    0.00    0.00    0.00   98.99
19:50:45       2    0.00    0.00    0.00    0.00    0.00    0.00    0.00    0.00    0.00  100.00
19:50:45       3    0.00    0.00    0.00    0.00    0.00    0.00    0.00    0.00    0.00  100.00

19:50:45     CPU    %usr   %nice    %sys %iowait    %irq   %soft  %steal  %guest  %gnice   %idle
19:50:46     all    0.25    0.00    0.75    0.00    0.00    0.25    0.00    0.00    0.00   98.74
19:50:46       0    0.00    0.00    1.00    0.00    0.00    1.00    0.00    0.00    0.00   98.00
19:50:46       1    0.00    0.00    1.01    0.00    0.00    0.00    0.00    0.00    0.00   98.99
19:50:46       2    1.00    0.00    1.00    0.00    0.00    0.00    0.00    0.00    0.00   98.00
19:50:46       3    0.00    0.00    0.00    0.00    0.00    0.00    0.00    0.00    0.00  100.00

19:50:46     CPU    %usr   %nice    %sys %iowait    %irq   %soft  %steal  %guest  %gnice   %idle
19:50:47     all    2.79    0.00    3.55    0.00    0.00    0.25    0.00    0.00    0.00   93.40
19:50:47       0    2.04    0.00    3.06    0.00    0.00    0.00    0.00    0.00    0.00   94.90
19:50:47       1    2.00    0.00    3.00    0.00    0.00    1.00    0.00    0.00    0.00   94.00
19:50:47       2    2.06    0.00    5.15    0.00    0.00    0.00    0.00    0.00    0.00   92.78
19:50:47       3    5.05    0.00    3.03    0.00    0.00    0.00    0.00    0.00    0.00   91.92

19:50:47     CPU    %usr   %nice    %sys %iowait    %irq   %soft  %steal  %guest  %gnice   %idle
19:50:48     all    0.25    0.00    1.01    0.00    0.00    0.00    0.00    0.00    0.00   98.74
19:50:48       0    0.00    0.00    0.00    0.00    0.00    0.00    0.00    0.00    0.00  100.00
19:50:48       1    0.00    0.00    1.01    0.00    0.00    0.00    0.00    0.00    0.00   98.99
19:50:48       2    0.00    0.00    2.00    0.00    0.00    0.00    0.00    0.00    0.00   98.00
19:50:48       3    1.01    0.00    1.01    0.00    0.00    0.00    0.00    0.00    0.00   97.98

19:50:48     CPU    %usr   %nice    %sys %iowait    %irq   %soft  %steal  %guest  %gnice   %idle
19:50:49     all    0.25    0.00    1.75    0.00    0.00    0.00    0.00    0.00    0.00   97.99
19:50:49       0    0.00    0.00    1.98    0.00    0.00    0.00    0.00    0.00    0.00   98.02
19:50:49       1    0.00    0.00    1.01    0.00    0.00    0.00    0.00    0.00    0.00   98.99
19:50:49       2    1.00    0.00    2.00    0.00    0.00    0.00    0.00    0.00    0.00   97.00
19:50:49       3    0.00    0.00    2.02    0.00    0.00    0.00    0.00    0.00    0.00   97.98

19:50:49     CPU    %usr   %nice    %sys %iowait    %irq   %soft  %steal  %guest  %gnice   %idle
19:50:50     all    0.51    0.00    1.27    0.00    0.00    0.00    0.00    0.00    0.00   98.23
19:50:50       0    1.02    0.00    1.02    0.00    0.00    0.00    0.00    0.00    0.00   97.96
19:50:50       1    1.00    0.00    2.00    0.00    0.00    0.00    0.00    0.00    0.00   97.00
19:50:50       2    0.00    0.00    0.00    0.00    0.00    0.00    0.00    0.00    0.00  100.00
19:50:50       3    0.00    0.00    2.00    0.00    0.00    0.00    0.00    0.00    0.00   98.00

19:50:50     CPU    %usr   %nice    %sys %iowait    %irq   %soft  %steal  %guest  %gnice   %idle
19:50:51     all    0.51    0.00    0.51    0.00    0.00    0.00    0.00    0.00    0.00   98.98
19:50:51       0    1.02    0.00    0.00    0.00    0.00    0.00    0.00    0.00    0.00   98.98
19:50:51       1    1.00    0.00    1.00    0.00    0.00    0.00    0.00    0.00    0.00   98.00
19:50:51       2    0.00    0.00    0.00    0.00    0.00    0.00    0.00    0.00    0.00  100.00
19:50:51       3    0.00    0.00    1.03    0.00    0.00    0.00    0.00    0.00    0.00   98.97

19:50:51     CPU    %usr   %nice    %sys %iowait    %irq   %soft  %steal  %guest  %gnice   %idle
19:50:52     all    2.78    0.00    2.78    0.00    0.00    0.00    0.00    0.00    0.00   94.43
19:50:52       0    2.00    0.00    3.00    0.00    0.00    0.00    0.00    0.00    0.00   95.00
19:50:52       1    1.04    0.00    3.12    0.00    0.00    0.00    0.00    0.00    0.00   95.83
19:50:52       2    2.00    0.00    2.00    0.00    0.00    0.00    0.00    0.00    0.00   96.00
19:50:52       3    6.06    0.00    3.03    0.00    0.00    0.00    0.00    0.00    0.00   90.91

19:50:52     CPU    %usr   %nice    %sys %iowait    %irq   %soft  %steal  %guest  %gnice   %idle
19:50:53     all    0.00    0.00    0.76    0.00    0.00    0.00    0.00    0.00    0.00   99.24
19:50:53       0    0.00    0.00    0.00    0.00    0.00    0.00    0.00    0.00    0.00  100.00
19:50:53       1    0.00    0.00    1.02    0.00    0.00    0.00    0.00    0.00    0.00   98.98
19:50:53       2    0.00    0.00    2.02    0.00    0.00    0.00    0.00    0.00    0.00   97.98
19:50:53       3    0.00    0.00    0.00    0.00    0.00    0.00    0.00    0.00    0.00  100.00

19:50:53     CPU    %usr   %nice    %sys %iowait    %irq   %soft  %steal  %guest  %gnice   %idle
19:50:54     all    0.75    0.00    0.75    0.00    0.00    0.00    0.25    0.00    0.00   98.25
19:50:54       0    1.98    0.00    0.99    0.00    0.00    0.00    0.00    0.00    0.00   97.03
19:50:54       1    0.00    0.00    1.00    0.00    0.00    0.00    1.00    0.00    0.00   98.00
19:50:54       2    0.00    0.00    1.00    0.00    0.00    0.00    0.00    0.00    0.00   99.00
19:50:54       3    1.00    0.00    0.00    0.00    0.00    0.00    0.00    0.00    0.00   99.00

19:50:54     CPU    %usr   %nice    %sys %iowait    %irq   %soft  %steal  %guest  %gnice   %idle
19:50:55     all    0.25    0.00    1.01    0.00    0.00    0.00    0.00    0.00    0.00   98.73
19:50:55       0    0.00    0.00    1.02    0.00    0.00    0.00    0.00    0.00    0.00   98.98
19:50:55       1    0.00    0.00    2.02    0.00    0.00    0.00    0.00    0.00    0.00   97.98
19:50:55       2    1.01    0.00    1.01    0.00    0.00    0.00    0.00    0.00    0.00   97.98
19:50:55       3    0.00    0.00    0.00    0.00    0.00    0.00    0.00    0.00    0.00  100.00

19:50:55     CPU    %usr   %nice    %sys %iowait    %irq   %soft  %steal  %guest  %gnice   %idle
19:50:56     all    2.01    0.00    3.02    0.00    0.00    0.00    0.00    0.00    0.00   94.97
19:50:56       0    4.08    0.00    2.04    0.00    0.00    0.00    0.00    0.00    0.00   93.88
19:50:56       1    0.99    0.00    3.96    0.00    0.00    0.00    0.00    0.00    0.00   95.05
19:50:56       2    1.01    0.00    3.03    0.00    0.00    0.00    0.00    0.00    0.00   95.96
19:50:56       3    2.00    0.00    3.00    0.00    0.00    0.00    0.00    0.00    0.00   95.00

19:50:56     CPU    %usr   %nice    %sys %iowait    %irq   %soft  %steal  %guest  %gnice   %idle
19:50:57     all    2.78    0.00    4.05    0.00    0.00    0.00    0.00    0.00    0.00   93.16
19:50:57       0    2.04    0.00    3.06    0.00    0.00    0.00    0.00    0.00    0.00   94.90
19:50:57       1    3.03    0.00    6.06    0.00    0.00    0.00    0.00    0.00    0.00   90.91
19:50:57       2    1.01    0.00    3.03    0.00    0.00    0.00    0.00    0.00    0.00   95.96
19:50:57       3    5.05    0.00    4.04    0.00    0.00    0.00    0.00    0.00    0.00   90.91

19:50:57     CPU    %usr   %nice    %sys %iowait    %irq   %soft  %steal  %guest  %gnice   %idle
19:50:58     all    3.67    0.00   13.91    0.26    0.00   11.81    0.00    0.00    0.00   70.34
19:50:58       0    3.09    0.00   14.43    0.00    0.00    6.19    0.00    0.00    0.00   76.29
19:50:58       1    2.25    0.00    7.87    0.00    0.00   25.84    0.00    0.00    0.00   64.04
19:50:58       2    5.05    0.00   15.15    1.01    0.00   10.10    0.00    0.00    0.00   68.69
19:50:58       3    4.17    0.00   17.71    0.00    0.00    6.25    0.00    0.00    0.00   71.88

19:50:58     CPU    %usr   %nice    %sys %iowait    %irq   %soft  %steal  %guest  %gnice   %idle
19:50:59     all    4.35    0.00   31.97    0.00    0.00   31.97    0.00    0.00    0.00   31.71
19:50:59       0    2.11    0.00   36.84    0.00    0.00   25.26    0.00    0.00    0.00   35.79
19:50:59       1    4.26    0.00   19.15    0.00    0.00   51.06    0.00    0.00    0.00   25.53
19:50:59       2    3.96    0.00   34.65    0.00    0.00   30.69    0.00    0.00    0.00   30.69
19:50:59       3    6.93    0.00   36.63    0.00    0.00   21.78    0.00    0.00    0.00   34.65

19:50:59     CPU    %usr   %nice    %sys %iowait    %irq   %soft  %steal  %guest  %gnice   %idle
19:51:00     all    3.85    0.00   29.49    0.00    0.00   29.49    0.00    0.00    0.00   37.18
19:51:00       0    3.96    0.00   35.64    0.00    0.00   19.80    0.00    0.00    0.00   40.59
19:51:00       1    2.11    0.00   23.16    0.00    0.00   51.58    0.00    0.00    0.00   23.16
19:51:00       2    4.08    0.00   26.53    0.00    0.00   26.53    0.00    0.00    0.00   42.86
19:51:00       3    5.21    0.00   32.29    0.00    0.00   20.83    0.00    0.00    0.00   41.67

19:51:00     CPU    %usr   %nice    %sys %iowait    %irq   %soft  %steal  %guest  %gnice   %idle
19:51:01     all    5.03    0.00   29.10    0.00    0.00   26.19    0.00    0.00    0.00   39.68
19:51:01       0    5.26    0.00   32.63    0.00    0.00   17.89    0.00    0.00    0.00   44.21
19:51:01       1    4.35    0.00   20.65    0.00    0.00   44.57    0.00    0.00    0.00   30.43
19:51:01       2    4.26    0.00   31.91    0.00    0.00   23.40    0.00    0.00    0.00   40.43
19:51:01       3    6.19    0.00   30.93    0.00    0.00   19.59    0.00    0.00    0.00   43.30

19:51:01     CPU    %usr   %nice    %sys %iowait    %irq   %soft  %steal  %guest  %gnice   %idle
19:51:02     all    4.03    0.00   29.57    0.00    0.00   28.49    0.00    0.00    0.00   37.90
19:51:02       0    4.26    0.00   32.98    0.00    0.00   21.28    0.00    0.00    0.00   41.49
19:51:02       1    2.30    0.00   18.39    0.00    0.00   47.13    0.00    0.00    0.00   32.18
19:51:02       2    3.16    0.00   36.84    0.00    0.00   25.26    0.00    0.00    0.00   34.74
19:51:02       3    6.25    0.00   29.17    0.00    0.00   21.88    0.00    0.00    0.00   42.71

19:51:02     CPU    %usr   %nice    %sys %iowait    %irq   %soft  %steal  %guest  %gnice   %idle
19:51:03     all    6.95    0.00   29.14    0.00    0.00   27.27    0.00    0.00    0.00   36.63
19:51:03       0    9.78    0.00   26.09    0.00    0.00   19.57    0.00    0.00    0.00   44.57
19:51:03       1    4.35    0.00   20.65    0.00    0.00   50.00    0.00    0.00    0.00   25.00
19:51:03       2    8.51    0.00   31.91    0.00    0.00   23.40    0.00    0.00    0.00   36.17
19:51:03       3    5.21    0.00   37.50    0.00    0.00   16.67    0.00    0.00    0.00   40.62

19:51:03     CPU    %usr   %nice    %sys %iowait    %irq   %soft  %steal  %guest  %gnice   %idle
19:51:04     all    3.44    0.00   32.28    0.00    0.00   32.54    0.00    0.00    0.00   31.75
19:51:04       0    5.32    0.00   40.43    0.00    0.00   22.34    0.00    0.00    0.00   31.91
19:51:04       1    2.22    0.00   21.11    0.00    0.00   53.33    0.00    0.00    0.00   23.33
19:51:04       2    4.21    0.00   30.53    0.00    0.00   30.53    0.00    0.00    0.00   34.74
19:51:04       3    2.02    0.00   36.36    0.00    0.00   25.25    0.00    0.00    0.00   36.36

19:51:04     CPU    %usr   %nice    %sys %iowait    %irq   %soft  %steal  %guest  %gnice   %idle
19:51:05     all    5.19    0.00   32.47    0.00    0.00   34.29    0.00    0.00    0.00   28.05
19:51:05       0    7.22    0.00   39.18    0.00    0.00   22.68    0.00    0.00    0.00   30.93
19:51:05       1    2.13    0.00   24.47    0.00    0.00   53.19    0.00    0.00    0.00   20.21
19:51:05       2    5.21    0.00   30.21    0.00    0.00   34.38    0.00    0.00    0.00   30.21
19:51:05       3    6.12    0.00   35.71    0.00    0.00   27.55    0.00    0.00    0.00   30.61

19:51:05     CPU    %usr   %nice    %sys %iowait    %irq   %soft  %steal  %guest  %gnice   %idle
19:51:06     all    5.57    0.00   32.41    0.00    0.00   30.89    0.00    0.00    0.00   31.14
19:51:06       0    6.00    0.00   41.00    0.00    0.00   21.00    0.00    0.00    0.00   32.00
19:51:06       1    3.19    0.00   19.15    0.00    0.00   52.13    0.00    0.00    0.00   25.53
19:51:06       2    6.12    0.00   30.61    0.00    0.00   29.59    0.00    0.00    0.00   33.67
19:51:06       3    6.80    0.00   37.86    0.00    0.00   22.33    0.00    0.00    0.00   33.01

19:51:06     CPU    %usr   %nice    %sys %iowait    %irq   %soft  %steal  %guest  %gnice   %idle
19:51:07     all    5.01    0.00   31.13    0.00    0.00   28.76    0.00    0.00    0.00   35.09
19:51:07       0    7.22    0.00   30.93    0.00    0.00   19.59    0.00    0.00    0.00   42.27
19:51:07       1    3.26    0.00   16.30    0.00    0.00   48.91    0.00    0.00    0.00   31.52
19:51:07       2    3.26    0.00   36.96    0.00    0.00   25.00    0.00    0.00    0.00   34.78
19:51:07       3    6.12    0.00   39.80    0.00    0.00   22.45    0.00    0.00    0.00   31.63

19:51:07     CPU    %usr   %nice    %sys %iowait    %irq   %soft  %steal  %guest  %gnice   %idle
19:51:08     all    5.57    0.00   32.91    0.00    0.00   27.59    0.00    0.00    0.00   33.92
19:51:08       0    3.09    0.00   38.14    0.00    0.00   18.56    0.00    0.00    0.00   40.21
19:51:08       1    4.17    0.00   22.92    0.00    0.00   45.83    0.00    0.00    0.00   27.08
19:51:08       2    7.84    0.00   30.39    0.00    0.00   25.49    0.00    0.00    0.00   36.27
19:51:08       3    7.00    0.00   40.00    0.00    0.00   21.00    0.00    0.00    0.00   32.00

19:51:08     CPU    %usr   %nice    %sys %iowait    %irq   %soft  %steal  %guest  %gnice   %idle
19:51:09     all    6.25    0.00   29.69    0.00    0.00   28.39    0.00    0.00    0.00   35.68
19:51:09       0    7.07    0.00   35.35    0.00    0.00   22.22    0.00    0.00    0.00   35.35
19:51:09       1    3.37    0.00   16.85    0.00    0.00   46.07    0.00    0.00    0.00   33.71
19:51:09       2    5.21    0.00   30.21    0.00    0.00   27.08    0.00    0.00    0.00   37.50
19:51:09       3    9.00    0.00   35.00    0.00    0.00   20.00    0.00    0.00    0.00   36.00

19:51:09     CPU    %usr   %nice    %sys %iowait    %irq   %soft  %steal  %guest  %gnice   %idle
19:51:10     all    4.59    0.00   30.54    0.00    0.00   26.22    0.00    0.00    0.00   38.65
19:51:10       0    3.30    0.00   34.07    0.00    0.00   18.68    0.00    0.00    0.00   43.96
19:51:10       1    4.35    0.00   21.74    0.00    0.00   40.22    0.00    0.00    0.00   33.70
19:51:10       2    5.43    0.00   34.78    0.00    0.00   27.17    0.00    0.00    0.00   32.61
19:51:10       3    5.26    0.00   31.58    0.00    0.00   18.95    0.00    0.00    0.00   44.21

19:51:10     CPU    %usr   %nice    %sys %iowait    %irq   %soft  %steal  %guest  %gnice   %idle
19:51:11     all    4.55    0.00   32.62    0.00    0.00   25.13    0.00    0.00    0.00   37.70
19:51:11       0    6.06    0.00   41.41    0.00    0.00   18.18    0.00    0.00    0.00   34.34
19:51:11       1    3.37    0.00   17.98    0.00    0.00   40.45    0.00    0.00    0.00   38.20
19:51:11       2    3.41    0.00   31.82    0.00    0.00   22.73    0.00    0.00    0.00   42.05
19:51:11       3    5.10    0.00   37.76    0.00    0.00   20.41    0.00    0.00    0.00   36.73

19:51:11     CPU    %usr   %nice    %sys %iowait    %irq   %soft  %steal  %guest  %gnice   %idle
19:51:12     all    4.52    0.00   30.59    0.00    0.00   23.94    0.00    0.00    0.00   40.96
19:51:12       0    5.00    0.00   38.00    0.00    0.00   16.00    0.00    0.00    0.00   41.00
19:51:12       1    3.61    0.00   15.66    0.00    0.00   38.55    0.00    0.00    0.00   42.17
19:51:12       2    4.12    0.00   36.08    0.00    0.00   21.65    0.00    0.00    0.00   38.14
19:51:12       3    5.21    0.00   30.21    0.00    0.00   21.88    0.00    0.00    0.00   42.71

19:51:12     CPU    %usr   %nice    %sys %iowait    %irq   %soft  %steal  %guest  %gnice   %idle
19:51:13     all    4.92    0.00   26.78    0.00    0.00   22.13    0.00    0.00    0.00   46.17
19:51:13       0    4.17    0.00   27.08    0.00    0.00   12.50    0.00    0.00    0.00   56.25
19:51:13       1    6.74    0.00   23.60    0.00    0.00   33.71    0.00    0.00    0.00   35.96
19:51:13       2    5.49    0.00   29.67    0.00    0.00   23.08    0.00    0.00    0.00   41.76
19:51:13       3    3.33    0.00   26.67    0.00    0.00   20.00    0.00    0.00    0.00   50.00

19:51:13     CPU    %usr   %nice    %sys %iowait    %irq   %soft  %steal  %guest  %gnice   %idle
19:51:14     all    4.20    0.00   27.82    0.00    0.00   22.05    0.00    0.00    0.00   45.93
19:51:14       0    6.00    0.00   36.00    0.00    0.00   15.00    0.00    0.00    0.00   43.00
19:51:14       1    2.35    0.00   20.00    0.00    0.00   37.65    0.00    0.00    0.00   40.00
19:51:14       2    5.26    0.00   25.26    0.00    0.00   21.05    0.00    0.00    0.00   48.42
19:51:14       3    2.97    0.00   28.71    0.00    0.00   16.83    0.00    0.00    0.00   51.49

19:51:14     CPU    %usr   %nice    %sys %iowait    %irq   %soft  %steal  %guest  %gnice   %idle
19:51:15     all    4.55    0.00   26.47    0.00    0.00   21.12    0.00    0.00    0.00   47.86
19:51:15       0    5.88    0.00   37.25    0.00    0.00   15.69    0.00    0.00    0.00   41.18
19:51:15       1    2.30    0.00   17.24    0.00    0.00   36.78    0.00    0.00    0.00   43.68
19:51:15       2    4.40    0.00   24.18    0.00    0.00   18.68    0.00    0.00    0.00   52.75
19:51:15       3    5.32    0.00   25.53    0.00    0.00   14.89    0.00    0.00    0.00   54.26

19:51:15     CPU    %usr   %nice    %sys %iowait    %irq   %soft  %steal  %guest  %gnice   %idle
19:51:16     all    3.78    0.00   26.49    0.00    0.00   22.43    0.00    0.00    0.00   47.30
19:51:16       0    3.09    0.00   29.90    0.00    0.00   18.56    0.00    0.00    0.00   48.45
19:51:16       1    3.53    0.00   20.00    0.00    0.00   36.47    0.00    0.00    0.00   40.00
19:51:16       2    4.49    0.00   23.60    0.00    0.00   21.35    0.00    0.00    0.00   50.56
19:51:16       3    4.04    0.00   31.31    0.00    0.00   15.15    0.00    0.00    0.00   49.49

19:51:16     CPU    %usr   %nice    %sys %iowait    %irq   %soft  %steal  %guest  %gnice   %idle
19:51:17     all    3.07    0.00   21.51    0.00    0.00   14.80    0.28    0.00    0.00   60.34
19:51:17       0    4.17    0.00   26.04    0.00    0.00    7.29    0.00    0.00    0.00   62.50
19:51:17       1    1.28    0.00   19.23    0.00    0.00   28.21    0.00    0.00    0.00   51.28
19:51:17       2    4.21    0.00   20.00    0.00    0.00   15.79    1.05    0.00    0.00   58.95
19:51:17       3    2.25    0.00   20.22    0.00    0.00   10.11    0.00    0.00    0.00   67.42

19:51:17     CPU    %usr   %nice    %sys %iowait    %irq   %soft  %steal  %guest  %gnice   %idle
19:51:18     all    4.42    0.00   22.60    0.00    0.00   15.58    0.00    0.00    0.00   57.40
19:51:18       0    5.88    0.00   27.45    0.00    0.00    9.80    0.00    0.00    0.00   56.86
19:51:18       1    3.37    0.00   22.47    0.00    0.00   23.60    0.00    0.00    0.00   50.56
19:51:18       2    6.12    0.00   22.45    0.00    0.00   13.27    0.00    0.00    0.00   58.16
19:51:18       3    2.08    0.00   17.71    0.00    0.00   16.67    0.00    0.00    0.00   63.54

19:51:18     CPU    %usr   %nice    %sys %iowait    %irq   %soft  %steal  %guest  %gnice   %idle
19:51:19     all    1.92    0.00   20.55    0.00    0.00   13.70    0.00    0.00    0.00   63.84
19:51:19       0    2.04    0.00   24.49    0.00    0.00    9.18    0.00    0.00    0.00   64.29
19:51:19       1    1.32    0.00   19.74    0.00    0.00   21.05    0.00    0.00    0.00   57.89
19:51:19       2    2.13    0.00   18.09    0.00    0.00   14.89    0.00    0.00    0.00   64.89
19:51:19       3    2.06    0.00   19.59    0.00    0.00   11.34    0.00    0.00    0.00   67.01

19:51:19     CPU    %usr   %nice    %sys %iowait    %irq   %soft  %steal  %guest  %gnice   %idle
19:51:20     all    3.04    0.00   20.17    0.00    0.00   13.54    0.28    0.00    0.00   62.98
19:51:20       0    3.16    0.00   17.89    0.00    0.00   10.53    1.05    0.00    0.00   67.37
19:51:20       1    3.80    0.00   18.99    0.00    0.00   26.58    0.00    0.00    0.00   50.63
19:51:20       2    2.11    0.00   24.21    0.00    0.00   12.63    0.00    0.00    0.00   61.05
19:51:20       3    3.23    0.00   19.35    0.00    0.00    6.45    0.00    0.00    0.00   70.97

19:51:20     CPU    %usr   %nice    %sys %iowait    %irq   %soft  %steal  %guest  %gnice   %idle
19:51:21     all    3.04    0.00   18.51    0.00    0.00   12.15    0.00    0.00    0.00   66.30
19:51:21       0    2.11    0.00   17.89    0.00    0.00   10.53    0.00    0.00    0.00   69.47
19:51:21       1    2.60    0.00   19.48    0.00    0.00   19.48    0.00    0.00    0.00   58.44
19:51:21       2    4.17    0.00   20.83    0.00    0.00   10.42    0.00    0.00    0.00   64.58
19:51:21       3    3.19    0.00   15.96    0.00    0.00    9.57    0.00    0.00    0.00   71.28

19:51:21     CPU    %usr   %nice    %sys %iowait    %irq   %soft  %steal  %guest  %gnice   %idle
19:51:22     all    2.87    0.00   20.63    0.00    0.00   14.62    0.00    0.00    0.00   61.88
19:51:22       0    2.00    0.00   21.00    0.00    0.00   12.00    0.00    0.00    0.00   65.00
19:51:22       1    2.35    0.00   20.00    0.00    0.00   27.06    0.00    0.00    0.00   50.59
19:51:22       2    5.15    0.00   22.68    0.00    0.00   10.31    0.00    0.00    0.00   61.86
19:51:22       3    1.98    0.00   18.81    0.00    0.00   10.89    0.00    0.00    0.00   68.32

19:51:22     CPU    %usr   %nice    %sys %iowait    %irq   %soft  %steal  %guest  %gnice   %idle
19:51:23     all    4.22    0.00   18.47    0.00    0.00   11.87    0.00    0.00    0.00   65.44
19:51:23       0    6.19    0.00   15.46    0.00    0.00    9.28    0.00    0.00    0.00   69.07
19:51:23       1    3.57    0.00   17.86    0.00    0.00   20.24    0.00    0.00    0.00   58.33
19:51:23       2    3.92    0.00   23.53    0.00    0.00   11.76    0.00    0.00    0.00   60.78
19:51:23       3    3.12    0.00   16.67    0.00    0.00    7.29    0.00    0.00    0.00   72.92

19:51:23     CPU    %usr   %nice    %sys %iowait    %irq   %soft  %steal  %guest  %gnice   %idle
19:51:24     all    1.67    0.00   19.72    0.00    0.00   13.89    0.00    0.00    0.00   64.72
19:51:24       0    2.17    0.00   18.48    0.00    0.00   11.96    0.00    0.00    0.00   67.39
19:51:24       1    2.60    0.00   20.78    0.00    0.00   16.88    0.00    0.00    0.00   59.74
19:51:24       2    1.05    0.00   20.00    0.00    0.00   16.84    0.00    0.00    0.00   62.11
19:51:24       3    1.04    0.00   19.79    0.00    0.00   10.42    0.00    0.00    0.00   68.75

19:51:24     CPU    %usr   %nice    %sys %iowait    %irq   %soft  %steal  %guest  %gnice   %idle
19:51:25     all    3.57    0.00   18.68    0.00    0.00   15.11    0.00    0.00    0.00   62.64
19:51:25       0    2.15    0.00   13.98    0.00    0.00    9.68    0.00    0.00    0.00   74.19
19:51:25       1    6.02    0.00   13.25    0.00    0.00   27.71    0.00    0.00    0.00   53.01
19:51:25       2    4.40    0.00   19.78    0.00    0.00   12.09    0.00    0.00    0.00   63.74
19:51:25       3    2.06    0.00   26.80    0.00    0.00   12.37    0.00    0.00    0.00   58.76

19:51:25     CPU    %usr   %nice    %sys %iowait    %irq   %soft  %steal  %guest  %gnice   %idle
19:51:26     all    3.04    0.00   17.40    0.00    0.00   14.36    0.00    0.00    0.00   65.19
19:51:26       0    2.08    0.00   14.58    0.00    0.00   13.54    0.00    0.00    0.00   69.79
19:51:26       1    3.70    0.00   18.52    0.00    0.00   22.22    0.00    0.00    0.00   55.56
19:51:26       2    3.19    0.00   22.34    0.00    0.00   10.64    0.00    0.00    0.00   63.83
19:51:26       3    3.30    0.00   14.29    0.00    0.00   12.09    0.00    0.00    0.00   70.33

19:51:26     CPU    %usr   %nice    %sys %iowait    %irq   %soft  %steal  %guest  %gnice   %idle
19:51:27     all    1.12    0.00   19.83    0.00    0.00   13.41    0.00    0.00    0.00   65.64
19:51:27       0    1.05    0.00   17.89    0.00    0.00   10.53    0.00    0.00    0.00   70.53
19:51:27       1    1.33    0.00   17.33    0.00    0.00   22.67    0.00    0.00    0.00   58.67
19:51:27       2    1.05    0.00   27.37    0.00    0.00   11.58    0.00    0.00    0.00   60.00
19:51:27       3    1.08    0.00   16.13    0.00    0.00   10.75    0.00    0.00    0.00   72.04

19:51:27     CPU    %usr   %nice    %sys %iowait    %irq   %soft  %steal  %guest  %gnice   %idle
19:51:28     all    4.28    0.00   21.66    0.00    0.00   13.37    0.00    0.00    0.00   60.70
19:51:28       0    6.12    0.00   23.47    0.00    0.00    7.14    0.00    0.00    0.00   63.27
19:51:28       1    3.61    0.00   21.69    0.00    0.00   25.30    0.00    0.00    0.00   49.40
19:51:28       2    4.21    0.00   18.95    0.00    0.00   10.53    0.00    0.00    0.00   66.32
19:51:28       3    3.06    0.00   22.45    0.00    0.00   12.24    0.00    0.00    0.00   62.24

19:51:28     CPU    %usr   %nice    %sys %iowait    %irq   %soft  %steal  %guest  %gnice   %idle
19:51:29     all    3.53    0.00   20.65    0.00    0.00   14.67    0.00    0.00    0.00   61.14
19:51:29       0    2.11    0.00   21.05    0.00    0.00    8.42    0.00    0.00    0.00   68.42
19:51:29       1    3.75    0.00   16.25    0.00    0.00   26.25    0.00    0.00    0.00   53.75
19:51:29       2    4.21    0.00   25.26    0.00    0.00   13.68    0.00    0.00    0.00   56.84
19:51:29       3    4.08    0.00   19.39    0.00    0.00   12.24    0.00    0.00    0.00   64.29

19:51:29     CPU    %usr   %nice    %sys %iowait    %irq   %soft  %steal  %guest  %gnice   %idle
19:51:30     all    1.93    0.00   20.44    0.00    0.00   12.15    0.00    0.00    0.00   65.47
19:51:30       0    1.05    0.00   21.05    0.00    0.00   10.53    0.00    0.00    0.00   67.37
19:51:30       1    5.13    0.00   16.67    0.00    0.00   20.51    0.00    0.00    0.00   57.69
19:51:30       2    0.00    0.00   27.37    0.00    0.00   10.53    0.00    0.00    0.00   62.11
19:51:30       3    2.13    0.00   15.96    0.00    0.00    8.51    0.00    0.00    0.00   73.40

19:51:30     CPU    %usr   %nice    %sys %iowait    %irq   %soft  %steal  %guest  %gnice   %idle
19:51:31     all    2.72    0.00   18.80    0.00    0.00   14.71    0.00    0.00    0.00   63.76
19:51:31       0    3.23    0.00   20.43    0.00    0.00   11.83    0.00    0.00    0.00   64.52
19:51:31       1    4.88    0.00   18.29    0.00    0.00   19.51    0.00    0.00    0.00   57.32
19:51:31       2    2.11    0.00   16.84    0.00    0.00   14.74    0.00    0.00    0.00   66.32
19:51:31       3    1.03    0.00   19.59    0.00    0.00   13.40    0.00    0.00    0.00   65.98

19:51:31     CPU    %usr   %nice    %sys %iowait    %irq   %soft  %steal  %guest  %gnice   %idle
19:51:32     all    1.60    0.00   14.17    0.00    0.00   10.43    0.00    0.00    0.00   73.80
19:51:32       0    1.03    0.00   16.49    0.00    0.00   11.34    0.00    0.00    0.00   71.13
19:51:32       1    1.14    0.00   15.91    0.00    0.00   13.64    0.00    0.00    0.00   69.32
19:51:32       2    1.03    0.00   13.40    0.00    0.00    9.28    0.00    0.00    0.00   76.29
19:51:32       3    3.26    0.00   10.87    0.00    0.00    7.61    0.00    0.00    0.00   78.26

19:51:32     CPU    %usr   %nice    %sys %iowait    %irq   %soft  %steal  %guest  %gnice   %idle
19:51:33     all    2.78    0.00    2.78    1.26    0.00    0.00    0.00    0.00    0.00   93.18
19:51:33       0    2.02    0.00    3.03    1.01    0.00    0.00    0.00    0.00    0.00   93.94
19:51:33       1    3.03    0.00    2.02    0.00    0.00    0.00    0.00    0.00    0.00   94.95
19:51:33       2    1.01    0.00    4.04    4.04    0.00    0.00    0.00    0.00    0.00   90.91
19:51:33       3    5.05    0.00    2.02    0.00    0.00    0.00    0.00    0.00    0.00   92.93

19:51:33     CPU    %usr   %nice    %sys %iowait    %irq   %soft  %steal  %guest  %gnice   %idle
19:51:34     all    1.01    0.00    1.01    0.00    0.00    0.00    0.00    0.00    0.00   97.98
19:51:34       0    0.00    0.00    2.00    0.00    0.00    0.00    0.00    0.00    0.00   98.00
19:51:34       1    4.04    0.00    1.01    0.00    0.00    0.00    0.00    0.00    0.00   94.95
19:51:34       2    0.00    0.00    1.02    0.00    0.00    0.00    0.00    0.00    0.00   98.98
19:51:34       3    0.00    0.00    0.00    0.00    0.00    0.00    0.00    0.00    0.00  100.00

19:51:34     CPU    %usr   %nice    %sys %iowait    %irq   %soft  %steal  %guest  %gnice   %idle
19:51:35     all    0.51    0.00    0.51    0.00    0.00    0.00    0.00    0.00    0.00   98.99
19:51:35       0    0.00    0.00    0.00    0.00    0.00    0.00    0.00    0.00    0.00  100.00
19:51:35       1    0.00    0.00    2.02    0.00    0.00    0.00    0.00    0.00    0.00   97.98
19:51:35       2    1.01    0.00    0.00    0.00    0.00    0.00    0.00    0.00    0.00   98.99
19:51:35       3    1.01    0.00    0.00    0.00    0.00    0.00    0.00    0.00    0.00   98.99

19:51:35     CPU    %usr   %nice    %sys %iowait    %irq   %soft  %steal  %guest  %gnice   %idle
19:51:36     all    0.25    0.00    1.25    0.00    0.00    0.00    0.00    0.00    0.00   98.50
19:51:36       0    0.00    0.00    1.98    0.00    0.00    0.00    0.00    0.00    0.00   98.02
19:51:36       1    1.01    0.00    1.01    0.00    0.00    0.00    0.00    0.00    0.00   97.98
19:51:36       2    0.00    0.00    2.00    0.00    0.00    0.00    0.00    0.00    0.00   98.00
19:51:36       3    0.00    0.00    0.00    0.00    0.00    0.00    0.00    0.00    0.00  100.00

19:51:36     CPU    %usr   %nice    %sys %iowait    %irq   %soft  %steal  %guest  %gnice   %idle
19:51:37     all    0.25    0.00    1.01    0.00    0.00    0.00    0.00    0.00    0.00   98.74
19:51:37       0    0.00    0.00    0.00    0.00    0.00    0.00    0.00    0.00    0.00  100.00
19:51:37       1    0.00    0.00    2.00    0.00    0.00    0.00    0.00    0.00    0.00   98.00
19:51:37       2    0.00    0.00    1.02    0.00    0.00    0.00    0.00    0.00    0.00   98.98
19:51:37       3    1.00    0.00    1.00    0.00    0.00    0.00    0.00    0.00    0.00   98.00

19:51:37     CPU    %usr   %nice    %sys %iowait    %irq   %soft  %steal  %guest  %gnice   %idle
19:51:38     all    0.25    0.00    1.26    0.00    0.00    0.00    0.00    0.00    0.00   98.48
19:51:38       0    0.00    0.00    1.01    0.00    0.00    0.00    0.00    0.00    0.00   98.99
19:51:38       1    0.99    0.00    1.98    0.00    0.00    0.00    0.00    0.00    0.00   97.03
19:51:38       2    0.00    0.00    1.03    0.00    0.00    0.00    0.00    0.00    0.00   98.97
19:51:38       3    0.00    0.00    1.01    0.00    0.00    0.00    0.00    0.00    0.00   98.99

19:51:38     CPU    %usr   %nice    %sys %iowait    %irq   %soft  %steal  %guest  %gnice   %idle
19:51:39     all    2.79    0.00    3.30    0.00    0.00    0.25    0.25    0.00    0.00   93.40
19:51:39       0    3.06    0.00    3.06    0.00    0.00    1.02    0.00    0.00    0.00   92.86
19:51:39       1    0.00    0.00    3.09    0.00    0.00    0.00    0.00    0.00    0.00   96.91
19:51:39       2    3.03    0.00    3.03    0.00    0.00    0.00    0.00    0.00    0.00   93.94
19:51:39       3    5.00    0.00    4.00    0.00    0.00    0.00    1.00    0.00    0.00   90.00

19:51:39     CPU    %usr   %nice    %sys %iowait    %irq   %soft  %steal  %guest  %gnice   %idle
19:51:40     all    0.25    0.00    1.26    0.00    0.00    0.00    0.00    0.00    0.00   98.49
19:51:40       0    0.00    0.00    1.00    0.00    0.00    0.00    0.00    0.00    0.00   99.00
19:51:40       1    0.99    0.00    1.98    0.00    0.00    0.00    0.00    0.00    0.00   97.03
19:51:40       2    0.00    0.00    1.01    0.00    0.00    0.00    0.00    0.00    0.00   98.99
19:51:40       3    0.00    0.00    1.02    0.00    0.00    0.00    0.00    0.00    0.00   98.98

19:51:40     CPU    %usr   %nice    %sys %iowait    %irq   %soft  %steal  %guest  %gnice   %idle
19:51:41     all    0.50    0.00    0.76    0.00    0.00    0.00    0.00    0.00    0.00   98.74
19:51:41       0    0.00    0.00    0.00    0.00    0.00    0.00    0.00    0.00    0.00  100.00
19:51:41       1    1.01    0.00    1.01    0.00    0.00    0.00    0.00    0.00    0.00   97.98
19:51:41       2    0.00    0.00    1.01    0.00    0.00    0.00    0.00    0.00    0.00   98.99
19:51:41       3    1.00    0.00    1.00    0.00    0.00    0.00    0.00    0.00    0.00   98.00

19:51:41     CPU    %usr   %nice    %sys %iowait    %irq   %soft  %steal  %guest  %gnice   %idle
19:51:42     all    0.25    0.00    0.76    0.00    0.00    0.00    0.00    0.00    0.00   98.99
19:51:42       0    0.00    0.00    1.00    0.00    0.00    0.00    0.00    0.00    0.00   99.00
19:51:42       1    0.00    0.00    0.00    0.00    0.00    0.00    0.00    0.00    0.00  100.00
19:51:42       2    0.99    0.00    1.98    0.00    0.00    0.00    0.00    0.00    0.00   97.03
19:51:42       3    0.00    0.00    0.00    0.00    0.00    0.00    0.00    0.00    0.00  100.00

19:51:42     CPU    %usr   %nice    %sys %iowait    %irq   %soft  %steal  %guest  %gnice   %idle
19:51:43     all    1.01    0.00   13.60    0.00    0.00   15.37    0.00    0.00    0.00   70.03
19:51:43       0    1.02    0.00   19.39    0.00    0.00    0.00    0.00    0.00    0.00   79.59
19:51:43       1    1.00    0.00    1.00    0.00    0.00   59.00    0.00    0.00    0.00   39.00
19:51:43       2    1.02    0.00   16.33    0.00    0.00    1.02    0.00    0.00    0.00   81.63
19:51:43       3    0.99    0.00   17.82    0.00    0.00    0.99    0.00    0.00    0.00   80.20

19:51:43     CPU    %usr   %nice    %sys %iowait    %irq   %soft  %steal  %guest  %gnice   %idle
19:51:44     all    2.05    0.00   17.69    0.00    0.00   26.41    0.00    0.00    0.00   53.85
19:51:44       0    5.15    0.00   26.80    0.00    0.00    2.06    0.00    0.00    0.00   65.98
19:51:44       1    0.00    0.00    0.00    0.00    0.00  100.00    0.00    0.00    0.00    0.00
19:51:44       2    1.00    0.00   26.00    0.00    0.00    1.00    0.00    0.00    0.00   72.00
19:51:44       3    2.15    0.00   18.28    0.00    0.00    0.00    0.00    0.00    0.00   79.57

19:51:44     CPU    %usr   %nice    %sys %iowait    %irq   %soft  %steal  %guest  %gnice   %idle
19:51:45     all    0.75    0.00   15.96    0.00    0.00   25.69    0.00    0.00    0.00   57.61
19:51:45       0    0.98    0.00   24.51    0.00    0.00    1.96    0.00    0.00    0.00   72.55
19:51:45       1    0.00    0.00    0.00    0.00    0.00  100.00    0.00    0.00    0.00    0.00
19:51:45       2    0.00    0.00   23.53    0.00    0.00    0.98    0.00    0.00    0.00   75.49
19:51:45       3    2.06    0.00   15.46    0.00    0.00    0.00    0.00    0.00    0.00   82.47

19:51:45     CPU    %usr   %nice    %sys %iowait    %irq   %soft  %steal  %guest  %gnice   %idle
19:51:46     all    0.82    0.00   11.51    0.00    0.00   17.26    0.00    0.00    0.00   70.41
19:51:46       0    2.02    0.00   11.11    0.00    0.00    1.01    0.00    0.00    0.00   85.86
19:51:46       1    0.00    0.00    1.47    0.00    0.00   88.24    0.00    0.00    0.00   10.29
19:51:46       2    0.00    0.00   20.59    0.00    0.00    0.98    0.00    0.00    0.00   78.43
19:51:46       3    1.04    0.00    9.38    0.00    0.00    1.04    0.00    0.00    0.00   88.54

19:51:46     CPU    %usr   %nice    %sys %iowait    %irq   %soft  %steal  %guest  %gnice   %idle
19:51:47     all    0.55    0.00   20.11    0.00    0.00    6.61    0.00    0.00    0.00   72.73
19:51:47       0    0.00    0.00   18.18    0.00    0.00    2.02    0.00    0.00    0.00   79.80
19:51:47       1    0.00    0.00    3.28    0.00    0.00   29.51    0.00    0.00    0.00   67.21
19:51:47       2    0.99    0.00   22.77    0.00    0.00    1.98    0.00    0.00    0.00   74.26
19:51:47       3    0.98    0.00   29.41    0.00    0.00    1.96    0.00    0.00    0.00   67.65

19:51:47     CPU    %usr   %nice    %sys %iowait    %irq   %soft  %steal  %guest  %gnice   %idle
19:51:48     all    0.54    0.00   11.29    0.27    0.00    2.69    0.00    0.00    0.00   85.22
19:51:48       0    2.00    0.00   11.00    1.00    0.00    3.00    0.00    0.00    0.00   83.00
19:51:48       1    0.00    0.00    2.63    0.00    0.00    5.26    0.00    0.00    0.00   92.11
19:51:48       2    0.00    0.00   12.50    0.00    0.00    1.04    0.00    0.00    0.00   86.46
19:51:48       3    0.00    0.00   17.00    0.00    0.00    2.00    0.00    0.00    0.00   81.00

19:51:48     CPU    %usr   %nice    %sys %iowait    %irq   %soft  %steal  %guest  %gnice   %idle
19:51:49     all    3.30    0.00    3.30    0.00    0.00    0.00    0.00    0.00    0.00   93.40
19:51:49       0    3.06    0.00    5.10    0.00    0.00    0.00    0.00    0.00    0.00   91.84
19:51:49       1    2.04    0.00    1.02    0.00    0.00    0.00    0.00    0.00    0.00   96.94
19:51:49       2    7.00    0.00    5.00    0.00    0.00    0.00    0.00    0.00    0.00   88.00
19:51:49       3    1.02    0.00    2.04    0.00    0.00    0.00    0.00    0.00    0.00   96.94

19:51:49     CPU    %usr   %nice    %sys %iowait    %irq   %soft  %steal  %guest  %gnice   %idle
19:51:50     all    0.51    0.00    0.76    0.00    0.00    0.00    0.00    0.00    0.00   98.74
19:51:50       0    0.00    0.00    1.01    0.00    0.00    0.00    0.00    0.00    0.00   98.99
19:51:50       1    1.01    0.00    1.01    0.00    0.00    0.00    0.00    0.00    0.00   97.98
19:51:50       2    0.00    0.00    1.01    0.00    0.00    0.00    0.00    0.00    0.00   98.99
19:51:50       3    1.01    0.00    0.00    0.00    0.00    0.00    0.00    0.00    0.00   98.99

19:51:50     CPU    %usr   %nice    %sys %iowait    %irq   %soft  %steal  %guest  %gnice   %idle
19:51:51     all    0.25    0.00    1.01    0.00    0.00    0.00    0.00    0.00    0.00   98.74
19:51:51       0    1.01    0.00    0.00    0.00    0.00    0.00    0.00    0.00    0.00   98.99
19:51:51       1    0.00    0.00    2.00    0.00    0.00    0.00    0.00    0.00    0.00   98.00
19:51:51       2    0.00    0.00    1.01    0.00    0.00    0.00    0.00    0.00    0.00   98.99
19:51:51       3    0.00    0.00    1.01    0.00    0.00    0.00    0.00    0.00    0.00   98.99

19:51:51     CPU    %usr   %nice    %sys %iowait    %irq   %soft  %steal  %guest  %gnice   %idle
19:51:52     all    0.00    0.00    1.26    0.00    0.00    0.00    0.00    0.00    0.00   98.74
19:51:52       0    0.00    0.00    2.94    0.00    0.00    0.00    0.00    0.00    0.00   97.06
19:51:52       1    0.00    0.00    0.00    0.00    0.00    0.00    0.00    0.00    0.00  100.00
19:51:52       2    0.00    0.00    1.01    0.00    0.00    0.00    0.00    0.00    0.00   98.99
19:51:52       3    0.00    0.00    1.01    0.00    0.00    0.00    0.00    0.00    0.00   98.99

19:51:52     CPU    %usr   %nice    %sys %iowait    %irq   %soft  %steal  %guest  %gnice   %idle
19:51:53     all    0.00    0.00    1.01    0.00    0.00    0.25    0.00    0.00    0.00   98.74
19:51:53       0    0.00    0.00    1.02    0.00    0.00    0.00    0.00    0.00    0.00   98.98
19:51:53       1    0.00    0.00    1.01    0.00    0.00    0.00    0.00    0.00    0.00   98.99
19:51:53       2    0.00    0.00    1.00    0.00    0.00    1.00    0.00    0.00    0.00   98.00
19:51:53       3    0.00    0.00    1.01    0.00    0.00    0.00    0.00    0.00    0.00   98.99

19:51:53     CPU    %usr   %nice    %sys %iowait    %irq   %soft  %steal  %guest  %gnice   %idle
19:51:54     all    3.49    0.00    4.24    0.00    0.00    0.00    0.00    0.00    0.00   92.27
19:51:54       0    6.93    0.00    3.96    0.00    0.00    0.00    0.00    0.00    0.00   89.11
19:51:54       1    3.06    0.00    3.06    0.00    0.00    0.00    0.00    0.00    0.00   93.88
19:51:54       2    2.94    0.00    5.88    0.00    0.00    0.00    0.00    0.00    0.00   91.18
19:51:54       3    1.00    0.00    4.00    0.00    0.00    0.00    0.00    0.00    0.00   95.00

19:51:54     CPU    %usr   %nice    %sys %iowait    %irq   %soft  %steal  %guest  %gnice   %idle
19:51:55     all    0.25    0.00    1.01    0.00    0.00    0.00    0.00    0.00    0.00   98.74
19:51:55       0    1.00    0.00    0.00    0.00    0.00    0.00    0.00    0.00    0.00   99.00
19:51:55       1    0.00    0.00    1.01    0.00    0.00    0.00    0.00    0.00    0.00   98.99
19:51:55       2    0.00    0.00    2.02    0.00    0.00    0.00    0.00    0.00    0.00   97.98
19:51:55       3    0.00    0.00    1.01    0.00    0.00    0.00    0.00    0.00    0.00   98.99

19:51:55     CPU    %usr   %nice    %sys %iowait    %irq   %soft  %steal  %guest  %gnice   %idle
19:51:56     all    0.25    0.00    0.76    0.00    0.00    0.00    0.00    0.00    0.00   98.99
19:51:56       0    0.00    0.00    0.00    0.00    0.00    0.00    0.00    0.00    0.00  100.00
19:51:56       1    0.00    0.00    1.02    0.00    0.00    0.00    0.00    0.00    0.00   98.98
19:51:56       2    0.00    0.00    0.00    0.00    0.00    0.00    0.00    0.00    0.00  100.00
19:51:56       3    1.00    0.00    2.00    0.00    0.00    0.00    0.00    0.00    0.00   97.00

19:51:56     CPU    %usr   %nice    %sys %iowait    %irq   %soft  %steal  %guest  %gnice   %idle
19:51:57     all    0.50    0.00    1.50    0.00    0.00    0.00    0.00    0.00    0.00   98.00
19:51:57       0    1.00    0.00    0.00    0.00    0.00    0.00    0.00    0.00    0.00   99.00
19:51:57       1    0.00    0.00    3.00    0.00    0.00    0.00    0.00    0.00    0.00   97.00
19:51:57       2    0.99    0.00    0.99    0.00    0.00    0.00    0.00    0.00    0.00   98.02
19:51:57       3    0.00    0.00    2.02    0.00    0.00    0.00    0.00    0.00    0.00   97.98

19:51:57     CPU    %usr   %nice    %sys %iowait    %irq   %soft  %steal  %guest  %gnice   %idle
19:51:58     all    0.75    0.00    1.75    0.00    0.00    0.00    0.00    0.00    0.00   97.51
19:51:58       0    0.00    0.00    1.00    0.00    0.00    0.00    0.00    0.00    0.00   99.00
19:51:58       1    0.99    0.00    2.97    0.00    0.00    0.00    0.00    0.00    0.00   96.04
19:51:58       2    0.00    0.00    1.01    0.00    0.00    0.00    0.00    0.00    0.00   98.99
19:51:58       3    1.98    0.00    1.98    0.00    0.00    0.00    0.00    0.00    0.00   96.04

19:51:58     CPU    %usr   %nice    %sys %iowait    %irq   %soft  %steal  %guest  %gnice   %idle
19:51:59     all    2.51    0.00    5.51    0.00    0.00    0.25    0.00    0.00    0.00   91.73
19:51:59       0    1.98    0.00    6.93    0.00    0.00    0.99    0.00    0.00    0.00   90.10
19:51:59       1    5.05    0.00    4.04    0.00    0.00    0.00    0.00    0.00    0.00   90.91
19:51:59       2    1.98    0.00    5.94    0.00    0.00    0.00    0.00    0.00    0.00   92.08
19:51:59       3    1.02    0.00    5.10    0.00    0.00    0.00    0.00    0.00    0.00   93.88

19:51:59     CPU    %usr   %nice    %sys %iowait    %irq   %soft  %steal  %guest  %gnice   %idle
19:52:00     all    0.00    0.00    0.76    0.00    0.00    0.00    0.00    0.00    0.00   99.24
19:52:00       0    0.00    0.00    0.00    0.00    0.00    0.00    0.00    0.00    0.00  100.00
19:52:00       1    0.00    0.00    1.01    0.00    0.00    0.00    0.00    0.00    0.00   98.99
19:52:00       2    0.00    0.00    1.02    0.00    0.00    0.00    0.00    0.00    0.00   98.98
19:52:00       3    0.00    0.00    1.01    0.00    0.00    0.00    0.00    0.00    0.00   98.99

19:52:00     CPU    %usr   %nice    %sys %iowait    %irq   %soft  %steal  %guest  %gnice   %idle
19:52:01     all    2.25    0.00    2.75    0.00    0.00    0.25    0.00    0.00    0.00   94.75
19:52:01       0    0.99    0.00    3.96    0.00    0.00    0.00    0.00    0.00    0.00   95.05
19:52:01       1    1.00    0.00    2.00    0.00    0.00    1.00    0.00    0.00    0.00   96.00
19:52:01       2    1.00    0.00    3.00    0.00    0.00    0.00    0.00    0.00    0.00   96.00
19:52:01       3    6.06    0.00    2.02    0.00    0.00    0.00    0.00    0.00    0.00   91.92

19:52:01     CPU    %usr   %nice    %sys %iowait    %irq   %soft  %steal  %guest  %gnice   %idle
19:52:02     all    1.02    0.00    7.40    0.00    0.00    4.08    0.00    0.00    0.00   87.50
19:52:02       0    2.04    0.00    6.12    0.00    0.00    3.06    0.00    0.00    0.00   88.78
19:52:02       1    0.00    0.00    5.21    0.00    0.00    8.33    0.00    0.00    0.00   86.46
19:52:02       2    2.04    0.00    7.14    0.00    0.00    2.04    0.00    0.00    0.00   88.78
19:52:02       3    0.00    0.00   11.00    0.00    0.00    3.00    0.00    0.00    0.00   86.00

19:52:02     CPU    %usr   %nice    %sys %iowait    %irq   %soft  %steal  %guest  %gnice   %idle
19:52:03     all    3.17    0.00   27.78    0.00    0.00   28.57    0.00    0.00    0.00   40.48
19:52:03       0    4.08    0.00   29.59    0.00    0.00   18.37    0.00    0.00    0.00   47.96
19:52:03       1    2.11    0.00   16.84    0.00    0.00   49.47    0.00    0.00    0.00   31.58
19:52:03       2    3.23    0.00   29.03    0.00    0.00   27.96    0.00    0.00    0.00   39.78
19:52:03       3    3.26    0.00   35.87    0.00    0.00   18.48    0.00    0.00    0.00   42.39

19:52:03     CPU    %usr   %nice    %sys %iowait    %irq   %soft  %steal  %guest  %gnice   %idle
19:52:04     all    4.71    0.00   31.68    0.00    0.00   25.39    0.00    0.00    0.00   38.22
19:52:04       0    4.30    0.00   43.01    0.00    0.00   12.90    0.00    0.00    0.00   39.78
19:52:04       1    4.08    0.00   20.41    0.00    0.00   47.96    0.00    0.00    0.00   27.55
19:52:04       2    5.15    0.00   35.05    0.00    0.00   22.68    0.00    0.00    0.00   37.11
19:52:04       3    5.32    0.00   28.72    0.00    0.00   17.02    0.00    0.00    0.00   48.94

19:52:04     CPU    %usr   %nice    %sys %iowait    %irq   %soft  %steal  %guest  %gnice   %idle
19:52:05     all    4.79    0.00   28.19    0.00    0.00   26.60    0.00    0.00    0.00   40.43
19:52:05       0    7.61    0.00   27.17    0.00    0.00   18.48    0.00    0.00    0.00   46.74
19:52:05       1    1.14    0.00   19.32    0.00    0.00   46.59    0.00    0.00    0.00   32.95
19:52:05       2    6.19    0.00   34.02    0.00    0.00   24.74    0.00    0.00    0.00   35.05
19:52:05       3    4.04    0.00   31.31    0.00    0.00   18.18    0.00    0.00    0.00   46.46

19:52:05     CPU    %usr   %nice    %sys %iowait    %irq   %soft  %steal  %guest  %gnice   %idle
19:52:06     all    4.50    0.00   30.16    0.00    0.00   28.04    0.00    0.00    0.00   37.30
19:52:06       0    5.32    0.00   35.11    0.00    0.00   19.15    0.00    0.00    0.00   40.43
19:52:06       1    3.30    0.00   14.29    0.00    0.00   50.55    0.00    0.00    0.00   31.87
19:52:06       2    4.17    0.00   30.21    0.00    0.00   27.08    0.00    0.00    0.00   38.54
19:52:06       3    5.15    0.00   40.21    0.00    0.00   16.49    0.00    0.00    0.00   38.14

19:52:06     CPU    %usr   %nice    %sys %iowait    %irq   %soft  %steal  %guest  %gnice   %idle
19:52:07     all    5.07    0.00   32.53    0.00    0.00   24.27    0.00    0.00    0.00   38.13
19:52:07       0    6.38    0.00   37.23    0.00    0.00   19.15    0.00    0.00    0.00   37.23
19:52:07       1    2.17    0.00   20.65    0.00    0.00   39.13    0.00    0.00    0.00   38.04
19:52:07       2    4.21    0.00   36.84    0.00    0.00   21.05    0.00    0.00    0.00   37.89
19:52:07       3    7.45    0.00   35.11    0.00    0.00   18.09    0.00    0.00    0.00   39.36

19:52:07     CPU    %usr   %nice    %sys %iowait    %irq   %soft  %steal  %guest  %gnice   %idle
19:52:08     all    5.22    0.00   33.16    0.00    0.00   25.85    0.00    0.00    0.00   35.77
19:52:08       0    5.88    0.00   36.27    0.00    0.00   21.57    0.00    0.00    0.00   36.27
19:52:08       1    3.30    0.00   21.98    0.00    0.00   40.66    0.00    0.00    0.00   34.07
19:52:08       2    6.52    0.00   34.78    0.00    0.00   23.91    0.00    0.00    0.00   34.78
19:52:08       3    5.10    0.00   38.78    0.00    0.00   18.37    0.00    0.00    0.00   37.76

19:52:08     CPU    %usr   %nice    %sys %iowait    %irq   %soft  %steal  %guest  %gnice   %idle
19:52:09     all    5.32    0.00   32.71    0.00    0.00   25.27    0.00    0.00    0.00   36.70
19:52:09       0    8.25    0.00   34.02    0.00    0.00   20.62    0.00    0.00    0.00   37.11
19:52:09       1    1.15    0.00   25.29    0.00    0.00   42.53    0.00    0.00    0.00   31.03
19:52:09       2    5.38    0.00   29.03    0.00    0.00   23.66    0.00    0.00    0.00   41.94
19:52:09       3    6.06    0.00   41.41    0.00    0.00   16.16    0.00    0.00    0.00   36.36

19:52:09     CPU    %usr   %nice    %sys %iowait    %irq   %soft  %steal  %guest  %gnice   %idle
19:52:10     all    6.31    0.00   33.08    0.00    0.00   28.54    0.00    0.00    0.00   32.07
19:52:10       0    7.14    0.00   32.65    0.00    0.00   23.47    0.00    0.00    0.00   36.73
19:52:10       1    6.25    0.00   23.96    0.00    0.00   44.79    0.00    0.00    0.00   25.00
19:52:10       2    5.05    0.00   35.35    0.00    0.00   21.21    0.00    0.00    0.00   38.38
19:52:10       3    6.80    0.00   39.81    0.00    0.00   25.24    0.00    0.00    0.00   28.16

19:52:10     CPU    %usr   %nice    %sys %iowait    %irq   %soft  %steal  %guest  %gnice   %idle
19:52:11     all    5.00    0.00   33.42    0.00    0.00   27.37    0.00    0.00    0.00   34.21
19:52:11       0    7.07    0.00   39.39    0.00    0.00   16.16    0.00    0.00    0.00   37.37
19:52:11       1    4.55    0.00   21.59    0.00    0.00   43.18    0.00    0.00    0.00   30.68
19:52:11       2    4.30    0.00   32.26    0.00    0.00   29.03    0.00    0.00    0.00   34.41
19:52:11       3    4.00    0.00   39.00    0.00    0.00   23.00    0.00    0.00    0.00   34.00

19:52:11     CPU    %usr   %nice    %sys %iowait    %irq   %soft  %steal  %guest  %gnice   %idle
19:52:12     all    4.47    0.00   32.11    0.00    0.00   28.16    0.00    0.00    0.00   35.26
19:52:12       0    6.19    0.00   38.14    0.00    0.00   22.68    0.00    0.00    0.00   32.99
19:52:12       1    2.35    0.00   24.71    0.00    0.00   44.71    0.00    0.00    0.00   28.24
19:52:12       2    4.95    0.00   32.67    0.00    0.00   25.74    0.00    0.00    0.00   36.63
19:52:12       3    4.12    0.00   31.96    0.00    0.00   21.65    0.00    0.00    0.00   42.27

19:52:12     CPU    %usr   %nice    %sys %iowait    %irq   %soft  %steal  %guest  %gnice   %idle
19:52:13     all    4.72    0.00   34.12    0.00    0.00   28.35    0.00    0.00    0.00   32.81
19:52:13       0    3.09    0.00   38.14    0.00    0.00   24.74    0.00    0.00    0.00   34.02
19:52:13       1    4.40    0.00   19.78    0.00    0.00   41.76    0.00    0.00    0.00   34.07
19:52:13       2    5.26    0.00   35.79    0.00    0.00   26.32    0.00    0.00    0.00   32.63
19:52:13       3    6.12    0.00   41.84    0.00    0.00   21.43    0.00    0.00    0.00   30.61

19:52:13     CPU    %usr   %nice    %sys %iowait    %irq   %soft  %steal  %guest  %gnice   %idle
19:52:14     all    4.28    0.00   35.03    0.00    0.00   29.68    0.00    0.00    0.00   31.02
19:52:14       0    3.03    0.00   41.41    0.00    0.00   27.27    0.00    0.00    0.00   28.28
19:52:14       1    2.30    0.00   21.84    0.00    0.00   44.83    0.00    0.00    0.00   31.03
19:52:14       2    6.67    0.00   30.00    0.00    0.00   27.78    0.00    0.00    0.00   35.56
19:52:14       3    5.10    0.00   44.90    0.00    0.00   20.41    0.00    0.00    0.00   29.59

19:52:14     CPU    %usr   %nice    %sys %iowait    %irq   %soft  %steal  %guest  %gnice   %idle
19:52:15     all    6.19    0.00   34.02    0.00    0.00   28.35    0.00    0.00    0.00   31.44
19:52:15       0    7.14    0.00   38.78    0.00    0.00   20.41    0.00    0.00    0.00   33.67
19:52:15       1    5.26    0.00   22.11    0.00    0.00   47.37    0.00    0.00    0.00   25.26
19:52:15       2    4.00    0.00   41.00    0.00    0.00   28.00    0.00    0.00    0.00   27.00
19:52:15       3    8.42    0.00   33.68    0.00    0.00   17.89    0.00    0.00    0.00   40.00

19:52:15     CPU    %usr   %nice    %sys %iowait    %irq   %soft  %steal  %guest  %gnice   %idle
19:52:16     all    3.91    0.00   32.29    0.00    0.00   26.30    0.00    0.00    0.00   37.50
19:52:16       0    4.81    0.00   42.31    0.00    0.00   19.23    0.00    0.00    0.00   33.65
19:52:16       1    3.37    0.00   26.97    0.00    0.00   41.57    0.00    0.00    0.00   28.09
19:52:16       2    4.17    0.00   30.21    0.00    0.00   25.00    0.00    0.00    0.00   40.62
19:52:16       3    3.16    0.00   28.42    0.00    0.00   21.05    0.00    0.00    0.00   47.37

19:52:16     CPU    %usr   %nice    %sys %iowait    %irq   %soft  %steal  %guest  %gnice   %idle
19:52:17     all    4.97    0.00   30.37    0.00    0.00   24.08    0.00    0.00    0.00   40.58
19:52:17       0    4.04    0.00   34.34    0.00    0.00   23.23    0.00    0.00    0.00   38.38
19:52:17       1    4.55    0.00   22.73    0.00    0.00   37.50    0.00    0.00    0.00   35.23
19:52:17       2    7.22    0.00   29.90    0.00    0.00   20.62    0.00    0.00    0.00   42.27
19:52:17       3    4.08    0.00   33.67    0.00    0.00   16.33    0.00    0.00    0.00   45.92

19:52:17     CPU    %usr   %nice    %sys %iowait    %irq   %soft  %steal  %guest  %gnice   %idle
19:52:18     all    4.79    0.00   29.26    0.00    0.00   24.73    0.00    0.00    0.00   41.22
19:52:18       0    5.05    0.00   31.31    0.00    0.00   18.18    0.00    0.00    0.00   45.45
19:52:18       1    3.37    0.00   20.22    0.00    0.00   41.57    0.00    0.00    0.00   34.83
19:52:18       2    5.21    0.00   31.25    0.00    0.00   20.83    0.00    0.00    0.00   42.71
19:52:18       3    5.43    0.00   33.70    0.00    0.00   19.57    0.00    0.00    0.00   41.30

19:52:18     CPU    %usr   %nice    %sys %iowait    %irq   %soft  %steal  %guest  %gnice   %idle
19:52:19     all    4.92    0.00   33.42    0.00    0.00   29.02    0.00    0.00    0.00   32.64
19:52:19       0    6.06    0.00   38.38    0.00    0.00   20.20    0.00    0.00    0.00   35.35
19:52:19       1    3.16    0.00   26.32    0.00    0.00   44.21    0.00    0.00    0.00   26.32
19:52:19       2    5.75    0.00   28.74    0.00    0.00   28.74    0.00    0.00    0.00   36.78
19:52:19       3    4.76    0.00   39.05    0.00    0.00   23.81    0.00    0.00    0.00   32.38

19:52:19     CPU    %usr   %nice    %sys %iowait    %irq   %soft  %steal  %guest  %gnice   %idle
19:52:20     all    6.51    0.00   33.85    0.00    0.00   26.56    0.00    0.00    0.00   33.07
19:52:20       0    8.51    0.00   34.04    0.00    0.00   19.15    0.00    0.00    0.00   38.30
19:52:20       1    3.23    0.00   25.81    0.00    0.00   41.94    0.00    0.00    0.00   29.03
19:52:20       2    7.61    0.00   31.52    0.00    0.00   27.17    0.00    0.00    0.00   33.70
19:52:20       3    6.67    0.00   42.86    0.00    0.00   19.05    0.00    0.00    0.00   31.43

19:52:20     CPU    %usr   %nice    %sys %iowait    %irq   %soft  %steal  %guest  %gnice   %idle
19:52:21     all    4.03    0.00   27.96    0.00    0.00   24.46    0.00    0.00    0.00   43.55
19:52:21       0    4.17    0.00   29.17    0.00    0.00   19.79    0.00    0.00    0.00   46.88
19:52:21       1    3.57    0.00   17.86    0.00    0.00   35.71    0.00    0.00    0.00   42.86
19:52:21       2    5.26    0.00   32.63    0.00    0.00   26.32    0.00    0.00    0.00   35.79
19:52:21       3    3.09    0.00   30.93    0.00    0.00   17.53    0.00    0.00    0.00   48.45

19:52:21     CPU    %usr   %nice    %sys %iowait    %irq   %soft  %steal  %guest  %gnice   %idle
19:52:22     all    4.59    0.00   26.79    0.00    0.00   19.90    0.00    0.00    0.00   48.72
19:52:22       0    5.66    0.00   30.19    0.00    0.00   15.09    0.00    0.00    0.00   49.06
19:52:22       1    3.41    0.00   22.73    0.00    0.00   35.23    0.00    0.00    0.00   38.64
19:52:22       2    5.15    0.00   23.71    0.00    0.00   18.56    0.00    0.00    0.00   52.58
19:52:22       3    3.96    0.00   29.70    0.00    0.00   12.87    0.00    0.00    0.00   53.47

19:52:22     CPU    %usr   %nice    %sys %iowait    %irq   %soft  %steal  %guest  %gnice   %idle
19:52:23     all    2.78    0.00   23.61    0.00    0.00   16.94    0.00    0.00    0.00   56.67
19:52:23       0    3.12    0.00   29.17    0.00    0.00   13.54    0.00    0.00    0.00   54.17
19:52:23       1    2.67    0.00   20.00    0.00    0.00   29.33    0.00    0.00    0.00   48.00
19:52:23       2    2.15    0.00   18.28    0.00    0.00   16.13    0.00    0.00    0.00   63.44
19:52:23       3    3.12    0.00   26.04    0.00    0.00   11.46    0.00    0.00    0.00   59.38

19:52:23     CPU    %usr   %nice    %sys %iowait    %irq   %soft  %steal  %guest  %gnice   %idle
19:52:24     all    3.04    0.00   18.78    0.00    0.00   11.33    0.00    0.00    0.00   66.85
19:52:24       0    1.04    0.00   23.96    0.00    0.00   10.42    0.00    0.00    0.00   64.58
19:52:24       1    5.19    0.00   19.48    0.00    0.00   19.48    0.00    0.00    0.00   55.84
19:52:24       2    3.23    0.00   18.28    0.00    0.00    8.60    0.00    0.00    0.00   69.89
19:52:24       3    3.12    0.00   13.54    0.00    0.00    8.33    0.00    0.00    0.00   75.00

19:52:24     CPU    %usr   %nice    %sys %iowait    %irq   %soft  %steal  %guest  %gnice   %idle
19:52:25     all    4.77    0.00   19.89    0.00    0.00   12.20    0.00    0.00    0.00   63.13
19:52:25       0    6.93    0.00   20.79    0.00    0.00   11.88    0.00    0.00    0.00   60.40
19:52:25       1    2.50    0.00   17.50    0.00    0.00   21.25    0.00    0.00    0.00   58.75
19:52:25       2    3.92    0.00   22.55    0.00    0.00    9.80    0.00    0.00    0.00   63.73
19:52:25       3    5.32    0.00   18.09    0.00    0.00    7.45    0.00    0.00    0.00   69.15

19:52:25     CPU    %usr   %nice    %sys %iowait    %irq   %soft  %steal  %guest  %gnice   %idle
19:52:26     all    2.76    0.00   17.40    0.00    0.00   12.43    0.00    0.00    0.00   67.40
19:52:26       0    4.12    0.00   19.59    0.00    0.00   10.31    0.00    0.00    0.00   65.98
19:52:26       1    2.56    0.00   20.51    0.00    0.00   19.23    0.00    0.00    0.00   57.69
19:52:26       2    3.12    0.00   15.62    0.00    0.00   14.58    0.00    0.00    0.00   66.67
19:52:26       3    1.10    0.00   14.29    0.00    0.00    6.59    0.00    0.00    0.00   78.02

19:52:26     CPU    %usr   %nice    %sys %iowait    %irq   %soft  %steal  %guest  %gnice   %idle
19:52:27     all    3.27    0.00   19.89    0.00    0.00   11.72    0.00    0.00    0.00   65.12
19:52:27       0    3.16    0.00   17.89    0.00    0.00    8.42    0.00    0.00    0.00   70.53
19:52:27       1    2.41    0.00   20.48    0.00    0.00   19.28    0.00    0.00    0.00   57.83
19:52:27       2    3.19    0.00   17.02    0.00    0.00   10.64    0.00    0.00    0.00   69.15
19:52:27       3    4.21    0.00   24.21    0.00    0.00    9.47    0.00    0.00    0.00   62.11

19:52:27     CPU    %usr   %nice    %sys %iowait    %irq   %soft  %steal  %guest  %gnice   %idle
19:52:28     all    4.01    0.00   19.25    0.00    0.00   11.50    0.00    0.00    0.00   65.24
19:52:28       0    4.08    0.00   16.33    0.00    0.00    7.14    0.00    0.00    0.00   72.45
19:52:28       1    6.33    0.00   17.72    0.00    0.00   16.46    0.00    0.00    0.00   59.49
19:52:28       2    3.12    0.00   16.67    0.00    0.00   11.46    0.00    0.00    0.00   68.75
19:52:28       3    2.97    0.00   25.74    0.00    0.00   11.88    0.00    0.00    0.00   59.41

19:52:28     CPU    %usr   %nice    %sys %iowait    %irq   %soft  %steal  %guest  %gnice   %idle
19:52:29     all    2.46    0.00   20.49    0.00    0.00   12.30    0.00    0.00    0.00   64.75
19:52:29       0    3.09    0.00   18.56    0.00    0.00    8.25    0.00    0.00    0.00   70.10
19:52:29       1    2.56    0.00   15.38    0.00    0.00   17.95    0.00    0.00    0.00   64.10
19:52:29       2    2.13    0.00   19.15    0.00    0.00   13.83    0.00    0.00    0.00   64.89
19:52:29       3    2.06    0.00   27.84    0.00    0.00   10.31    0.00    0.00    0.00   59.79

19:52:29     CPU    %usr   %nice    %sys %iowait    %irq   %soft  %steal  %guest  %gnice   %idle
19:52:30     all    3.25    0.00   21.14    0.00    0.00   13.82    0.00    0.00    0.00   61.79
19:52:30       0    2.02    0.00   19.19    0.00    0.00   10.10    0.00    0.00    0.00   68.69
19:52:30       1    5.00    0.00   20.00    0.00    0.00   23.75    0.00    0.00    0.00   51.25
19:52:30       2    2.17    0.00   17.39    0.00    0.00   13.04    0.00    0.00    0.00   67.39
19:52:30       3    4.08    0.00   27.55    0.00    0.00   10.20    0.00    0.00    0.00   58.16

19:52:30     CPU    %usr   %nice    %sys %iowait    %irq   %soft  %steal  %guest  %gnice   %idle
19:52:31     all    2.47    0.00   19.73    0.00    0.00   11.23    0.00    0.00    0.00   66.58
19:52:31       0    3.09    0.00   15.46    0.00    0.00    7.22    0.00    0.00    0.00   74.23
19:52:31       1    2.70    0.00   21.62    0.00    0.00   21.62    0.00    0.00    0.00   54.05
19:52:31       2    3.12    0.00   18.75    0.00    0.00    8.33    0.00    0.00    0.00   69.79
19:52:31       3    1.02    0.00   23.47    0.00    0.00   10.20    0.00    0.00    0.00   65.31

19:52:31     CPU    %usr   %nice    %sys %iowait    %irq   %soft  %steal  %guest  %gnice   %idle
19:52:32     all    2.41    0.00   18.50    0.00    0.00   13.94    0.00    0.00    0.00   65.15
19:52:32       0    2.00    0.00   14.00    0.00    0.00   11.00    0.00    0.00    0.00   73.00
19:52:32       1    2.74    0.00   17.81    0.00    0.00   24.66    0.00    0.00    0.00   54.79
19:52:32       2    0.99    0.00   24.75    0.00    0.00   13.86    0.00    0.00    0.00   60.40
19:52:32       3    4.04    0.00   17.17    0.00    0.00    9.09    0.00    0.00    0.00   69.70

19:52:32     CPU    %usr   %nice    %sys %iowait    %irq   %soft  %steal  %guest  %gnice   %idle
19:52:33     all    3.36    0.00   16.81    0.00    0.00   12.89    0.00    0.00    0.00   66.95
19:52:33       0    3.30    0.00   18.68    0.00    0.00    6.59    0.00    0.00    0.00   71.43
19:52:33       1    2.56    0.00   17.95    0.00    0.00   24.36    0.00    0.00    0.00   55.13
19:52:33       2    4.30    0.00   16.13    0.00    0.00   10.75    0.00    0.00    0.00   68.82
19:52:33       3    3.16    0.00   14.74    0.00    0.00   11.58    0.00    0.00    0.00   70.53

19:52:33     CPU    %usr   %nice    %sys %iowait    %irq   %soft  %steal  %guest  %gnice   %idle
19:52:34     all    2.44    0.00   17.89    0.00    0.00   13.01    0.00    0.00    0.00   66.67
19:52:34       0    4.00    0.00   17.00    0.00    0.00   10.00    0.00    0.00    0.00   69.00
19:52:34       1    1.28    0.00   19.23    0.00    0.00   17.95    0.00    0.00    0.00   61.54
19:52:34       2    1.03    0.00   18.56    0.00    0.00   14.43    0.00    0.00    0.00   65.98
19:52:34       3    3.19    0.00   17.02    0.00    0.00   10.64    0.00    0.00    0.00   69.15

19:52:34     CPU    %usr   %nice    %sys %iowait    %irq   %soft  %steal  %guest  %gnice   %idle
19:52:35     all    4.08    0.00   18.75    0.00    0.00   13.04    0.00    0.00    0.00   64.13
19:52:35       0    4.30    0.00   16.13    0.00    0.00    6.45    0.00    0.00    0.00   73.12
19:52:35       1    4.60    0.00   22.99    0.00    0.00   25.29    0.00    0.00    0.00   47.13
19:52:35       2    3.12    0.00   18.75    0.00    0.00   13.54    0.00    0.00    0.00   64.58
19:52:35       3    4.35    0.00   17.39    0.00    0.00    7.61    0.00    0.00    0.00   70.65

19:52:35     CPU    %usr   %nice    %sys %iowait    %irq   %soft  %steal  %guest  %gnice   %idle
19:52:36     all    3.23    0.00   18.33    0.00    0.00   11.86    0.00    0.00    0.00   66.58
19:52:36       0    2.06    0.00   17.53    0.00    0.00    7.22    0.00    0.00    0.00   73.20
19:52:36       1    4.82    0.00   22.89    0.00    0.00   16.87    0.00    0.00    0.00   55.42
19:52:36       2    4.21    0.00   14.74    0.00    0.00   11.58    0.00    0.00    0.00   69.47
19:52:36       3    2.08    0.00   18.75    0.00    0.00   12.50    0.00    0.00    0.00   66.67

19:52:36     CPU    %usr   %nice    %sys %iowait    %irq   %soft  %steal  %guest  %gnice   %idle
19:52:37     all    0.51    0.00    1.78    0.00    0.00    1.02    0.00    0.00    0.00   96.69
19:52:37       0    1.00    0.00    3.00    0.00    0.00    1.00    0.00    0.00    0.00   95.00
19:52:37       1    0.00    0.00    1.03    0.00    0.00    1.03    0.00    0.00    0.00   97.94
19:52:37       2    0.00    0.00    2.04    0.00    0.00    1.02    0.00    0.00    0.00   96.94
19:52:37       3    1.02    0.00    1.02    0.00    0.00    1.02    0.00    0.00    0.00   96.94

19:52:37     CPU    %usr   %nice    %sys %iowait    %irq   %soft  %steal  %guest  %gnice   %idle
19:52:38     all    0.00    0.00    1.01    0.00    0.00    0.00    0.00    0.00    0.00   98.99
19:52:38       0    0.00    0.00    1.01    0.00    0.00    0.00    0.00    0.00    0.00   98.99
19:52:38       1    0.00    0.00    0.00    0.00    0.00    0.00    0.00    0.00    0.00  100.00
19:52:38       2    0.00    0.00    1.01    0.00    0.00    0.00    0.00    0.00    0.00   98.99
19:52:38       3    0.00    0.00    2.00    0.00    0.00    0.00    0.00    0.00    0.00   98.00

19:52:38     CPU    %usr   %nice    %sys %iowait    %irq   %soft  %steal  %guest  %gnice   %idle
19:52:39     all    0.75    0.00    0.50    0.25    0.00    0.00    0.00    0.00    0.00   98.49
19:52:39       0    0.00    0.00    0.00    0.00    0.00    0.00    0.00    0.00    0.00  100.00
19:52:39       1    0.99    0.00    0.99    0.00    0.00    0.00    0.00    0.00    0.00   98.02
19:52:39       2    0.99    0.00    0.99    0.00    0.00    0.00    0.00    0.00    0.00   98.02
19:52:39       3    1.02    0.00    0.00    1.02    0.00    0.00    0.00    0.00    0.00   97.96

19:52:39     CPU    %usr   %nice    %sys %iowait    %irq   %soft  %steal  %guest  %gnice   %idle
19:52:40     all    2.30    0.00    3.57    0.00    0.00    0.00    0.00    0.00    0.00   94.13
19:52:40       0    3.03    0.00    5.05    0.00    0.00    0.00    0.00    0.00    0.00   91.92
19:52:40       1    4.12    0.00    3.09    0.00    0.00    0.00    0.00    0.00    0.00   92.78
19:52:40       2    2.02    0.00    3.03    0.00    0.00    0.00    0.00    0.00    0.00   94.95
19:52:40       3    0.00    0.00    3.09    0.00    0.00    0.00    0.00    0.00    0.00   96.91

19:52:40     CPU    %usr   %nice    %sys %iowait    %irq   %soft  %steal  %guest  %gnice   %idle
19:52:41     all    0.50    0.00    1.76    0.00    0.00    0.00    0.00    0.00    0.00   97.74
19:52:41       0    0.00    0.00    2.97    0.00    0.00    0.00    0.00    0.00    0.00   97.03
19:52:41       1    1.02    0.00    1.02    0.00    0.00    0.00    0.00    0.00    0.00   97.96
19:52:41       2    1.00    0.00    1.00    0.00    0.00    0.00    0.00    0.00    0.00   98.00
19:52:41       3    0.00    0.00    2.02    0.00    0.00    0.00    0.00    0.00    0.00   97.98

19:52:41     CPU    %usr   %nice    %sys %iowait    %irq   %soft  %steal  %guest  %gnice   %idle
19:52:42     all    0.25    0.00    0.51    0.00    0.00    0.00    0.00    0.00    0.00   99.24
19:52:42       0    1.01    0.00    0.00    0.00    0.00    0.00    0.00    0.00    0.00   98.99
19:52:42       1    0.00    0.00    1.01    0.00    0.00    0.00    0.00    0.00    0.00   98.99
19:52:42       2    0.00    0.00    0.00    0.00    0.00    0.00    0.00    0.00    0.00  100.00
19:52:42       3    0.00    0.00    1.01    0.00    0.00    0.00    0.00    0.00    0.00   98.99

19:52:42     CPU    %usr   %nice    %sys %iowait    %irq   %soft  %steal  %guest  %gnice   %idle
19:52:43     all    0.76    0.00    0.25    0.00    0.00    0.00    0.00    0.00    0.00   98.98
19:52:43       0    1.01    0.00    0.00    0.00    0.00    0.00    0.00    0.00    0.00   98.99
19:52:43       1    1.01    0.00    0.00    0.00    0.00    0.00    0.00    0.00    0.00   98.99
19:52:43       2    0.00    0.00    1.02    0.00    0.00    0.00    0.00    0.00    0.00   98.98
19:52:43       3    1.02    0.00    0.00    0.00    0.00    0.00    0.00    0.00    0.00   98.98

19:52:43     CPU    %usr   %nice    %sys %iowait    %irq   %soft  %steal  %guest  %gnice   %idle
19:52:44     all    0.25    0.00    1.01    0.00    0.00    0.00    0.00    0.00    0.00   98.74
19:52:44       0    0.99    0.00    0.00    0.00    0.00    0.00    0.00    0.00    0.00   99.01
19:52:44       1    0.00    0.00    1.01    0.00    0.00    0.00    0.00    0.00    0.00   98.99
19:52:44       2    0.00    0.00    3.00    0.00    0.00    0.00    0.00    0.00    0.00   97.00
19:52:44       3    0.00    0.00    0.00    0.00    0.00    0.00    0.00    0.00    0.00  100.00

19:52:44     CPU    %usr   %nice    %sys %iowait    %irq   %soft  %steal  %guest  %gnice   %idle
19:52:45     all    0.00    0.00    0.51    0.00    0.00    0.00    0.00    0.00    0.00   99.49
19:52:45       0    0.00    0.00    1.00    0.00    0.00    0.00    0.00    0.00    0.00   99.00
19:52:45       1    0.00    0.00    1.01    0.00    0.00    0.00    0.00    0.00    0.00   98.99
19:52:45       2    0.00    0.00    0.00    0.00    0.00    0.00    0.00    0.00    0.00  100.00
19:52:45       3    0.00    0.00    0.00    0.00    0.00    0.00    0.00    0.00    0.00  100.00

19:52:45     CPU    %usr   %nice    %sys %iowait    %irq   %soft  %steal  %guest  %gnice   %idle
19:52:46     all    3.29    0.00    3.54    0.00    0.00    0.00    0.00    0.00    0.00   93.16
19:52:46       0    4.08    0.00    2.04    0.00    0.00    0.00    0.00    0.00    0.00   93.88
19:52:46       1    4.12    0.00    4.12    0.00    0.00    0.00    0.00    0.00    0.00   91.75
19:52:46       2    1.98    0.00    3.96    0.00    0.00    0.00    0.00    0.00    0.00   94.06
19:52:46       3    3.03    0.00    4.04    0.00    0.00    0.00    0.00    0.00    0.00   92.93

19:52:46     CPU    %usr   %nice    %sys %iowait    %irq   %soft  %steal  %guest  %gnice   %idle
19:52:47     all    1.50    0.00    6.52    0.00    0.00    6.77    0.00    0.00    0.00   85.21
19:52:47       0    0.99    0.00    8.91    0.00    0.00    0.00    0.00    0.00    0.00   90.10
19:52:47       1    1.02    0.00    1.02    0.00    0.00   26.53    0.00    0.00    0.00   71.43
19:52:47       2    1.01    0.00    8.08    0.00    0.00    1.01    0.00    0.00    0.00   89.90
19:52:47       3    2.97    0.00    7.92    0.00    0.00    0.00    0.00    0.00    0.00   89.11

19:52:47     CPU    %usr   %nice    %sys %iowait    %irq   %soft  %steal  %guest  %gnice   %idle
19:52:48     all    2.51    0.00   13.07    0.00    0.00   25.88    0.00    0.00    0.00   58.54
19:52:48       0    4.85    0.00   16.50    0.00    0.00    1.94    0.00    0.00    0.00   76.70
19:52:48       1    0.00    0.00    0.00    0.00    0.00  100.00    0.00    0.00    0.00    0.00
19:52:48       2    2.08    0.00   16.67    0.00    0.00    0.00    0.00    0.00    0.00   81.25
19:52:48       3    3.03    0.00   19.19    0.00    0.00    1.01    0.00    0.00    0.00   76.77

19:52:48     CPU    %usr   %nice    %sys %iowait    %irq   %soft  %steal  %guest  %gnice   %idle
19:52:49     all    1.55    0.00   11.11    0.00    0.00   25.84    0.00    0.00    0.00   61.50
19:52:49       0    1.09    0.00   13.04    0.00    0.00    0.00    0.00    0.00    0.00   85.87
19:52:49       1    0.00    0.00    0.00    0.00    0.00  100.00    0.00    0.00    0.00    0.00
19:52:49       2    3.06    0.00   15.31    0.00    0.00    0.00    0.00    0.00    0.00   81.63
19:52:49       3    2.06    0.00   16.49    0.00    0.00    0.00    0.00    0.00    0.00   81.44

19:52:49     CPU    %usr   %nice    %sys %iowait    %irq   %soft  %steal  %guest  %gnice   %idle
19:52:50     all    1.03    0.00   17.44    0.00    0.00   24.10    0.00    0.00    0.00   57.44
19:52:50       0    1.01    0.00   26.26    0.00    0.00    1.01    0.00    0.00    0.00   71.72
19:52:50       1    0.00    0.00    1.08    0.00    0.00   96.77    0.00    0.00    0.00    2.15
19:52:50       2    2.06    0.00   17.53    0.00    0.00    1.03    0.00    0.00    0.00   79.38
19:52:50       3    0.99    0.00   23.76    0.00    0.00    1.98    0.00    0.00    0.00   73.27

19:52:50     CPU    %usr   %nice    %sys %iowait    %irq   %soft  %steal  %guest  %gnice   %idle
19:52:51     all    1.88    0.00   30.11    0.00    0.00   12.37    0.00    0.00    0.00   55.65
19:52:51       0    3.09    0.00   34.02    0.00    0.00    2.06    0.00    0.00    0.00   60.82
19:52:51       1    1.27    0.00   15.19    0.00    0.00   46.84    0.00    0.00    0.00   36.71
19:52:51       2    1.05    0.00   32.63    0.00    0.00    5.26    0.00    0.00    0.00   61.05
19:52:51       3    1.98    0.00   35.64    0.00    0.00    1.98    0.00    0.00    0.00   60.40

19:52:51     CPU    %usr   %nice    %sys %iowait    %irq   %soft  %steal  %guest  %gnice   %idle
19:52:52     all    1.07    0.00   19.84    0.00    0.00    7.51    0.00    0.00    0.00   71.58
19:52:52       0    1.98    0.00   23.76    0.00    0.00    1.98    0.00    0.00    0.00   72.28
19:52:52       1    0.00    0.00   10.39    0.00    0.00   25.97    0.00    0.00    0.00   63.64
19:52:52       2    1.03    0.00   21.65    0.00    0.00    4.12    0.00    0.00    0.00   73.20
19:52:52       3    1.02    0.00   21.43    0.00    0.00    2.04    0.00    0.00    0.00   75.51

19:52:52     CPU    %usr   %nice    %sys %iowait    %irq   %soft  %steal  %guest  %gnice   %idle
19:52:53     all    0.75    0.00    1.25    0.00    0.00    0.00    0.00    0.00    0.00   98.00
19:52:53       0    0.00    0.00    1.01    0.00    0.00    0.00    0.00    0.00    0.00   98.99
19:52:53       1    0.99    0.00    0.99    0.00    0.00    0.00    0.00    0.00    0.00   98.02
19:52:53       2    2.00    0.00    0.00    0.00    0.00    0.00    0.00    0.00    0.00   98.00
19:52:53       3    0.00    0.00    3.00    0.00    0.00    0.00    0.00    0.00    0.00   97.00

19:52:53     CPU    %usr   %nice    %sys %iowait    %irq   %soft  %steal  %guest  %gnice   %idle
19:52:54     all    0.00    0.00    0.51    0.00    0.00    0.00    0.00    0.00    0.00   99.49
19:52:54       0    0.00    0.00    0.00    0.00    0.00    0.00    0.00    0.00    0.00  100.00
19:52:54       1    0.00    0.00    0.00    0.00    0.00    0.00    0.00    0.00    0.00  100.00
19:52:54       2    0.00    0.00    0.00    0.00    0.00    0.00    0.00    0.00    0.00  100.00
19:52:54       3    0.00    0.00    2.04    0.00    0.00    0.00    0.00    0.00    0.00   97.96

19:52:54     CPU    %usr   %nice    %sys %iowait    %irq   %soft  %steal  %guest  %gnice   %idle
19:52:55     all    0.50    0.00    1.50    0.25    0.00    0.00    0.00    0.00    0.00   97.76
19:52:55       0    0.00    0.00    1.00    0.00    0.00    0.00    0.00    0.00    0.00   99.00
19:52:55       1    0.98    0.00    2.94    0.00    0.00    0.00    0.00    0.00    0.00   96.08
19:52:55       2    1.01    0.00    0.00    0.00    0.00    0.00    0.00    0.00    0.00   98.99
19:52:55       3    0.00    0.00    2.00    1.00    0.00    0.00    0.00    0.00    0.00   97.00

19:52:55     CPU    %usr   %nice    %sys %iowait    %irq   %soft  %steal  %guest  %gnice   %idle
19:52:56     all    3.04    0.00    4.05    0.00    0.00    0.00    0.00    0.00    0.00   92.91
19:52:56       0    6.00    0.00    3.00    0.00    0.00    0.00    0.00    0.00    0.00   91.00
19:52:56       1    0.00    0.00    4.12    0.00    0.00    0.00    0.00    0.00    0.00   95.88
19:52:56       2    3.06    0.00    4.08    0.00    0.00    0.00    0.00    0.00    0.00   92.86
19:52:56       3    3.00    0.00    5.00    0.00    0.00    0.00    0.00    0.00    0.00   92.00

19:52:56     CPU    %usr   %nice    %sys %iowait    %irq   %soft  %steal  %guest  %gnice   %idle
19:52:57     all    0.25    0.00    1.51    0.25    0.00    0.00    0.00    0.00    0.00   97.99
19:52:57       0    0.00    0.00    1.00    0.00    0.00    0.00    0.00    0.00    0.00   99.00
19:52:57       1    0.99    0.00    2.97    0.00    0.00    0.00    0.00    0.00    0.00   96.04
19:52:57       2    0.00    0.00    1.01    1.01    0.00    0.00    0.00    0.00    0.00   97.98
19:52:57       3    0.00    0.00    1.02    0.00    0.00    0.00    0.00    0.00    0.00   98.98

19:52:57     CPU    %usr   %nice    %sys %iowait    %irq   %soft  %steal  %guest  %gnice   %idle
19:52:58     all    0.50    0.00    0.75    0.00    0.00    0.00    0.00    0.00    0.00   98.74
19:52:58       0    0.00    0.00    0.00    0.00    0.00    0.00    0.00    0.00    0.00  100.00
19:52:58       1    0.00    0.00    1.01    0.00    0.00    0.00    0.00    0.00    0.00   98.99
19:52:58       2    2.00    0.00    2.00    0.00    0.00    0.00    0.00    0.00    0.00   96.00
19:52:58       3    0.00    0.00    0.00    0.00    0.00    0.00    0.00    0.00    0.00  100.00

19:52:58     CPU    %usr   %nice    %sys %iowait    %irq   %soft  %steal  %guest  %gnice   %idle
19:52:59     all    0.75    0.00    1.25    0.00    0.00    0.25    0.00    0.00    0.00   97.75
19:52:59       0    0.99    0.00    0.00    0.00    0.00    0.99    0.00    0.00    0.00   98.02
19:52:59       1    1.00    0.00    2.00    0.00    0.00    0.00    0.00    0.00    0.00   97.00
19:52:59       2    1.00    0.00    3.00    0.00    0.00    0.00    0.00    0.00    0.00   96.00
19:52:59       3    0.00    0.00    0.00    0.00    0.00    0.00    0.00    0.00    0.00  100.00

19:52:59     CPU    %usr   %nice    %sys %iowait    %irq   %soft  %steal  %guest  %gnice   %idle
19:53:00     all    0.50    0.00    0.76    0.00    0.00    0.00    0.00    0.00    0.00   98.74
19:53:00       0    0.00    0.00    0.00    0.00    0.00    0.00    0.00    0.00    0.00  100.00
19:53:00       1    0.00    0.00    0.00    0.00    0.00    0.00    0.00    0.00    0.00  100.00
19:53:00       2    1.01    0.00    2.02    0.00    0.00    0.00    0.00    0.00    0.00   96.97
19:53:00       3    1.00    0.00    1.00    0.00    0.00    0.00    0.00    0.00    0.00   98.00

19:53:00     CPU    %usr   %nice    %sys %iowait    %irq   %soft  %steal  %guest  %gnice   %idle
19:53:01     all    3.53    0.00    4.28    0.00    0.00    0.00    0.00    0.00    0.00   92.19
19:53:01       0    3.00    0.00    3.00    0.00    0.00    0.00    0.00    0.00    0.00   94.00
19:53:01       1    5.05    0.00    5.05    0.00    0.00    0.00    0.00    0.00    0.00   89.90
19:53:01       2    3.00    0.00    6.00    0.00    0.00    0.00    0.00    0.00    0.00   91.00
19:53:01       3    3.06    0.00    3.06    0.00    0.00    0.00    0.00    0.00    0.00   93.88

19:53:01     CPU    %usr   %nice    %sys %iowait    %irq   %soft  %steal  %guest  %gnice   %idle
19:53:02     all    0.50    0.00    1.25    0.00    0.00    0.00    0.00    0.00    0.00   98.25
19:53:02       0    0.00    0.00    0.00    0.00    0.00    0.00    0.00    0.00    0.00  100.00
19:53:02       1    0.00    0.00    0.00    0.00    0.00    0.00    0.00    0.00    0.00  100.00
19:53:02       2    0.99    0.00    2.97    0.00    0.00    0.00    0.00    0.00    0.00   96.04
19:53:02       3    0.98    0.00    1.96    0.00    0.00    0.00    0.00    0.00    0.00   97.06

19:53:02     CPU    %usr   %nice    %sys %iowait    %irq   %soft  %steal  %guest  %gnice   %idle
19:53:03     all    0.00    0.00    1.26    0.00    0.00    0.00    0.00    0.00    0.00   98.74
19:53:03       0    0.00    0.00    0.99    0.00    0.00    0.00    0.00    0.00    0.00   99.01
19:53:03       1    0.00    0.00    3.00    0.00    0.00    0.00    0.00    0.00    0.00   97.00
19:53:03       2    0.00    0.00    1.01    0.00    0.00    0.00    0.00    0.00    0.00   98.99
19:53:03       3    0.00    0.00    0.00    0.00    0.00    0.00    0.00    0.00    0.00  100.00

19:53:03     CPU    %usr   %nice    %sys %iowait    %irq   %soft  %steal  %guest  %gnice   %idle
19:53:04     all    0.50    0.00    1.00    0.00    0.00    0.00    0.00    0.00    0.00   98.50
19:53:04       0    0.00    0.00    0.00    0.00    0.00    0.00    0.00    0.00    0.00  100.00
19:53:04       1    0.00    0.00    0.00    0.00    0.00    0.00    0.00    0.00    0.00  100.00
19:53:04       2    0.00    0.00    2.00    0.00    0.00    0.00    0.00    0.00    0.00   98.00
19:53:04       3    1.96    0.00    1.96    0.00    0.00    0.00    0.00    0.00    0.00   96.08

19:53:04     CPU    %usr   %nice    %sys %iowait    %irq   %soft  %steal  %guest  %gnice   %idle
19:53:05     all    0.51    0.00    0.76    0.00    0.00    0.00    0.00    0.00    0.00   98.73
19:53:05       0    0.00    0.00    0.00    0.00    0.00    0.00    0.00    0.00    0.00  100.00
19:53:05       1    2.00    0.00    2.00    0.00    0.00    0.00    0.00    0.00    0.00   96.00
19:53:05       2    0.00    0.00    0.00    0.00    0.00    0.00    0.00    0.00    0.00  100.00
19:53:05       3    0.00    0.00    1.03    0.00    0.00    0.00    0.00    0.00    0.00   98.97

19:53:05     CPU    %usr   %nice    %sys %iowait    %irq   %soft  %steal  %guest  %gnice   %idle
19:53:06     all    2.53    0.00    3.79    0.00    0.00    0.00    0.00    0.00    0.00   93.69
19:53:06       0    2.02    0.00    4.04    0.00    0.00    0.00    0.00    0.00    0.00   93.94
19:53:06       1    5.05    0.00    4.04    0.00    0.00    0.00    0.00    0.00    0.00   90.91
19:53:06       2    2.02    0.00    2.02    0.00    0.00    0.00    0.00    0.00    0.00   95.96
19:53:06       3    1.01    0.00    5.05    0.00    0.00    0.00    0.00    0.00    0.00   93.94

19:53:06     CPU    %usr   %nice    %sys %iowait    %irq   %soft  %steal  %guest  %gnice   %idle
19:53:07     all    0.25    0.00    1.75    0.00    0.00    0.00    0.00    0.00    0.00   97.99
19:53:07       0    0.00    0.00    1.00    0.00    0.00    0.00    0.00    0.00    0.00   99.00
19:53:07       1    0.99    0.00    3.96    0.00    0.00    0.00    0.00    0.00    0.00   95.05
19:53:07       2    0.00    0.00    1.01    0.00    0.00    0.00    0.00    0.00    0.00   98.99
19:53:07       3    0.00    0.00    1.01    0.00    0.00    0.00    0.00    0.00    0.00   98.99

19:53:07     CPU    %usr   %nice    %sys %iowait    %irq   %soft  %steal  %guest  %gnice   %idle
19:53:08     all    0.00    0.00    1.26    0.00    0.00    0.00    0.00    0.00    0.00   98.74
19:53:08       0    0.00    0.00    0.99    0.00    0.00    0.00    0.00    0.00    0.00   99.01
19:53:08       1    0.00    0.00    2.04    0.00    0.00    0.00    0.00    0.00    0.00   97.96
19:53:08       2    0.00    0.00    1.01    0.00    0.00    0.00    0.00    0.00    0.00   98.99
19:53:08       3    0.00    0.00    1.01    0.00    0.00    0.00    0.00    0.00    0.00   98.99

19:53:08     CPU    %usr   %nice    %sys %iowait    %irq   %soft  %steal  %guest  %gnice   %idle
19:53:09     all    0.25    0.00    1.26    0.00    0.00    0.00    0.00    0.00    0.00   98.49
19:53:09       0    0.00    0.00    0.00    0.00    0.00    0.00    0.00    0.00    0.00  100.00
19:53:09       1    0.00    0.00    4.04    0.00    0.00    0.00    0.00    0.00    0.00   95.96
19:53:09       2    0.00    0.00    1.01    0.00    0.00    0.00    0.00    0.00    0.00   98.99
19:53:09       3    1.00    0.00    0.00    0.00    0.00    0.00    0.00    0.00    0.00   99.00

19:53:09     CPU    %usr   %nice    %sys %iowait    %irq   %soft  %steal  %guest  %gnice   %idle
19:53:10     all    0.25    0.00    0.76    0.25    0.00    0.00    0.00    0.00    0.00   98.73
19:53:10       0    0.00    0.00    0.00    0.00    0.00    0.00    0.00    0.00    0.00  100.00
19:53:10       1    1.01    0.00    2.02    0.00    0.00    0.00    0.00    0.00    0.00   96.97
19:53:10       2    0.00    0.00    1.01    0.00    0.00    0.00    0.00    0.00    0.00   98.99
19:53:10       3    0.00    0.00    0.00    1.01    0.00    0.00    0.00    0.00    0.00   98.99

19:53:10     CPU    %usr   %nice    %sys %iowait    %irq   %soft  %steal  %guest  %gnice   %idle
19:53:11     all    2.27    0.00    3.79    0.00    0.00    0.00    0.00    0.00    0.00   93.94
19:53:11       0    2.00    0.00    5.00    0.00    0.00    0.00    0.00    0.00    0.00   93.00
19:53:11       1    1.00    0.00    6.00    0.00    0.00    0.00    0.00    0.00    0.00   93.00
19:53:11       2    4.12    0.00    3.09    0.00    0.00    0.00    0.00    0.00    0.00   92.78
19:53:11       3    2.02    0.00    1.01    0.00    0.00    0.00    0.00    0.00    0.00   96.97

19:53:11     CPU    %usr   %nice    %sys %iowait    %irq   %soft  %steal  %guest  %gnice   %idle
19:53:12     all    0.25    0.00    1.01    0.00    0.00    0.00    0.00    0.00    0.00   98.73
19:53:12       0    0.00    0.00    1.00    0.00    0.00    0.00    0.00    0.00    0.00   99.00
19:53:12       1    0.00    0.00    0.00    0.00    0.00    0.00    0.00    0.00    0.00  100.00
19:53:12       2    1.01    0.00    1.01    0.00    0.00    0.00    0.00    0.00    0.00   97.98
19:53:12       3    0.00    0.00    2.02    0.00    0.00    0.00    0.00    0.00    0.00   97.98

19:53:12     CPU    %usr   %nice    %sys %iowait    %irq   %soft  %steal  %guest  %gnice   %idle
19:53:13     all    0.25    0.00    0.76    0.00    0.00    0.00    0.00    0.00    0.00   98.99
19:53:13       0    0.00    0.00    0.00    0.00    0.00    0.00    0.00    0.00    0.00  100.00
19:53:13       1    0.00    0.00    2.04    0.00    0.00    0.00    0.00    0.00    0.00   97.96
19:53:13       2    0.00    0.00    0.00    0.00    0.00    0.00    0.00    0.00    0.00  100.00
19:53:13       3    1.01    0.00    1.01    0.00    0.00    0.00    0.00    0.00    0.00   97.98

19:53:13     CPU    %usr   %nice    %sys %iowait    %irq   %soft  %steal  %guest  %gnice   %idle
19:53:14     all    0.75    0.00    1.25    0.00    0.00    0.00    0.00    0.00    0.00   97.99
19:53:14       0    1.00    0.00    2.00    0.00    0.00    0.00    0.00    0.00    0.00   97.00
19:53:14       1    0.99    0.00    0.99    0.00    0.00    0.00    0.00    0.00    0.00   98.02
19:53:14       2    0.00    0.00    2.00    0.00    0.00    0.00    0.00    0.00    0.00   98.00
19:53:14       3    1.02    0.00    0.00    0.00    0.00    0.00    0.00    0.00    0.00   98.98

19:53:14     CPU    %usr   %nice    %sys %iowait    %irq   %soft  %steal  %guest  %gnice   %idle
19:53:15     all    2.02    0.00    3.02    0.00    0.00    0.00    0.00    0.00    0.00   94.96
19:53:15       0    1.01    0.00    3.03    0.00    0.00    0.00    0.00    0.00    0.00   95.96
19:53:15       1    2.04    0.00    1.02    0.00    0.00    0.00    0.00    0.00    0.00   96.94
19:53:15       2    1.00    0.00    4.00    0.00    0.00    0.00    0.00    0.00    0.00   95.00
19:53:15       3    4.00    0.00    4.00    0.00    0.00    0.00    0.00    0.00    0.00   92.00

19:53:15     CPU    %usr   %nice    %sys %iowait    %irq   %soft  %steal  %guest  %gnice   %idle
19:53:16     all    0.25    0.00    0.51    0.00    0.00    0.00    0.00    0.00    0.00   99.24
19:53:16       0    0.00    0.00    0.00    0.00    0.00    0.00    0.00    0.00    0.00  100.00
19:53:16       1    1.00    0.00    1.00    0.00    0.00    0.00    0.00    0.00    0.00   98.00
19:53:16       2    0.00    0.00    1.01    0.00    0.00    0.00    0.00    0.00    0.00   98.99
19:53:16       3    0.00    0.00    0.00    0.00    0.00    0.00    0.00    0.00    0.00  100.00

19:53:16     CPU    %usr   %nice    %sys %iowait    %irq   %soft  %steal  %guest  %gnice   %idle
19:53:17     all    2.53    0.00    2.78    0.00    0.00    0.00    0.00    0.00    0.00   94.68
19:53:17       0    2.00    0.00    4.00    0.00    0.00    0.00    0.00    0.00    0.00   94.00
19:53:17       1    4.12    0.00    1.03    0.00    0.00    0.00    0.00    0.00    0.00   94.85
19:53:17       2    2.00    0.00    4.00    0.00    0.00    0.00    0.00    0.00    0.00   94.00
19:53:17       3    2.04    0.00    2.04    0.00    0.00    0.00    0.00    0.00    0.00   95.92

19:53:17     CPU    %usr   %nice    %sys %iowait    %irq   %soft  %steal  %guest  %gnice   %idle
19:53:18     all    0.00    0.00    1.01    0.00    0.00    0.00    0.00    0.00    0.00   98.99
19:53:18       0    0.00    0.00    0.00    0.00    0.00    0.00    0.00    0.00    0.00  100.00
19:53:18       1    0.00    0.00    1.01    0.00    0.00    0.00    0.00    0.00    0.00   98.99
19:53:18       2    0.00    0.00    1.02    0.00    0.00    0.00    0.00    0.00    0.00   98.98
19:53:18       3    0.00    0.00    2.00    0.00    0.00    0.00    0.00    0.00    0.00   98.00

19:53:18     CPU    %usr   %nice    %sys %iowait    %irq   %soft  %steal  %guest  %gnice   %idle
19:53:19     all    0.25    0.00    1.51    0.00    0.00    0.00    0.00    0.00    0.00   98.24
19:53:19       0    0.00    0.00    2.00    0.00    0.00    0.00    0.00    0.00    0.00   98.00
19:53:19       1    0.00    0.00    3.00    0.00    0.00    0.00    0.00    0.00    0.00   97.00
19:53:19       2    1.00    0.00    1.00    0.00    0.00    0.00    0.00    0.00    0.00   98.00
19:53:19       3    0.00    0.00    0.00    0.00    0.00    0.00    0.00    0.00    0.00  100.00

19:53:19     CPU    %usr   %nice    %sys %iowait    %irq   %soft  %steal  %guest  %gnice   %idle
19:53:20     all    0.50    0.00    0.50    0.25    0.00    0.25    0.00    0.00    0.00   98.49
19:53:20       0    0.00    0.00    0.00    0.00    0.00    0.00    0.00    0.00    0.00  100.00
19:53:20       1    0.00    0.00    0.00    1.00    0.00    1.00    0.00    0.00    0.00   98.00
19:53:20       2    1.01    0.00    1.01    0.00    0.00    0.00    0.00    0.00    0.00   97.98
19:53:20       3    1.00    0.00    1.00    0.00    0.00    0.00    0.00    0.00    0.00   98.00

19:53:20     CPU    %usr   %nice    %sys %iowait    %irq   %soft  %steal  %guest  %gnice   %idle
19:53:21     all    0.50    0.00    0.75    0.00    0.00    0.00    0.00    0.00    0.00   98.74
19:53:21       0    0.00    0.00    1.00    0.00    0.00    0.00    0.00    0.00    0.00   99.00
19:53:21       1    1.00    0.00    1.00    0.00    0.00    0.00    0.00    0.00    0.00   98.00
19:53:21       2    0.00    0.00    1.02    0.00    0.00    0.00    0.00    0.00    0.00   98.98
19:53:21       3    1.00    0.00    0.00    0.00    0.00    0.00    0.00    0.00    0.00   99.00

19:53:21     CPU    %usr   %nice    %sys %iowait    %irq   %soft  %steal  %guest  %gnice   %idle
19:53:22     all    4.34    0.00    5.10    0.00    0.00    0.00    0.00    0.00    0.00   90.56
19:53:22       0   10.20    0.00    5.10    0.00    0.00    0.00    0.00    0.00    0.00   84.69
19:53:22       1    1.03    0.00    5.15    0.00    0.00    0.00    0.00    0.00    0.00   93.81
19:53:22       2    2.04    0.00    5.10    0.00    0.00    0.00    0.00    0.00    0.00   92.86
19:53:22       3    4.04    0.00    5.05    0.00    0.00    0.00    0.00    0.00    0.00   90.91

19:53:22     CPU    %usr   %nice    %sys %iowait    %irq   %soft  %steal  %guest  %gnice   %idle
19:53:23     all    0.25    0.00    1.51    0.00    0.00    0.00    0.00    0.00    0.00   98.24
19:53:23       0    0.00    0.00    1.00    0.00    0.00    0.00    0.00    0.00    0.00   99.00
19:53:23       1    0.00    0.00    1.02    0.00    0.00    0.00    0.00    0.00    0.00   98.98
19:53:23       2    1.00    0.00    2.00    0.00    0.00    0.00    0.00    0.00    0.00   97.00
19:53:23       3    0.00    0.00    2.00    0.00    0.00    0.00    0.00    0.00    0.00   98.00

19:53:23     CPU    %usr   %nice    %sys %iowait    %irq   %soft  %steal  %guest  %gnice   %idle
19:53:24     all    0.00    0.00    1.51    0.00    0.00    0.00    0.00    0.00    0.00   98.49
19:53:24       0    0.00    0.00    1.00    0.00    0.00    0.00    0.00    0.00    0.00   99.00
19:53:24       1    0.00    0.00    1.01    0.00    0.00    0.00    0.00    0.00    0.00   98.99
19:53:24       2    0.00    0.00    2.00    0.00    0.00    0.00    0.00    0.00    0.00   98.00
19:53:24       3    0.00    0.00    2.02    0.00    0.00    0.00    0.00    0.00    0.00   97.98

19:53:24     CPU    %usr   %nice    %sys %iowait    %irq   %soft  %steal  %guest  %gnice   %idle
19:53:25     all    0.51    0.00    0.25    0.00    0.00    0.25    0.00    0.00    0.00   98.98
19:53:25       0    0.00    0.00    0.00    0.00    0.00    0.00    0.00    0.00    0.00  100.00
19:53:25       1    1.01    0.00    0.00    0.00    0.00    1.01    0.00    0.00    0.00   97.98
19:53:25       2    0.00    0.00    1.02    0.00    0.00    0.00    0.00    0.00    0.00   98.98
19:53:25       3    1.01    0.00    0.00    0.00    0.00    0.00    0.00    0.00    0.00   98.99

19:53:25     CPU    %usr   %nice    %sys %iowait    %irq   %soft  %steal  %guest  %gnice   %idle
19:53:26     all    0.00    0.00    1.01    0.00    0.00    0.00    0.00    0.00    0.00   98.99
19:53:26       0    0.00    0.00    1.00    0.00    0.00    0.00    0.00    0.00    0.00   99.00
19:53:26       1    0.00    0.00    1.01    0.00    0.00    0.00    0.00    0.00    0.00   98.99
19:53:26       2    0.00    0.00    1.02    0.00    0.00    0.00    0.00    0.00    0.00   98.98
19:53:26       3    0.00    0.00    1.01    0.00    0.00    0.00    0.00    0.00    0.00   98.99

19:53:26     CPU    %usr   %nice    %sys %iowait    %irq   %soft  %steal  %guest  %gnice   %idle
19:53:27     all    2.78    0.00    4.30    0.00    0.00    0.00    0.00    0.00    0.00   92.91
19:53:27       0    2.02    0.00    4.04    0.00    0.00    0.00    0.00    0.00    0.00   93.94
19:53:27       1    2.04    0.00    4.08    0.00    0.00    0.00    0.00    0.00    0.00   93.88
19:53:27       2    2.00    0.00    5.00    0.00    0.00    0.00    0.00    0.00    0.00   93.00
19:53:27       3    5.10    0.00    4.08    0.00    0.00    0.00    0.00    0.00    0.00   90.82

19:53:27     CPU    %usr   %nice    %sys %iowait    %irq   %soft  %steal  %guest  %gnice   %idle
19:53:28     all    0.50    0.00    0.50    0.00    0.00    0.00    0.00    0.00    0.00   98.99
19:53:28       0    0.00    0.00    0.00    0.00    0.00    0.00    0.00    0.00    0.00  100.00
19:53:28       1    1.01    0.00    1.01    0.00    0.00    0.00    0.00    0.00    0.00   97.98
19:53:28       2    0.00    0.00    0.00    0.00    0.00    0.00    0.00    0.00    0.00  100.00
19:53:28       3    0.99    0.00    0.99    0.00    0.00    0.00    0.00    0.00    0.00   98.02

19:53:28     CPU    %usr   %nice    %sys %iowait    %irq   %soft  %steal  %guest  %gnice   %idle
19:53:29     all    3.00    0.00    2.50    0.00    0.00    0.25    0.00    0.00    0.00   94.25
19:53:29       0    4.95    0.00    2.97    0.00    0.00    0.99    0.00    0.00    0.00   91.09
19:53:29       1    2.02    0.00    2.02    0.00    0.00    0.00    0.00    0.00    0.00   95.96
19:53:29       2    2.97    0.00    1.98    0.00    0.00    0.00    0.00    0.00    0.00   95.05
19:53:29       3    2.02    0.00    3.03    0.00    0.00    0.00    0.00    0.00    0.00   94.95

19:53:29     CPU    %usr   %nice    %sys %iowait    %irq   %soft  %steal  %guest  %gnice   %idle
19:53:30     all    0.00    0.00    0.76    0.25    0.00    0.00    0.00    0.00    0.00   98.99
19:53:30       0    0.00    0.00    1.00    0.00    0.00    0.00    0.00    0.00    0.00   99.00
19:53:30       1    0.00    0.00    0.00    0.00    0.00    0.00    0.00    0.00    0.00  100.00
19:53:30       2    0.00    0.00    1.01    0.00    0.00    0.00    0.00    0.00    0.00   98.99
19:53:30       3    0.00    0.00    1.00    1.00    0.00    0.00    0.00    0.00    0.00   98.00

19:53:30     CPU    %usr   %nice    %sys %iowait    %irq   %soft  %steal  %guest  %gnice   %idle
19:53:31     all    0.25    0.00    0.76    0.00    0.00    0.00    0.00    0.00    0.00   98.99
19:53:31       0    0.00    0.00    0.00    0.00    0.00    0.00    0.00    0.00    0.00  100.00
19:53:31       1    1.00    0.00    2.00    0.00    0.00    0.00    0.00    0.00    0.00   97.00
19:53:31       2    0.00    0.00    0.00    0.00    0.00    0.00    0.00    0.00    0.00  100.00
19:53:31       3    0.00    0.00    1.02    0.00    0.00    0.00    0.00    0.00    0.00   98.98

19:53:31     CPU    %usr   %nice    %sys %iowait    %irq   %soft  %steal  %guest  %gnice   %idle
19:53:32     all    2.28    0.00    3.81    0.00    0.00    0.00    0.00    0.00    0.00   93.91
19:53:32       0    3.00    0.00    4.00    0.00    0.00    0.00    0.00    0.00    0.00   93.00
19:53:32       1    3.03    0.00    4.04    0.00    0.00    0.00    0.00    0.00    0.00   92.93
19:53:32       2    1.03    0.00    2.06    0.00    0.00    0.00    0.00    0.00    0.00   96.91
19:53:32       3    2.04    0.00    5.10    0.00    0.00    0.00    0.00    0.00    0.00   92.86

19:53:32     CPU    %usr   %nice    %sys %iowait    %irq   %soft  %steal  %guest  %gnice   %idle
19:53:33     all    0.25    0.00    0.51    0.00    0.00    0.00    0.00    0.00    0.00   99.24
19:53:33       0    0.00    0.00    1.02    0.00    0.00    0.00    0.00    0.00    0.00   98.98
19:53:33       1    1.00    0.00    1.00    0.00    0.00    0.00    0.00    0.00    0.00   98.00
19:53:33       2    0.00    0.00    0.00    0.00    0.00    0.00    0.00    0.00    0.00  100.00
19:53:33       3    0.00    0.00    0.00    0.00    0.00    0.00    0.00    0.00    0.00  100.00

19:53:33     CPU    %usr   %nice    %sys %iowait    %irq   %soft  %steal  %guest  %gnice   %idle
19:53:34     all    0.25    0.00    0.51    0.00    0.00    0.00    0.00    0.00    0.00   99.24
19:53:34       0    0.00    0.00    1.02    0.00    0.00    0.00    0.00    0.00    0.00   98.98
19:53:34       1    1.01    0.00    0.00    0.00    0.00    0.00    0.00    0.00    0.00   98.99
19:53:34       2    0.00    0.00    1.00    0.00    0.00    0.00    0.00    0.00    0.00   99.00
19:53:34       3    0.00    0.00    0.00    0.00    0.00    0.00    0.00    0.00    0.00  100.00

19:53:34     CPU    %usr   %nice    %sys %iowait    %irq   %soft  %steal  %guest  %gnice   %idle
19:53:35     all    0.51    0.00    0.25    0.00    0.00    0.00    0.00    0.00    0.00   99.24
19:53:35       0    0.00    0.00    1.01    0.00    0.00    0.00    0.00    0.00    0.00   98.99
19:53:35       1    2.02    0.00    0.00    0.00    0.00    0.00    0.00    0.00    0.00   97.98
19:53:35       2    0.00    0.00    0.00    0.00    0.00    0.00    0.00    0.00    0.00  100.00
19:53:35       3    0.00    0.00    0.00    0.00    0.00    0.00    0.00    0.00    0.00  100.00

19:53:35     CPU    %usr   %nice    %sys %iowait    %irq   %soft  %steal  %guest  %gnice   %idle
19:53:36     all    2.76    0.00    2.76    0.00    0.00    0.00    0.00    0.00    0.00   94.49
19:53:36       0    2.00    0.00    4.00    0.00    0.00    0.00    0.00    0.00    0.00   94.00
19:53:36       1    2.00    0.00    2.00    0.00    0.00    0.00    0.00    0.00    0.00   96.00
19:53:36       2    6.06    0.00    2.02    0.00    0.00    0.00    0.00    0.00    0.00   91.92
19:53:36       3    1.00    0.00    3.00    0.00    0.00    0.00    0.00    0.00    0.00   96.00

19:53:36     CPU    %usr   %nice    %sys %iowait    %irq   %soft  %steal  %guest  %gnice   %idle
19:53:37     all    3.02    0.00    4.02    0.00    0.00    0.00    0.00    0.00    0.00   92.96
19:53:37       0    6.06    0.00    3.03    0.00    0.00    0.00    0.00    0.00    0.00   90.91
19:53:37       1    2.02    0.00    6.06    0.00    0.00    0.00    0.00    0.00    0.00   91.92
19:53:37       2    1.98    0.00    4.95    0.00    0.00    0.00    0.00    0.00    0.00   93.07
19:53:37       3    2.02    0.00    2.02    0.00    0.00    0.00    0.00    0.00    0.00   95.96

19:53:37     CPU    %usr   %nice    %sys %iowait    %irq   %soft  %steal  %guest  %gnice   %idle
19:53:38     all    0.25    0.00    0.76    0.00    0.00    0.00    0.00    0.00    0.00   98.99
19:53:38       0    0.00    0.00    1.01    0.00    0.00    0.00    0.00    0.00    0.00   98.99
19:53:38       1    1.00    0.00    1.00    0.00    0.00    0.00    0.00    0.00    0.00   98.00
19:53:38       2    0.00    0.00    1.01    0.00    0.00    0.00    0.00    0.00    0.00   98.99
19:53:38       3    0.00    0.00    0.00    0.00    0.00    0.00    0.00    0.00    0.00  100.00

19:53:38     CPU    %usr   %nice    %sys %iowait    %irq   %soft  %steal  %guest  %gnice   %idle
19:53:39     all    0.50    0.00    0.75    0.00    0.00    0.25    0.00    0.00    0.00   98.50
19:53:39       0    0.00    0.00    2.02    0.00    0.00    0.00    0.00    0.00    0.00   97.98
19:53:39       1    0.98    0.00    0.98    0.00    0.00    0.98    0.00    0.00    0.00   97.06
19:53:39       2    0.00    0.00    0.00    0.00    0.00    0.00    0.00    0.00    0.00  100.00
19:53:39       3    1.00    0.00    0.00    0.00    0.00    0.00    0.00    0.00    0.00   99.00

19:53:39     CPU    %usr   %nice    %sys %iowait    %irq   %soft  %steal  %guest  %gnice   %idle
19:53:40     all    0.25    0.00    2.03    0.00    0.00    0.00    0.00    0.00    0.00   97.72
19:53:40       0    0.00    0.00    4.00    0.00    0.00    0.00    0.00    0.00    0.00   96.00
19:53:40       1    0.00    0.00    1.02    0.00    0.00    0.00    0.00    0.00    0.00   98.98
19:53:40       2    0.00    0.00    2.04    0.00    0.00    0.00    0.00    0.00    0.00   97.96
19:53:40       3    1.02    0.00    1.02    0.00    0.00    0.00    0.00    0.00    0.00   97.96

19:53:40     CPU    %usr   %nice    %sys %iowait    %irq   %soft  %steal  %guest  %gnice   %idle
19:53:41     all    0.00    0.00    0.51    0.00    0.00    0.00    0.00    0.00    0.00   99.49
19:53:41       0    0.00    0.00    1.01    0.00    0.00    0.00    0.00    0.00    0.00   98.99
19:53:41       1    0.00    0.00    0.00    0.00    0.00    0.00    0.00    0.00    0.00  100.00
19:53:41       2    0.00    0.00    1.00    0.00    0.00    0.00    0.00    0.00    0.00   99.00
19:53:41       3    0.00    0.00    0.00    0.00    0.00    0.00    0.00    0.00    0.00  100.00

19:53:41     CPU    %usr   %nice    %sys %iowait    %irq   %soft  %steal  %guest  %gnice   %idle
19:53:42     all    3.29    0.00    8.35    0.00    0.00    4.81    0.00    0.00    0.00   83.54
19:53:42       0    7.92    0.00    5.94    0.00    0.00    2.97    0.00    0.00    0.00   83.17
19:53:42       1    2.06    0.00    7.22    0.00    0.00   10.31    0.00    0.00    0.00   80.41
19:53:42       2    2.06    0.00    8.25    0.00    0.00    4.12    0.00    0.00    0.00   85.57
19:53:42       3    1.00    0.00   12.00    0.00    0.00    2.00    0.00    0.00    0.00   85.00

19:53:42     CPU    %usr   %nice    %sys %iowait    %irq   %soft  %steal  %guest  %gnice   %idle
19:53:43     all    2.92    0.00   18.57    0.00    0.00   27.85    0.00    0.00    0.00   50.66
19:53:43       0    2.06    0.00   21.65    0.00    0.00   15.46    0.00    0.00    0.00   60.82
19:53:43       1    5.38    0.00   13.98    0.00    0.00   55.91    0.00    0.00    0.00   24.73
19:53:43       2    1.09    0.00   17.39    0.00    0.00   28.26    0.00    0.00    0.00   53.26
19:53:43       3    3.16    0.00   21.05    0.00    0.00   12.63    0.00    0.00    0.00   63.16

19:53:43     CPU    %usr   %nice    %sys %iowait    %irq   %soft  %steal  %guest  %gnice   %idle
19:53:44     all    4.44    0.00   22.45    0.00    0.00   30.55    0.00    0.00    0.00   42.56
19:53:44       0    5.32    0.00   25.53    0.00    0.00   22.34    0.00    0.00    0.00   46.81
19:53:44       1    3.26    0.00   13.04    0.00    0.00   58.70    0.00    0.00    0.00   25.00
19:53:44       2    5.00    0.00   20.00    0.00    0.00   24.00    0.00    0.00    0.00   51.00
19:53:44       3    4.12    0.00   30.93    0.00    0.00   18.56    0.00    0.00    0.00   46.39

19:53:44     CPU    %usr   %nice    %sys %iowait    %irq   %soft  %steal  %guest  %gnice   %idle
19:53:45     all    4.27    0.00   24.27    0.00    0.00   30.13    0.00    0.00    0.00   41.33
19:53:45       0    5.43    0.00   31.52    0.00    0.00   18.48    0.00    0.00    0.00   44.57
19:53:45       1    2.27    0.00   10.23    0.00    0.00   61.36    0.00    0.00    0.00   26.14
19:53:45       2    3.03    0.00   24.24    0.00    0.00   28.28    0.00    0.00    0.00   44.44
19:53:45       3    6.25    0.00   30.21    0.00    0.00   14.58    0.00    0.00    0.00   48.96

19:53:45     CPU    %usr   %nice    %sys %iowait    %irq   %soft  %steal  %guest  %gnice   %idle
19:53:46     all    3.62    0.00   21.17    0.00    0.00   27.86    0.28    0.00    0.00   47.08
19:53:46       0    4.49    0.00   29.21    0.00    0.00   12.36    0.00    0.00    0.00   53.93
19:53:46       1    2.20    0.00   14.29    0.00    0.00   56.04    1.10    0.00    0.00   26.37
19:53:46       2    4.35    0.00   17.39    0.00    0.00   28.26    0.00    0.00    0.00   50.00
19:53:46       3    3.45    0.00   24.14    0.00    0.00   13.79    0.00    0.00    0.00   58.62

19:53:46     CPU    %usr   %nice    %sys %iowait    %irq   %soft  %steal  %guest  %gnice   %idle
19:53:47     all    3.72    0.00   21.28    0.00    0.00   28.19    0.00    0.00    0.00   46.81
19:53:47       0    7.14    0.00   28.57    0.00    0.00   16.33    0.00    0.00    0.00   47.96
19:53:47       1    2.22    0.00   11.11    0.00    0.00   60.00    0.00    0.00    0.00   26.67
19:53:47       2    2.06    0.00   18.56    0.00    0.00   21.65    0.00    0.00    0.00   57.73
19:53:47       3    3.30    0.00   26.37    0.00    0.00   16.48    0.00    0.00    0.00   53.85

19:53:47     CPU    %usr   %nice    %sys %iowait    %irq   %soft  %steal  %guest  %gnice   %idle
19:53:48     all    4.21    0.00   23.68    0.00    0.00   26.58    0.00    0.00    0.00   45.53
19:53:48       0    6.25    0.00   23.96    0.00    0.00   16.67    0.00    0.00    0.00   53.12
19:53:48       1    4.26    0.00   15.96    0.00    0.00   53.19    0.00    0.00    0.00   26.60
19:53:48       2    2.13    0.00   23.40    0.00    0.00   20.21    0.00    0.00    0.00   54.26
19:53:48       3    4.17    0.00   31.25    0.00    0.00   16.67    0.00    0.00    0.00   47.92

19:53:48     CPU    %usr   %nice    %sys %iowait    %irq   %soft  %steal  %guest  %gnice   %idle
19:53:49     all    3.80    0.00   20.38    0.00    0.00   26.09    0.00    0.00    0.00   49.73
19:53:49       0    3.19    0.00   19.15    0.00    0.00   14.89    0.00    0.00    0.00   62.77
19:53:49       1    4.44    0.00   13.33    0.00    0.00   47.78    0.00    0.00    0.00   34.44
19:53:49       2    5.26    0.00   25.26    0.00    0.00   25.26    0.00    0.00    0.00   44.21
19:53:49       3    2.25    0.00   23.60    0.00    0.00   16.85    0.00    0.00    0.00   57.30

19:53:49     CPU    %usr   %nice    %sys %iowait    %irq   %soft  %steal  %guest  %gnice   %idle
19:53:50     all    2.99    0.00   19.29    0.00    0.00   27.45    0.00    0.00    0.00   50.27
19:53:50       0    3.19    0.00   20.21    0.00    0.00   13.83    0.00    0.00    0.00   62.77
19:53:50       1    2.33    0.00   12.79    0.00    0.00   54.65    0.00    0.00    0.00   30.23
19:53:50       2    3.23    0.00   19.35    0.00    0.00   25.81    0.00    0.00    0.00   51.61
19:53:50       3    3.16    0.00   24.21    0.00    0.00   17.89    0.00    0.00    0.00   54.74

19:53:50     CPU    %usr   %nice    %sys %iowait    %irq   %soft  %steal  %guest  %gnice   %idle
19:53:51     all    4.83    0.00   20.64    0.00    0.00   24.66    0.27    0.00    0.00   49.60
19:53:51       0    4.04    0.00   21.21    0.00    0.00   17.17    1.01    0.00    0.00   56.57
19:53:51       1    2.30    0.00   12.64    0.00    0.00   49.43    0.00    0.00    0.00   35.63
19:53:51       2    7.53    0.00   22.58    0.00    0.00   17.20    0.00    0.00    0.00   52.69
19:53:51       3    5.32    0.00   25.53    0.00    0.00   17.02    0.00    0.00    0.00   52.13

19:53:51     CPU    %usr   %nice    %sys %iowait    %irq   %soft  %steal  %guest  %gnice   %idle
19:53:52     all    2.44    0.00   20.33    0.00    0.00   22.49    0.00    0.00    0.00   54.74
19:53:52       0    1.04    0.00   20.83    0.00    0.00   13.54    0.00    0.00    0.00   64.58
19:53:52       1    2.33    0.00   13.95    0.00    0.00   46.51    0.00    0.00    0.00   37.21
19:53:52       2    4.26    0.00   20.21    0.00    0.00   19.15    0.00    0.00    0.00   56.38
19:53:52       3    2.15    0.00   25.81    0.00    0.00   12.90    0.00    0.00    0.00   59.14

19:53:52     CPU    %usr   %nice    %sys %iowait    %irq   %soft  %steal  %guest  %gnice   %idle
19:53:53     all    4.99    0.00   20.73    0.00    0.00   20.73    0.00    0.00    0.00   53.54
19:53:53       0    5.88    0.00   22.55    0.00    0.00   10.78    0.00    0.00    0.00   60.78
19:53:53       1    4.44    0.00   17.78    0.00    0.00   43.33    0.00    0.00    0.00   34.44
19:53:53       2    7.22    0.00   21.65    0.00    0.00   18.56    0.00    0.00    0.00   52.58
19:53:53       3    2.17    0.00   20.65    0.00    0.00   11.96    0.00    0.00    0.00   65.22

19:53:53     CPU    %usr   %nice    %sys %iowait    %irq   %soft  %steal  %guest  %gnice   %idle
19:53:54     all    2.96    0.00   15.86    0.00    0.00   19.35    0.00    0.00    0.00   61.83
19:53:54       0    2.11    0.00   21.05    0.00    0.00   10.53    0.00    0.00    0.00   66.32
19:53:54       1    1.15    0.00   10.34    0.00    0.00   37.93    0.00    0.00    0.00   50.57
19:53:54       2    3.26    0.00   15.22    0.00    0.00   15.22    0.00    0.00    0.00   66.30
19:53:54       3    5.10    0.00   16.33    0.00    0.00   15.31    0.00    0.00    0.00   63.27

19:53:54     CPU    %usr   %nice    %sys %iowait    %irq   %soft  %steal  %guest  %gnice   %idle
19:53:55     all    3.00    0.00   18.80    0.00    0.00   19.07    0.00    0.00    0.00   59.13
19:53:55       0    2.08    0.00   28.12    0.00    0.00    9.38    0.00    0.00    0.00   60.42
19:53:55       1    2.41    0.00    9.64    0.00    0.00   40.96    0.00    0.00    0.00   46.99
19:53:55       2    4.35    0.00   16.30    0.00    0.00   18.48    0.00    0.00    0.00   60.87
19:53:55       3    3.12    0.00   19.79    0.00    0.00   10.42    0.00    0.00    0.00   66.67

19:53:55     CPU    %usr   %nice    %sys %iowait    %irq   %soft  %steal  %guest  %gnice   %idle
19:53:56     all    3.24    0.00   18.11    0.00    0.00   18.92    0.00    0.00    0.00   59.73
19:53:56       0    4.12    0.00   26.80    0.00    0.00   11.34    0.00    0.00    0.00   57.73
19:53:56       1    3.45    0.00   12.64    0.00    0.00   36.78    0.00    0.00    0.00   47.13
19:53:56       2    2.15    0.00   17.20    0.00    0.00   17.20    0.00    0.00    0.00   63.44
19:53:56       3    3.23    0.00   15.05    0.00    0.00   11.83    0.00    0.00    0.00   69.89

19:53:56     CPU    %usr   %nice    %sys %iowait    %irq   %soft  %steal  %guest  %gnice   %idle
19:53:57     all    4.74    0.00   16.43    0.00    0.00   19.78    0.00    0.00    0.00   59.05
19:53:57       0    7.37    0.00   24.21    0.00    0.00   12.63    0.00    0.00    0.00   55.79
19:53:57       1    4.94    0.00    9.88    0.00    0.00   40.74    0.00    0.00    0.00   44.44
19:53:57       2    3.23    0.00   17.20    0.00    0.00   17.20    0.00    0.00    0.00   62.37
19:53:57       3    3.33    0.00   13.33    0.00    0.00   11.11    0.00    0.00    0.00   72.22

19:53:57     CPU    %usr   %nice    %sys %iowait    %irq   %soft  %steal  %guest  %gnice   %idle
19:53:58     all    4.58    0.00   17.52    0.00    0.00   14.82    0.00    0.00    0.00   63.07
19:53:58       0    5.15    0.00   17.53    0.00    0.00   12.37    0.00    0.00    0.00   64.95
19:53:58       1    4.71    0.00   15.29    0.00    0.00   27.06    0.00    0.00    0.00   52.94
19:53:58       2    4.30    0.00   13.98    0.00    0.00   11.83    0.00    0.00    0.00   69.89
19:53:58       3    4.17    0.00   22.92    0.00    0.00    9.38    0.00    0.00    0.00   63.54

19:53:58     CPU    %usr   %nice    %sys %iowait    %irq   %soft  %steal  %guest  %gnice   %idle
19:53:59     all    2.16    0.00   16.49    0.00    0.00   14.59    0.27    0.00    0.00   66.49
19:53:59       0    3.26    0.00   21.74    0.00    0.00    9.78    0.00    0.00    0.00   65.22
19:53:59       1    1.27    0.00   16.46    0.00    0.00   22.78    0.00    0.00    0.00   59.49
19:53:59       2    2.00    0.00   14.00    0.00    0.00   11.00    1.00    0.00    0.00   72.00
19:53:59       3    2.02    0.00   14.14    0.00    0.00   16.16    0.00    0.00    0.00   67.68

19:53:59     CPU    %usr   %nice    %sys %iowait    %irq   %soft  %steal  %guest  %gnice   %idle
19:54:00     all    1.87    0.00   14.40    0.00    0.00   12.80    0.00    0.00    0.00   70.93
19:54:00       0    1.02    0.00   24.49    0.00    0.00   11.22    0.00    0.00    0.00   63.27
19:54:00       1    3.30    0.00   12.09    0.00    0.00   25.27    0.00    0.00    0.00   59.34
19:54:00       2    1.09    0.00   11.96    0.00    0.00    8.70    0.00    0.00    0.00   78.26
19:54:00       3    2.13    0.00    8.51    0.00    0.00    6.38    0.00    0.00    0.00   82.98

19:54:00     CPU    %usr   %nice    %sys %iowait    %irq   %soft  %steal  %guest  %gnice   %idle
19:54:01     all    2.08    0.00   17.92    0.00    0.00   12.47    0.00    0.00    0.00   67.53
19:54:01       0    2.08    0.00   28.12    0.00    0.00    8.33    0.00    0.00    0.00   61.46
19:54:01       1    3.37    0.00   15.73    0.00    0.00   23.60    0.00    0.00    0.00   57.30
19:54:01       2    1.01    0.00   12.12    0.00    0.00    9.09    0.00    0.00    0.00   77.78
19:54:01       3    1.98    0.00   15.84    0.00    0.00    9.90    0.00    0.00    0.00   72.28

19:54:01     CPU    %usr   %nice    %sys %iowait    %irq   %soft  %steal  %guest  %gnice   %idle
19:54:02     all    1.31    0.00   14.36    0.00    0.00   13.84    0.00    0.00    0.00   70.50
19:54:02       0    0.97    0.00   22.33    0.00    0.00   11.65    0.00    0.00    0.00   65.05
19:54:02       1    2.30    0.00   10.34    0.00    0.00   27.59    0.00    0.00    0.00   59.77
19:54:02       2    1.04    0.00    8.33    0.00    0.00   11.46    0.00    0.00    0.00   79.17
19:54:02       3    1.03    0.00   15.46    0.00    0.00    6.19    0.00    0.00    0.00   77.32

19:54:02     CPU    %usr   %nice    %sys %iowait    %irq   %soft  %steal  %guest  %gnice   %idle
19:54:03     all    3.93    0.00   14.40    0.00    0.00    7.85    0.00    0.00    0.00   73.82
19:54:03       0    3.09    0.00   15.46    0.00    0.00    5.15    0.00    0.00    0.00   76.29
19:54:03       1    1.11    0.00   14.44    0.00    0.00   13.33    0.00    0.00    0.00   71.11
19:54:03       2    5.05    0.00   13.13    0.00    0.00    7.07    0.00    0.00    0.00   74.75
19:54:03       3    6.25    0.00   14.58    0.00    0.00    6.25    0.00    0.00    0.00   72.92

19:54:03     CPU    %usr   %nice    %sys %iowait    %irq   %soft  %steal  %guest  %gnice   %idle
19:54:04     all    0.81    0.00    7.59    0.00    0.00    5.69    0.27    0.00    0.00   85.64
19:54:04       0    0.00    0.00    5.32    0.00    0.00    3.19    0.00    0.00    0.00   91.49
19:54:04       1    1.19    0.00    5.95    0.00    0.00    8.33    0.00    0.00    0.00   84.52
19:54:04       2    1.06    0.00    7.45    0.00    0.00    4.26    0.00    0.00    0.00   87.23
19:54:04       3    1.03    0.00   11.34    0.00    0.00    7.22    1.03    0.00    0.00   79.38

19:54:04     CPU    %usr   %nice    %sys %iowait    %irq   %soft  %steal  %guest  %gnice   %idle
19:54:05     all    1.33    0.00    9.57    0.00    0.00    6.91    0.00    0.00    0.00   82.18
19:54:05       0    2.00    0.00    9.00    0.00    0.00    4.00    0.00    0.00    0.00   85.00
19:54:05       1    1.15    0.00   12.64    0.00    0.00    9.20    0.00    0.00    0.00   77.01
19:54:05       2    1.08    0.00    8.60    0.00    0.00   10.75    0.00    0.00    0.00   79.57
19:54:05       3    1.04    0.00    8.33    0.00    0.00    4.17    0.00    0.00    0.00   86.46

19:54:05     CPU    %usr   %nice    %sys %iowait    %irq   %soft  %steal  %guest  %gnice   %idle
19:54:06     all    2.37    0.00   10.29    0.00    0.00    6.86    0.00    0.00    0.00   80.47
19:54:06       0    3.00    0.00    9.00    0.00    0.00    5.00    0.00    0.00    0.00   83.00
19:54:06       1    2.33    0.00    9.30    0.00    0.00    9.30    0.00    0.00    0.00   79.07
19:54:06       2    3.16    0.00   14.74    0.00    0.00    8.42    0.00    0.00    0.00   73.68
19:54:06       3    1.02    0.00    8.16    0.00    0.00    5.10    0.00    0.00    0.00   85.71

19:54:06     CPU    %usr   %nice    %sys %iowait    %irq   %soft  %steal  %guest  %gnice   %idle
19:54:07     all    1.63    0.00   10.30    0.00    0.00    6.50    0.00    0.00    0.00   81.57
19:54:07       0    3.03    0.00   14.14    0.00    0.00    7.07    0.00    0.00    0.00   75.76
19:54:07       1    0.00    0.00    9.64    0.00    0.00    7.23    0.00    0.00    0.00   83.13
19:54:07       2    2.20    0.00    9.89    0.00    0.00    6.59    0.00    0.00    0.00   81.32
19:54:07       3    1.04    0.00    7.29    0.00    0.00    5.21    0.00    0.00    0.00   86.46

19:54:07     CPU    %usr   %nice    %sys %iowait    %irq   %soft  %steal  %guest  %gnice   %idle
19:54:08     all    3.45    0.00   14.59    0.00    0.00    6.90    0.00    0.00    0.00   75.07
19:54:08       0    1.04    0.00   17.71    0.00    0.00    7.29    0.00    0.00    0.00   73.96
19:54:08       1    3.41    0.00   10.23    0.00    0.00   10.23    0.00    0.00    0.00   76.14
19:54:08       2    3.09    0.00   18.56    0.00    0.00    6.19    0.00    0.00    0.00   72.16
19:54:08       3    6.25    0.00   11.46    0.00    0.00    4.17    0.00    0.00    0.00   78.12

19:54:08     CPU    %usr   %nice    %sys %iowait    %irq   %soft  %steal  %guest  %gnice   %idle
19:54:09     all    1.32    0.00   11.64    0.00    0.00    8.73    0.00    0.00    0.00   78.31
19:54:09       0    3.09    0.00   11.34    0.00    0.00    9.28    0.00    0.00    0.00   76.29
19:54:09       1    1.16    0.00    9.30    0.00    0.00    6.98    0.00    0.00    0.00   82.56
19:54:09       2    0.00    0.00    8.25    0.00    0.00   12.37    0.00    0.00    0.00   79.38
19:54:09       3    1.02    0.00   17.35    0.00    0.00    6.12    0.00    0.00    0.00   75.51

19:54:09     CPU    %usr   %nice    %sys %iowait    %irq   %soft  %steal  %guest  %gnice   %idle
19:54:10     all    1.84    0.00   11.05    0.26    0.00    6.58    0.00    0.00    0.00   80.26
19:54:10       0    3.00    0.00    9.00    1.00    0.00    4.00    0.00    0.00    0.00   83.00
19:54:10       1    2.20    0.00   14.29    0.00    0.00    7.69    0.00    0.00    0.00   75.82
19:54:10       2    0.00    0.00   10.42    0.00    0.00    6.25    0.00    0.00    0.00   83.33
19:54:10       3    2.15    0.00   10.75    0.00    0.00    8.60    0.00    0.00    0.00   78.49

19:54:10     CPU    %usr   %nice    %sys %iowait    %irq   %soft  %steal  %guest  %gnice   %idle
19:54:11     all    1.58    0.00   10.79    0.00    0.00    7.89    0.00    0.00    0.00   79.74
19:54:11       0    2.08    0.00   15.62    0.00    0.00    7.29    0.00    0.00    0.00   75.00
19:54:11       1    3.30    0.00    8.79    0.00    0.00    9.89    0.00    0.00    0.00   78.02
19:54:11       2    0.00    0.00    8.51    0.00    0.00    6.38    0.00    0.00    0.00   85.11
19:54:11       3    1.01    0.00   10.10    0.00    0.00    8.08    0.00    0.00    0.00   80.81

19:54:11     CPU    %usr   %nice    %sys %iowait    %irq   %soft  %steal  %guest  %gnice   %idle
19:54:12     all    2.09    0.00   11.78    0.00    0.00    8.38    0.00    0.00    0.00   77.75
19:54:12       0    3.06    0.00   19.39    0.00    0.00    9.18    0.00    0.00    0.00   68.37
19:54:12       1    2.33    0.00    6.98    0.00    0.00    9.30    0.00    0.00    0.00   81.40
19:54:12       2    1.02    0.00   10.20    0.00    0.00    9.18    0.00    0.00    0.00   79.59
19:54:12       3    2.00    0.00   10.00    0.00    0.00    6.00    0.00    0.00    0.00   82.00

19:54:12     CPU    %usr   %nice    %sys %iowait    %irq   %soft  %steal  %guest  %gnice   %idle
19:54:13     all    2.70    0.00   10.24    0.00    0.00    7.82    0.00    0.00    0.00   79.25
19:54:13       0    0.00    0.00   10.42    0.00    0.00    6.25    0.00    0.00    0.00   83.33
19:54:13       1    2.33    0.00   11.63    0.00    0.00   15.12    0.00    0.00    0.00   70.93
19:54:13       2    5.21    0.00   11.46    0.00    0.00    4.17    0.00    0.00    0.00   79.17
19:54:13       3    3.23    0.00    7.53    0.00    0.00    6.45    0.00    0.00    0.00   82.80

19:54:13     CPU    %usr   %nice    %sys %iowait    %irq   %soft  %steal  %guest  %gnice   %idle
19:54:14     all    1.10    0.00    7.69    0.00    0.00    5.49    0.00    0.00    0.00   85.71
19:54:14       0    3.09    0.00   13.40    0.00    0.00    7.22    0.00    0.00    0.00   76.29
19:54:14       1    1.19    0.00    9.52    0.00    0.00    7.14    0.00    0.00    0.00   82.14
19:54:14       2    0.00    0.00    3.37    0.00    0.00    5.62    0.00    0.00    0.00   91.01
19:54:14       3    0.00    0.00    4.26    0.00    0.00    2.13    0.00    0.00    0.00   93.62

19:54:14     CPU    %usr   %nice    %sys %iowait    %irq   %soft  %steal  %guest  %gnice   %idle
19:54:15     all    0.79    0.00   10.47    0.26    0.00    5.50    0.00    0.00    0.00   82.98
19:54:15       0    1.00    0.00   19.00    0.00    0.00    5.00    0.00    0.00    0.00   75.00
19:54:15       1    1.16    0.00   11.63    0.00    0.00    8.14    0.00    0.00    0.00   79.07
19:54:15       2    0.00    0.00    5.21    1.04    0.00    5.21    0.00    0.00    0.00   88.54
19:54:15       3    1.00    0.00    6.00    0.00    0.00    4.00    0.00    0.00    0.00   89.00

19:54:15     CPU    %usr   %nice    %sys %iowait    %irq   %soft  %steal  %guest  %gnice   %idle
19:54:16     all    1.34    0.00    9.63    0.00    0.00    4.55    0.00    0.00    0.00   84.49
19:54:16       0    1.05    0.00    8.42    0.00    0.00    2.11    0.00    0.00    0.00   88.42
19:54:16       1    1.14    0.00   17.05    0.00    0.00   10.23    0.00    0.00    0.00   71.59
19:54:16       2    1.05    0.00    7.37    0.00    0.00    4.21    0.00    0.00    0.00   87.37
19:54:16       3    2.08    0.00    6.25    0.00    0.00    2.08    0.00    0.00    0.00   89.58

19:54:16     CPU    %usr   %nice    %sys %iowait    %irq   %soft  %steal  %guest  %gnice   %idle
19:54:17     all    0.25    0.00    1.27    0.00    0.00    0.25    0.00    0.00    0.00   98.23
19:54:17       0    0.00    0.00    1.01    0.00    0.00    0.00    0.00    0.00    0.00   98.99
19:54:17       1    0.00    0.00    1.01    0.00    0.00    1.01    0.00    0.00    0.00   97.98
19:54:17       2    0.00    0.00    2.02    0.00    0.00    0.00    0.00    0.00    0.00   97.98
19:54:17       3    1.02    0.00    1.02    0.00    0.00    0.00    0.00    0.00    0.00   97.96

19:54:17     CPU    %usr   %nice    %sys %iowait    %irq   %soft  %steal  %guest  %gnice   %idle
19:54:18     all    3.01    0.00    4.51    0.00    0.00    0.25    0.00    0.00    0.00   92.23
19:54:18       0    2.00    0.00    4.00    0.00    0.00    1.00    0.00    0.00    0.00   93.00
19:54:18       1    4.04    0.00    5.05    0.00    0.00    0.00    0.00    0.00    0.00   90.91
19:54:18       2    3.96    0.00    3.96    0.00    0.00    0.00    0.00    0.00    0.00   92.08
19:54:18       3    2.02    0.00    5.05    0.00    0.00    0.00    0.00    0.00    0.00   92.93

19:54:18     CPU    %usr   %nice    %sys %iowait    %irq   %soft  %steal  %guest  %gnice   %idle
19:54:19     all    0.00    0.00    1.01    0.00    0.00    0.00    0.00    0.00    0.00   98.99
19:54:19       0    0.00    0.00    1.98    0.00    0.00    0.00    0.00    0.00    0.00   98.02
19:54:19       1    0.00    0.00    0.00    0.00    0.00    0.00    0.00    0.00    0.00  100.00
19:54:19       2    0.00    0.00    0.00    0.00    0.00    0.00    0.00    0.00    0.00  100.00
19:54:19       3    0.00    0.00    2.00    0.00    0.00    0.00    0.00    0.00    0.00   98.00

19:54:19     CPU    %usr   %nice    %sys %iowait    %irq   %soft  %steal  %guest  %gnice   %idle
19:54:20     all    0.25    0.00    1.01    0.00    0.00    0.00    0.00    0.00    0.00   98.74
19:54:20       0    0.00    0.00    0.00    0.00    0.00    0.00    0.00    0.00    0.00  100.00
19:54:20       1    0.00    0.00    2.00    0.00    0.00    0.00    0.00    0.00    0.00   98.00
19:54:20       2    0.00    0.00    2.02    0.00    0.00    0.00    0.00    0.00    0.00   97.98
19:54:20       3    1.02    0.00    0.00    0.00    0.00    0.00    0.00    0.00    0.00   98.98

19:54:20     CPU    %usr   %nice    %sys %iowait    %irq   %soft  %steal  %guest  %gnice   %idle
19:54:21     all    1.01    0.00    1.52    0.00    0.00    0.00    0.00    0.00    0.00   97.47
19:54:21       0    2.02    0.00    1.01    0.00    0.00    0.00    0.00    0.00    0.00   96.97
19:54:21       1    1.00    0.00    3.00    0.00    0.00    0.00    0.00    0.00    0.00   96.00
19:54:21       2    0.00    0.00    0.00    0.00    0.00    0.00    0.00    0.00    0.00  100.00
19:54:21       3    1.01    0.00    2.02    0.00    0.00    0.00    0.00    0.00    0.00   96.97

19:54:21     CPU    %usr   %nice    %sys %iowait    %irq   %soft  %steal  %guest  %gnice   %idle
19:54:22     all    1.53    0.00    1.53    0.00    0.00    0.00    0.00    0.00    0.00   96.95
19:54:22       0    1.02    0.00    1.02    0.00    0.00    0.00    0.00    0.00    0.00   97.96
19:54:22       1    0.00    0.00    2.04    0.00    0.00    0.00    0.00    0.00    0.00   97.96
19:54:22       2    1.02    0.00    2.04    0.00    0.00    0.00    0.00    0.00    0.00   96.94
19:54:22       3    4.04    0.00    1.01    0.00    0.00    0.00    0.00    0.00    0.00   94.95

19:54:22     CPU    %usr   %nice    %sys %iowait    %irq   %soft  %steal  %guest  %gnice   %idle
19:54:23     all    2.02    0.00    2.02    0.00    0.00    0.00    0.00    0.00    0.00   95.96
19:54:23       0    3.06    0.00    2.04    0.00    0.00    0.00    0.00    0.00    0.00   94.90
19:54:23       1    1.01    0.00    2.02    0.00    0.00    0.00    0.00    0.00    0.00   96.97
19:54:23       2    2.02    0.00    2.02    0.00    0.00    0.00    0.00    0.00    0.00   95.96
19:54:23       3    2.00    0.00    2.00    0.00    0.00    0.00    0.00    0.00    0.00   96.00

19:54:23     CPU    %usr   %nice    %sys %iowait    %irq   %soft  %steal  %guest  %gnice   %idle
19:54:24     all    1.26    0.00    3.03    0.00    0.00    0.00    0.00    0.00    0.00   95.71
19:54:24       0    1.02    0.00    1.02    0.00    0.00    0.00    0.00    0.00    0.00   97.96
19:54:24       1    1.01    0.00    3.03    0.00    0.00    0.00    0.00    0.00    0.00   95.96
19:54:24       2    2.00    0.00    4.00    0.00    0.00    0.00    0.00    0.00    0.00   94.00
19:54:24       3    1.01    0.00    4.04    0.00    0.00    0.00    0.00    0.00    0.00   94.95

19:54:24     CPU    %usr   %nice    %sys %iowait    %irq   %soft  %steal  %guest  %gnice   %idle
19:54:25     all    0.76    0.00    1.52    0.00    0.00    0.00    0.00    0.00    0.00   97.73
19:54:25       0    1.01    0.00    1.01    0.00    0.00    0.00    0.00    0.00    0.00   97.98
19:54:25       1    1.01    0.00    1.01    0.00    0.00    0.00    0.00    0.00    0.00   97.98
19:54:25       2    0.00    0.00    2.02    0.00    0.00    0.00    0.00    0.00    0.00   97.98
19:54:25       3    1.01    0.00    2.02    0.00    0.00    0.00    0.00    0.00    0.00   96.97

19:54:25     CPU    %usr   %nice    %sys %iowait    %irq   %soft  %steal  %guest  %gnice   %idle
19:54:26     all    0.25    0.00    1.75    0.00    0.00    0.00    0.00    0.00    0.00   97.99
19:54:26       0    1.01    0.00    1.01    0.00    0.00    0.00    0.00    0.00    0.00   97.98
19:54:26       1    0.00    0.00    1.00    0.00    0.00    0.00    0.00    0.00    0.00   99.00
19:54:26       2    0.00    0.00    4.00    0.00    0.00    0.00    0.00    0.00    0.00   96.00
19:54:26       3    0.00    0.00    1.00    0.00    0.00    0.00    0.00    0.00    0.00   99.00

19:54:26     CPU    %usr   %nice    %sys %iowait    %irq   %soft  %steal  %guest  %gnice   %idle
19:54:27     all    0.50    0.00    1.01    0.00    0.00    0.00    0.00    0.00    0.00   98.49
19:54:27       0    0.00    0.00    1.02    0.00    0.00    0.00    0.00    0.00    0.00   98.98
19:54:27       1    0.99    0.00    0.99    0.00    0.00    0.00    0.00    0.00    0.00   98.02
19:54:27       2    0.00    0.00    2.02    0.00    0.00    0.00    0.00    0.00    0.00   97.98
19:54:27       3    1.00    0.00    0.00    0.00    0.00    0.00    0.00    0.00    0.00   99.00

19:54:27     CPU    %usr   %nice    %sys %iowait    %irq   %soft  %steal  %guest  %gnice   %idle
19:54:28     all    1.00    0.00    0.75    0.00    0.00    0.00    0.00    0.00    0.00   98.25
19:54:28       0    2.00    0.00    1.00    0.00    0.00    0.00    0.00    0.00    0.00   97.00
19:54:28       1    1.00    0.00    0.00    0.00    0.00    0.00    0.00    0.00    0.00   99.00
19:54:28       2    1.01    0.00    1.01    0.00    0.00    0.00    0.00    0.00    0.00   97.98
19:54:28       3    0.00    0.00    1.00    0.00    0.00    0.00    0.00    0.00    0.00   99.00

19:54:28     CPU    %usr   %nice    %sys %iowait    %irq   %soft  %steal  %guest  %gnice   %idle
19:54:29     all    2.56    0.00    3.07    0.00    0.00    0.00    0.00    0.00    0.00   94.37
19:54:29       0    4.08    0.00    2.04    0.00    0.00    0.00    0.00    0.00    0.00   93.88
19:54:29       1    1.02    0.00    4.08    0.00    0.00    0.00    0.00    0.00    0.00   94.90
19:54:29       2    4.17    0.00    3.12    0.00    0.00    0.00    0.00    0.00    0.00   92.71
19:54:29       3    1.01    0.00    3.03    0.00    0.00    0.00    0.00    0.00    0.00   95.96

19:54:29     CPU    %usr   %nice    %sys %iowait    %irq   %soft  %steal  %guest  %gnice   %idle
19:54:30     all    2.10    0.00   17.85    0.26    0.00   11.02    0.00    0.00    0.00   68.77
19:54:30       0    4.00    0.00   18.00    1.00    0.00    2.00    0.00    0.00    0.00   75.00
19:54:30       1    1.25    0.00    7.50    0.00    0.00   42.50    0.00    0.00    0.00   48.75
19:54:30       2    2.04    0.00   20.41    0.00    0.00    4.08    0.00    0.00    0.00   73.47
19:54:30       3    0.97    0.00   23.30    0.00    0.00    1.94    0.00    0.00    0.00   73.79

19:54:30     CPU    %usr   %nice    %sys %iowait    %irq   %soft  %steal  %guest  %gnice   %idle
19:54:31     all    0.82    0.00   12.77    0.00    0.00    3.26    0.00    0.00    0.00   83.15
19:54:31       0    1.03    0.00   10.31    0.00    0.00    0.00    0.00    0.00    0.00   88.66
19:54:31       1    0.00    0.00    6.94    0.00    0.00   13.89    0.00    0.00    0.00   79.17
19:54:31       2    1.01    0.00   16.16    0.00    0.00    1.01    0.00    0.00    0.00   81.82
19:54:31       3    1.00    0.00   16.00    0.00    0.00    1.00    0.00    0.00    0.00   82.00

19:54:31     CPU    %usr   %nice    %sys %iowait    %irq   %soft  %steal  %guest  %gnice   %idle
19:54:32     all    0.00    0.00    0.25    0.00    0.00    0.25    0.00    0.00    0.00   99.49
19:54:32       0    0.00    0.00    0.00    0.00    0.00    1.00    0.00    0.00    0.00   99.00
19:54:32       1    0.00    0.00    0.00    0.00    0.00    0.00    0.00    0.00    0.00  100.00
19:54:32       2    0.00    0.00    0.00    0.00    0.00    0.00    0.00    0.00    0.00  100.00
19:54:32       3    0.00    0.00    1.02    0.00    0.00    0.00    0.00    0.00    0.00   98.98

19:54:32     CPU    %usr   %nice    %sys %iowait    %irq   %soft  %steal  %guest  %gnice   %idle
19:54:33     all    0.75    0.00    0.50    0.00    0.00    0.00    0.00    0.00    0.00   98.74
19:54:33       0    0.00    0.00    0.00    0.00    0.00    0.00    0.00    0.00    0.00  100.00
19:54:33       1    0.00    0.00    0.00    0.00    0.00    0.00    0.00    0.00    0.00  100.00
19:54:33       2    1.00    0.00    0.00    0.00    0.00    0.00    0.00    0.00    0.00   99.00
19:54:33       3    1.98    0.00    1.98    0.00    0.00    0.00    0.00    0.00    0.00   96.04

19:54:33     CPU    %usr   %nice    %sys %iowait    %irq   %soft  %steal  %guest  %gnice   %idle
19:54:34     all    2.77    0.00    4.28    0.00    0.00    0.00    0.00    0.00    0.00   92.95
19:54:34       0    2.04    0.00    1.02    0.00    0.00    0.00    0.00    0.00    0.00   96.94
19:54:34       1    3.00    0.00    5.00    0.00    0.00    0.00    0.00    0.00    0.00   92.00
19:54:34       2    5.00    0.00    6.00    0.00    0.00    0.00    0.00    0.00    0.00   89.00
19:54:34       3    1.01    0.00    5.05    0.00    0.00    0.00    0.00    0.00    0.00   93.94

19:54:34     CPU    %usr   %nice    %sys %iowait    %irq   %soft  %steal  %guest  %gnice   %idle
19:54:35     all    0.51    0.00    0.51    0.00    0.00    0.00    0.00    0.00    0.00   98.99
19:54:35       0    1.00    0.00    1.00    0.00    0.00    0.00    0.00    0.00    0.00   98.00
19:54:35       1    0.00    0.00    0.00    0.00    0.00    0.00    0.00    0.00    0.00  100.00
19:54:35       2    0.00    0.00    1.01    0.00    0.00    0.00    0.00    0.00    0.00   98.99
19:54:35       3    1.01    0.00    0.00    0.00    0.00    0.00    0.00    0.00    0.00   98.99

19:54:35     CPU    %usr   %nice    %sys %iowait    %irq   %soft  %steal  %guest  %gnice   %idle
19:54:36     all    2.04    0.00    3.06    0.00    0.00    0.00    0.00    0.00    0.00   94.90
19:54:36       0    1.01    0.00    4.04    0.00    0.00    0.00    0.00    0.00    0.00   94.95
19:54:36       1    4.04    0.00    4.04    0.00    0.00    0.00    0.00    0.00    0.00   91.92
19:54:36       2    1.05    0.00    1.05    0.00    0.00    0.00    0.00    0.00    0.00   97.89
19:54:36       3    2.02    0.00    3.03    0.00    0.00    0.00    0.00    0.00    0.00   94.95

19:54:36     CPU    %usr   %nice    %sys %iowait    %irq   %soft  %steal  %guest  %gnice   %idle
19:54:37     all    0.50    0.00    0.76    0.00    0.00    0.00    0.00    0.00    0.00   98.74
19:54:37       0    1.00    0.00    1.00    0.00    0.00    0.00    0.00    0.00    0.00   98.00
19:54:37       1    0.00    0.00    0.00    0.00    0.00    0.00    0.00    0.00    0.00  100.00
19:54:37       2    1.00    0.00    1.00    0.00    0.00    0.00    0.00    0.00    0.00   98.00
19:54:37       3    0.00    0.00    1.02    0.00    0.00    0.00    0.00    0.00    0.00   98.98

19:54:37     CPU    %usr   %nice    %sys %iowait    %irq   %soft  %steal  %guest  %gnice   %idle
19:54:38     all    0.51    0.00    0.77    0.00    0.00    0.00    0.00    0.00    0.00   98.72
19:54:38       0    1.00    0.00    1.00    0.00    0.00    0.00    0.00    0.00    0.00   98.00
19:54:38       1    0.00    0.00    0.00    0.00    0.00    0.00    0.00    0.00    0.00  100.00
19:54:38       2    0.00    0.00    1.02    0.00    0.00    0.00    0.00    0.00    0.00   98.98
19:54:38       3    1.02    0.00    1.02    0.00    0.00    0.00    0.00    0.00    0.00   97.96

19:54:38     CPU    %usr   %nice    %sys %iowait    %irq   %soft  %steal  %guest  %gnice   %idle
19:54:39     all    2.78    0.00    4.30    0.00    0.00    0.00    0.00    0.00    0.00   92.91
19:54:39       0    1.03    0.00    2.06    0.00    0.00    0.00    0.00    0.00    0.00   96.91
19:54:39       1    2.00    0.00    4.00    0.00    0.00    0.00    0.00    0.00    0.00   94.00
19:54:39       2    2.04    0.00    5.10    0.00    0.00    0.00    0.00    0.00    0.00   92.86
19:54:39       3    6.00    0.00    6.00    0.00    0.00    0.00    0.00    0.00    0.00   88.00

19:54:39     CPU    %usr   %nice    %sys %iowait    %irq   %soft  %steal  %guest  %gnice   %idle
19:54:40     all    0.76    0.00    0.76    0.00    0.00    0.00    0.00    0.00    0.00   98.49
19:54:40       0    1.01    0.00    0.00    0.00    0.00    0.00    0.00    0.00    0.00   98.99
19:54:40       1    0.00    0.00    1.01    0.00    0.00    0.00    0.00    0.00    0.00   98.99
19:54:40       2    2.00    0.00    1.00    0.00    0.00    0.00    0.00    0.00    0.00   97.00
19:54:40       3    0.00    0.00    1.01    0.00    0.00    0.00    0.00    0.00    0.00   98.99

19:54:40     CPU    %usr   %nice    %sys %iowait    %irq   %soft  %steal  %guest  %gnice   %idle
19:54:41     all    0.75    0.00    1.00    0.00    0.00    0.00    0.00    0.00    0.00   98.25
19:54:41       0    1.00    0.00    0.00    0.00    0.00    0.00    0.00    0.00    0.00   99.00
19:54:41       1    0.00    0.00    1.01    0.00    0.00    0.00    0.00    0.00    0.00   98.99
19:54:41       2    2.00    0.00    1.00    0.00    0.00    0.00    0.00    0.00    0.00   97.00
19:54:41       3    0.00    0.00    2.00    0.00    0.00    0.00    0.00    0.00    0.00   98.00

19:54:41     CPU    %usr   %nice    %sys %iowait    %irq   %soft  %steal  %guest  %gnice   %idle
19:54:42     all    0.50    0.00    0.25    0.00    0.00    0.00    0.00    0.00    0.00   99.24
19:54:42       0    0.99    0.00    0.00    0.00    0.00    0.00    0.00    0.00    0.00   99.01
19:54:42       1    0.00    0.00    0.00    0.00    0.00    0.00    0.00    0.00    0.00  100.00
19:54:42       2    0.00    0.00    1.01    0.00    0.00    0.00    0.00    0.00    0.00   98.99
19:54:42       3    1.02    0.00    0.00    0.00    0.00    0.00    0.00    0.00    0.00   98.98

19:54:42     CPU    %usr   %nice    %sys %iowait    %irq   %soft  %steal  %guest  %gnice   %idle
19:54:43     all    0.75    0.00    1.75    0.00    0.00    0.00    0.00    0.00    0.00   97.51
19:54:43       0    0.99    0.00    1.98    0.00    0.00    0.00    0.00    0.00    0.00   97.03
19:54:43       1    1.00    0.00    2.00    0.00    0.00    0.00    0.00    0.00    0.00   97.00
19:54:43       2    0.99    0.00    0.99    0.00    0.00    0.00    0.00    0.00    0.00   98.02
19:54:43       3    0.00    0.00    2.02    0.00    0.00    0.00    0.00    0.00    0.00   97.98

19:54:43     CPU    %usr   %nice    %sys %iowait    %irq   %soft  %steal  %guest  %gnice   %idle
19:54:44     all    2.78    0.00    4.30    0.00    0.00    0.25    0.00    0.00    0.00   92.66
19:54:44       0    2.00    0.00    6.00    0.00    0.00    0.00    0.00    0.00    0.00   92.00
19:54:44       1    6.12    0.00    2.04    0.00    0.00    0.00    0.00    0.00    0.00   91.84
19:54:44       2    2.04    0.00    6.12    0.00    0.00    0.00    0.00    0.00    0.00   91.84
19:54:44       3    1.01    0.00    3.03    0.00    0.00    1.01    0.00    0.00    0.00   94.95

19:54:44     CPU    %usr   %nice    %sys %iowait    %irq   %soft  %steal  %guest  %gnice   %idle
19:54:45     all    0.25    0.00    1.25    0.25    0.00    0.00    0.00    0.00    0.00   98.25
19:54:45       0    0.00    0.00    1.98    0.99    0.00    0.00    0.00    0.00    0.00   97.03
19:54:45       1    0.00    0.00    1.00    0.00    0.00    0.00    0.00    0.00    0.00   99.00
19:54:45       2    1.00    0.00    2.00    0.00    0.00    0.00    0.00    0.00    0.00   97.00
19:54:45       3    0.00    0.00    0.00    0.00    0.00    0.00    0.00    0.00    0.00  100.00

19:54:45     CPU    %usr   %nice    %sys %iowait    %irq   %soft  %steal  %guest  %gnice   %idle
19:54:46     all    0.50    0.00    1.00    0.00    0.00    0.00    0.00    0.00    0.00   98.50
19:54:46       0    1.00    0.00    1.00    0.00    0.00    0.00    0.00    0.00    0.00   98.00
19:54:46       1    0.00    0.00    2.00    0.00    0.00    0.00    0.00    0.00    0.00   98.00
19:54:46       2    0.00    0.00    1.00    0.00    0.00    0.00    0.00    0.00    0.00   99.00
19:54:46       3    1.01    0.00    0.00    0.00    0.00    0.00    0.00    0.00    0.00   98.99

19:54:46     CPU    %usr   %nice    %sys %iowait    %irq   %soft  %steal  %guest  %gnice   %idle
19:54:47     all    0.00    0.00    1.26    0.00    0.00    0.00    0.00    0.00    0.00   98.74
19:54:47       0    0.00    0.00    2.02    0.00    0.00    0.00    0.00    0.00    0.00   97.98
19:54:47       1    0.00    0.00    1.00    0.00    0.00    0.00    0.00    0.00    0.00   99.00
19:54:47       2    0.00    0.00    1.01    0.00    0.00    0.00    0.00    0.00    0.00   98.99
19:54:47       3    0.00    0.00    1.01    0.00    0.00    0.00    0.00    0.00    0.00   98.99

19:54:47     CPU    %usr   %nice    %sys %iowait    %irq   %soft  %steal  %guest  %gnice   %idle
19:54:48     all    0.25    0.00    0.76    0.00    0.00    0.00    0.00    0.00    0.00   98.99
19:54:48       0    1.00    0.00    0.00    0.00    0.00    0.00    0.00    0.00    0.00   99.00
19:54:48       1    0.00    0.00    0.00    0.00    0.00    0.00    0.00    0.00    0.00  100.00
19:54:48       2    0.00    0.00    1.00    0.00    0.00    0.00    0.00    0.00    0.00   99.00
19:54:48       3    0.00    0.00    2.02    0.00    0.00    0.00    0.00    0.00    0.00   97.98

19:54:48     CPU    %usr   %nice    %sys %iowait    %irq   %soft  %steal  %guest  %gnice   %idle
19:54:49     all    3.27    0.00    3.53    0.00    0.00    0.00    0.00    0.00    0.00   93.20
19:54:49       0    3.96    0.00    4.95    0.00    0.00    0.00    0.00    0.00    0.00   91.09
19:54:49       1    2.06    0.00    2.06    0.00    0.00    0.00    0.00    0.00    0.00   95.88
19:54:49       2    5.00    0.00    4.00    0.00    0.00    0.00    0.00    0.00    0.00   91.00
19:54:49       3    2.02    0.00    3.03    0.00    0.00    0.00    0.00    0.00    0.00   94.95

19:54:49     CPU    %usr   %nice    %sys %iowait    %irq   %soft  %steal  %guest  %gnice   %idle
19:54:50     all    0.25    0.00    1.01    0.00    0.00    0.00    0.00    0.00    0.00   98.73
19:54:50       0    1.01    0.00    1.01    0.00    0.00    0.00    0.00    0.00    0.00   97.98
19:54:50       1    0.00    0.00    1.01    0.00    0.00    0.00    0.00    0.00    0.00   98.99
19:54:50       2    0.00    0.00    2.02    0.00    0.00    0.00    0.00    0.00    0.00   97.98
19:54:50       3    0.00    0.00    0.00    0.00    0.00    0.00    0.00    0.00    0.00  100.00

19:54:50     CPU    %usr   %nice    %sys %iowait    %irq   %soft  %steal  %guest  %gnice   %idle
19:54:51     all    0.50    0.00    1.50    0.00    0.00    0.00    0.00    0.00    0.00   97.99
19:54:51       0    0.99    0.00    0.99    0.00    0.00    0.00    0.00    0.00    0.00   98.02
19:54:51       1    0.00    0.00    1.02    0.00    0.00    0.00    0.00    0.00    0.00   98.98
19:54:51       2    1.00    0.00    1.00    0.00    0.00    0.00    0.00    0.00    0.00   98.00
19:54:51       3    0.00    0.00    3.00    0.00    0.00    0.00    0.00    0.00    0.00   97.00

19:54:51     CPU    %usr   %nice    %sys %iowait    %irq   %soft  %steal  %guest  %gnice   %idle
19:54:52     all    7.59    0.00    5.32    0.00    0.00    0.51    0.00    0.00    0.00   86.58
19:54:52       0   24.49    0.00    7.14    0.00    0.00    1.02    0.00    0.00    0.00   67.35
19:54:52       1    2.00    0.00    5.00    0.00    0.00    1.00    0.00    0.00    0.00   92.00
19:54:52       2    4.08    0.00    3.06    0.00    0.00    0.00    0.00    0.00    0.00   92.86
19:54:52       3    0.00    0.00    6.06    0.00    0.00    0.00    0.00    0.00    0.00   93.94

19:54:52     CPU    %usr   %nice    %sys %iowait    %irq   %soft  %steal  %guest  %gnice   %idle
19:54:53     all    0.50    0.00    1.01    0.00    0.00    0.00    0.00    0.00    0.00   98.49
19:54:53       0    1.98    0.00    0.00    0.00    0.00    0.00    0.00    0.00    0.00   98.02
19:54:53       1    0.00    0.00    1.02    0.00    0.00    0.00    0.00    0.00    0.00   98.98
19:54:53       2    0.00    0.00    1.01    0.00    0.00    0.00    0.00    0.00    0.00   98.99
19:54:53       3    0.00    0.00    2.00    0.00    0.00    0.00    0.00    0.00    0.00   98.00

19:54:53     CPU    %usr   %nice    %sys %iowait    %irq   %soft  %steal  %guest  %gnice   %idle
19:54:54     all    1.52    0.00    2.78    0.00    0.00    0.00    0.00    0.00    0.00   95.70
19:54:54       0    0.00    0.00    3.03    0.00    0.00    0.00    0.00    0.00    0.00   96.97
19:54:54       1    0.00    0.00    2.08    0.00    0.00    0.00    0.00    0.00    0.00   97.92
19:54:54       2    1.00    0.00    2.00    0.00    0.00    0.00    0.00    0.00    0.00   97.00
19:54:54       3    5.00    0.00    4.00    0.00    0.00    0.00    0.00    0.00    0.00   91.00

19:54:54     CPU    %usr   %nice    %sys %iowait    %irq   %soft  %steal  %guest  %gnice   %idle
19:54:55     all    1.26    0.00    2.27    0.00    0.00    0.00    0.00    0.00    0.00   96.47
19:54:55       0    1.01    0.00    2.02    0.00    0.00    0.00    0.00    0.00    0.00   96.97
19:54:55       1    1.01    0.00    2.02    0.00    0.00    0.00    0.00    0.00    0.00   96.97
19:54:55       2    1.98    0.00    3.96    0.00    0.00    0.00    0.00    0.00    0.00   94.06
19:54:55       3    1.02    0.00    1.02    0.00    0.00    0.00    0.00    0.00    0.00   97.96

19:54:55     CPU    %usr   %nice    %sys %iowait    %irq   %soft  %steal  %guest  %gnice   %idle
19:54:56     all    0.50    0.00    1.25    0.00    0.00    0.00    0.00    0.00    0.00   98.25
19:54:56       0    1.00    0.00    1.00    0.00    0.00    0.00    0.00    0.00    0.00   98.00
19:54:56       1    0.00    0.00    1.00    0.00    0.00    0.00    0.00    0.00    0.00   99.00
19:54:56       2    1.00    0.00    1.00    0.00    0.00    0.00    0.00    0.00    0.00   98.00
19:54:56       3    0.00    0.00    2.00    0.00    0.00    0.00    0.00    0.00    0.00   98.00

19:54:56     CPU    %usr   %nice    %sys %iowait    %irq   %soft  %steal  %guest  %gnice   %idle
19:54:57     all    0.00    0.00    0.26    0.26    0.00    0.00    0.00    0.00    0.00   99.49
19:54:57       0    0.00    0.00    0.00    0.00    0.00    0.00    0.00    0.00    0.00  100.00
19:54:57       1    0.00    0.00    0.00    0.00    0.00    0.00    0.00    0.00    0.00  100.00
19:54:57       2    0.00    0.00    0.00    0.00    0.00    0.00    0.00    0.00    0.00  100.00
19:54:57       3    0.00    0.00    1.02    1.02    0.00    0.00    0.00    0.00    0.00   97.96

19:54:57     CPU    %usr   %nice    %sys %iowait    %irq   %soft  %steal  %guest  %gnice   %idle
19:54:58     all    0.00    0.00    1.01    0.00    0.00    0.00    0.00    0.00    0.00   98.99
19:54:58       0    0.00    0.00    0.00    0.00    0.00    0.00    0.00    0.00    0.00  100.00
19:54:58       1    0.00    0.00    0.00    0.00    0.00    0.00    0.00    0.00    0.00  100.00
19:54:58       2    0.00    0.00    2.02    0.00    0.00    0.00    0.00    0.00    0.00   97.98
19:54:58       3    0.00    0.00    2.02    0.00    0.00    0.00    0.00    0.00    0.00   97.98

19:54:58     CPU    %usr   %nice    %sys %iowait    %irq   %soft  %steal  %guest  %gnice   %idle
19:54:59     all    0.00    0.00    0.76    0.00    0.00    0.00    0.00    0.00    0.00   99.24
19:54:59       0    0.00    0.00    0.00    0.00    0.00    0.00    0.00    0.00    0.00  100.00
19:54:59       1    0.00    0.00    1.01    0.00    0.00    0.00    0.00    0.00    0.00   98.99
19:54:59       2    0.00    0.00    1.01    0.00    0.00    0.00    0.00    0.00    0.00   98.99
19:54:59       3    0.00    0.00    1.01    0.00    0.00    0.00    0.00    0.00    0.00   98.99

19:54:59     CPU    %usr   %nice    %sys %iowait    %irq   %soft  %steal  %guest  %gnice   %idle
19:55:00     all    3.31    0.00    3.31    0.00    0.00    0.00    0.00    0.00    0.00   93.38
19:55:00       0    3.00    0.00    4.00    0.00    0.00    0.00    0.00    0.00    0.00   93.00
19:55:00       1    1.04    0.00    3.12    0.00    0.00    0.00    0.00    0.00    0.00   95.83
19:55:00       2    3.06    0.00    2.04    0.00    0.00    0.00    0.00    0.00    0.00   94.90
19:55:00       3    6.06    0.00    4.04    0.00    0.00    0.00    0.00    0.00    0.00   89.90

19:55:00     CPU    %usr   %nice    %sys %iowait    %irq   %soft  %steal  %guest  %gnice   %idle
19:55:01     all    0.25    0.00    0.25    0.00    0.00    0.00    0.00    0.00    0.00   99.49
19:55:01       0    0.00    0.00    0.00    0.00    0.00    0.00    0.00    0.00    0.00  100.00
19:55:01       1    0.00    0.00    1.00    0.00    0.00    0.00    0.00    0.00    0.00   99.00
19:55:01       2    0.00    0.00    0.00    0.00    0.00    0.00    0.00    0.00    0.00  100.00
19:55:01       3    1.02    0.00    0.00    0.00    0.00    0.00    0.00    0.00    0.00   98.98

19:55:01     CPU    %usr   %nice    %sys %iowait    %irq   %soft  %steal  %guest  %gnice   %idle
19:55:02     all    0.00    0.00    1.01    0.25    0.00    0.00    0.00    0.00    0.00   98.73
19:55:02       0    0.00    0.00    0.00    1.02    0.00    0.00    0.00    0.00    0.00   98.98
19:55:02       1    0.00    0.00    1.01    0.00    0.00    0.00    0.00    0.00    0.00   98.99
19:55:02       2    0.00    0.00    1.01    0.00    0.00    0.00    0.00    0.00    0.00   98.99
19:55:02       3    0.00    0.00    2.02    0.00    0.00    0.00    0.00    0.00    0.00   97.98

19:55:02     CPU    %usr   %nice    %sys %iowait    %irq   %soft  %steal  %guest  %gnice   %idle
19:55:03     all    0.75    0.00    1.25    0.00    0.00    0.00    0.00    0.00    0.00   98.00
19:55:03       0    1.00    0.00    1.00    0.00    0.00    0.00    0.00    0.00    0.00   98.00
19:55:03       1    0.99    0.00    0.99    0.00    0.00    0.00    0.00    0.00    0.00   98.02
19:55:03       2    1.00    0.00    0.00    0.00    0.00    0.00    0.00    0.00    0.00   99.00
19:55:03       3    0.00    0.00    3.03    0.00    0.00    0.00    0.00    0.00    0.00   96.97

19:55:03     CPU    %usr   %nice    %sys %iowait    %irq   %soft  %steal  %guest  %gnice   %idle
19:55:04     all    0.00    0.00    0.51    0.00    0.00    0.00    0.00    0.00    0.00   99.49
19:55:04       0    0.00    0.00    0.00    0.00    0.00    0.00    0.00    0.00    0.00  100.00
19:55:04       1    0.00    0.00    1.00    0.00    0.00    0.00    0.00    0.00    0.00   99.00
19:55:04       2    0.00    0.00    0.00    0.00    0.00    0.00    0.00    0.00    0.00  100.00
19:55:04       3    0.00    0.00    1.02    0.00    0.00    0.00    0.00    0.00    0.00   98.98

19:55:04     CPU    %usr   %nice    %sys %iowait    %irq   %soft  %steal  %guest  %gnice   %idle
19:55:05     all    3.03    0.00    4.04    0.00    0.00    0.00    0.00    0.00    0.00   92.93
19:55:05       0    1.01    0.00    4.04    0.00    0.00    0.00    0.00    0.00    0.00   94.95
19:55:05       1    3.03    0.00    4.04    0.00    0.00    0.00    0.00    0.00    0.00   92.93
19:55:05       2    6.00    0.00    5.00    0.00    0.00    0.00    0.00    0.00    0.00   89.00
19:55:05       3    2.04    0.00    3.06    0.00    0.00    0.00    0.00    0.00    0.00   94.90

19:55:05     CPU    %usr   %nice    %sys %iowait    %irq   %soft  %steal  %guest  %gnice   %idle
19:55:06     all    0.50    0.00    1.01    0.00    0.00    0.00    0.00    0.00    0.00   98.49
19:55:06       0    1.00    0.00    0.00    0.00    0.00    0.00    0.00    0.00    0.00   99.00
19:55:06       1    0.00    0.00    2.00    0.00    0.00    0.00    0.00    0.00    0.00   98.00
19:55:06       2    0.00    0.00    2.02    0.00    0.00    0.00    0.00    0.00    0.00   97.98
19:55:06       3    1.01    0.00    0.00    0.00    0.00    0.00    0.00    0.00    0.00   98.99

19:55:06     CPU    %usr   %nice    %sys %iowait    %irq   %soft  %steal  %guest  %gnice   %idle
19:55:07     all    0.50    0.00    1.00    0.00    0.00    0.00    0.00    0.00    0.00   98.50
19:55:07       0    0.00    0.00    0.00    0.00    0.00    0.00    0.00    0.00    0.00  100.00
19:55:07       1    0.00    0.00    1.02    0.00    0.00    0.00    0.00    0.00    0.00   98.98
19:55:07       2    0.98    0.00    2.94    0.00    0.00    0.00    0.00    0.00    0.00   96.08
19:55:07       3    1.00    0.00    0.00    0.00    0.00    0.00    0.00    0.00    0.00   99.00

19:55:07     CPU    %usr   %nice    %sys %iowait    %irq   %soft  %steal  %guest  %gnice   %idle
19:55:08     all    0.00    0.00    0.51    0.00    0.00    0.00    0.00    0.00    0.00   99.49
19:55:08       0    0.00    0.00    1.02    0.00    0.00    0.00    0.00    0.00    0.00   98.98
19:55:08       1    0.00    0.00    0.00    0.00    0.00    0.00    0.00    0.00    0.00  100.00
19:55:08       2    0.00    0.00    0.00    0.00    0.00    0.00    0.00    0.00    0.00  100.00
19:55:08       3    0.00    0.00    1.01    0.00    0.00    0.00    0.00    0.00    0.00   98.99

19:55:08     CPU    %usr   %nice    %sys %iowait    %irq   %soft  %steal  %guest  %gnice   %idle
19:55:09     all    0.00    0.00    0.76    0.00    0.00    0.00    0.00    0.00    0.00   99.24
19:55:09       0    0.00    0.00    0.00    0.00    0.00    0.00    0.00    0.00    0.00  100.00
19:55:09       1    0.00    0.00    2.02    0.00    0.00    0.00    0.00    0.00    0.00   97.98
19:55:09       2    0.00    0.00    1.00    0.00    0.00    0.00    0.00    0.00    0.00   99.00
19:55:09       3    0.00    0.00    0.00    0.00    0.00    0.00    0.00    0.00    0.00  100.00

19:55:09     CPU    %usr   %nice    %sys %iowait    %irq   %soft  %steal  %guest  %gnice   %idle
19:55:10     all    2.53    0.00    3.80    0.00    0.00    0.25    0.00    0.00    0.00   93.42
19:55:10       0    2.02    0.00    2.02    0.00    0.00    0.00    0.00    0.00    0.00   95.96
19:55:10       1    1.00    0.00    5.00    0.00    0.00    1.00    0.00    0.00    0.00   93.00
19:55:10       2    4.04    0.00    3.03    0.00    0.00    0.00    0.00    0.00    0.00   92.93
19:55:10       3    3.09    0.00    5.15    0.00    0.00    0.00    0.00    0.00    0.00   91.75

19:55:10     CPU    %usr   %nice    %sys %iowait    %irq   %soft  %steal  %guest  %gnice   %idle
19:55:11     all    2.53    0.00    2.02    0.00    0.00    0.00    0.00    0.00    0.00   95.45
19:55:11       0    1.02    0.00    2.04    0.00    0.00    0.00    0.00    0.00    0.00   96.94
19:55:11       1    2.00    0.00    2.00    0.00    0.00    0.00    0.00    0.00    0.00   96.00
19:55:11       2    1.02    0.00    2.04    0.00    0.00    0.00    0.00    0.00    0.00   96.94
19:55:11       3    6.00    0.00    2.00    0.00    0.00    0.00    0.00    0.00    0.00   92.00

19:55:11     CPU    %usr   %nice    %sys %iowait    %irq   %soft  %steal  %guest  %gnice   %idle
19:55:12     all    0.25    0.00    0.51    0.00    0.00    0.00    0.00    0.00    0.00   99.24
19:55:12       0    0.00    0.00    1.01    0.00    0.00    0.00    0.00    0.00    0.00   98.99
19:55:12       1    0.00    0.00    0.00    0.00    0.00    0.00    0.00    0.00    0.00  100.00
19:55:12       2    1.01    0.00    0.00    0.00    0.00    0.00    0.00    0.00    0.00   98.99
19:55:12       3    0.00    0.00    1.02    0.00    0.00    0.00    0.00    0.00    0.00   98.98

19:55:12     CPU    %usr   %nice    %sys %iowait    %irq   %soft  %steal  %guest  %gnice   %idle
19:55:13     all    0.25    0.00    1.26    0.00    0.00    0.00    0.00    0.00    0.00   98.48
19:55:13       0    0.00    0.00    1.02    0.00    0.00    0.00    0.00    0.00    0.00   98.98
19:55:13       1    1.00    0.00    1.00    0.00    0.00    0.00    0.00    0.00    0.00   98.00
19:55:13       2    0.00    0.00    2.02    0.00    0.00    0.00    0.00    0.00    0.00   97.98
19:55:13       3    0.00    0.00    1.01    0.00    0.00    0.00    0.00    0.00    0.00   98.99

19:55:13     CPU    %usr   %nice    %sys %iowait    %irq   %soft  %steal  %guest  %gnice   %idle
19:55:14     all    0.25    0.00    1.01    0.00    0.00    0.00    0.00    0.00    0.00   98.74
19:55:14       0    0.00    0.00    1.00    0.00    0.00    0.00    0.00    0.00    0.00   99.00
19:55:14       1    0.99    0.00    0.99    0.00    0.00    0.00    0.00    0.00    0.00   98.02
19:55:14       2    0.00    0.00    2.02    0.00    0.00    0.00    0.00    0.00    0.00   97.98
19:55:14       3    0.00    0.00    0.00    0.00    0.00    0.00    0.00    0.00    0.00  100.00

19:55:14     CPU    %usr   %nice    %sys %iowait    %irq   %soft  %steal  %guest  %gnice   %idle
19:55:15     all    3.05    0.00    2.79    0.00    0.00    0.25    0.00    0.00    0.00   93.91
19:55:15       0    3.00    0.00    3.00    0.00    0.00    1.00    0.00    0.00    0.00   93.00
19:55:15       1    2.06    0.00    1.03    0.00    0.00    0.00    0.00    0.00    0.00   96.91
19:55:15       2    5.10    0.00    3.06    0.00    0.00    0.00    0.00    0.00    0.00   91.84
19:55:15       3    2.02    0.00    4.04    0.00    0.00    0.00    0.00    0.00    0.00   93.94

19:55:15     CPU    %usr   %nice    %sys %iowait    %irq   %soft  %steal  %guest  %gnice   %idle
19:55:16     all    1.55    0.00    5.94    0.00    0.00    4.91    0.00    0.00    0.00   87.60
19:55:16       0    2.08    0.00    4.17    0.00    0.00    1.04    0.00    0.00    0.00   92.71
19:55:16       1    1.05    0.00    4.21    0.00    0.00   10.53    0.00    0.00    0.00   84.21
19:55:16       2    1.01    0.00    7.07    0.00    0.00    4.04    0.00    0.00    0.00   87.88
19:55:16       3    2.06    0.00    8.25    0.00    0.00    4.12    0.00    0.00    0.00   85.57

19:55:16     CPU    %usr   %nice    %sys %iowait    %irq   %soft  %steal  %guest  %gnice   %idle
19:55:17     all    2.03    0.00   16.20    0.00    0.00   12.91    0.00    0.00    0.00   68.86
19:55:17       0    1.92    0.00   14.42    0.00    0.00   11.54    0.00    0.00    0.00   72.12
19:55:17       1    2.27    0.00   14.77    0.00    0.00   17.05    0.00    0.00    0.00   65.91
19:55:17       2    1.98    0.00   12.87    0.00    0.00   12.87    0.00    0.00    0.00   72.28
19:55:17       3    1.96    0.00   22.55    0.00    0.00   10.78    0.00    0.00    0.00   64.71

19:55:17     CPU    %usr   %nice    %sys %iowait    %irq   %soft  %steal  %guest  %gnice   %idle
19:55:18     all    2.90    0.00   12.14    0.26    0.00   12.40    0.00    0.00    0.00   72.30
19:55:18       0    3.16    0.00   11.58    1.05    0.00    6.32    0.00    0.00    0.00   77.89
19:55:18       1    1.11    0.00    8.89    0.00    0.00   30.00    0.00    0.00    0.00   60.00
19:55:18       2    3.12    0.00   10.42    0.00    0.00   10.42    0.00    0.00    0.00   76.04
19:55:18       3    4.08    0.00   17.35    0.00    0.00    4.08    0.00    0.00    0.00   74.49

19:55:18     CPU    %usr   %nice    %sys %iowait    %irq   %soft  %steal  %guest  %gnice   %idle
19:55:19     all    2.40    0.00   15.47    0.00    0.00   13.60    0.00    0.00    0.00   68.53
19:55:19       0    2.06    0.00   11.34    0.00    0.00    6.19    0.00    0.00    0.00   80.41
19:55:19       1    2.35    0.00   15.29    0.00    0.00   28.24    0.00    0.00    0.00   54.12
19:55:19       2    3.09    0.00   16.49    0.00    0.00   10.31    0.00    0.00    0.00   70.10
19:55:19       3    2.08    0.00   18.75    0.00    0.00   11.46    0.00    0.00    0.00   67.71

19:55:19     CPU    %usr   %nice    %sys %iowait    %irq   %soft  %steal  %guest  %gnice   %idle
19:55:20     all    4.64    0.00   16.24    0.00    0.00   14.69    0.00    0.00    0.00   64.43
19:55:20       0    4.12    0.00   13.40    0.00    0.00    6.19    0.00    0.00    0.00   76.29
19:55:20       1    7.69    0.00   15.38    0.00    0.00   29.67    0.00    0.00    0.00   47.25
19:55:20       2    3.09    0.00   16.49    0.00    0.00   14.43    0.00    0.00    0.00   65.98
19:55:20       3    3.88    0.00   19.42    0.00    0.00    9.71    0.00    0.00    0.00   66.99

19:55:20     CPU    %usr   %nice    %sys %iowait    %irq   %soft  %steal  %guest  %gnice   %idle
19:55:21     all    2.07    0.00   13.95    0.00    0.00   19.12    0.00    0.00    0.00   64.86
19:55:21       0    3.06    0.00   13.27    0.00    0.00   11.22    0.00    0.00    0.00   72.45
19:55:21       1    2.20    0.00    9.89    0.00    0.00   40.66    0.00    0.00    0.00   47.25
19:55:21       2    1.00    0.00   19.00    0.00    0.00   17.00    0.00    0.00    0.00   63.00
19:55:21       3    2.04    0.00   13.27    0.00    0.00    9.18    0.00    0.00    0.00   75.51

19:55:21     CPU    %usr   %nice    %sys %iowait    %irq   %soft  %steal  %guest  %gnice   %idle
19:55:22     all    2.70    0.00   12.94    0.00    0.00   14.29    0.00    0.00    0.00   70.08
19:55:22       0    2.13    0.00   12.77    0.00    0.00    8.51    0.00    0.00    0.00   76.60
19:55:22       1    2.22    0.00   12.22    0.00    0.00   32.22    0.00    0.00    0.00   53.33
19:55:22       2    3.19    0.00   17.02    0.00    0.00   10.64    0.00    0.00    0.00   69.15
19:55:22       3    3.23    0.00    9.68    0.00    0.00    6.45    0.00    0.00    0.00   80.65

19:55:22     CPU    %usr   %nice    %sys %iowait    %irq   %soft  %steal  %guest  %gnice   %idle
19:55:23     all    2.11    0.00   15.26    0.00    0.00   16.05    0.00    0.00    0.00   66.58
19:55:23       0    4.00    0.00   18.00    0.00    0.00    8.00    0.00    0.00    0.00   70.00
19:55:23       1    1.18    0.00    9.41    0.00    0.00   37.65    0.00    0.00    0.00   51.76
19:55:23       2    1.00    0.00   20.00    0.00    0.00   14.00    0.00    0.00    0.00   65.00
19:55:23       3    2.11    0.00   12.63    0.00    0.00    7.37    0.00    0.00    0.00   77.89

19:55:23     CPU    %usr   %nice    %sys %iowait    %irq   %soft  %steal  %guest  %gnice   %idle
19:55:24     all    1.87    0.00   14.17    0.00    0.00   16.58    0.00    0.00    0.00   67.38
19:55:24       0    2.02    0.00   15.15    0.00    0.00   10.10    0.00    0.00    0.00   72.73
19:55:24       1    1.14    0.00   13.64    0.00    0.00   32.95    0.00    0.00    0.00   52.27
19:55:24       2    2.13    0.00   17.02    0.00    0.00   13.83    0.00    0.00    0.00   67.02
19:55:24       3    2.15    0.00   10.75    0.00    0.00   10.75    0.00    0.00    0.00   76.34

19:55:24     CPU    %usr   %nice    %sys %iowait    %irq   %soft  %steal  %guest  %gnice   %idle
19:55:25     all    4.20    0.00   15.75    0.00    0.00   16.80    0.00    0.00    0.00   63.25
19:55:25       0    5.15    0.00   13.40    0.00    0.00    8.25    0.00    0.00    0.00   73.20
19:55:25       1    4.49    0.00   15.73    0.00    0.00   33.71    0.00    0.00    0.00   46.07
19:55:25       2    3.03    0.00   20.20    0.00    0.00   17.17    0.00    0.00    0.00   59.60
19:55:25       3    4.17    0.00   13.54    0.00    0.00    9.38    0.00    0.00    0.00   72.92

19:55:25     CPU    %usr   %nice    %sys %iowait    %irq   %soft  %steal  %guest  %gnice   %idle
19:55:26     all    2.20    0.00   12.12    0.00    0.00   17.91    0.00    0.00    0.00   67.77
19:55:26       0    1.05    0.00    9.47    0.00    0.00   10.53    0.00    0.00    0.00   78.95
19:55:26       1    2.33    0.00    9.30    0.00    0.00   33.72    0.00    0.00    0.00   54.65
19:55:26       2    2.25    0.00   15.73    0.00    0.00   16.85    0.00    0.00    0.00   65.17
19:55:26       3    3.23    0.00   13.98    0.00    0.00   11.83    0.00    0.00    0.00   70.97

19:55:26     CPU    %usr   %nice    %sys %iowait    %irq   %soft  %steal  %guest  %gnice   %idle
19:55:27     all    1.85    0.00   15.87    0.00    0.00   16.67    0.00    0.00    0.00   65.61
19:55:27       0    2.08    0.00   12.50    0.00    0.00    8.33    0.00    0.00    0.00   77.08
19:55:27       1    1.10    0.00   13.19    0.00    0.00   35.16    0.00    0.00    0.00   50.55
19:55:27       2    2.06    0.00   20.62    0.00    0.00   13.40    0.00    0.00    0.00   63.92
19:55:27       3    2.13    0.00   17.02    0.00    0.00   10.64    0.00    0.00    0.00   70.21

19:55:27     CPU    %usr   %nice    %sys %iowait    %irq   %soft  %steal  %guest  %gnice   %idle
19:55:28     all    2.28    0.00   15.99    0.00    0.00   14.72    0.00    0.00    0.00   67.01
19:55:28       0    1.98    0.00   14.85    0.00    0.00    9.90    0.00    0.00    0.00   73.27
19:55:28       1    2.06    0.00   12.37    0.00    0.00   30.93    0.00    0.00    0.00   54.64
19:55:28       2    3.06    0.00   18.37    0.00    0.00   10.20    0.00    0.00    0.00   68.37
19:55:28       3    2.04    0.00   18.37    0.00    0.00    8.16    0.00    0.00    0.00   71.43

19:55:28     CPU    %usr   %nice    %sys %iowait    %irq   %soft  %steal  %guest  %gnice   %idle
19:55:29     all    2.39    0.00   14.06    0.00    0.00   16.98    0.00    0.00    0.00   66.58
19:55:29       0    2.06    0.00   14.43    0.00    0.00    8.25    0.00    0.00    0.00   75.26
19:55:29       1    3.41    0.00   14.77    0.00    0.00   32.95    0.00    0.00    0.00   48.86
19:55:29       2    3.16    0.00   18.95    0.00    0.00   13.68    0.00    0.00    0.00   64.21
19:55:29       3    1.03    0.00    8.25    0.00    0.00   14.43    0.00    0.00    0.00   76.29

19:55:29     CPU    %usr   %nice    %sys %iowait    %irq   %soft  %steal  %guest  %gnice   %idle
19:55:30     all    3.13    0.00   14.10    0.00    0.00   18.02    0.00    0.00    0.00   64.75
19:55:30       0    4.08    0.00   13.27    0.00    0.00    8.16    0.00    0.00    0.00   74.49
19:55:30       1    3.12    0.00   14.58    0.00    0.00   40.62    0.00    0.00    0.00   41.67
19:55:30       2    2.11    0.00   16.84    0.00    0.00   12.63    0.00    0.00    0.00   68.42
19:55:30       3    3.19    0.00   11.70    0.00    0.00   10.64    0.00    0.00    0.00   74.47

19:55:30     CPU    %usr   %nice    %sys %iowait    %irq   %soft  %steal  %guest  %gnice   %idle
19:55:31     all    3.73    0.00   16.80    0.00    0.00   19.47    0.00    0.00    0.00   60.00
19:55:31       0    2.13    0.00   17.02    0.00    0.00   10.64    0.00    0.00    0.00   70.21
19:55:31       1    3.33    0.00   12.22    0.00    0.00   45.56    0.00    0.00    0.00   38.89
19:55:31       2    5.21    0.00   18.75    0.00    0.00   15.62    0.00    0.00    0.00   60.42
19:55:31       3    4.21    0.00   18.95    0.00    0.00    7.37    0.00    0.00    0.00   69.47

19:55:31     CPU    %usr   %nice    %sys %iowait    %irq   %soft  %steal  %guest  %gnice   %idle
19:55:32     all    2.15    0.00   15.05    0.00    0.00   19.89    0.00    0.00    0.00   62.90
19:55:32       0    4.21    0.00   17.89    0.00    0.00   14.74    0.00    0.00    0.00   63.16
19:55:32       1    2.22    0.00   15.56    0.00    0.00   40.00    0.00    0.00    0.00   42.22
19:55:32       2    2.17    0.00   18.48    0.00    0.00   16.30    0.00    0.00    0.00   63.04
19:55:32       3    0.00    0.00    8.42    0.00    0.00    9.47    0.00    0.00    0.00   82.11

19:55:32     CPU    %usr   %nice    %sys %iowait    %irq   %soft  %steal  %guest  %gnice   %idle
19:55:33     all    2.49    0.00   16.02    0.00    0.00   21.82    0.00    0.00    0.00   59.67
19:55:33       0    0.00    0.00   13.98    0.00    0.00   10.75    0.00    0.00    0.00   75.27
19:55:33       1    3.70    0.00    9.88    0.00    0.00   43.21    0.00    0.00    0.00   43.21
19:55:33       2    3.23    0.00   20.43    0.00    0.00   21.51    0.00    0.00    0.00   54.84
19:55:33       3    3.16    0.00   18.95    0.00    0.00   14.74    0.00    0.00    0.00   63.16

19:55:33     CPU    %usr   %nice    %sys %iowait    %irq   %soft  %steal  %guest  %gnice   %idle
19:55:34     all    3.23    0.00   19.14    0.00    0.00   20.22    0.00    0.00    0.00   57.41
19:55:34       0    3.12    0.00   13.54    0.00    0.00   14.58    0.00    0.00    0.00   68.75
19:55:34       1    3.53    0.00   15.29    0.00    0.00   41.18    0.00    0.00    0.00   40.00
19:55:34       2    4.21    0.00   27.37    0.00    0.00   16.84    0.00    0.00    0.00   51.58
19:55:34       3    2.11    0.00   20.00    0.00    0.00   10.53    0.00    0.00    0.00   67.37

19:55:34     CPU    %usr   %nice    %sys %iowait    %irq   %soft  %steal  %guest  %gnice   %idle
19:55:35     all    3.63    0.00   16.84    0.00    0.00   21.50    0.00    0.00    0.00   58.03
19:55:35       0    3.16    0.00   14.74    0.00    0.00   12.63    0.00    0.00    0.00   69.47
19:55:35       1    3.23    0.00   13.98    0.00    0.00   43.01    0.00    0.00    0.00   39.78
19:55:35       2    4.21    0.00   23.16    0.00    0.00   17.89    0.00    0.00    0.00   54.74
19:55:35       3    3.88    0.00   15.53    0.00    0.00   13.59    0.00    0.00    0.00   66.99

19:55:35     CPU    %usr   %nice    %sys %iowait    %irq   %soft  %steal  %guest  %gnice   %idle
19:55:36     all    4.28    0.00   17.38    0.00    0.00   19.52    0.00    0.00    0.00   58.82
19:55:36       0    7.37    0.00   22.11    0.00    0.00   10.53    0.00    0.00    0.00   60.00
19:55:36       1    1.19    0.00   14.29    0.00    0.00   40.48    0.00    0.00    0.00   44.05
19:55:36       2    4.21    0.00   16.84    0.00    0.00   20.00    0.00    0.00    0.00   58.95
19:55:36       3    4.00    0.00   16.00    0.00    0.00   10.00    0.00    0.00    0.00   70.00

19:55:36     CPU    %usr   %nice    %sys %iowait    %irq   %soft  %steal  %guest  %gnice   %idle
19:55:37     all    3.74    0.00   17.65    0.00    0.00   21.12    0.00    0.00    0.00   57.49
19:55:37       0    4.12    0.00   23.71    0.00    0.00   10.31    0.00    0.00    0.00   61.86
19:55:37       1    2.25    0.00   14.61    0.00    0.00   47.19    0.00    0.00    0.00   35.96
19:55:37       2    3.23    0.00   19.35    0.00    0.00   18.28    0.00    0.00    0.00   59.14
19:55:37       3    5.26    0.00   12.63    0.00    0.00   10.53    0.00    0.00    0.00   71.58

19:55:37     CPU    %usr   %nice    %sys %iowait    %irq   %soft  %steal  %guest  %gnice   %idle
19:55:38     all    3.46    0.00   22.34    0.00    0.00   26.06    0.00    0.00    0.00   48.14
19:55:38       0    2.08    0.00   25.00    0.00    0.00   18.75    0.00    0.00    0.00   54.17
19:55:38       1    2.25    0.00   14.61    0.00    0.00   51.69    0.00    0.00    0.00   31.46
19:55:38       2    6.32    0.00   25.26    0.00    0.00   18.95    0.00    0.00    0.00   49.47
19:55:38       3    3.12    0.00   23.96    0.00    0.00   16.67    0.00    0.00    0.00   56.25

19:55:38     CPU    %usr   %nice    %sys %iowait    %irq   %soft  %steal  %guest  %gnice   %idle
19:55:39     all    3.53    0.00   22.83    0.00    0.00   24.73    0.00    0.00    0.00   48.91
19:55:39       0    3.26    0.00   22.83    0.00    0.00   15.22    0.00    0.00    0.00   58.70
19:55:39       1    2.41    0.00   13.25    0.00    0.00   46.99    0.00    0.00    0.00   37.35
19:55:39       2    3.16    0.00   29.47    0.00    0.00   22.11    0.00    0.00    0.00   45.26
19:55:39       3    5.10    0.00   24.49    0.00    0.00   17.35    0.00    0.00    0.00   53.06

19:55:39     CPU    %usr   %nice    %sys %iowait    %irq   %soft  %steal  %guest  %gnice   %idle
19:55:40     all    3.69    0.00   17.90    0.00    0.00   20.74    0.00    0.00    0.00   57.67
19:55:40       0    4.21    0.00   15.79    0.00    0.00   13.68    0.00    0.00    0.00   66.32
19:55:40       1    5.33    0.00   12.00    0.00    0.00   41.33    0.00    0.00    0.00   41.33
19:55:40       2    3.26    0.00   17.39    0.00    0.00   18.48    0.00    0.00    0.00   60.87
19:55:40       3    2.22    0.00   25.56    0.00    0.00   13.33    0.00    0.00    0.00   58.89

19:55:40     CPU    %usr   %nice    %sys %iowait    %irq   %soft  %steal  %guest  %gnice   %idle
19:55:41     all    3.80    0.00   19.57    0.00    0.00   22.55    0.00    0.00    0.00   54.08
19:55:41       0    5.15    0.00   18.56    0.00    0.00   11.34    0.00    0.00    0.00   64.95
19:55:41       1    4.76    0.00   19.05    0.00    0.00   47.62    0.00    0.00    0.00   28.57
19:55:41       2    2.17    0.00   21.74    0.00    0.00   17.39    0.00    0.00    0.00   58.70
19:55:41       3    3.16    0.00   18.95    0.00    0.00   16.84    0.00    0.00    0.00   61.05

19:55:41     CPU    %usr   %nice    %sys %iowait    %irq   %soft  %steal  %guest  %gnice   %idle
19:55:42     all    2.98    0.00   20.87    0.00    0.00   22.49    0.00    0.00    0.00   53.66
19:55:42       0    3.09    0.00   19.59    0.00    0.00   10.31    0.00    0.00    0.00   67.01
19:55:42       1    2.41    0.00   16.87    0.00    0.00   48.19    0.00    0.00    0.00   32.53
19:55:42       2    4.21    0.00   23.16    0.00    0.00   21.05    0.00    0.00    0.00   51.58
19:55:42       3    2.13    0.00   23.40    0.00    0.00   13.83    0.00    0.00    0.00   60.64

19:55:42     CPU    %usr   %nice    %sys %iowait    %irq   %soft  %steal  %guest  %gnice   %idle
19:55:43     all    2.79    0.00   19.27    0.28    0.00   21.23    0.00    0.00    0.00   56.42
19:55:43       0    4.40    0.00   19.78    0.00    0.00   13.19    0.00    0.00    0.00   62.64
19:55:43       1    2.25    0.00   17.98    0.00    0.00   44.94    0.00    0.00    0.00   34.83
19:55:43       2    3.33    0.00   17.78    1.11    0.00   13.33    0.00    0.00    0.00   64.44
19:55:43       3    1.14    0.00   21.59    0.00    0.00   13.64    0.00    0.00    0.00   63.64

19:55:43     CPU    %usr   %nice    %sys %iowait    %irq   %soft  %steal  %guest  %gnice   %idle
19:55:44     all    3.02    0.00   20.60    0.00    0.00   23.63    0.00    0.00    0.00   52.75
19:55:44       0    2.13    0.00   26.60    0.00    0.00   13.83    0.00    0.00    0.00   57.45
19:55:44       1    2.30    0.00   16.09    0.00    0.00   49.43    0.00    0.00    0.00   32.18
19:55:44       2    2.22    0.00   14.44    0.00    0.00   16.67    0.00    0.00    0.00   66.67
19:55:44       3    5.38    0.00   24.73    0.00    0.00   16.13    0.00    0.00    0.00   53.76

19:55:44     CPU    %usr   %nice    %sys %iowait    %irq   %soft  %steal  %guest  %gnice   %idle
19:55:45     all    2.41    0.00   14.48    0.00    0.00   13.67    0.00    0.00    0.00   69.44
19:55:45       0    2.11    0.00   20.00    0.00    0.00   11.58    0.00    0.00    0.00   66.32
19:55:45       1    2.30    0.00   13.79    0.00    0.00   25.29    0.00    0.00    0.00   58.62
19:55:45       2    3.12    0.00   10.42    0.00    0.00   13.54    0.00    0.00    0.00   72.92
19:55:45       3    2.11    0.00   13.68    0.00    0.00    5.26    0.00    0.00    0.00   78.95

19:55:45     CPU    %usr   %nice    %sys %iowait    %irq   %soft  %steal  %guest  %gnice   %idle
19:55:46     all    4.27    0.00   13.07    0.00    0.00    8.00    0.00    0.00    0.00   74.67
19:55:46       0    8.33    0.00   14.58    0.00    0.00   10.42    0.00    0.00    0.00   66.67
19:55:46       1    2.30    0.00   10.34    0.00    0.00    9.20    0.00    0.00    0.00   78.16
19:55:46       2    3.16    0.00   14.74    0.00    0.00    9.47    0.00    0.00    0.00   72.63
19:55:46       3    3.09    0.00   12.37    0.00    0.00    3.09    0.00    0.00    0.00   81.44

19:55:46     CPU    %usr   %nice    %sys %iowait    %irq   %soft  %steal  %guest  %gnice   %idle
19:55:47     all    1.33    0.00   12.27    0.00    0.00    5.07    0.00    0.00    0.00   81.33
19:55:47       0    3.09    0.00   15.46    0.00    0.00    5.15    0.00    0.00    0.00   76.29
19:55:47       1    1.14    0.00   12.50    0.00    0.00    4.55    0.00    0.00    0.00   81.82
19:55:47       2    0.00    0.00    8.33    0.00    0.00    5.21    0.00    0.00    0.00   86.46
19:55:47       3    1.06    0.00   12.77    0.00    0.00    5.32    0.00    0.00    0.00   80.85

19:55:47     CPU    %usr   %nice    %sys %iowait    %irq   %soft  %steal  %guest  %gnice   %idle
19:55:48     all    2.10    0.00   11.29    0.26    0.00    6.56    0.00    0.00    0.00   79.79
19:55:48       0    1.00    0.00   10.00    1.00    0.00    6.00    0.00    0.00    0.00   82.00
19:55:48       1    1.19    0.00   11.90    0.00    0.00    5.95    0.00    0.00    0.00   80.95
19:55:48       2    4.00    0.00    9.00    0.00    0.00    8.00    0.00    0.00    0.00   79.00
19:55:48       3    2.06    0.00   14.43    0.00    0.00    6.19    0.00    0.00    0.00   77.32

19:55:48     CPU    %usr   %nice    %sys %iowait    %irq   %soft  %steal  %guest  %gnice   %idle
19:55:49     all    2.11    0.00    7.92    0.00    0.00    5.54    0.26    0.00    0.00   84.17
19:55:49       0    2.02    0.00   10.10    0.00    0.00    5.05    0.00    0.00    0.00   82.83
19:55:49       1    2.33    0.00    9.30    0.00    0.00    9.30    0.00    0.00    0.00   79.07
19:55:49       2    3.06    0.00    6.12    0.00    0.00    5.10    1.02    0.00    0.00   84.69
19:55:49       3    1.04    0.00    6.25    0.00    0.00    3.12    0.00    0.00    0.00   89.58

19:55:49     CPU    %usr   %nice    %sys %iowait    %irq   %soft  %steal  %guest  %gnice   %idle
19:55:50     all    0.76    0.00    0.51    0.00    0.00    0.00    0.00    0.00    0.00   98.73
19:55:50       0    0.00    0.00    0.00    0.00    0.00    0.00    0.00    0.00    0.00  100.00
19:55:50       1    2.02    0.00    0.00    0.00    0.00    0.00    0.00    0.00    0.00   97.98
19:55:50       2    0.00    0.00    0.00    0.00    0.00    0.00    0.00    0.00    0.00  100.00
19:55:50       3    1.00    0.00    2.00    0.00    0.00    0.00    0.00    0.00    0.00   97.00

19:55:50     CPU    %usr   %nice    %sys %iowait    %irq   %soft  %steal  %guest  %gnice   %idle
19:55:51     all    2.53    0.00    3.79    0.00    0.00    0.00    0.00    0.00    0.00   93.69
19:55:51       0    2.00    0.00    4.00    0.00    0.00    0.00    0.00    0.00    0.00   94.00
19:55:51       1    1.01    0.00    4.04    0.00    0.00    0.00    0.00    0.00    0.00   94.95
19:55:51       2    5.00    0.00    5.00    0.00    0.00    0.00    0.00    0.00    0.00   90.00
19:55:51       3    2.06    0.00    2.06    0.00    0.00    0.00    0.00    0.00    0.00   95.88

19:55:51     CPU    %usr   %nice    %sys %iowait    %irq   %soft  %steal  %guest  %gnice   %idle
19:55:52     all    0.51    0.00    0.76    0.00    0.00    0.25    0.00    0.00    0.00   98.48
19:55:52       0    0.00    0.00    1.01    0.00    0.00    0.00    0.00    0.00    0.00   98.99
19:55:52       1    0.00    0.00    0.00    0.00    0.00    1.02    0.00    0.00    0.00   98.98
19:55:52       2    1.00    0.00    1.00    0.00    0.00    0.00    0.00    0.00    0.00   98.00
19:55:52       3    1.01    0.00    1.01    0.00    0.00    0.00    0.00    0.00    0.00   97.98

19:55:52     CPU    %usr   %nice    %sys %iowait    %irq   %soft  %steal  %guest  %gnice   %idle
19:55:53     all    0.25    0.00    0.76    0.00    0.00    0.00    0.00    0.00    0.00   98.99
19:55:53       0    1.01    0.00    1.01    0.00    0.00    0.00    0.00    0.00    0.00   97.98
19:55:53       1    0.00    0.00    1.00    0.00    0.00    0.00    0.00    0.00    0.00   99.00
19:55:53       2    0.00    0.00    0.00    0.00    0.00    0.00    0.00    0.00    0.00  100.00
19:55:53       3    0.00    0.00    1.01    0.00    0.00    0.00    0.00    0.00    0.00   98.99

19:55:53     CPU    %usr   %nice    %sys %iowait    %irq   %soft  %steal  %guest  %gnice   %idle
19:55:54     all    0.26    0.00    0.51    0.00    0.00    0.00    0.00    0.00    0.00   99.23
19:55:54       0    0.00    0.00    0.00    0.00    0.00    0.00    0.00    0.00    0.00  100.00
19:55:54       1    0.00    0.00    1.01    0.00    0.00    0.00    0.00    0.00    0.00   98.99
19:55:54       2    1.00    0.00    1.00    0.00    0.00    0.00    0.00    0.00    0.00   98.00
19:55:54       3    0.00    0.00    0.00    0.00    0.00    0.00    0.00    0.00    0.00  100.00

19:55:54     CPU    %usr   %nice    %sys %iowait    %irq   %soft  %steal  %guest  %gnice   %idle
19:55:55     all    0.00    0.00    1.26    0.00    0.00    0.00    0.00    0.00    0.00   98.74
19:55:55       0    0.00    0.00    3.96    0.00    0.00    0.00    0.00    0.00    0.00   96.04
19:55:55       1    0.00    0.00    0.00    0.00    0.00    0.00    0.00    0.00    0.00  100.00
19:55:55       2    0.00    0.00    1.00    0.00    0.00    0.00    0.00    0.00    0.00   99.00
19:55:55       3    0.00    0.00    0.00    0.00    0.00    0.00    0.00    0.00    0.00  100.00

19:55:55     CPU    %usr   %nice    %sys %iowait    %irq   %soft  %steal  %guest  %gnice   %idle
19:55:56     all    5.32    0.00    5.82    0.00    0.00    0.00    0.00    0.00    0.00   88.86
19:55:56       0    2.06    0.00    7.22    0.00    0.00    0.00    0.00    0.00    0.00   90.72
19:55:56       1    5.00    0.00    5.00    0.00    0.00    0.00    0.00    0.00    0.00   90.00
19:55:56       2    4.08    0.00    5.10    0.00    0.00    0.00    0.00    0.00    0.00   90.82
19:55:56       3   10.00    0.00    6.00    0.00    0.00    0.00    0.00    0.00    0.00   84.00

19:55:56     CPU    %usr   %nice    %sys %iowait    %irq   %soft  %steal  %guest  %gnice   %idle
19:55:57     all    0.25    0.00    1.01    0.00    0.00    0.25    0.00    0.00    0.00   98.49
19:55:57       0    0.00    0.00    0.00    0.00    0.00    1.01    0.00    0.00    0.00   98.99
19:55:57       1    0.99    0.00    1.98    0.00    0.00    0.00    0.00    0.00    0.00   97.03
19:55:57       2    0.00    0.00    1.01    0.00    0.00    0.00    0.00    0.00    0.00   98.99
19:55:57       3    0.00    0.00    1.01    0.00    0.00    0.00    0.00    0.00    0.00   98.99

19:55:57     CPU    %usr   %nice    %sys %iowait    %irq   %soft  %steal  %guest  %gnice   %idle
19:55:58     all    0.76    0.00    1.51    0.25    0.00    0.00    0.00    0.00    0.00   97.48
19:55:58       0    1.02    0.00    0.00    0.00    0.00    0.00    0.00    0.00    0.00   98.98
19:55:58       1    0.00    0.00    2.02    0.00    0.00    0.00    0.00    0.00    0.00   97.98
19:55:58       2    1.00    0.00    3.00    0.00    0.00    0.00    0.00    0.00    0.00   96.00
19:55:58       3    1.00    0.00    1.00    1.00    0.00    0.00    0.00    0.00    0.00   97.00

19:55:58     CPU    %usr   %nice    %sys %iowait    %irq   %soft  %steal  %guest  %gnice   %idle
19:55:59     all    0.00    0.00    1.52    0.00    0.00    0.00    0.00    0.00    0.00   98.48
19:55:59       0    0.00    0.00    2.02    0.00    0.00    0.00    0.00    0.00    0.00   97.98
19:55:59       1    0.00    0.00    2.02    0.00    0.00    0.00    0.00    0.00    0.00   97.98
19:55:59       2    0.00    0.00    1.01    0.00    0.00    0.00    0.00    0.00    0.00   98.99
19:55:59       3    0.00    0.00    1.03    0.00    0.00    0.00    0.00    0.00    0.00   98.97

19:55:59     CPU    %usr   %nice    %sys %iowait    %irq   %soft  %steal  %guest  %gnice   %idle
19:56:00     all    0.50    0.00    1.00    0.00    0.00    0.00    0.25    0.00    0.00   98.25
19:56:00       0    0.99    0.00    0.99    0.00    0.00    0.00    0.99    0.00    0.00   97.03
19:56:00       1    0.00    0.00    1.01    0.00    0.00    0.00    0.00    0.00    0.00   98.99
19:56:00       2    1.00    0.00    0.00    0.00    0.00    0.00    0.00    0.00    0.00   99.00
19:56:00       3    0.00    0.00    2.02    0.00    0.00    0.00    0.00    0.00    0.00   97.98

19:56:00     CPU    %usr   %nice    %sys %iowait    %irq   %soft  %steal  %guest  %gnice   %idle
19:56:01     all    3.51    0.00    4.76    0.00    0.00    0.00    0.00    0.00    0.00   91.73
19:56:01       0    3.00    0.00    4.00    0.00    0.00    0.00    0.00    0.00    0.00   93.00
19:56:01       1    1.01    0.00    4.04    0.00    0.00    0.00    0.00    0.00    0.00   94.95
19:56:01       2    3.00    0.00    6.00    0.00    0.00    0.00    0.00    0.00    0.00   91.00
19:56:01       3    7.00    0.00    5.00    0.00    0.00    0.00    0.00    0.00    0.00   88.00

19:56:01     CPU    %usr   %nice    %sys %iowait    %irq   %soft  %steal  %guest  %gnice   %idle
19:56:02     all    0.00    0.00    0.76    0.00    0.00    0.00    0.00    0.00    0.00   99.24
19:56:02       0    0.00    0.00    1.01    0.00    0.00    0.00    0.00    0.00    0.00   98.99
19:56:02       1    0.00    0.00    1.01    0.00    0.00    0.00    0.00    0.00    0.00   98.99
19:56:02       2    0.00    0.00    1.01    0.00    0.00    0.00    0.00    0.00    0.00   98.99
19:56:02       3    0.00    0.00    0.00    0.00    0.00    0.00    0.00    0.00    0.00  100.00

19:56:02     CPU    %usr   %nice    %sys %iowait    %irq   %soft  %steal  %guest  %gnice   %idle
19:56:03     all    0.25    0.00    1.26    0.00    0.00    0.00    0.00    0.00    0.00   98.49
19:56:03       0    0.00    0.00    1.01    0.00    0.00    0.00    0.00    0.00    0.00   98.99
19:56:03       1    0.00    0.00    1.00    0.00    0.00    0.00    0.00    0.00    0.00   99.00
19:56:03       2    1.00    0.00    2.00    0.00    0.00    0.00    0.00    0.00    0.00   97.00
19:56:03       3    0.00    0.00    1.01    0.00    0.00    0.00    0.00    0.00    0.00   98.99

19:56:03     CPU    %usr   %nice    %sys %iowait    %irq   %soft  %steal  %guest  %gnice   %idle
19:56:04     all    0.26    0.00    0.26    0.00    0.00    0.00    0.00    0.00    0.00   99.49
19:56:04       0    0.00    0.00    1.02    0.00    0.00    0.00    0.00    0.00    0.00   98.98
19:56:04       1    1.01    0.00    0.00    0.00    0.00    0.00    0.00    0.00    0.00   98.99
19:56:04       2    0.00    0.00    0.00    0.00    0.00    0.00    0.00    0.00    0.00  100.00
19:56:04       3    0.00    0.00    0.00    0.00    0.00    0.00    0.00    0.00    0.00  100.00

19:56:04     CPU    %usr   %nice    %sys %iowait    %irq   %soft  %steal  %guest  %gnice   %idle
19:56:05     all    0.77    0.00    4.60    0.00    0.00    3.07    0.00    0.00    0.00   91.56
19:56:05       0    2.00    0.00    6.00    0.00    0.00    1.00    0.00    0.00    0.00   91.00
19:56:05       1    0.00    0.00    2.11    0.00    0.00    8.42    0.00    0.00    0.00   89.47
19:56:05       2    1.02    0.00    4.08    0.00    0.00    2.04    0.00    0.00    0.00   92.86
19:56:05       3    0.00    0.00    6.12    0.00    0.00    1.02    0.00    0.00    0.00   92.86

19:56:05     CPU    %usr   %nice    %sys %iowait    %irq   %soft  %steal  %guest  %gnice   %idle
19:56:06     all    4.02    0.00   15.55    0.00    0.00   17.69    0.00    0.00    0.00   62.73
19:56:06       0    5.21    0.00   15.62    0.00    0.00    9.38    0.00    0.00    0.00   69.79
19:56:06       1    2.35    0.00    9.41    0.00    0.00   43.53    0.00    0.00    0.00   44.71
19:56:06       2    3.06    0.00   14.29    0.00    0.00   13.27    0.00    0.00    0.00   69.39
19:56:06       3    5.32    0.00   22.34    0.00    0.00    7.45    0.00    0.00    0.00   64.89

19:56:06     CPU    %usr   %nice    %sys %iowait    %irq   %soft  %steal  %guest  %gnice   %idle
19:56:07     all    2.68    0.00   16.09    0.00    0.00   21.45    0.00    0.00    0.00   59.79
19:56:07       0    2.06    0.00   17.53    0.00    0.00   15.46    0.00    0.00    0.00   64.95
19:56:07       1    2.20    0.00   13.19    0.00    0.00   47.25    0.00    0.00    0.00   37.36
19:56:07       2    3.12    0.00   17.71    0.00    0.00   15.62    0.00    0.00    0.00   63.54
19:56:07       3    3.37    0.00   15.73    0.00    0.00    7.87    0.00    0.00    0.00   73.03

19:56:07     CPU    %usr   %nice    %sys %iowait    %irq   %soft  %steal  %guest  %gnice   %idle
19:56:08     all    2.63    0.00   13.95    0.00    0.00   20.79    0.00    0.00    0.00   62.63
19:56:08       0    2.97    0.00   14.85    0.00    0.00   13.86    0.00    0.00    0.00   68.32
19:56:08       1    0.00    0.00    9.30    0.00    0.00   44.19    0.00    0.00    0.00   46.51
19:56:08       2    4.17    0.00   15.62    0.00    0.00   17.71    0.00    0.00    0.00   62.50
19:56:08       3    3.09    0.00   15.46    0.00    0.00   10.31    0.00    0.00    0.00   71.13

19:56:08     CPU    %usr   %nice    %sys %iowait    %irq   %soft  %steal  %guest  %gnice   %idle
19:56:09     all    2.94    0.00   16.04    0.00    0.00   17.65    0.00    0.00    0.00   63.37
19:56:09       0    3.03    0.00   18.18    0.00    0.00   11.11    0.00    0.00    0.00   67.68
19:56:09       1    2.38    0.00   13.10    0.00    0.00   38.10    0.00    0.00    0.00   46.43
19:56:09       2    3.06    0.00   16.33    0.00    0.00   14.29    0.00    0.00    0.00   66.33
19:56:09       3    3.23    0.00   16.13    0.00    0.00    9.68    0.00    0.00    0.00   70.97

19:56:09     CPU    %usr   %nice    %sys %iowait    %irq   %soft  %steal  %guest  %gnice   %idle
19:56:10     all    1.59    0.00   16.18    0.00    0.00   19.63    0.00    0.00    0.00   62.60
19:56:10       0    1.01    0.00   19.19    0.00    0.00   14.14    0.00    0.00    0.00   65.66
19:56:10       1    1.15    0.00    8.05    0.00    0.00   42.53    0.00    0.00    0.00   48.28
19:56:10       2    2.11    0.00   15.79    0.00    0.00   13.68    0.00    0.00    0.00   68.42
19:56:10       3    2.08    0.00   20.83    0.00    0.00   10.42    0.00    0.00    0.00   66.67

19:56:10     CPU    %usr   %nice    %sys %iowait    %irq   %soft  %steal  %guest  %gnice   %idle
19:56:11     all    2.33    0.00   17.36    0.00    0.00   20.98    0.00    0.00    0.00   59.33
19:56:11       0    3.03    0.00   16.16    0.00    0.00   13.13    0.00    0.00    0.00   67.68
19:56:11       1    1.11    0.00   13.33    0.00    0.00   45.56    0.00    0.00    0.00   40.00
19:56:11       2    1.03    0.00   13.40    0.00    0.00   14.43    0.00    0.00    0.00   71.13
19:56:11       3    4.00    0.00   26.00    0.00    0.00   13.00    0.00    0.00    0.00   57.00

19:56:11     CPU    %usr   %nice    %sys %iowait    %irq   %soft  %steal  %guest  %gnice   %idle
19:56:12     all    4.23    0.00   17.72    0.00    0.00   21.43    0.00    0.00    0.00   56.61
19:56:12       0    3.23    0.00   20.43    0.00    0.00   11.83    0.00    0.00    0.00   64.52
19:56:12       1    5.56    0.00   15.56    0.00    0.00   48.89    0.00    0.00    0.00   30.00
19:56:12       2    4.08    0.00   16.33    0.00    0.00   18.37    0.00    0.00    0.00   61.22
19:56:12       3    4.12    0.00   18.56    0.00    0.00    8.25    0.00    0.00    0.00   69.07

19:56:12     CPU    %usr   %nice    %sys %iowait    %irq   %soft  %steal  %guest  %gnice   %idle
19:56:13     all    2.43    0.00   16.98    0.00    0.00   20.75    0.00    0.00    0.00   59.84
19:56:13       0    2.13    0.00   22.34    0.00    0.00   10.64    0.00    0.00    0.00   64.89
19:56:13       1    2.35    0.00   14.12    0.00    0.00   45.88    0.00    0.00    0.00   37.65
19:56:13       2    3.12    0.00   16.67    0.00    0.00   15.62    0.00    0.00    0.00   64.58
19:56:13       3    2.08    0.00   14.58    0.00    0.00   13.54    0.00    0.00    0.00   69.79

19:56:13     CPU    %usr   %nice    %sys %iowait    %irq   %soft  %steal  %guest  %gnice   %idle
19:56:14     all    4.18    0.00   19.32    0.00    0.00   19.58    0.00    0.00    0.00   56.92
19:56:14       0    4.04    0.00   22.22    0.00    0.00   11.11    0.00    0.00    0.00   62.63
19:56:14       1    2.25    0.00   14.61    0.00    0.00   41.57    0.00    0.00    0.00   41.57
19:56:14       2    6.25    0.00   19.79    0.00    0.00   15.62    0.00    0.00    0.00   58.33
19:56:14       3    4.04    0.00   20.20    0.00    0.00   12.12    0.00    0.00    0.00   63.64

19:56:14     CPU    %usr   %nice    %sys %iowait    %irq   %soft  %steal  %guest  %gnice   %idle
19:56:15     all    3.14    0.00   18.85    0.00    0.00   18.32    0.00    0.00    0.00   59.69
19:56:15       0    3.03    0.00   21.21    0.00    0.00   14.14    0.00    0.00    0.00   61.62
19:56:15       1    3.41    0.00   12.50    0.00    0.00   36.36    0.00    0.00    0.00   47.73
19:56:15       2    3.12    0.00   18.75    0.00    0.00   15.62    0.00    0.00    0.00   62.50
19:56:15       3    3.03    0.00   22.22    0.00    0.00    9.09    0.00    0.00    0.00   65.66

19:56:15     CPU    %usr   %nice    %sys %iowait    %irq   %soft  %steal  %guest  %gnice   %idle
19:56:16     all    2.92    0.00   14.59    0.00    0.00   18.04    0.00    0.00    0.00   64.46
19:56:16       0    2.08    0.00   19.79    0.00    0.00   10.42    0.00    0.00    0.00   67.71
19:56:16       1    2.22    0.00   10.00    0.00    0.00   38.89    0.00    0.00    0.00   48.89
19:56:16       2    4.21    0.00   12.63    0.00    0.00   15.79    0.00    0.00    0.00   67.37
19:56:16       3    3.12    0.00   15.62    0.00    0.00    8.33    0.00    0.00    0.00   72.92

19:56:16     CPU    %usr   %nice    %sys %iowait    %irq   %soft  %steal  %guest  %gnice   %idle
19:56:17     all    2.93    0.00   15.16    0.00    0.00   17.55    0.27    0.00    0.00   64.10
19:56:17       0    4.08    0.00   15.31    0.00    0.00   10.20    0.00    0.00    0.00   70.41
19:56:17       1    2.30    0.00   12.64    0.00    0.00   36.78    0.00    0.00    0.00   48.28
19:56:17       2    1.06    0.00   17.02    0.00    0.00   14.89    0.00    0.00    0.00   67.02
19:56:17       3    4.12    0.00   15.46    0.00    0.00   10.31    1.03    0.00    0.00   69.07

19:56:17     CPU    %usr   %nice    %sys %iowait    %irq   %soft  %steal  %guest  %gnice   %idle
19:56:18     all    1.83    0.00   18.32    0.26    0.00   15.45    0.00    0.00    0.00   64.14
19:56:18       0    1.01    0.00   18.18    0.00    0.00    8.08    0.00    0.00    0.00   72.73
19:56:18       1    2.35    0.00   11.76    0.00    0.00   36.47    0.00    0.00    0.00   49.41
19:56:18       2    2.04    0.00   24.49    0.00    0.00   10.20    0.00    0.00    0.00   63.27
19:56:18       3    2.00    0.00   18.00    1.00    0.00   10.00    0.00    0.00    0.00   69.00

19:56:18     CPU    %usr   %nice    %sys %iowait    %irq   %soft  %steal  %guest  %gnice   %idle
19:56:19     all    1.60    0.00    9.57    0.00    0.00   10.11    0.00    0.00    0.00   78.72
19:56:19       0    2.04    0.00    7.14    0.00    0.00    6.12    0.00    0.00    0.00   84.69
19:56:19       1    0.00    0.00    7.50    0.00    0.00   18.75    0.00    0.00    0.00   73.75
19:56:19       2    2.04    0.00   16.33    0.00    0.00   10.20    0.00    0.00    0.00   71.43
19:56:19       3    2.00    0.00    7.00    0.00    0.00    7.00    0.00    0.00    0.00   84.00

19:56:19     CPU    %usr   %nice    %sys %iowait    %irq   %soft  %steal  %guest  %gnice   %idle
19:56:20     all    1.86    0.00   10.61    0.00    0.00    9.81    0.00    0.00    0.00   77.72
19:56:20       0    1.01    0.00    8.08    0.00    0.00    8.08    0.00    0.00    0.00   82.83
19:56:20       1    1.19    0.00    9.52    0.00    0.00   17.86    0.00    0.00    0.00   71.43
19:56:20       2    3.03    0.00   17.17    0.00    0.00    9.09    0.00    0.00    0.00   70.71
19:56:20       3    2.11    0.00    7.37    0.00    0.00    5.26    0.00    0.00    0.00   85.26

19:56:20     CPU    %usr   %nice    %sys %iowait    %irq   %soft  %steal  %guest  %gnice   %idle
19:56:21     all    2.93    0.00   14.67    0.00    0.00    8.80    0.00    0.00    0.00   73.60
19:56:21       0    2.11    0.00   13.68    0.00    0.00    6.32    0.00    0.00    0.00   77.89
19:56:21       1    3.53    0.00   11.76    0.00    0.00   12.94    0.00    0.00    0.00   71.76
19:56:21       2    4.12    0.00   20.62    0.00    0.00   10.31    0.00    0.00    0.00   64.95
19:56:21       3    2.04    0.00   12.24    0.00    0.00    6.12    0.00    0.00    0.00   79.59

19:56:21     CPU    %usr   %nice    %sys %iowait    %irq   %soft  %steal  %guest  %gnice   %idle
19:56:22     all    3.97    0.00   17.20    0.00    0.00   12.43    0.00    0.00    0.00   66.40
19:56:22       0    2.97    0.00   20.79    0.00    0.00   11.88    0.00    0.00    0.00   64.36
19:56:22       1    5.88    0.00   12.94    0.00    0.00   21.18    0.00    0.00    0.00   60.00
19:56:22       2    5.10    0.00   18.37    0.00    0.00   10.20    0.00    0.00    0.00   66.33
19:56:22       3    2.13    0.00   15.96    0.00    0.00    7.45    0.00    0.00    0.00   74.47

19:56:22     CPU    %usr   %nice    %sys %iowait    %irq   %soft  %steal  %guest  %gnice   %idle
19:56:23     all    2.08    0.00   16.36    0.00    0.00   13.77    0.00    0.00    0.00   67.79
19:56:23       0    1.90    0.00   20.00    0.00    0.00   15.24    0.00    0.00    0.00   62.86
19:56:23       1    0.00    0.00   12.50    0.00    0.00   17.50    0.00    0.00    0.00   70.00
19:56:23       2    3.12    0.00   17.71    0.00    0.00   12.50    0.00    0.00    0.00   66.67
19:56:23       3    2.88    0.00   14.42    0.00    0.00   10.58    0.00    0.00    0.00   72.12

19:56:23     CPU    %usr   %nice    %sys %iowait    %irq   %soft  %steal  %guest  %gnice   %idle
19:56:24     all    2.95    0.00   13.94    0.00    0.00   12.87    0.00    0.00    0.00   70.24
19:56:24       0    1.04    0.00   12.50    0.00    0.00   13.54    0.00    0.00    0.00   72.92
19:56:24       1    4.60    0.00   16.09    0.00    0.00   19.54    0.00    0.00    0.00   59.77
19:56:24       2    3.23    0.00   11.83    0.00    0.00    7.53    0.00    0.00    0.00   77.42
19:56:24       3    3.09    0.00   15.46    0.00    0.00   11.34    0.00    0.00    0.00   70.10

19:56:24     CPU    %usr   %nice    %sys %iowait    %irq   %soft  %steal  %guest  %gnice   %idle
19:56:25     all    3.75    0.00   14.21    0.00    0.00   11.26    0.00    0.00    0.00   70.78
19:56:25       0    2.06    0.00   15.46    0.00    0.00   13.40    0.00    0.00    0.00   69.07
19:56:25       1    3.66    0.00   13.41    0.00    0.00   15.85    0.00    0.00    0.00   67.07
19:56:25       2    4.17    0.00   13.54    0.00    0.00   10.42    0.00    0.00    0.00   71.88
19:56:25       3    5.10    0.00   14.29    0.00    0.00    6.12    0.00    0.00    0.00   74.49

19:56:25     CPU    %usr   %nice    %sys %iowait    %irq   %soft  %steal  %guest  %gnice   %idle
19:56:26     all    0.80    0.00   10.96    0.00    0.00    6.15    0.00    0.00    0.00   82.09
19:56:26       0    1.04    0.00    9.38    0.00    0.00    4.17    0.00    0.00    0.00   85.42
19:56:26       1    1.14    0.00   10.23    0.00    0.00    9.09    0.00    0.00    0.00   79.55
19:56:26       2    0.00    0.00    8.33    0.00    0.00    6.25    0.00    0.00    0.00   85.42
19:56:26       3    1.06    0.00   15.96    0.00    0.00    5.32    0.00    0.00    0.00   77.66

19:56:26     CPU    %usr   %nice    %sys %iowait    %irq   %soft  %steal  %guest  %gnice   %idle
19:56:27     all    5.32    0.00   11.44    0.00    0.00    6.65    0.27    0.00    0.00   76.33
19:56:27       0    5.15    0.00    9.28    0.00    0.00    6.19    0.00    0.00    0.00   79.38
19:56:27       1    2.35    0.00    7.06    0.00    0.00    7.06    1.18    0.00    0.00   82.35
19:56:27       2    7.37    0.00   10.53    0.00    0.00    5.26    0.00    0.00    0.00   76.84
19:56:27       3    6.06    0.00   18.18    0.00    0.00    8.08    0.00    0.00    0.00   67.68

19:56:27     CPU    %usr   %nice    %sys %iowait    %irq   %soft  %steal  %guest  %gnice   %idle
19:56:28     all    1.91    0.00    9.56    0.00    0.00    6.01    0.00    0.00    0.00   82.51
19:56:28       0    0.00    0.00    8.42    0.00    0.00    5.26    0.00    0.00    0.00   86.32
19:56:28       1    2.35    0.00    5.88    0.00    0.00    7.06    0.00    0.00    0.00   84.71
19:56:28       2    3.30    0.00    6.59    0.00    0.00    5.49    0.00    0.00    0.00   84.62
19:56:28       3    2.11    0.00   16.84    0.00    0.00    6.32    0.00    0.00    0.00   74.74

19:56:28     CPU    %usr   %nice    %sys %iowait    %irq   %soft  %steal  %guest  %gnice   %idle
19:56:29     all    1.87    0.00    9.87    0.00    0.00    5.07    0.00    0.00    0.00   83.20
19:56:29       0    1.03    0.00    7.22    0.00    0.00    3.09    0.00    0.00    0.00   88.66
19:56:29       1    3.45    0.00   10.34    0.00    0.00    8.05    0.00    0.00    0.00   78.16
19:56:29       2    2.11    0.00   13.68    0.00    0.00    5.26    0.00    0.00    0.00   78.95
19:56:29       3    1.04    0.00    8.33    0.00    0.00    4.17    0.00    0.00    0.00   86.46

19:56:29     CPU    %usr   %nice    %sys %iowait    %irq   %soft  %steal  %guest  %gnice   %idle
19:56:30     all    1.60    0.00   12.00    0.00    0.00    6.13    0.00    0.00    0.00   80.27
19:56:30       0    2.06    0.00   14.43    0.00    0.00    6.19    0.00    0.00    0.00   77.32
19:56:30       1    1.18    0.00    9.41    0.00    0.00    7.06    0.00    0.00    0.00   82.35
19:56:30       2    2.13    0.00   13.83    0.00    0.00    5.32    0.00    0.00    0.00   78.72
19:56:30       3    1.01    0.00   10.10    0.00    0.00    6.06    0.00    0.00    0.00   82.83

19:56:30     CPU    %usr   %nice    %sys %iowait    %irq   %soft  %steal  %guest  %gnice   %idle
19:56:31     all    1.32    0.00    8.73    0.00    0.00    6.61    0.00    0.00    0.00   83.33
19:56:31       0    1.04    0.00   11.46    0.00    0.00    6.25    0.00    0.00    0.00   81.25
19:56:31       1    1.16    0.00    5.81    0.00    0.00   10.47    0.00    0.00    0.00   82.56
19:56:31       2    1.02    0.00   10.20    0.00    0.00    5.10    0.00    0.00    0.00   83.67
19:56:31       3    2.04    0.00    7.14    0.00    0.00    5.10    0.00    0.00    0.00   85.71

19:56:31     CPU    %usr   %nice    %sys %iowait    %irq   %soft  %steal  %guest  %gnice   %idle
19:56:32     all    3.64    0.00   12.99    0.00    0.00    8.31    0.00    0.00    0.00   75.06
19:56:32       0    7.22    0.00   16.49    0.00    0.00    8.25    0.00    0.00    0.00   68.04
19:56:32       1    3.23    0.00   15.05    0.00    0.00   12.90    0.00    0.00    0.00   68.82
19:56:32       2    3.09    0.00   10.31    0.00    0.00    7.22    0.00    0.00    0.00   79.38
19:56:32       3    1.02    0.00   10.20    0.00    0.00    5.10    0.00    0.00    0.00   83.67

19:56:32     CPU    %usr   %nice    %sys %iowait    %irq   %soft  %steal  %guest  %gnice   %idle
19:56:33     all    1.60    0.00    9.60    0.00    0.00    4.53    0.00    0.00    0.00   84.27
19:56:33       0    0.00    0.00    7.22    0.00    0.00    3.09    0.00    0.00    0.00   89.69
19:56:33       1    2.35    0.00   15.29    0.00    0.00   10.59    0.00    0.00    0.00   71.76
19:56:33       2    1.03    0.00    9.28    0.00    0.00    4.12    0.00    0.00    0.00   85.57
19:56:33       3    3.12    0.00    7.29    0.00    0.00    1.04    0.00    0.00    0.00   88.54

19:56:33     CPU    %usr   %nice    %sys %iowait    %irq   %soft  %steal  %guest  %gnice   %idle
19:56:34     all    2.63    0.00   11.32    0.00    0.00    8.16    0.00    0.00    0.00   77.89
19:56:34       0    1.04    0.00    7.29    0.00    0.00    7.29    0.00    0.00    0.00   84.38
19:56:34       1    2.25    0.00    7.87    0.00    0.00    8.99    0.00    0.00    0.00   80.90
19:56:34       2    3.12    0.00   20.83    0.00    0.00   11.46    0.00    0.00    0.00   64.58
19:56:34       3    4.04    0.00    9.09    0.00    0.00    5.05    0.00    0.00    0.00   81.82

19:56:34     CPU    %usr   %nice    %sys %iowait    %irq   %soft  %steal  %guest  %gnice   %idle
19:56:35     all    1.30    0.00   11.20    0.00    0.00    8.59    0.00    0.00    0.00   78.91
19:56:35       0    1.03    0.00    8.25    0.00    0.00    8.25    0.00    0.00    0.00   82.47
19:56:35       1    1.15    0.00    6.90    0.00    0.00   11.49    0.00    0.00    0.00   80.46
19:56:35       2    2.00    0.00   13.00    0.00    0.00    8.00    0.00    0.00    0.00   77.00
19:56:35       3    1.00    0.00   16.00    0.00    0.00    7.00    0.00    0.00    0.00   76.00

19:56:35     CPU    %usr   %nice    %sys %iowait    %irq   %soft  %steal  %guest  %gnice   %idle
19:56:36     all    1.06    0.00   10.32    0.00    0.00    7.14    0.00    0.00    0.00   81.48
19:56:36       0    1.05    0.00    4.21    0.00    0.00    4.21    0.00    0.00    0.00   90.53
19:56:36       1    1.14    0.00   13.64    0.00    0.00    9.09    0.00    0.00    0.00   76.14
19:56:36       2    2.02    0.00   15.15    0.00    0.00    9.09    0.00    0.00    0.00   73.74
19:56:36       3    0.00    0.00    8.33    0.00    0.00    6.25    0.00    0.00    0.00   85.42

19:56:36     CPU    %usr   %nice    %sys %iowait    %irq   %soft  %steal  %guest  %gnice   %idle
19:56:37     all    3.12    0.00   12.76    0.00    0.00    8.33    0.00    0.00    0.00   75.78
19:56:37       0    3.06    0.00    7.14    0.00    0.00    7.14    0.00    0.00    0.00   82.65
19:56:37       1    1.11    0.00   12.22    0.00    0.00   14.44    0.00    0.00    0.00   72.22
19:56:37       2    2.00    0.00   17.00    0.00    0.00    5.00    0.00    0.00    0.00   76.00
19:56:37       3    6.25    0.00   14.58    0.00    0.00    7.29    0.00    0.00    0.00   71.88

19:56:37     CPU    %usr   %nice    %sys %iowait    %irq   %soft  %steal  %guest  %gnice   %idle
19:56:38     all    0.25    0.00    1.26    0.25    0.00    0.00    0.00    0.00    0.00   98.24
19:56:38       0    0.00    0.00    2.00    0.00    0.00    0.00    0.00    0.00    0.00   98.00
19:56:38       1    0.00    0.00    1.02    0.00    0.00    0.00    0.00    0.00    0.00   98.98
19:56:38       2    0.00    0.00    1.01    0.00    0.00    0.00    0.00    0.00    0.00   98.99
19:56:38       3    0.99    0.00    0.99    0.99    0.00    0.00    0.00    0.00    0.00   97.03

19:56:38     CPU    %usr   %nice    %sys %iowait    %irq   %soft  %steal  %guest  %gnice   %idle
19:56:39     all    0.51    0.00    1.01    0.00    0.00    0.00    0.00    0.00    0.00   98.48
19:56:39       0    1.01    0.00    1.01    0.00    0.00    0.00    0.00    0.00    0.00   97.98
19:56:39       1    1.00    0.00    2.00    0.00    0.00    0.00    0.00    0.00    0.00   97.00
19:56:39       2    0.00    0.00    1.01    0.00    0.00    0.00    0.00    0.00    0.00   98.99
19:56:39       3    0.00    0.00    0.00    0.00    0.00    0.00    0.00    0.00    0.00  100.00

19:56:39     CPU    %usr   %nice    %sys %iowait    %irq   %soft  %steal  %guest  %gnice   %idle
19:56:40     all    0.25    0.00    1.50    0.00    0.00    0.00    0.00    0.00    0.00   98.25
19:56:40       0    0.99    0.00    0.99    0.00    0.00    0.00    0.00    0.00    0.00   98.02
19:56:40       1    0.00    0.00    2.02    0.00    0.00    0.00    0.00    0.00    0.00   97.98
19:56:40       2    0.00    0.00    1.98    0.00    0.00    0.00    0.00    0.00    0.00   98.02
19:56:40       3    0.00    0.00    1.01    0.00    0.00    0.00    0.00    0.00    0.00   98.99

19:56:40     CPU    %usr   %nice    %sys %iowait    %irq   %soft  %steal  %guest  %gnice   %idle
19:56:41     all    0.25    0.00    1.01    0.00    0.00    0.00    0.00    0.00    0.00   98.74
19:56:41       0    0.00    0.00    1.01    0.00    0.00    0.00    0.00    0.00    0.00   98.99
19:56:41       1    0.00    0.00    1.02    0.00    0.00    0.00    0.00    0.00    0.00   98.98
19:56:41       2    0.00    0.00    1.01    0.00    0.00    0.00    0.00    0.00    0.00   98.99
19:56:41       3    1.00    0.00    1.00    0.00    0.00    0.00    0.00    0.00    0.00   98.00

19:56:41     CPU    %usr   %nice    %sys %iowait    %irq   %soft  %steal  %guest  %gnice   %idle
19:56:42     all    1.26    0.00    3.02    0.00    0.00    0.00    0.00    0.00    0.00   95.72
19:56:42       0    0.00    0.00    5.00    0.00    0.00    0.00    0.00    0.00    0.00   95.00
19:56:42       1    2.04    0.00    2.04    0.00    0.00    0.00    0.00    0.00    0.00   95.92
19:56:42       2    2.00    0.00    2.00    0.00    0.00    0.00    0.00    0.00    0.00   96.00
19:56:42       3    1.01    0.00    3.03    0.00    0.00    0.00    0.00    0.00    0.00   95.96

19:56:42     CPU    %usr   %nice    %sys %iowait    %irq   %soft  %steal  %guest  %gnice   %idle
19:56:43     all    2.52    0.00    2.77    0.00    0.00    0.00    0.00    0.00    0.00   94.71
19:56:43       0    1.98    0.00    3.96    0.00    0.00    0.00    0.00    0.00    0.00   94.06
19:56:43       1    1.00    0.00    3.00    0.00    0.00    0.00    0.00    0.00    0.00   96.00
19:56:43       2    5.05    0.00    3.03    0.00    0.00    0.00    0.00    0.00    0.00   91.92
19:56:43       3    2.06    0.00    1.03    0.00    0.00    0.00    0.00    0.00    0.00   96.91

19:56:43     CPU    %usr   %nice    %sys %iowait    %irq   %soft  %steal  %guest  %gnice   %idle
19:56:44     all    0.25    0.00    0.76    0.00    0.00    0.00    0.00    0.00    0.00   98.99
19:56:44       0    0.00    0.00    0.00    0.00    0.00    0.00    0.00    0.00    0.00  100.00
19:56:44       1    1.01    0.00    0.00    0.00    0.00    0.00    0.00    0.00    0.00   98.99
19:56:44       2    0.00    0.00    2.00    0.00    0.00    0.00    0.00    0.00    0.00   98.00
19:56:44       3    0.00    0.00    1.01    0.00    0.00    0.00    0.00    0.00    0.00   98.99

19:56:44     CPU    %usr   %nice    %sys %iowait    %irq   %soft  %steal  %guest  %gnice   %idle
19:56:45     all    0.25    0.00    1.01    0.00    0.00    0.00    0.00    0.00    0.00   98.73
19:56:45       0    0.00    0.00    1.01    0.00    0.00    0.00    0.00    0.00    0.00   98.99
19:56:45       1    0.00    0.00    1.01    0.00    0.00    0.00    0.00    0.00    0.00   98.99
19:56:45       2    1.01    0.00    1.01    0.00    0.00    0.00    0.00    0.00    0.00   97.98
19:56:45       3    0.00    0.00    1.02    0.00    0.00    0.00    0.00    0.00    0.00   98.98

19:56:45     CPU    %usr   %nice    %sys %iowait    %irq   %soft  %steal  %guest  %gnice   %idle
19:56:46     all    0.25    0.00    1.01    0.00    0.00    0.00    0.00    0.00    0.00   98.74
19:56:46       0    0.00    0.00    1.01    0.00    0.00    0.00    0.00    0.00    0.00   98.99
19:56:46       1    0.00    0.00    0.00    0.00    0.00    0.00    0.00    0.00    0.00  100.00
19:56:46       2    0.00    0.00    2.00    0.00    0.00    0.00    0.00    0.00    0.00   98.00
19:56:46       3    1.00    0.00    1.00    0.00    0.00    0.00    0.00    0.00    0.00   98.00

19:56:46     CPU    %usr   %nice    %sys %iowait    %irq   %soft  %steal  %guest  %gnice   %idle
19:56:47     all    0.25    0.00    0.75    0.00    0.00    0.25    0.00    0.00    0.00   98.74
19:56:47       0    0.00    0.00    1.01    0.00    0.00    0.00    0.00    0.00    0.00   98.99
19:56:47       1    0.00    0.00    1.00    0.00    0.00    1.00    0.00    0.00    0.00   98.00
19:56:47       2    0.00    0.00    0.00    0.00    0.00    0.00    0.00    0.00    0.00  100.00
19:56:47       3    1.00    0.00    1.00    0.00    0.00    0.00    0.00    0.00    0.00   98.00

19:56:47     CPU    %usr   %nice    %sys %iowait    %irq   %soft  %steal  %guest  %gnice   %idle
19:56:48     all    4.34    0.00    5.10    0.00    0.00    0.00    0.00    0.00    0.00   90.56
19:56:48       0    3.09    0.00    5.15    0.00    0.00    0.00    0.00    0.00    0.00   91.75
19:56:48       1    6.06    0.00    4.04    0.00    0.00    0.00    0.00    0.00    0.00   89.90
19:56:48       2    5.10    0.00    5.10    0.00    0.00    0.00    0.00    0.00    0.00   89.80
19:56:48       3    3.06    0.00    6.12    0.00    0.00    0.00    0.00    0.00    0.00   90.82

19:56:48     CPU    %usr   %nice    %sys %iowait    %irq   %soft  %steal  %guest  %gnice   %idle
19:56:49     all    0.50    0.00    1.01    0.00    0.00    0.00    0.00    0.00    0.00   98.49
19:56:49       0    0.00    0.00    1.01    0.00    0.00    0.00    0.00    0.00    0.00   98.99
19:56:49       1    1.00    0.00    3.00    0.00    0.00    0.00    0.00    0.00    0.00   96.00
19:56:49       2    0.00    0.00    0.00    0.00    0.00    0.00    0.00    0.00    0.00  100.00
19:56:49       3    1.00    0.00    0.00    0.00    0.00    0.00    0.00    0.00    0.00   99.00

19:56:49     CPU    %usr   %nice    %sys %iowait    %irq   %soft  %steal  %guest  %gnice   %idle
19:56:50     all    0.51    0.00    1.52    0.00    0.00    0.00    0.00    0.00    0.00   97.97
19:56:50       0    1.01    0.00    1.01    0.00    0.00    0.00    0.00    0.00    0.00   97.98
19:56:50       1    0.00    0.00    1.03    0.00    0.00    0.00    0.00    0.00    0.00   98.97
19:56:50       2    1.00    0.00    2.00    0.00    0.00    0.00    0.00    0.00    0.00   97.00
19:56:50       3    0.00    0.00    2.02    0.00    0.00    0.00    0.00    0.00    0.00   97.98

19:56:50     CPU    %usr   %nice    %sys %iowait    %irq   %soft  %steal  %guest  %gnice   %idle
19:56:51     all    1.00    0.00    1.50    0.00    0.00    0.00    0.00    0.00    0.00   97.51
19:56:51       0    0.99    0.00    3.96    0.00    0.00    0.00    0.00    0.00    0.00   95.05
19:56:51       1    1.00    0.00    0.00    0.00    0.00    0.00    0.00    0.00    0.00   99.00
19:56:51       2    0.99    0.00    1.98    0.00    0.00    0.00    0.00    0.00    0.00   97.03
19:56:51       3    1.01    0.00    0.00    0.00    0.00    0.00    0.00    0.00    0.00   98.99

19:56:51     CPU    %usr   %nice    %sys %iowait    %irq   %soft  %steal  %guest  %gnice   %idle
19:56:52     all    0.50    0.00    1.01    0.00    0.00    0.00    0.00    0.00    0.00   98.49
19:56:52       0    0.00    0.00    1.01    0.00    0.00    0.00    0.00    0.00    0.00   98.99
19:56:52       1    0.00    0.00    0.00    0.00    0.00    0.00    0.00    0.00    0.00  100.00
19:56:52       2    1.00    0.00    2.00    0.00    0.00    0.00    0.00    0.00    0.00   97.00
19:56:52       3    1.00    0.00    1.00    0.00    0.00    0.00    0.00    0.00    0.00   98.00

19:56:52     CPU    %usr   %nice    %sys %iowait    %irq   %soft  %steal  %guest  %gnice   %idle
19:56:53     all    3.03    0.00    4.04    0.00    0.00    0.25    0.00    0.00    0.00   92.68
19:56:53       0    2.00    0.00    4.00    0.00    0.00    0.00    0.00    0.00    0.00   94.00
19:56:53       1    5.00    0.00    6.00    0.00    0.00    0.00    0.00    0.00    0.00   89.00
19:56:53       2    2.04    0.00    3.06    0.00    0.00    1.02    0.00    0.00    0.00   93.88
19:56:53       3    3.06    0.00    3.06    0.00    0.00    0.00    0.00    0.00    0.00   93.88

19:56:53     CPU    %usr   %nice    %sys %iowait    %irq   %soft  %steal  %guest  %gnice   %idle
19:56:54     all    0.51    0.00    0.51    0.00    0.00    0.00    0.00    0.00    0.00   98.98
19:56:54       0    0.00    0.00    0.00    0.00    0.00    0.00    0.00    0.00    0.00  100.00
19:56:54       1    1.01    0.00    1.01    0.00    0.00    0.00    0.00    0.00    0.00   97.98
19:56:54       2    0.00    0.00    1.01    0.00    0.00    0.00    0.00    0.00    0.00   98.99
19:56:54       3    1.01    0.00    0.00    0.00    0.00    0.00    0.00    0.00    0.00   98.99

19:56:54     CPU    %usr   %nice    %sys %iowait    %irq   %soft  %steal  %guest  %gnice   %idle
19:56:55     all    0.00    0.00    0.76    0.00    0.00    0.00    0.00    0.00    0.00   99.24
19:56:55       0    0.00    0.00    1.01    0.00    0.00    0.00    0.00    0.00    0.00   98.99
19:56:55       1    0.00    0.00    1.01    0.00    0.00    0.00    0.00    0.00    0.00   98.99
19:56:55       2    0.00    0.00    1.01    0.00    0.00    0.00    0.00    0.00    0.00   98.99
19:56:55       3    0.00    0.00    0.00    0.00    0.00    0.00    0.00    0.00    0.00  100.00

19:56:55     CPU    %usr   %nice    %sys %iowait    %irq   %soft  %steal  %guest  %gnice   %idle
19:56:56     all    0.25    0.00    1.26    0.00    0.00    0.00    0.00    0.00    0.00   98.49
19:56:56       0    0.00    0.00    2.02    0.00    0.00    0.00    0.00    0.00    0.00   97.98
19:56:56       1    0.00    0.00    0.00    0.00    0.00    0.00    0.00    0.00    0.00  100.00
19:56:56       2    0.00    0.00    2.00    0.00    0.00    0.00    0.00    0.00    0.00   98.00
19:56:56       3    1.00    0.00    1.00    0.00    0.00    0.00    0.00    0.00    0.00   98.00

19:56:56     CPU    %usr   %nice    %sys %iowait    %irq   %soft  %steal  %guest  %gnice   %idle
19:56:57     all    0.50    0.00    0.76    0.00    0.00    0.00    0.00    0.00    0.00   98.74
19:56:57       0    0.99    0.00    0.99    0.00    0.00    0.00    0.00    0.00    0.00   98.02
19:56:57       1    1.01    0.00    1.01    0.00    0.00    0.00    0.00    0.00    0.00   97.98
19:56:57       2    0.00    0.00    1.01    0.00    0.00    0.00    0.00    0.00    0.00   98.99
19:56:57       3    0.00    0.00    0.00    0.00    0.00    0.00    0.00    0.00    0.00  100.00

19:56:57     CPU    %usr   %nice    %sys %iowait    %irq   %soft  %steal  %guest  %gnice   %idle
19:56:58     all    2.53    0.00    4.04    0.25    0.00    0.25    0.00    0.00    0.00   92.93
19:56:58       0    0.00    0.00    3.09    0.00    0.00    1.03    0.00    0.00    0.00   95.88
19:56:58       1    3.03    0.00    5.05    0.00    0.00    0.00    0.00    0.00    0.00   91.92
19:56:58       2    3.00    0.00    4.00    0.00    0.00    0.00    0.00    0.00    0.00   93.00
19:56:58       3    4.00    0.00    4.00    1.00    0.00    0.00    0.00    0.00    0.00   91.00

19:56:58     CPU    %usr   %nice    %sys %iowait    %irq   %soft  %steal  %guest  %gnice   %idle
19:56:59     all    0.00    0.00    1.01    0.00    0.00    0.00    0.00    0.00    0.00   98.99
19:56:59       0    0.00    0.00    1.01    0.00    0.00    0.00    0.00    0.00    0.00   98.99
19:56:59       1    0.00    0.00    1.01    0.00    0.00    0.00    0.00    0.00    0.00   98.99
19:56:59       2    0.00    0.00    1.02    0.00    0.00    0.00    0.00    0.00    0.00   98.98
19:56:59       3    0.00    0.00    1.01    0.00    0.00    0.00    0.00    0.00    0.00   98.99

19:56:59     CPU    %usr   %nice    %sys %iowait    %irq   %soft  %steal  %guest  %gnice   %idle
19:57:00     all    0.76    0.00    0.76    0.00    0.00    0.00    0.00    0.00    0.00   98.48
19:57:00       0    0.00    0.00    2.02    0.00    0.00    0.00    0.00    0.00    0.00   97.98
19:57:00       1    1.01    0.00    0.00    0.00    0.00    0.00    0.00    0.00    0.00   98.99
19:57:00       2    1.01    0.00    0.00    0.00    0.00    0.00    0.00    0.00    0.00   98.99
19:57:00       3    1.01    0.00    1.01    0.00    0.00    0.00    0.00    0.00    0.00   97.98

19:57:00     CPU    %usr   %nice    %sys %iowait    %irq   %soft  %steal  %guest  %gnice   %idle
19:57:01     all    0.00    0.00    1.01    0.00    0.00    0.00    0.00    0.00    0.00   98.99
19:57:01       0    0.00    0.00    1.01    0.00    0.00    0.00    0.00    0.00    0.00   98.99
19:57:01       1    0.00    0.00    1.02    0.00    0.00    0.00    0.00    0.00    0.00   98.98
19:57:01       2    0.00    0.00    2.00    0.00    0.00    0.00    0.00    0.00    0.00   98.00
19:57:01       3    0.00    0.00    0.00    0.00    0.00    0.00    0.00    0.00    0.00  100.00

19:57:01     CPU    %usr   %nice    %sys %iowait    %irq   %soft  %steal  %guest  %gnice   %idle
19:57:02     all    0.25    0.00    0.76    0.00    0.00    0.00    0.00    0.00    0.00   98.99
19:57:02       0    1.01    0.00    1.01    0.00    0.00    0.00    0.00    0.00    0.00   97.98
19:57:02       1    0.00    0.00    1.01    0.00    0.00    0.00    0.00    0.00    0.00   98.99
19:57:02       2    0.00    0.00    0.00    0.00    0.00    0.00    0.00    0.00    0.00  100.00
19:57:02       3    0.00    0.00    1.01    0.00    0.00    0.00    0.00    0.00    0.00   98.99

19:57:02     CPU    %usr   %nice    %sys %iowait    %irq   %soft  %steal  %guest  %gnice   %idle
19:57:03     all    2.05    0.00    3.84    0.00    0.00    0.00    0.00    0.00    0.00   94.12
19:57:03       0    5.05    0.00    5.05    0.00    0.00    0.00    0.00    0.00    0.00   89.90
19:57:03       1    2.02    0.00    5.05    0.00    0.00    0.00    0.00    0.00    0.00   92.93
19:57:03       2    0.00    0.00    4.08    0.00    0.00    0.00    0.00    0.00    0.00   95.92
19:57:03       3    1.05    0.00    1.05    0.00    0.00    0.00    0.00    0.00    0.00   97.89

19:57:03     CPU    %usr   %nice    %sys %iowait    %irq   %soft  %steal  %guest  %gnice   %idle
19:57:04     all    0.25    0.00    0.76    0.00    0.00    0.00    0.00    0.00    0.00   98.99
19:57:04       0    0.00    0.00    0.00    0.00    0.00    0.00    0.00    0.00    0.00  100.00
19:57:04       1    0.00    0.00    0.00    0.00    0.00    0.00    0.00    0.00    0.00  100.00
19:57:04       2    0.00    0.00    2.02    0.00    0.00    0.00    0.00    0.00    0.00   97.98
19:57:04       3    1.00    0.00    1.00    0.00    0.00    0.00    0.00    0.00    0.00   98.00

19:57:04     CPU    %usr   %nice    %sys %iowait    %irq   %soft  %steal  %guest  %gnice   %idle
19:57:05     all    0.00    0.00    0.51    0.00    0.00    0.00    0.00    0.00    0.00   99.49
19:57:05       0    0.00    0.00    0.00    0.00    0.00    0.00    0.00    0.00    0.00  100.00
19:57:05       1    0.00    0.00    1.00    0.00    0.00    0.00    0.00    0.00    0.00   99.00
19:57:05       2    0.00    0.00    0.00    0.00    0.00    0.00    0.00    0.00    0.00  100.00
19:57:05       3    0.00    0.00    1.01    0.00    0.00    0.00    0.00    0.00    0.00   98.99

19:57:05     CPU    %usr   %nice    %sys %iowait    %irq   %soft  %steal  %guest  %gnice   %idle
19:57:06     all    0.25    0.00    1.26    0.00    0.00    0.00    0.00    0.00    0.00   98.49
19:57:06       0    0.00    0.00    1.01    0.00    0.00    0.00    0.00    0.00    0.00   98.99
19:57:06       1    1.00    0.00    1.00    0.00    0.00    0.00    0.00    0.00    0.00   98.00
19:57:06       2    0.00    0.00    2.00    0.00    0.00    0.00    0.00    0.00    0.00   98.00
19:57:06       3    0.00    0.00    1.01    0.00    0.00    0.00    0.00    0.00    0.00   98.99

19:57:06     CPU    %usr   %nice    %sys %iowait    %irq   %soft  %steal  %guest  %gnice   %idle
19:57:07     all    0.25    0.00    0.51    0.00    0.00    0.00    0.00    0.00    0.00   99.24
19:57:07       0    1.01    0.00    1.01    0.00    0.00    0.00    0.00    0.00    0.00   97.98
19:57:07       1    0.00    0.00    0.00    0.00    0.00    0.00    0.00    0.00    0.00  100.00
19:57:07       2    0.00    0.00    1.01    0.00    0.00    0.00    0.00    0.00    0.00   98.99
19:57:07       3    0.00    0.00    0.00    0.00    0.00    0.00    0.00    0.00    0.00  100.00

19:57:07     CPU    %usr   %nice    %sys %iowait    %irq   %soft  %steal  %guest  %gnice   %idle
19:57:08     all    2.54    0.00    4.06    0.00    0.00    0.00    0.00    0.00    0.00   93.40
19:57:08       0    1.03    0.00    3.09    0.00    0.00    0.00    0.00    0.00    0.00   95.88
19:57:08       1    2.00    0.00    4.00    0.00    0.00    0.00    0.00    0.00    0.00   94.00
19:57:08       2    2.04    0.00    4.08    0.00    0.00    0.00    0.00    0.00    0.00   93.88
19:57:08       3    5.05    0.00    5.05    0.00    0.00    0.00    0.00    0.00    0.00   89.90

19:57:08     CPU    %usr   %nice    %sys %iowait    %irq   %soft  %steal  %guest  %gnice   %idle
19:57:09     all    0.00    0.00    1.26    0.00    0.00    0.00    0.00    0.00    0.00   98.74
19:57:09       0    0.00    0.00    1.00    0.00    0.00    0.00    0.00    0.00    0.00   99.00
19:57:09       1    0.00    0.00    2.02    0.00    0.00    0.00    0.00    0.00    0.00   97.98
19:57:09       2    0.00    0.00    1.01    0.00    0.00    0.00    0.00    0.00    0.00   98.99
19:57:09       3    0.00    0.00    1.01    0.00    0.00    0.00    0.00    0.00    0.00   98.99

19:57:09     CPU    %usr   %nice    %sys %iowait    %irq   %soft  %steal  %guest  %gnice   %idle
19:57:10     all    0.25    0.00    0.51    0.00    0.00    0.00    0.00    0.00    0.00   99.24
19:57:10       0    0.00    0.00    1.00    0.00    0.00    0.00    0.00    0.00    0.00   99.00
19:57:10       1    1.02    0.00    1.02    0.00    0.00    0.00    0.00    0.00    0.00   97.96
19:57:10       2    0.00    0.00    0.00    0.00    0.00    0.00    0.00    0.00    0.00  100.00
19:57:10       3    0.00    0.00    0.00    0.00    0.00    0.00    0.00    0.00    0.00  100.00

19:57:10     CPU    %usr   %nice    %sys %iowait    %irq   %soft  %steal  %guest  %gnice   %idle
19:57:11     all    0.50    0.00    1.50    0.00    0.00    0.00    0.00    0.00    0.00   97.99
19:57:11       0    0.00    0.00    2.00    0.00    0.00    0.00    0.00    0.00    0.00   98.00
19:57:11       1    1.00    0.00    1.00    0.00    0.00    0.00    0.00    0.00    0.00   98.00
19:57:11       2    1.00    0.00    3.00    0.00    0.00    0.00    0.00    0.00    0.00   96.00
19:57:11       3    0.00    0.00    0.00    0.00    0.00    0.00    0.00    0.00    0.00  100.00

19:57:11     CPU    %usr   %nice    %sys %iowait    %irq   %soft  %steal  %guest  %gnice   %idle
19:57:12     all    0.25    0.00    2.00    0.00    0.00    0.00    0.00    0.00    0.00   97.75
19:57:12       0    0.00    0.00    1.01    0.00    0.00    0.00    0.00    0.00    0.00   98.99
19:57:12       1    0.00    0.00    2.02    0.00    0.00    0.00    0.00    0.00    0.00   97.98
19:57:12       2    0.00    0.00    3.00    0.00    0.00    0.00    0.00    0.00    0.00   97.00
19:57:12       3    0.98    0.00    1.96    0.00    0.00    0.00    0.00    0.00    0.00   97.06

19:57:12     CPU    %usr   %nice    %sys %iowait    %irq   %soft  %steal  %guest  %gnice   %idle
19:57:13     all    1.77    0.00    1.77    0.25    0.00    0.00    0.00    0.00    0.00   96.20
19:57:13       0    4.04    0.00    0.00    0.00    0.00    0.00    0.00    0.00    0.00   95.96
19:57:13       1    1.01    0.00    3.03    0.00    0.00    0.00    0.00    0.00    0.00   95.96
19:57:13       2    1.02    0.00    2.04    0.00    0.00    0.00    0.00    0.00    0.00   96.94
19:57:13       3    1.01    0.00    2.02    1.01    0.00    0.00    0.00    0.00    0.00   95.96

19:57:13     CPU    %usr   %nice    %sys %iowait    %irq   %soft  %steal  %guest  %gnice   %idle
19:57:14     all    1.02    0.00    1.52    0.00    0.00    0.00    0.00    0.00    0.00   97.46
19:57:14       0    1.98    0.00    2.97    0.00    0.00    0.00    0.00    0.00    0.00   95.05
19:57:14       1    1.03    0.00    2.06    0.00    0.00    0.00    0.00    0.00    0.00   96.91
19:57:14       2    1.02    0.00    0.00    0.00    0.00    0.00    0.00    0.00    0.00   98.98
19:57:14       3    0.00    0.00    1.02    0.00    0.00    0.00    0.00    0.00    0.00   98.98

19:57:14     CPU    %usr   %nice    %sys %iowait    %irq   %soft  %steal  %guest  %gnice   %idle
19:57:15     all    0.25    0.00    1.01    0.00    0.00    0.00    0.00    0.00    0.00   98.74
19:57:15       0    0.00    0.00    0.00    0.00    0.00    0.00    0.00    0.00    0.00  100.00
19:57:15       1    0.00    0.00    1.03    0.00    0.00    0.00    0.00    0.00    0.00   98.97
19:57:15       2    0.00    0.00    1.01    0.00    0.00    0.00    0.00    0.00    0.00   98.99
19:57:15       3    0.98    0.00    1.96    0.00    0.00    0.00    0.00    0.00    0.00   97.06

19:57:15     CPU    %usr   %nice    %sys %iowait    %irq   %soft  %steal  %guest  %gnice   %idle
19:57:16     all    0.25    0.00    1.26    0.00    0.00    0.00    0.00    0.00    0.00   98.49
19:57:16       0    0.00    0.00    0.00    0.00    0.00    0.00    0.00    0.00    0.00  100.00
19:57:16       1    1.00    0.00    2.00    0.00    0.00    0.00    0.00    0.00    0.00   97.00
19:57:16       2    0.00    0.00    1.00    0.00    0.00    0.00    0.00    0.00    0.00   99.00
19:57:16       3    0.00    0.00    2.02    0.00    0.00    0.00    0.00    0.00    0.00   97.98

19:57:16     CPU    %usr   %nice    %sys %iowait    %irq   %soft  %steal  %guest  %gnice   %idle
19:57:17     all    0.00    0.00    0.76    0.00    0.00    0.25    0.00    0.00    0.00   98.99
19:57:17       0    0.00    0.00    1.02    0.00    0.00    0.00    0.00    0.00    0.00   98.98
19:57:17       1    0.00    0.00    1.00    0.00    0.00    1.00    0.00    0.00    0.00   98.00
19:57:17       2    0.00    0.00    0.00    0.00    0.00    0.00    0.00    0.00    0.00  100.00
19:57:17       3    0.00    0.00    1.01    0.00    0.00    0.00    0.00    0.00    0.00   98.99

19:57:17     CPU    %usr   %nice    %sys %iowait    %irq   %soft  %steal  %guest  %gnice   %idle
19:57:18     all    0.25    0.00    1.51    0.00    0.00    0.00    0.00    0.00    0.00   98.24
19:57:18       0    0.00    0.00    2.02    0.00    0.00    0.00    0.00    0.00    0.00   97.98
19:57:18       1    1.00    0.00    1.00    0.00    0.00    0.00    0.00    0.00    0.00   98.00
19:57:18       2    0.00    0.00    2.00    0.00    0.00    0.00    0.00    0.00    0.00   98.00
19:57:18       3    0.00    0.00    1.01    0.00    0.00    0.00    0.00    0.00    0.00   98.99

19:57:18     CPU    %usr   %nice    %sys %iowait    %irq   %soft  %steal  %guest  %gnice   %idle
19:57:19     all    3.03    0.00    3.28    0.00    0.00    0.00    0.00    0.00    0.00   93.69
19:57:19       0    3.03    0.00    2.02    0.00    0.00    0.00    0.00    0.00    0.00   94.95
19:57:19       1    6.12    0.00    5.10    0.00    0.00    0.00    0.00    0.00    0.00   88.78
19:57:19       2    1.01    0.00    2.02    0.00    0.00    0.00    0.00    0.00    0.00   96.97
19:57:19       3    2.00    0.00    4.00    0.00    0.00    0.00    0.00    0.00    0.00   94.00

19:57:19     CPU    %usr   %nice    %sys %iowait    %irq   %soft  %steal  %guest  %gnice   %idle
19:57:20     all    0.25    0.00    1.01    0.00    0.00    0.00    0.00    0.00    0.00   98.74
19:57:20       0    0.00    0.00    2.00    0.00    0.00    0.00    0.00    0.00    0.00   98.00
19:57:20       1    1.00    0.00    1.00    0.00    0.00    0.00    0.00    0.00    0.00   98.00
19:57:20       2    0.00    0.00    0.00    0.00    0.00    0.00    0.00    0.00    0.00  100.00
19:57:20       3    0.00    0.00    1.02    0.00    0.00    0.00    0.00    0.00    0.00   98.98

19:57:20     CPU    %usr   %nice    %sys %iowait    %irq   %soft  %steal  %guest  %gnice   %idle
19:57:21     all    0.50    0.00    1.00    0.00    0.00    0.00    0.00    0.00    0.00   98.50
19:57:21       0    0.00    0.00    0.00    0.00    0.00    0.00    0.00    0.00    0.00  100.00
19:57:21       1    1.00    0.00    1.00    0.00    0.00    0.00    0.00    0.00    0.00   98.00
19:57:21       2    0.00    0.00    1.01    0.00    0.00    0.00    0.00    0.00    0.00   98.99
19:57:21       3    0.99    0.00    1.98    0.00    0.00    0.00    0.00    0.00    0.00   97.03

19:57:21     CPU    %usr   %nice    %sys %iowait    %irq   %soft  %steal  %guest  %gnice   %idle
19:57:22     all    0.50    0.00    1.25    0.00    0.00    0.00    0.00    0.00    0.00   98.25
19:57:22       0    0.00    0.00    1.01    0.00    0.00    0.00    0.00    0.00    0.00   98.99
19:57:22       1    1.00    0.00    1.00    0.00    0.00    0.00    0.00    0.00    0.00   98.00
19:57:22       2    0.99    0.00    0.99    0.00    0.00    0.00    0.00    0.00    0.00   98.02
19:57:22       3    0.00    0.00    2.02    0.00    0.00    0.00    0.00    0.00    0.00   97.98

19:57:22     CPU    %usr   %nice    %sys %iowait    %irq   %soft  %steal  %guest  %gnice   %idle
19:57:23     all    0.76    0.00    0.51    0.00    0.00    0.00    0.00    0.00    0.00   98.73
19:57:23       0    0.00    0.00    0.00    0.00    0.00    0.00    0.00    0.00    0.00  100.00
19:57:23       1    1.00    0.00    2.00    0.00    0.00    0.00    0.00    0.00    0.00   97.00
19:57:23       2    1.01    0.00    0.00    0.00    0.00    0.00    0.00    0.00    0.00   98.99
19:57:23       3    1.02    0.00    0.00    0.00    0.00    0.00    0.00    0.00    0.00   98.98

19:57:23     CPU    %usr   %nice    %sys %iowait    %irq   %soft  %steal  %guest  %gnice   %idle
19:57:24     all    3.53    0.00    4.79    0.00    0.00    0.00    0.00    0.00    0.00   91.69
19:57:24       0    3.06    0.00    4.08    0.00    0.00    0.00    0.00    0.00    0.00   92.86
19:57:24       1    4.00    0.00    4.00    0.00    0.00    0.00    0.00    0.00    0.00   92.00
19:57:24       2    3.00    0.00    6.00    0.00    0.00    0.00    0.00    0.00    0.00   91.00
19:57:24       3    4.04    0.00    5.05    0.00    0.00    0.00    0.00    0.00    0.00   90.91

19:57:24     CPU    %usr   %nice    %sys %iowait    %irq   %soft  %steal  %guest  %gnice   %idle
19:57:25     all    0.25    0.00    1.26    0.00    0.00    0.00    0.00    0.00    0.00   98.49
19:57:25       0    0.00    0.00    0.00    0.00    0.00    0.00    0.00    0.00    0.00  100.00
19:57:25       1    0.00    0.00    2.97    0.00    0.00    0.00    0.00    0.00    0.00   97.03
19:57:25       2    1.01    0.00    1.01    0.00    0.00    0.00    0.00    0.00    0.00   97.98
19:57:25       3    0.00    0.00    1.01    0.00    0.00    0.00    0.00    0.00    0.00   98.99

19:57:25     CPU    %usr   %nice    %sys %iowait    %irq   %soft  %steal  %guest  %gnice   %idle
19:57:26     all    0.25    0.00    0.76    0.00    0.00    0.25    0.00    0.00    0.00   98.74
19:57:26       0    0.00    0.00    0.00    0.00    0.00    0.00    0.00    0.00    0.00  100.00
19:57:26       1    0.99    0.00    0.99    0.00    0.00    0.99    0.00    0.00    0.00   97.03
19:57:26       2    0.00    0.00    2.02    0.00    0.00    0.00    0.00    0.00    0.00   97.98
19:57:26       3    0.00    0.00    0.00    0.00    0.00    0.00    0.00    0.00    0.00  100.00

19:57:26     CPU    %usr   %nice    %sys %iowait    %irq   %soft  %steal  %guest  %gnice   %idle
19:57:27     all    0.25    0.00    1.51    0.00    0.00    0.00    0.00    0.00    0.00   98.24
19:57:27       0    0.00    0.00    1.98    0.00    0.00    0.00    0.00    0.00    0.00   98.02
19:57:27       1    1.01    0.00    1.01    0.00    0.00    0.00    0.00    0.00    0.00   97.98
19:57:27       2    0.00    0.00    2.02    0.00    0.00    0.00    0.00    0.00    0.00   97.98
19:57:27       3    0.00    0.00    1.01    0.00    0.00    0.00    0.00    0.00    0.00   98.99

19:57:27     CPU    %usr   %nice    %sys %iowait    %irq   %soft  %steal  %guest  %gnice   %idle
19:57:28     all    0.75    0.00    1.00    0.25    0.00    0.00    0.00    0.00    0.00   97.99
19:57:28       0    0.00    0.00    0.00    0.00    0.00    0.00    0.00    0.00    0.00  100.00
19:57:28       1    0.00    0.00    2.00    0.00    0.00    0.00    0.00    0.00    0.00   98.00
19:57:28       2    1.00    0.00    1.00    0.00    0.00    0.00    0.00    0.00    0.00   98.00
19:57:28       3    1.98    0.00    0.99    0.99    0.00    0.00    0.00    0.00    0.00   96.04

19:57:28     CPU    %usr   %nice    %sys %iowait    %irq   %soft  %steal  %guest  %gnice   %idle
19:57:29     all    3.03    0.00    3.79    0.00    0.00    0.25    0.00    0.00    0.00   92.93
19:57:29       0    3.00    0.00    3.00    0.00    0.00    1.00    0.00    0.00    0.00   93.00
19:57:29       1    2.02    0.00    4.04    0.00    0.00    0.00    0.00    0.00    0.00   93.94
19:57:29       2    1.02    0.00    4.08    0.00    0.00    0.00    0.00    0.00    0.00   94.90
19:57:29       3    6.06    0.00    4.04    0.00    0.00    0.00    0.00    0.00    0.00   89.90

19:57:29     CPU    %usr   %nice    %sys %iowait    %irq   %soft  %steal  %guest  %gnice   %idle
19:57:30     all    0.00    0.00    1.51    0.00    0.00    0.00    0.00    0.00    0.00   98.49
19:57:30       0    0.00    0.00    1.01    0.00    0.00    0.00    0.00    0.00    0.00   98.99
19:57:30       1    0.00    0.00    2.97    0.00    0.00    0.00    0.00    0.00    0.00   97.03
19:57:30       2    0.00    0.00    1.02    0.00    0.00    0.00    0.00    0.00    0.00   98.98
19:57:30       3    0.00    0.00    1.01    0.00    0.00    0.00    0.00    0.00    0.00   98.99

19:57:30     CPU    %usr   %nice    %sys %iowait    %irq   %soft  %steal  %guest  %gnice   %idle
19:57:31     all    0.25    0.00    0.51    0.00    0.00    0.00    0.00    0.00    0.00   99.24
19:57:31       0    0.00    0.00    1.01    0.00    0.00    0.00    0.00    0.00    0.00   98.99
19:57:31       1    0.00    0.00    0.00    0.00    0.00    0.00    0.00    0.00    0.00  100.00
19:57:31       2    1.01    0.00    0.00    0.00    0.00    0.00    0.00    0.00    0.00   98.99
19:57:31       3    0.00    0.00    1.01    0.00    0.00    0.00    0.00    0.00    0.00   98.99

19:57:31     CPU    %usr   %nice    %sys %iowait    %irq   %soft  %steal  %guest  %gnice   %idle
19:57:32     all    0.25    0.00    0.76    0.00    0.00    0.00    0.00    0.00    0.00   98.99
19:57:32       0    0.00    0.00    0.00    0.00    0.00    0.00    0.00    0.00    0.00  100.00
19:57:32       1    0.00    0.00    3.00    0.00    0.00    0.00    0.00    0.00    0.00   97.00
19:57:32       2    0.00    0.00    0.00    0.00    0.00    0.00    0.00    0.00    0.00  100.00
19:57:32       3    1.02    0.00    0.00    0.00    0.00    0.00    0.00    0.00    0.00   98.98

19:57:32     CPU    %usr   %nice    %sys %iowait    %irq   %soft  %steal  %guest  %gnice   %idle
19:57:33     all    0.25    0.00    1.50    0.00    0.00    0.00    0.00    0.00    0.00   98.25
19:57:33       0    0.00    0.00    1.01    0.00    0.00    0.00    0.00    0.00    0.00   98.99
19:57:33       1    0.00    0.00    1.01    0.00    0.00    0.00    0.00    0.00    0.00   98.99
19:57:33       2    1.00    0.00    1.00    0.00    0.00    0.00    0.00    0.00    0.00   98.00
19:57:33       3    0.00    0.00    2.97    0.00    0.00    0.00    0.00    0.00    0.00   97.03

19:57:33     CPU    %usr   %nice    %sys %iowait    %irq   %soft  %steal  %guest  %gnice   %idle
19:57:34     all    2.53    0.00    4.81    0.00    0.00    0.25    0.00    0.00    0.00   92.41
19:57:34       0    3.92    0.00    4.90    0.00    0.00    0.00    0.00    0.00    0.00   91.18
19:57:34       1    2.02    0.00    5.05    0.00    0.00    1.01    0.00    0.00    0.00   91.92
19:57:34       2    2.08    0.00    4.17    0.00    0.00    0.00    0.00    0.00    0.00   93.75
19:57:34       3    2.04    0.00    5.10    0.00    0.00    0.00    0.00    0.00    0.00   92.86

19:57:34     CPU    %usr   %nice    %sys %iowait    %irq   %soft  %steal  %guest  %gnice   %idle
19:57:35     all    0.50    0.00    1.01    0.00    0.00    0.00    0.00    0.00    0.00   98.49
19:57:35       0    0.00    0.00    0.00    0.00    0.00    0.00    0.00    0.00    0.00  100.00
19:57:35       1    0.00    0.00    1.02    0.00    0.00    0.00    0.00    0.00    0.00   98.98
19:57:35       2    1.00    0.00    1.00    0.00    0.00    0.00    0.00    0.00    0.00   98.00
19:57:35       3    1.00    0.00    2.00    0.00    0.00    0.00    0.00    0.00    0.00   97.00

19:57:35     CPU    %usr   %nice    %sys %iowait    %irq   %soft  %steal  %guest  %gnice   %idle
19:57:36     all    0.25    0.00    0.51    0.00    0.00    0.00    0.00    0.00    0.00   99.24
19:57:36       0    0.99    0.00    0.00    0.00    0.00    0.00    0.00    0.00    0.00   99.01
19:57:36       1    0.00    0.00    2.04    0.00    0.00    0.00    0.00    0.00    0.00   97.96
19:57:36       2    0.00    0.00    0.00    0.00    0.00    0.00    0.00    0.00    0.00  100.00
19:57:36       3    0.00    0.00    0.00    0.00    0.00    0.00    0.00    0.00    0.00  100.00

19:57:36     CPU    %usr   %nice    %sys %iowait    %irq   %soft  %steal  %guest  %gnice   %idle
19:57:37     all    2.01    0.00    3.27    0.00    0.00    0.00    0.00    0.00    0.00   94.72
19:57:37       0    1.98    0.00    2.97    0.00    0.00    0.00    0.00    0.00    0.00   95.05
19:57:37       1    2.00    0.00    4.00    0.00    0.00    0.00    0.00    0.00    0.00   94.00
19:57:37       2    3.06    0.00    4.08    0.00    0.00    0.00    0.00    0.00    0.00   92.86
19:57:37       3    1.01    0.00    2.02    0.00    0.00    0.00    0.00    0.00    0.00   96.97

19:57:37     CPU    %usr   %nice    %sys %iowait    %irq   %soft  %steal  %guest  %gnice   %idle
19:57:38     all    0.75    0.00    1.50    0.00    0.00    0.00    0.00    0.00    0.00   97.74
19:57:38       0    0.00    0.00    0.00    0.00    0.00    0.00    0.00    0.00    0.00  100.00
19:57:38       1    0.99    0.00    3.96    0.00    0.00    0.00    0.00    0.00    0.00   95.05
19:57:38       2    1.98    0.00    0.99    0.00    0.00    0.00    0.00    0.00    0.00   97.03
19:57:38       3    0.00    0.00    1.01    0.00    0.00    0.00    0.00    0.00    0.00   98.99

19:57:38     CPU    %usr   %nice    %sys %iowait    %irq   %soft  %steal  %guest  %gnice   %idle
19:57:39     all    3.53    0.00    4.03    0.00    0.00    0.00    0.00    0.00    0.00   92.44
19:57:39       0    4.00    0.00    3.00    0.00    0.00    0.00    0.00    0.00    0.00   93.00
19:57:39       1    5.00    0.00    6.00    0.00    0.00    0.00    0.00    0.00    0.00   89.00
19:57:39       2    2.06    0.00    4.12    0.00    0.00    0.00    0.00    0.00    0.00   93.81
19:57:39       3    3.00    0.00    3.00    0.00    0.00    0.00    0.00    0.00    0.00   94.00

19:57:39     CPU    %usr   %nice    %sys %iowait    %irq   %soft  %steal  %guest  %gnice   %idle
19:57:40     all    0.76    0.00    0.76    0.00    0.00    0.00    0.00    0.00    0.00   98.49
19:57:40       0    1.01    0.00    0.00    0.00    0.00    0.00    0.00    0.00    0.00   98.99
19:57:40       1    1.98    0.00    2.97    0.00    0.00    0.00    0.00    0.00    0.00   95.05
19:57:40       2    0.00    0.00    0.00    0.00    0.00    0.00    0.00    0.00    0.00  100.00
19:57:40       3    0.00    0.00    0.00    0.00    0.00    0.00    0.00    0.00    0.00  100.00

19:57:40     CPU    %usr   %nice    %sys %iowait    %irq   %soft  %steal  %guest  %gnice   %idle
19:57:41     all    0.25    0.00    1.01    0.00    0.00    0.00    0.00    0.00    0.00   98.74
19:57:41       0    0.00    0.00    0.00    0.00    0.00    0.00    0.00    0.00    0.00  100.00
19:57:41       1    0.00    0.00    1.01    0.00    0.00    0.00    0.00    0.00    0.00   98.99
19:57:41       2    0.99    0.00    1.98    0.00    0.00    0.00    0.00    0.00    0.00   97.03
19:57:41       3    0.00    0.00    1.02    0.00    0.00    0.00    0.00    0.00    0.00   98.98

19:57:41     CPU    %usr   %nice    %sys %iowait    %irq   %soft  %steal  %guest  %gnice   %idle
19:57:42     all    0.51    0.00    0.76    0.00    0.00    0.00    0.00    0.00    0.00   98.74
19:57:42       0    1.01    0.00    0.00    0.00    0.00    0.00    0.00    0.00    0.00   98.99
19:57:42       1    1.00    0.00    2.00    0.00    0.00    0.00    0.00    0.00    0.00   97.00
19:57:42       2    0.00    0.00    1.02    0.00    0.00    0.00    0.00    0.00    0.00   98.98
19:57:42       3    0.00    0.00    0.00    0.00    0.00    0.00    0.00    0.00    0.00  100.00

19:57:42     CPU    %usr   %nice    %sys %iowait    %irq   %soft  %steal  %guest  %gnice   %idle
19:57:43     all    0.25    0.00    1.26    0.00    0.00    0.00    0.00    0.00    0.00   98.49
19:57:43       0    0.00    0.00    1.01    0.00    0.00    0.00    0.00    0.00    0.00   98.99
19:57:43       1    0.00    0.00    1.01    0.00    0.00    0.00    0.00    0.00    0.00   98.99
19:57:43       2    1.00    0.00    2.00    0.00    0.00    0.00    0.00    0.00    0.00   97.00
19:57:43       3    0.00    0.00    1.01    0.00    0.00    0.00    0.00    0.00    0.00   98.99

19:57:43     CPU    %usr   %nice    %sys %iowait    %irq   %soft  %steal  %guest  %gnice   %idle
19:57:44     all    2.27    0.00    2.02    0.25    0.00    0.00    0.00    0.00    0.00   95.45
19:57:44       0    1.01    0.00    2.02    0.00    0.00    0.00    0.00    0.00    0.00   96.97
19:57:44       1    6.12    0.00    2.04    0.00    0.00    0.00    0.00    0.00    0.00   91.84
19:57:44       2    1.01    0.00    3.03    0.00    0.00    0.00    0.00    0.00    0.00   95.96
19:57:44       3    1.00    0.00    1.00    1.00    0.00    0.00    0.00    0.00    0.00   97.00

19:57:44     CPU    %usr   %nice    %sys %iowait    %irq   %soft  %steal  %guest  %gnice   %idle
19:57:45     all    1.50    0.00    2.75    0.00    0.00    0.00    0.00    0.00    0.00   95.75
19:57:45       0    1.01    0.00    1.01    0.00    0.00    0.00    0.00    0.00    0.00   97.98
19:57:45       1    0.00    0.00    4.95    0.00    0.00    0.00    0.00    0.00    0.00   95.05
19:57:45       2    1.98    0.00    2.97    0.00    0.00    0.00    0.00    0.00    0.00   95.05
19:57:45       3    3.03    0.00    2.02    0.00    0.00    0.00    0.00    0.00    0.00   94.95

19:57:45     CPU    %usr   %nice    %sys %iowait    %irq   %soft  %steal  %guest  %gnice   %idle
19:57:46     all    0.00    0.00    1.01    0.00    0.00    0.50    0.00    0.00    0.00   98.49
19:57:46       0    0.00    0.00    0.00    0.00    0.00    1.01    0.00    0.00    0.00   98.99
19:57:46       1    0.00    0.00    1.01    0.00    0.00    0.00    0.00    0.00    0.00   98.99
19:57:46       2    0.00    0.00    1.01    0.00    0.00    1.01    0.00    0.00    0.00   97.98
19:57:46       3    0.00    0.00    2.00    0.00    0.00    0.00    0.00    0.00    0.00   98.00

19:57:46     CPU    %usr   %nice    %sys %iowait    %irq   %soft  %steal  %guest  %gnice   %idle
19:57:47     all    0.50    0.00    1.26    0.00    0.00    0.00    0.00    0.00    0.00   98.24
19:57:47       0    1.00    0.00    1.00    0.00    0.00    0.00    0.00    0.00    0.00   98.00
19:57:47       1    1.00    0.00    1.00    0.00    0.00    0.00    0.00    0.00    0.00   98.00
19:57:47       2    0.00    0.00    2.02    0.00    0.00    0.00    0.00    0.00    0.00   97.98
19:57:47       3    0.00    0.00    1.01    0.00    0.00    0.00    0.00    0.00    0.00   98.99

19:57:47     CPU    %usr   %nice    %sys %iowait    %irq   %soft  %steal  %guest  %gnice   %idle
19:57:48     all    0.25    0.00    1.01    0.00    0.00    0.00    0.00    0.00    0.00   98.74
19:57:48       0    0.00    0.00    1.00    0.00    0.00    0.00    0.00    0.00    0.00   99.00
19:57:48       1    0.00    0.00    0.00    0.00    0.00    0.00    0.00    0.00    0.00  100.00
19:57:48       2    0.00    0.00    0.00    0.00    0.00    0.00    0.00    0.00    0.00  100.00
19:57:48       3    0.99    0.00    2.97    0.00    0.00    0.00    0.00    0.00    0.00   96.04

19:57:48     CPU    %usr   %nice    %sys %iowait    %irq   %soft  %steal  %guest  %gnice   %idle
19:57:49     all    0.51    0.00    1.01    0.00    0.00    0.00    0.00    0.00    0.00   98.48
19:57:49       0    0.99    0.00    0.99    0.00    0.00    0.00    0.00    0.00    0.00   98.02
19:57:49       1    0.00    0.00    0.00    0.00    0.00    0.00    0.00    0.00    0.00  100.00
19:57:49       2    1.01    0.00    2.02    0.00    0.00    0.00    0.00    0.00    0.00   96.97
19:57:49       3    0.00    0.00    1.02    0.00    0.00    0.00    0.00    0.00    0.00   98.98

19:57:49     CPU    %usr   %nice    %sys %iowait    %irq   %soft  %steal  %guest  %gnice   %idle
19:57:50     all    3.07    0.00    3.32    0.00    0.00    0.00    0.00    0.00    0.00   93.61
19:57:50       0    2.08    0.00    3.12    0.00    0.00    0.00    0.00    0.00    0.00   94.79
19:57:50       1    4.08    0.00    3.06    0.00    0.00    0.00    0.00    0.00    0.00   92.86
19:57:50       2    1.02    0.00    4.08    0.00    0.00    0.00    0.00    0.00    0.00   94.90
19:57:50       3    5.05    0.00    3.03    0.00    0.00    0.00    0.00    0.00    0.00   91.92

19:57:50     CPU    %usr   %nice    %sys %iowait    %irq   %soft  %steal  %guest  %gnice   %idle
19:57:51     all    0.25    0.00    1.51    0.00    0.00    0.00    0.00    0.00    0.00   98.24
19:57:51       0    0.00    0.00    2.02    0.00    0.00    0.00    0.00    0.00    0.00   97.98
19:57:51       1    0.00    0.00    1.01    0.00    0.00    0.00    0.00    0.00    0.00   98.99
19:57:51       2    1.00    0.00    2.00    0.00    0.00    0.00    0.00    0.00    0.00   97.00
19:57:51       3    0.00    0.00    1.00    0.00    0.00    0.00    0.00    0.00    0.00   99.00

19:57:51     CPU    %usr   %nice    %sys %iowait    %irq   %soft  %steal  %guest  %gnice   %idle
19:57:52     all    0.25    0.00    0.76    0.00    0.00    0.00    0.00    0.00    0.00   98.99
19:57:52       0    0.00    0.00    0.00    0.00    0.00    0.00    0.00    0.00    0.00  100.00
19:57:52       1    1.00    0.00    1.00    0.00    0.00    0.00    0.00    0.00    0.00   98.00
19:57:52       2    0.00    0.00    2.02    0.00    0.00    0.00    0.00    0.00    0.00   97.98
19:57:52       3    0.00    0.00    0.00    0.00    0.00    0.00    0.00    0.00    0.00  100.00

19:57:52     CPU    %usr   %nice    %sys %iowait    %irq   %soft  %steal  %guest  %gnice   %idle
19:57:53     all    0.25    0.00    1.26    0.00    0.00    0.00    0.00    0.00    0.00   98.49
19:57:53       0    0.00    0.00    1.00    0.00    0.00    0.00    0.00    0.00    0.00   99.00
19:57:53       1    1.00    0.00    2.00    0.00    0.00    0.00    0.00    0.00    0.00   97.00
19:57:53       2    0.00    0.00    2.00    0.00    0.00    0.00    0.00    0.00    0.00   98.00
19:57:53       3    0.00    0.00    0.00    0.00    0.00    0.00    0.00    0.00    0.00  100.00

19:57:53     CPU    %usr   %nice    %sys %iowait    %irq   %soft  %steal  %guest  %gnice   %idle
19:57:54     all    0.50    0.00    1.01    0.00    0.00    0.00    0.00    0.00    0.00   98.49
19:57:54       0    1.02    0.00    0.00    0.00    0.00    0.00    0.00    0.00    0.00   98.98
19:57:54       1    0.00    0.00    2.97    0.00    0.00    0.00    0.00    0.00    0.00   97.03
19:57:54       2    1.02    0.00    0.00    0.00    0.00    0.00    0.00    0.00    0.00   98.98
19:57:54       3    0.00    0.00    1.00    0.00    0.00    0.00    0.00    0.00    0.00   99.00

19:57:54     CPU    %usr   %nice    %sys %iowait    %irq   %soft  %steal  %guest  %gnice   %idle
19:57:55     all    2.30    0.00    3.83    0.00    0.00    0.00    0.00    0.00    0.00   93.88
19:57:55       0    5.10    0.00    3.06    0.00    0.00    0.00    0.00    0.00    0.00   91.84
19:57:55       1    1.03    0.00    4.12    0.00    0.00    0.00    0.00    0.00    0.00   94.85
19:57:55       2    1.02    0.00    4.08    0.00    0.00    0.00    0.00    0.00    0.00   94.90
19:57:55       3    2.02    0.00    4.04    0.00    0.00    0.00    0.00    0.00    0.00   93.94

19:57:55     CPU    %usr   %nice    %sys %iowait    %irq   %soft  %steal  %guest  %gnice   %idle
19:57:56     all    0.50    0.00    1.01    0.00    0.00    0.00    0.00    0.00    0.00   98.49
19:57:56       0    0.00    0.00    0.00    0.00    0.00    0.00    0.00    0.00    0.00  100.00
19:57:56       1    0.00    0.00    1.02    0.00    0.00    0.00    0.00    0.00    0.00   98.98
19:57:56       2    0.00    0.00    2.00    0.00    0.00    0.00    0.00    0.00    0.00   98.00
19:57:56       3    2.00    0.00    1.00    0.00    0.00    0.00    0.00    0.00    0.00   97.00

19:57:56     CPU    %usr   %nice    %sys %iowait    %irq   %soft  %steal  %guest  %gnice   %idle
19:57:57     all    0.50    0.00    1.01    0.00    0.00    0.00    0.00    0.00    0.00   98.49
19:57:57       0    0.99    0.00    0.99    0.00    0.00    0.00    0.00    0.00    0.00   98.02
19:57:57       1    1.00    0.00    1.00    0.00    0.00    0.00    0.00    0.00    0.00   98.00
19:57:57       2    0.00    0.00    1.01    0.00    0.00    0.00    0.00    0.00    0.00   98.99
19:57:57       3    0.00    0.00    1.02    0.00    0.00    0.00    0.00    0.00    0.00   98.98

19:57:57     CPU    %usr   %nice    %sys %iowait    %irq   %soft  %steal  %guest  %gnice   %idle
19:57:58     all    0.00    0.00    0.25    0.00    0.00    0.00    0.25    0.00    0.00   99.49
19:57:58       0    0.00    0.00    0.00    0.00    0.00    0.00    0.00    0.00    0.00  100.00
19:57:58       1    0.00    0.00    1.02    0.00    0.00    0.00    0.00    0.00    0.00   98.98
19:57:58       2    0.00    0.00    0.00    0.00    0.00    0.00    1.01    0.00    0.00   98.99
19:57:58       3    0.00    0.00    0.00    0.00    0.00    0.00    0.00    0.00    0.00  100.00

19:57:58     CPU    %usr   %nice    %sys %iowait    %irq   %soft  %steal  %guest  %gnice   %idle
19:57:59     all    0.25    0.00    1.51    0.00    0.00    0.00    0.00    0.00    0.00   98.24
19:57:59       0    0.00    0.00    1.01    0.00    0.00    0.00    0.00    0.00    0.00   98.99
19:57:59       1    0.00    0.00    2.02    0.00    0.00    0.00    0.00    0.00    0.00   97.98
19:57:59       2    0.99    0.00    0.99    0.00    0.00    0.00    0.00    0.00    0.00   98.02
19:57:59       3    0.00    0.00    2.02    0.00    0.00    0.00    0.00    0.00    0.00   97.98

19:57:59     CPU    %usr   %nice    %sys %iowait    %irq   %soft  %steal  %guest  %gnice   %idle
19:58:00     all    2.52    0.00    5.29    0.00    0.00    0.00    0.00    0.00    0.00   92.19
19:58:00       0    4.00    0.00    6.00    0.00    0.00    0.00    0.00    0.00    0.00   90.00
19:58:00       1    2.02    0.00    5.05    0.00    0.00    0.00    0.00    0.00    0.00   92.93
19:58:00       2    2.02    0.00    6.06    0.00    0.00    0.00    0.00    0.00    0.00   91.92
19:58:00       3    2.02    0.00    4.04    0.00    0.00    0.00    0.00    0.00    0.00   93.94

19:58:00     CPU    %usr   %nice    %sys %iowait    %irq   %soft  %steal  %guest  %gnice   %idle
19:58:01     all    0.25    0.00    1.01    0.00    0.00    0.00    0.00    0.00    0.00   98.74
19:58:01       0    0.00    0.00    0.00    0.00    0.00    0.00    0.00    0.00    0.00  100.00
19:58:01       1    1.00    0.00    2.00    0.00    0.00    0.00    0.00    0.00    0.00   97.00
19:58:01       2    0.00    0.00    1.01    0.00    0.00    0.00    0.00    0.00    0.00   98.99
19:58:01       3    0.00    0.00    1.01    0.00    0.00    0.00    0.00    0.00    0.00   98.99

19:58:01     CPU    %usr   %nice    %sys %iowait    %irq   %soft  %steal  %guest  %gnice   %idle
19:58:02     all    0.75    0.00    0.75    0.00    0.00    0.00    0.00    0.00    0.00   98.50
19:58:02       0    1.00    0.00    0.00    0.00    0.00    0.00    0.00    0.00    0.00   99.00
19:58:02       1    1.01    0.00    0.00    0.00    0.00    0.00    0.00    0.00    0.00   98.99
19:58:02       2    1.00    0.00    1.00    0.00    0.00    0.00    0.00    0.00    0.00   98.00
19:58:02       3    0.00    0.00    2.00    0.00    0.00    0.00    0.00    0.00    0.00   98.00

19:58:02     CPU    %usr   %nice    %sys %iowait    %irq   %soft  %steal  %guest  %gnice   %idle
19:58:03     all    0.25    0.00    0.51    0.00    0.00    0.00    0.00    0.00    0.00   99.24
19:58:03       0    0.00    0.00    0.00    0.00    0.00    0.00    0.00    0.00    0.00  100.00
19:58:03       1    1.02    0.00    0.00    0.00    0.00    0.00    0.00    0.00    0.00   98.98
19:58:03       2    0.00    0.00    0.00    0.00    0.00    0.00    0.00    0.00    0.00  100.00
19:58:03       3    0.00    0.00    2.00    0.00    0.00    0.00    0.00    0.00    0.00   98.00

19:58:03     CPU    %usr   %nice    %sys %iowait    %irq   %soft  %steal  %guest  %gnice   %idle
19:58:04     all    0.50    0.00    1.25    0.25    0.00    0.00    0.00    0.00    0.00   98.00
19:58:04       0    0.00    0.00    1.98    0.99    0.00    0.00    0.00    0.00    0.00   97.03
19:58:04       1    0.99    0.00    1.98    0.00    0.00    0.00    0.00    0.00    0.00   97.03
19:58:04       2    1.01    0.00    0.00    0.00    0.00    0.00    0.00    0.00    0.00   98.99
19:58:04       3    0.00    0.00    1.01    0.00    0.00    0.00    0.00    0.00    0.00   98.99

19:58:04     CPU    %usr   %nice    %sys %iowait    %irq   %soft  %steal  %guest  %gnice   %idle
19:58:05     all    2.28    0.00    3.80    0.00    0.00    0.25    0.00    0.00    0.00   93.67
19:58:05       0    2.02    0.00    4.04    0.00    0.00    0.00    0.00    0.00    0.00   93.94
19:58:05       1    2.04    0.00    3.06    0.00    0.00    0.00    0.00    0.00    0.00   94.90
19:58:05       2    4.04    0.00    5.05    0.00    0.00    0.00    0.00    0.00    0.00   90.91
19:58:05       3    1.01    0.00    3.03    0.00    0.00    1.01    0.00    0.00    0.00   94.95

19:58:05     CPU    %usr   %nice    %sys %iowait    %irq   %soft  %steal  %guest  %gnice   %idle
19:58:06     all    0.25    0.00    1.01    0.00    0.00    0.00    0.00    0.00    0.00   98.74
19:58:06       0    0.00    0.00    2.00    0.00    0.00    0.00    0.00    0.00    0.00   98.00
19:58:06       1    1.02    0.00    0.00    0.00    0.00    0.00    0.00    0.00    0.00   98.98
19:58:06       2    0.00    0.00    1.01    0.00    0.00    0.00    0.00    0.00    0.00   98.99
19:58:06       3    0.00    0.00    1.01    0.00    0.00    0.00    0.00    0.00    0.00   98.99

19:58:06     CPU    %usr   %nice    %sys %iowait    %irq   %soft  %steal  %guest  %gnice   %idle
19:58:07     all    0.50    0.00    1.50    0.00    0.00    0.00    0.00    0.00    0.00   98.00
19:58:07       0    1.00    0.00    0.00    0.00    0.00    0.00    0.00    0.00    0.00   99.00
19:58:07       1    1.00    0.00    1.00    0.00    0.00    0.00    0.00    0.00    0.00   98.00
19:58:07       2    0.00    0.00    2.00    0.00    0.00    0.00    0.00    0.00    0.00   98.00
19:58:07       3    0.00    0.00    2.97    0.00    0.00    0.00    0.00    0.00    0.00   97.03

19:58:07     CPU    %usr   %nice    %sys %iowait    %irq   %soft  %steal  %guest  %gnice   %idle
19:58:08     all    0.50    0.00    0.76    0.00    0.00    0.00    0.00    0.00    0.00   98.74
19:58:08       0    0.99    0.00    0.99    0.00    0.00    0.00    0.00    0.00    0.00   98.02
19:58:08       1    0.00    0.00    1.02    0.00    0.00    0.00    0.00    0.00    0.00   98.98
19:58:08       2    0.00    0.00    0.00    0.00    0.00    0.00    0.00    0.00    0.00  100.00
19:58:08       3    1.00    0.00    1.00    0.00    0.00    0.00    0.00    0.00    0.00   98.00

19:58:08     CPU    %usr   %nice    %sys %iowait    %irq   %soft  %steal  %guest  %gnice   %idle
19:58:09     all    0.00    0.00    1.01    0.00    0.00    0.00    0.00    0.00    0.00   98.99
19:58:09       0    0.00    0.00    1.01    0.00    0.00    0.00    0.00    0.00    0.00   98.99
19:58:09       1    0.00    0.00    1.01    0.00    0.00    0.00    0.00    0.00    0.00   98.99
19:58:09       2    0.00    0.00    1.02    0.00    0.00    0.00    0.00    0.00    0.00   98.98
19:58:09       3    0.00    0.00    1.01    0.00    0.00    0.00    0.00    0.00    0.00   98.99

19:58:09     CPU    %usr   %nice    %sys %iowait    %irq   %soft  %steal  %guest  %gnice   %idle
19:58:10     all    2.28    0.00    3.81    0.00    0.00    0.25    0.00    0.00    0.00   93.65
19:58:10       0    2.04    0.00    4.08    0.00    0.00    0.00    0.00    0.00    0.00   93.88
19:58:10       1    2.02    0.00    2.02    0.00    0.00    1.01    0.00    0.00    0.00   94.95
19:58:10       2    2.00    0.00    3.00    0.00    0.00    0.00    0.00    0.00    0.00   95.00
19:58:10       3    3.09    0.00    6.19    0.00    0.00    0.00    0.00    0.00    0.00   90.72

19:58:10     CPU    %usr   %nice    %sys %iowait    %irq   %soft  %steal  %guest  %gnice   %idle
19:58:11     all    0.51    0.00    0.51    0.00    0.00    0.00    0.00    0.00    0.00   98.99
19:58:11       0    0.00    0.00    0.00    0.00    0.00    0.00    0.00    0.00    0.00  100.00
19:58:11       1    0.99    0.00    1.98    0.00    0.00    0.00    0.00    0.00    0.00   97.03
19:58:11       2    0.00    0.00    0.00    0.00    0.00    0.00    0.00    0.00    0.00  100.00
19:58:11       3    1.01    0.00    0.00    0.00    0.00    0.00    0.00    0.00    0.00   98.99

19:58:11     CPU    %usr   %nice    %sys %iowait    %irq   %soft  %steal  %guest  %gnice   %idle
19:58:12     all    0.25    0.00    1.51    0.00    0.00    0.00    0.00    0.00    0.00   98.24
19:58:12       0    0.00    0.00    1.00    0.00    0.00    0.00    0.00    0.00    0.00   99.00
19:58:12       1    1.02    0.00    2.04    0.00    0.00    0.00    0.00    0.00    0.00   96.94
19:58:12       2    0.00    0.00    1.01    0.00    0.00    0.00    0.00    0.00    0.00   98.99
19:58:12       3    0.00    0.00    2.00    0.00    0.00    0.00    0.00    0.00    0.00   98.00

19:58:12     CPU    %usr   %nice    %sys %iowait    %irq   %soft  %steal  %guest  %gnice   %idle
19:58:13     all    1.01    0.00    0.25    0.00    0.00    0.00    0.00    0.00    0.00   98.74
19:58:13       0    0.00    0.00    0.00    0.00    0.00    0.00    0.00    0.00    0.00  100.00
19:58:13       1    1.98    0.00    0.00    0.00    0.00    0.00    0.00    0.00    0.00   98.02
19:58:13       2    1.01    0.00    0.00    0.00    0.00    0.00    0.00    0.00    0.00   98.99
19:58:13       3    1.02    0.00    1.02    0.00    0.00    0.00    0.00    0.00    0.00   97.96

19:58:13     CPU    %usr   %nice    %sys %iowait    %irq   %soft  %steal  %guest  %gnice   %idle
19:58:14     all    2.04    0.00    0.25    0.00    0.00    0.00    0.00    0.00    0.00   97.71
19:58:14       0    0.00    0.00    0.00    0.00    0.00    0.00    0.00    0.00    0.00  100.00
19:58:14       1    7.22    0.00    0.00    0.00    0.00    0.00    0.00    0.00    0.00   92.78
19:58:14       2    1.01    0.00    0.00    0.00    0.00    0.00    0.00    0.00    0.00   98.99
19:58:14       3    0.00    0.00    1.02    0.00    0.00    0.00    0.00    0.00    0.00   98.98

19:58:14     CPU    %usr   %nice    %sys %iowait    %irq   %soft  %steal  %guest  %gnice   %idle
19:58:15     all    3.00    0.00    3.00    0.00    0.00    0.00    0.00    0.00    0.00   94.00
19:58:15       0    2.00    0.00    4.00    0.00    0.00    0.00    0.00    0.00    0.00   94.00
19:58:15       1    2.97    0.00    3.96    0.00    0.00    0.00    0.00    0.00    0.00   93.07
19:58:15       2    5.00    0.00    1.00    0.00    0.00    0.00    0.00    0.00    0.00   94.00
19:58:15       3    2.02    0.00    3.03    0.00    0.00    0.00    0.00    0.00    0.00   94.95

19:58:15     CPU    %usr   %nice    %sys %iowait    %irq   %soft  %steal  %guest  %gnice   %idle
19:58:16     all    0.00    0.00    3.03    0.00    0.00    0.00    0.00    0.00    0.00   96.97
19:58:16       0    0.00    0.00    3.00    0.00    0.00    0.00    0.00    0.00    0.00   97.00
19:58:16       1    0.00    0.00    4.08    0.00    0.00    0.00    0.00    0.00    0.00   95.92
19:58:16       2    0.00    0.00    2.02    0.00    0.00    0.00    0.00    0.00    0.00   97.98
19:58:16       3    0.00    0.00    3.03    0.00    0.00    0.00    0.00    0.00    0.00   96.97

19:58:16     CPU    %usr   %nice    %sys %iowait    %irq   %soft  %steal  %guest  %gnice   %idle
19:58:17     all    0.00    0.00    0.51    0.00    0.00    0.00    0.00    0.00    0.00   99.49
19:58:17       0    0.00    0.00    1.00    0.00    0.00    0.00    0.00    0.00    0.00   99.00
19:58:17       1    0.00    0.00    1.02    0.00    0.00    0.00    0.00    0.00    0.00   98.98
19:58:17       2    0.00    0.00    0.00    0.00    0.00    0.00    0.00    0.00    0.00  100.00
19:58:17       3    0.00    0.00    0.00    0.00    0.00    0.00    0.00    0.00    0.00  100.00

19:58:17     CPU    %usr   %nice    %sys %iowait    %irq   %soft  %steal  %guest  %gnice   %idle
19:58:18     all    0.75    0.00    0.75    0.00    0.00    0.00    0.00    0.00    0.00   98.50
19:58:18       0    0.99    0.00    0.99    0.00    0.00    0.00    0.00    0.00    0.00   98.02
19:58:18       1    0.00    0.00    1.03    0.00    0.00    0.00    0.00    0.00    0.00   98.97
19:58:18       2    1.00    0.00    0.00    0.00    0.00    0.00    0.00    0.00    0.00   99.00
19:58:18       3    0.99    0.00    0.99    0.00    0.00    0.00    0.00    0.00    0.00   98.02

19:58:18     CPU    %usr   %nice    %sys %iowait    %irq   %soft  %steal  %guest  %gnice   %idle
19:58:19     all    0.25    0.00    0.51    0.25    0.00    0.00    0.00    0.00    0.00   98.99
19:58:19       0    0.00    0.00    0.00    1.00    0.00    0.00    0.00    0.00    0.00   99.00
19:58:19       1    1.01    0.00    1.01    0.00    0.00    0.00    0.00    0.00    0.00   97.98
19:58:19       2    0.00    0.00    1.01    0.00    0.00    0.00    0.00    0.00    0.00   98.99
19:58:19       3    0.00    0.00    0.00    0.00    0.00    0.00    0.00    0.00    0.00  100.00

19:58:19     CPU    %usr   %nice    %sys %iowait    %irq   %soft  %steal  %guest  %gnice   %idle
19:58:20     all    0.25    0.00    1.26    0.00    0.00    0.00    0.00    0.00    0.00   98.49
19:58:20       0    0.00    0.00    1.00    0.00    0.00    0.00    0.00    0.00    0.00   99.00
19:58:20       1    0.00    0.00    2.02    0.00    0.00    0.00    0.00    0.00    0.00   97.98
19:58:20       2    1.01    0.00    1.01    0.00    0.00    0.00    0.00    0.00    0.00   97.98
19:58:20       3    0.00    0.00    1.00    0.00    0.00    0.00    0.00    0.00    0.00   99.00

19:58:20     CPU    %usr   %nice    %sys %iowait    %irq   %soft  %steal  %guest  %gnice   %idle
19:58:21     all    2.78    0.00    3.80    0.00    0.00    0.00    0.00    0.00    0.00   93.42
19:58:21       0    6.86    0.00    4.90    0.00    0.00    0.00    0.00    0.00    0.00   88.24
19:58:21       1    1.02    0.00    5.10    0.00    0.00    0.00    0.00    0.00    0.00   93.88
19:58:21       2    1.03    0.00    2.06    0.00    0.00    0.00    0.00    0.00    0.00   96.91
19:58:21       3    2.04    0.00    3.06    0.00    0.00    0.00    0.00    0.00    0.00   94.90

19:58:21     CPU    %usr   %nice    %sys %iowait    %irq   %soft  %steal  %guest  %gnice   %idle
19:58:22     all    0.25    0.00    0.25    0.00    0.00    0.00    0.00    0.00    0.00   99.49
19:58:22       0    0.00    0.00    0.00    0.00    0.00    0.00    0.00    0.00    0.00  100.00
19:58:22       1    0.00    0.00    0.00    0.00    0.00    0.00    0.00    0.00    0.00  100.00
19:58:22       2    1.01    0.00    0.00    0.00    0.00    0.00    0.00    0.00    0.00   98.99
19:58:22       3    0.00    0.00    1.02    0.00    0.00    0.00    0.00    0.00    0.00   98.98

19:58:22     CPU    %usr   %nice    %sys %iowait    %irq   %soft  %steal  %guest  %gnice   %idle
19:58:23     all    0.00    0.00    0.76    0.00    0.00    0.00    0.00    0.00    0.00   99.24
19:58:23       0    0.00    0.00    1.00    0.00    0.00    0.00    0.00    0.00    0.00   99.00
19:58:23       1    0.00    0.00    1.02    0.00    0.00    0.00    0.00    0.00    0.00   98.98
19:58:23       2    0.00    0.00    1.01    0.00    0.00    0.00    0.00    0.00    0.00   98.99
19:58:23       3    0.00    0.00    0.00    0.00    0.00    0.00    0.00    0.00    0.00  100.00

19:58:23     CPU    %usr   %nice    %sys %iowait    %irq   %soft  %steal  %guest  %gnice   %idle
19:58:24     all    0.00    0.00    1.01    0.00    0.00    0.00    0.00    0.00    0.00   98.99
19:58:24       0    0.00    0.00    2.02    0.00    0.00    0.00    0.00    0.00    0.00   97.98
19:58:24       1    0.00    0.00    0.00    0.00    0.00    0.00    0.00    0.00    0.00  100.00
19:58:24       2    0.00    0.00    1.02    0.00    0.00    0.00    0.00    0.00    0.00   98.98
19:58:24       3    0.00    0.00    1.00    0.00    0.00    0.00    0.00    0.00    0.00   99.00

19:58:24     CPU    %usr   %nice    %sys %iowait    %irq   %soft  %steal  %guest  %gnice   %idle
19:58:25     all    0.25    0.00    1.01    0.00    0.00    0.25    0.00    0.00    0.00   98.49
19:58:25       0    0.00    0.00    1.00    0.00    0.00    0.00    0.00    0.00    0.00   99.00
19:58:25       1    1.00    0.00    0.00    0.00    0.00    1.00    0.00    0.00    0.00   98.00
19:58:25       2    0.00    0.00    2.02    0.00    0.00    0.00    0.00    0.00    0.00   97.98
19:58:25       3    0.00    0.00    1.01    0.00    0.00    0.00    0.00    0.00    0.00   98.99

19:58:25     CPU    %usr   %nice    %sys %iowait    %irq   %soft  %steal  %guest  %gnice   %idle
19:58:26     all    2.52    0.00    4.53    0.00    0.00    0.00    0.00    0.00    0.00   92.95
19:58:26       0    2.97    0.00    4.95    0.00    0.00    0.00    0.00    0.00    0.00   92.08
19:58:26       1    2.00    0.00    5.00    0.00    0.00    0.00    0.00    0.00    0.00   93.00
19:58:26       2    1.02    0.00    4.08    0.00    0.00    0.00    0.00    0.00    0.00   94.90
19:58:26       3    4.08    0.00    4.08    0.00    0.00    0.00    0.00    0.00    0.00   91.84

19:58:26     CPU    %usr   %nice    %sys %iowait    %irq   %soft  %steal  %guest  %gnice   %idle
19:58:27     all    0.50    0.00    1.01    0.00    0.00    0.00    0.00    0.00    0.00   98.49
19:58:27       0    1.00    0.00    1.00    0.00    0.00    0.00    0.00    0.00    0.00   98.00
19:58:27       1    1.01    0.00    0.00    0.00    0.00    0.00    0.00    0.00    0.00   98.99
19:58:27       2    0.00    0.00    2.00    0.00    0.00    0.00    0.00    0.00    0.00   98.00
19:58:27       3    0.00    0.00    1.01    0.00    0.00    0.00    0.00    0.00    0.00   98.99

19:58:27     CPU    %usr   %nice    %sys %iowait    %irq   %soft  %steal  %guest  %gnice   %idle
19:58:28     all    0.00    0.00    0.76    0.00    0.00    0.00    0.00    0.00    0.00   99.24
19:58:28       0    0.00    0.00    0.00    0.00    0.00    0.00    0.00    0.00    0.00  100.00
19:58:28       1    0.00    0.00    2.02    0.00    0.00    0.00    0.00    0.00    0.00   97.98
19:58:28       2    0.00    0.00    0.00    0.00    0.00    0.00    0.00    0.00    0.00  100.00
19:58:28       3    0.00    0.00    1.02    0.00    0.00    0.00    0.00    0.00    0.00   98.98

19:58:28     CPU    %usr   %nice    %sys %iowait    %irq   %soft  %steal  %guest  %gnice   %idle
19:58:29     all    0.25    0.00    1.26    0.25    0.00    0.00    0.00    0.00    0.00   98.24
19:58:29       0    0.00    0.00    1.01    1.01    0.00    0.00    0.00    0.00    0.00   97.98
19:58:29       1    0.00    0.00    1.02    0.00    0.00    0.00    0.00    0.00    0.00   98.98
19:58:29       2    1.00    0.00    1.00    0.00    0.00    0.00    0.00    0.00    0.00   98.00
19:58:29       3    0.00    0.00    2.00    0.00    0.00    0.00    0.00    0.00    0.00   98.00

19:58:29     CPU    %usr   %nice    %sys %iowait    %irq   %soft  %steal  %guest  %gnice   %idle
19:58:30     all    0.76    0.00    0.25    0.00    0.00    0.00    0.00    0.00    0.00   98.99
19:58:30       0    0.00    0.00    0.00    0.00    0.00    0.00    0.00    0.00    0.00  100.00
19:58:30       1    1.00    0.00    1.00    0.00    0.00    0.00    0.00    0.00    0.00   98.00
19:58:30       2    0.00    0.00    0.00    0.00    0.00    0.00    0.00    0.00    0.00  100.00
19:58:30       3    2.00    0.00    0.00    0.00    0.00    0.00    0.00    0.00    0.00   98.00

19:58:30     CPU    %usr   %nice    %sys %iowait    %irq   %soft  %steal  %guest  %gnice   %idle
19:58:31     all    2.76    0.00    4.27    0.00    0.00    0.25    0.00    0.00    0.00   92.71
19:58:31       0    1.96    0.00    4.90    0.00    0.00    0.98    0.00    0.00    0.00   92.16
19:58:31       1    1.02    0.00    6.12    0.00    0.00    0.00    0.00    0.00    0.00   92.86
19:58:31       2    6.06    0.00    4.04    0.00    0.00    0.00    0.00    0.00    0.00   89.90
19:58:31       3    2.02    0.00    2.02    0.00    0.00    0.00    0.00    0.00    0.00   95.96

19:58:31     CPU    %usr   %nice    %sys %iowait    %irq   %soft  %steal  %guest  %gnice   %idle
19:58:32     all    0.25    0.00    0.51    0.00    0.00    0.00    0.00    0.00    0.00   99.24
19:58:32       0    0.00    0.00    0.00    0.00    0.00    0.00    0.00    0.00    0.00  100.00
19:58:32       1    1.00    0.00    1.00    0.00    0.00    0.00    0.00    0.00    0.00   98.00
19:58:32       2    0.00    0.00    0.00    0.00    0.00    0.00    0.00    0.00    0.00  100.00
19:58:32       3    0.00    0.00    1.00    0.00    0.00    0.00    0.00    0.00    0.00   99.00

19:58:32     CPU    %usr   %nice    %sys %iowait    %irq   %soft  %steal  %guest  %gnice   %idle
19:58:33     all    0.25    0.00    0.51    0.00    0.00    0.25    0.00    0.00    0.00   98.99
19:58:33       0    0.00    0.00    1.98    0.00    0.00    0.99    0.00    0.00    0.00   97.03
19:58:33       1    0.00    0.00    0.00    0.00    0.00    0.00    0.00    0.00    0.00  100.00
19:58:33       2    0.00    0.00    0.00    0.00    0.00    0.00    0.00    0.00    0.00  100.00
19:58:33       3    1.01    0.00    0.00    0.00    0.00    0.00    0.00    0.00    0.00   98.99

19:58:33     CPU    %usr   %nice    %sys %iowait    %irq   %soft  %steal  %guest  %gnice   %idle
19:58:34     all    0.51    0.00    0.76    0.00    0.00    0.00    0.00    0.00    0.00   98.74
19:58:34       0    0.00    0.00    0.00    0.00    0.00    0.00    0.00    0.00    0.00  100.00
19:58:34       1    1.00    0.00    3.00    0.00    0.00    0.00    0.00    0.00    0.00   96.00
19:58:34       2    1.01    0.00    0.00    0.00    0.00    0.00    0.00    0.00    0.00   98.99
19:58:34       3    0.00    0.00    0.00    0.00    0.00    0.00    0.00    0.00    0.00  100.00

19:58:34     CPU    %usr   %nice    %sys %iowait    %irq   %soft  %steal  %guest  %gnice   %idle
19:58:35     all    0.25    0.00    0.51    0.00    0.00    0.00    0.00    0.00    0.00   99.24
19:58:35       0    1.00    0.00    0.00    0.00    0.00    0.00    0.00    0.00    0.00   99.00
19:58:35       1    0.00    0.00    2.02    0.00    0.00    0.00    0.00    0.00    0.00   97.98
19:58:35       2    0.00    0.00    0.00    0.00    0.00    0.00    0.00    0.00    0.00  100.00
19:58:35       3    0.00    0.00    0.00    0.00    0.00    0.00    0.00    0.00    0.00  100.00

19:58:35     CPU    %usr   %nice    %sys %iowait    %irq   %soft  %steal  %guest  %gnice   %idle
19:58:36     all    3.28    0.00    3.28    0.00    0.00    0.00    0.00    0.00    0.00   93.43
19:58:36       0    2.02    0.00    2.02    0.00    0.00    0.00    0.00    0.00    0.00   95.96
19:58:36       1    4.08    0.00    2.04    0.00    0.00    0.00    0.00    0.00    0.00   93.88
19:58:36       2    2.00    0.00    5.00    0.00    0.00    0.00    0.00    0.00    0.00   93.00
19:58:36       3    5.05    0.00    4.04    0.00    0.00    0.00    0.00    0.00    0.00   90.91

19:58:36     CPU    %usr   %nice    %sys %iowait    %irq   %soft  %steal  %guest  %gnice   %idle
19:58:37     all    0.00    0.00    0.26    0.00    0.00    0.00    0.00    0.00    0.00   99.74
19:58:37       0    0.00    0.00    0.00    0.00    0.00    0.00    0.00    0.00    0.00  100.00
19:58:37       1    0.00    0.00    0.00    0.00    0.00    0.00    0.00    0.00    0.00  100.00
19:58:37       2    0.00    0.00    0.00    0.00    0.00    0.00    0.00    0.00    0.00  100.00
19:58:37       3    0.00    0.00    1.01    0.00    0.00    0.00    0.00    0.00    0.00   98.99

19:58:37     CPU    %usr   %nice    %sys %iowait    %irq   %soft  %steal  %guest  %gnice   %idle
19:58:38     all    0.25    0.00    1.50    0.00    0.00    0.25    0.00    0.00    0.00   98.00
19:58:38       0    0.00    0.00    1.98    0.00    0.00    0.00    0.00    0.00    0.00   98.02
19:58:38       1    0.99    0.00    0.99    0.00    0.00    0.99    0.00    0.00    0.00   97.03
19:58:38       2    0.00    0.00    2.00    0.00    0.00    0.00    0.00    0.00    0.00   98.00
19:58:38       3    0.00    0.00    1.01    0.00    0.00    0.00    0.00    0.00    0.00   98.99

19:58:38     CPU    %usr   %nice    %sys %iowait    %irq   %soft  %steal  %guest  %gnice   %idle
19:58:39     all    0.25    0.00    0.51    0.00    0.00    0.00    0.00    0.00    0.00   99.24
19:58:39       0    0.00    0.00    0.00    0.00    0.00    0.00    0.00    0.00    0.00  100.00
19:58:39       1    0.00    0.00    1.00    0.00    0.00    0.00    0.00    0.00    0.00   99.00
19:58:39       2    0.00    0.00    0.00    0.00    0.00    0.00    0.00    0.00    0.00  100.00
19:58:39       3    1.01    0.00    1.01    0.00    0.00    0.00    0.00    0.00    0.00   97.98

19:58:39     CPU    %usr   %nice    %sys %iowait    %irq   %soft  %steal  %guest  %gnice   %idle
19:58:40     all    0.25    0.00    1.01    0.00    0.00    0.00    0.00    0.00    0.00   98.74
19:58:40       0    0.00    0.00    0.00    0.00    0.00    0.00    0.00    0.00    0.00  100.00
19:58:40       1    1.00    0.00    0.00    0.00    0.00    0.00    0.00    0.00    0.00   99.00
19:58:40       2    0.00    0.00    2.02    0.00    0.00    0.00    0.00    0.00    0.00   97.98
19:58:40       3    0.00    0.00    2.00    0.00    0.00    0.00    0.00    0.00    0.00   98.00

19:58:40     CPU    %usr   %nice    %sys %iowait    %irq   %soft  %steal  %guest  %gnice   %idle
19:58:41     all    3.54    0.00    3.80    0.00    0.00    0.25    0.00    0.00    0.00   92.41
19:58:41       0    3.03    0.00    4.04    0.00    0.00    0.00    0.00    0.00    0.00   92.93
19:58:41       1    6.12    0.00    2.04    0.00    0.00    0.00    0.00    0.00    0.00   91.84
19:58:41       2    2.02    0.00    5.05    0.00    0.00    1.01    0.00    0.00    0.00   91.92
19:58:41       3    3.03    0.00    4.04    0.00    0.00    0.00    0.00    0.00    0.00   92.93

19:58:41     CPU    %usr   %nice    %sys %iowait    %irq   %soft  %steal  %guest  %gnice   %idle
19:58:42     all    0.25    0.00    1.01    0.00    0.00    0.00    0.00    0.00    0.00   98.74
19:58:42       0    0.00    0.00    0.00    0.00    0.00    0.00    0.00    0.00    0.00  100.00
19:58:42       1    0.00    0.00    2.97    0.00    0.00    0.00    0.00    0.00    0.00   97.03
19:58:42       2    1.00    0.00    1.00    0.00    0.00    0.00    0.00    0.00    0.00   98.00
19:58:42       3    0.00    0.00    0.00    0.00    0.00    0.00    0.00    0.00    0.00  100.00

19:58:42     CPU    %usr   %nice    %sys %iowait    %irq   %soft  %steal  %guest  %gnice   %idle
19:58:43     all    0.50    0.00    1.26    0.00    0.00    0.00    0.00    0.00    0.00   98.24
19:58:43       0    0.00    0.00    2.00    0.00    0.00    0.00    0.00    0.00    0.00   98.00
19:58:43       1    1.01    0.00    1.01    0.00    0.00    0.00    0.00    0.00    0.00   97.98
19:58:43       2    0.00    0.00    1.01    0.00    0.00    0.00    0.00    0.00    0.00   98.99
19:58:43       3    1.00    0.00    1.00    0.00    0.00    0.00    0.00    0.00    0.00   98.00

19:58:43     CPU    %usr   %nice    %sys %iowait    %irq   %soft  %steal  %guest  %gnice   %idle
19:58:44     all    0.25    0.00    1.26    0.25    0.00    0.00    0.00    0.00    0.00   98.24
19:58:44       0    1.01    0.00    0.00    0.00    0.00    0.00    0.00    0.00    0.00   98.99
19:58:44       1    0.00    0.00    1.01    1.01    0.00    0.00    0.00    0.00    0.00   97.98
19:58:44       2    0.00    0.00    1.01    0.00    0.00    0.00    0.00    0.00    0.00   98.99
19:58:44       3    0.00    0.00    3.00    0.00    0.00    0.00    0.00    0.00    0.00   97.00

19:58:44     CPU    %usr   %nice    %sys %iowait    %irq   %soft  %steal  %guest  %gnice   %idle
19:58:45     all    0.50    0.00    1.00    0.00    0.00    0.25    0.00    0.00    0.00   98.25
19:58:45       0    0.99    0.00    0.00    0.00    0.00    0.99    0.00    0.00    0.00   98.02
19:58:45       1    0.00    0.00    1.01    0.00    0.00    0.00    0.00    0.00    0.00   98.99
19:58:45       2    0.00    0.00    1.01    0.00    0.00    0.00    0.00    0.00    0.00   98.99
19:58:45       3    0.99    0.00    1.98    0.00    0.00    0.00    0.00    0.00    0.00   97.03

19:58:45     CPU    %usr   %nice    %sys %iowait    %irq   %soft  %steal  %guest  %gnice   %idle
19:58:46     all    3.02    0.00    4.02    0.00    0.00    0.00    0.00    0.00    0.00   92.96
19:58:46       0    3.00    0.00    5.00    0.00    0.00    0.00    0.00    0.00    0.00   92.00
19:58:46       1    3.00    0.00    5.00    0.00    0.00    0.00    0.00    0.00    0.00   92.00
19:58:46       2    2.00    0.00    2.00    0.00    0.00    0.00    0.00    0.00    0.00   96.00
19:58:46       3    4.08    0.00    4.08    0.00    0.00    0.00    0.00    0.00    0.00   91.84

19:58:46     CPU    %usr   %nice    %sys %iowait    %irq   %soft  %steal  %guest  %gnice   %idle
19:58:47     all    0.25    0.00    1.52    0.00    0.00    0.00    0.00    0.00    0.00   98.23
19:58:47       0    0.00    0.00    2.02    0.00    0.00    0.00    0.00    0.00    0.00   97.98
19:58:47       1    0.00    0.00    1.02    0.00    0.00    0.00    0.00    0.00    0.00   98.98
19:58:47       2    1.01    0.00    1.01    0.00    0.00    0.00    0.00    0.00    0.00   97.98
19:58:47       3    0.00    0.00    2.00    0.00    0.00    0.00    0.00    0.00    0.00   98.00

19:58:47     CPU    %usr   %nice    %sys %iowait    %irq   %soft  %steal  %guest  %gnice   %idle
19:58:48     all    0.25    0.00    1.50    0.00    0.00    0.00    0.00    0.00    0.00   98.25
19:58:48       0    0.00    0.00    0.00    0.00    0.00    0.00    0.00    0.00    0.00  100.00
19:58:48       1    0.00    0.00    2.02    0.00    0.00    0.00    0.00    0.00    0.00   97.98
19:58:48       2    0.98    0.00    1.96    0.00    0.00    0.00    0.00    0.00    0.00   97.06
19:58:48       3    0.00    0.00    2.00    0.00    0.00    0.00    0.00    0.00    0.00   98.00

19:58:48     CPU    %usr   %nice    %sys %iowait    %irq   %soft  %steal  %guest  %gnice   %idle
19:58:49     all    0.00    0.00    0.76    0.00    0.00    0.00    0.00    0.00    0.00   99.24
19:58:49       0    0.00    0.00    1.01    0.00    0.00    0.00    0.00    0.00    0.00   98.99
19:58:49       1    0.00    0.00    0.00    0.00    0.00    0.00    0.00    0.00    0.00  100.00
19:58:49       2    0.00    0.00    1.01    0.00    0.00    0.00    0.00    0.00    0.00   98.99
19:58:49       3    0.00    0.00    1.01    0.00    0.00    0.00    0.00    0.00    0.00   98.99

19:58:49     CPU    %usr   %nice    %sys %iowait    %irq   %soft  %steal  %guest  %gnice   %idle
19:58:50     all    0.00    0.00    1.01    0.00    0.00    0.00    0.00    0.00    0.00   98.99
19:58:50       0    0.00    0.00    0.00    0.00    0.00    0.00    0.00    0.00    0.00  100.00
19:58:50       1    0.00    0.00    0.00    0.00    0.00    0.00    0.00    0.00    0.00  100.00
19:58:50       2    0.00    0.00    1.00    0.00    0.00    0.00    0.00    0.00    0.00   99.00
19:58:50       3    0.00    0.00    3.00    0.00    0.00    0.00    0.00    0.00    0.00   97.00

19:58:50     CPU    %usr   %nice    %sys %iowait    %irq   %soft  %steal  %guest  %gnice   %idle
19:58:51     all    0.75    0.00    1.25    0.00    0.00    0.00    0.00    0.00    0.00   97.99
19:58:51       0    0.99    0.00    1.98    0.00    0.00    0.00    0.00    0.00    0.00   97.03
19:58:51       1    1.00    0.00    1.00    0.00    0.00    0.00    0.00    0.00    0.00   98.00
19:58:51       2    0.00    0.00    0.00    0.00    0.00    0.00    0.00    0.00    0.00  100.00
19:58:51       3    1.00    0.00    2.00    0.00    0.00    0.00    0.00    0.00    0.00   97.00

19:58:51     CPU    %usr   %nice    %sys %iowait    %irq   %soft  %steal  %guest  %gnice   %idle
19:58:52     all    2.78    0.00    4.29    0.00    0.00    0.00    0.00    0.00    0.00   92.93
19:58:52       0    2.06    0.00    3.09    0.00    0.00    0.00    0.00    0.00    0.00   94.85
19:58:52       1    5.00    0.00    5.00    0.00    0.00    0.00    0.00    0.00    0.00   90.00
19:58:52       2    1.02    0.00    3.06    0.00    0.00    0.00    0.00    0.00    0.00   95.92
19:58:52       3    2.97    0.00    5.94    0.00    0.00    0.00    0.00    0.00    0.00   91.09

19:58:52     CPU    %usr   %nice    %sys %iowait    %irq   %soft  %steal  %guest  %gnice   %idle
19:58:53     all    0.25    0.00    1.50    0.00    0.00    0.00    0.25    0.00    0.00   97.99
19:58:53       0    0.00    0.00    1.00    0.00    0.00    0.00    1.00    0.00    0.00   98.00
19:58:53       1    0.00    0.00    2.00    0.00    0.00    0.00    0.00    0.00    0.00   98.00
19:58:53       2    1.01    0.00    0.00    0.00    0.00    0.00    0.00    0.00    0.00   98.99
19:58:53       3    0.00    0.00    3.00    0.00    0.00    0.00    0.00    0.00    0.00   97.00

19:58:53     CPU    %usr   %nice    %sys %iowait    %irq   %soft  %steal  %guest  %gnice   %idle
19:58:54     all    0.25    0.00    0.51    0.00    0.00    0.00    0.00    0.00    0.00   99.24
19:58:54       0    0.00    0.00    1.02    0.00    0.00    0.00    0.00    0.00    0.00   98.98
19:58:54       1    1.01    0.00    0.00    0.00    0.00    0.00    0.00    0.00    0.00   98.99
19:58:54       2    0.00    0.00    0.00    0.00    0.00    0.00    0.00    0.00    0.00  100.00
19:58:54       3    0.00    0.00    1.01    0.00    0.00    0.00    0.00    0.00    0.00   98.99

19:58:54     CPU    %usr   %nice    %sys %iowait    %irq   %soft  %steal  %guest  %gnice   %idle
19:58:55     all    0.75    0.00    1.26    0.00    0.00    0.00    0.00    0.00    0.00   97.99
19:58:55       0    1.96    0.00    1.96    0.00    0.00    0.00    0.00    0.00    0.00   96.08
19:58:55       1    0.00    0.00    1.01    0.00    0.00    0.00    0.00    0.00    0.00   98.99
19:58:55       2    1.01    0.00    1.01    0.00    0.00    0.00    0.00    0.00    0.00   97.98
19:58:55       3    0.00    0.00    1.02    0.00    0.00    0.00    0.00    0.00    0.00   98.98

19:58:55     CPU    %usr   %nice    %sys %iowait    %irq   %soft  %steal  %guest  %gnice   %idle
19:58:56     all    0.25    0.00    2.00    0.00    0.00    0.00    0.00    0.00    0.00   97.76
19:58:56       0    0.00    0.00    2.97    0.00    0.00    0.00    0.00    0.00    0.00   97.03
19:58:56       1    0.00    0.00    2.00    0.00    0.00    0.00    0.00    0.00    0.00   98.00
19:58:56       2    0.98    0.00    1.96    0.00    0.00    0.00    0.00    0.00    0.00   97.06
19:58:56       3    0.00    0.00    1.02    0.00    0.00    0.00    0.00    0.00    0.00   98.98

19:58:56     CPU    %usr   %nice    %sys %iowait    %irq   %soft  %steal  %guest  %gnice   %idle
19:58:57     all    3.54    0.00    3.29    0.00    0.00    0.00    0.00    0.00    0.00   93.16
19:58:57       0    4.04    0.00    4.04    0.00    0.00    0.00    0.00    0.00    0.00   91.92
19:58:57       1    5.10    0.00    3.06    0.00    0.00    0.00    0.00    0.00    0.00   91.84
19:58:57       2    2.06    0.00    0.00    0.00    0.00    0.00    0.00    0.00    0.00   97.94
19:58:57       3    2.97    0.00    5.94    0.00    0.00    0.00    0.00    0.00    0.00   91.09

19:58:57     CPU    %usr   %nice    %sys %iowait    %irq   %soft  %steal  %guest  %gnice   %idle
19:58:58     all    0.25    0.00    0.76    0.00    0.00    0.00    0.00    0.00    0.00   98.99
19:58:58       0    0.00    0.00    0.00    0.00    0.00    0.00    0.00    0.00    0.00  100.00
19:58:58       1    0.00    0.00    2.02    0.00    0.00    0.00    0.00    0.00    0.00   97.98
19:58:58       2    1.00    0.00    1.00    0.00    0.00    0.00    0.00    0.00    0.00   98.00
19:58:58       3    0.00    0.00    0.00    0.00    0.00    0.00    0.00    0.00    0.00  100.00

19:58:58     CPU    %usr   %nice    %sys %iowait    %irq   %soft  %steal  %guest  %gnice   %idle
19:58:59     all    0.75    0.00    1.00    0.25    0.00    0.00    0.00    0.00    0.00   97.99
19:58:59       0    0.99    0.00    1.98    0.00    0.00    0.00    0.00    0.00    0.00   97.03
19:58:59       1    0.00    0.00    1.00    1.00    0.00    0.00    0.00    0.00    0.00   98.00
19:58:59       2    1.01    0.00    1.01    0.00    0.00    0.00    0.00    0.00    0.00   97.98
19:58:59       3    1.01    0.00    0.00    0.00    0.00    0.00    0.00    0.00    0.00   98.99
