19:35:29         ens3    125.00    108.00     41.52     21.65      0.00      0.00      0.00      0.00
19:35:30         ens3    120.00    111.00     27.38     26.46      0.00      0.00      0.00      0.00
19:35:31         ens3    126.00    104.00     28.29     24.25      0.00      0.00      0.00      0.00
19:35:32         ens3     75.00     49.00     32.24     32.87      0.00      0.00      0.00      0.00
19:35:33         ens3    161.00    136.00     39.71     34.05      0.00      0.00      0.00      0.00
19:35:34         ens3     92.00     69.00     33.22     38.95      0.00      0.00      0.00      0.00
19:35:35         ens3     96.00     87.00     29.63     30.76      0.00      0.00      0.00      0.00
19:35:36         ens3    105.00     97.00     22.35     21.26      0.00      0.00      0.00      0.00
19:35:37         ens3    111.00    100.00     30.54     35.48      0.00      0.00      0.00      0.00
19:35:38         ens3      8.00      6.00      1.17      1.37      0.00      0.00      0.00      0.00
19:35:39         ens3     12.87      7.92      1.44      1.08      0.00      0.00      0.00      0.00
19:35:40         ens3     13.00      8.00      2.75      1.08      0.00      0.00      0.00      0.00
19:35:41         ens3     11.00      4.00      1.22      0.59      0.00      0.00      0.00      0.00
19:35:42         ens3     13.00      8.00      3.75      1.94      0.00      0.00      0.00      0.00
19:35:43         ens3     25.00     18.00      5.69      5.67      0.00      0.00      0.00      0.00
19:35:44         ens3     22.00      8.00      2.84      1.07      0.00      0.00      0.00      0.00
19:35:45         ens3      8.00      6.00      0.84      0.90      0.00      0.00      0.00      0.00
19:35:46         ens3     17.00      6.00      3.06      0.97      0.00      0.00      0.00      0.00
19:35:47         ens3     12.00      7.00      1.14      1.33      0.00      0.00      0.00      0.00
19:35:48         ens3     13.00      7.00      1.38      1.01      0.00      0.00      0.00      0.00
19:35:49         ens3     20.00     10.00      3.30      1.48      0.00      0.00      0.00      0.00
19:35:50         ens3      6.00      5.00      0.69      0.73      0.00      0.00      0.00      0.00
19:35:51         ens3     10.00      4.00      1.07      0.59      0.00      0.00      0.00      0.00
19:35:52         ens3     13.00      5.00      2.69      0.74      0.00      0.00      0.00      0.00
19:35:53         ens3      9.00      7.00      0.88      0.92      0.00      0.00      0.00      0.00
19:35:54         ens3     31.00      7.00      4.62      0.92      0.00      0.00      0.00      0.00
19:35:55         ens3     22.00      4.00      4.32      0.59      0.00      0.00      0.00      0.00
19:35:56         ens3     10.00      4.00      1.08      0.59      0.00      0.00      0.00      0.00
19:35:57         ens3      6.00      3.00      0.69      0.44      0.00      0.00      0.00      0.00
19:35:58         ens3      8.00      4.00      2.17      0.59      0.00      0.00      0.00      0.00
19:35:59         ens3     10.00      8.00      1.06      1.06      0.00      0.00      0.00      0.00
19:36:00         ens3      7.00      6.00      0.76      0.73      0.00      0.00      0.00      0.00
19:36:01         ens3     12.00      3.00      2.56      0.44      0.00      0.00      0.00      0.00
19:36:02         ens3      6.00      4.00      0.68      0.59      0.00      0.00      0.00      0.00
19:36:03         ens3      6.00      4.00      0.68      0.59      0.00      0.00      0.00      0.00
19:36:04         ens3     11.00      6.00      2.46      0.86      0.00      0.00      0.00      0.00
19:36:05         ens3     10.00      8.00      0.96      0.96      0.00      0.00      0.00      0.00
19:36:06         ens3     10.00      4.00      1.07      0.59      0.00      0.00      0.00      0.00
19:36:07         ens3      8.00      4.00      2.17      0.59      0.00      0.00      0.00      0.00
19:36:08         ens3      6.00      4.00      0.68      0.59      0.00      0.00      0.00      0.00
19:36:09         ens3     11.00      7.00      1.21      0.92      0.00      0.00      0.00      0.00
19:36:10         ens3     10.00      6.00      2.37      0.88      0.00      0.00      0.00      0.00
19:36:11         ens3     10.00      4.00      1.07      0.59      0.00      0.00      0.00      0.00
19:36:12         ens3      6.00      4.00      0.68      0.59      0.00      0.00      0.00      0.00
19:36:13         ens3      8.00      4.00      2.17      0.59      0.00      0.00      0.00      0.00
19:36:14         ens3      9.00      6.00      0.98      0.86      0.00      0.00      0.00      0.00
19:36:15         ens3     11.00      7.00      1.37      1.04      0.00      0.00      0.00      0.00
19:36:16         ens3     10.00      2.00      2.37      0.30      0.00      0.00      0.00      0.00
19:36:17         ens3      6.00      4.00      0.69      0.59      0.00      0.00      0.00      0.00
19:36:18         ens3     10.00      5.00      1.27      0.74      0.00      0.00      0.00      0.00
19:36:19         ens3     11.00      6.00      2.46      0.86      0.00      0.00      0.00      0.00
19:36:20         ens3      8.00      6.00      0.88      0.88      0.00      0.00      0.00      0.00
19:36:21         ens3      8.00      2.00      0.88      0.30      0.00      0.00      0.00      0.00
19:36:22         ens3      8.00      4.00      2.18      0.59      0.00      0.00      0.00      0.00
19:36:23         ens3      6.00      4.00      0.68      0.59      0.00      0.00      0.00      0.00
19:36:24         ens3     12.00      7.00      1.31      0.92      0.00      0.00      0.00      0.00
19:36:25         ens3     11.00      6.00      2.60      0.88      0.00      0.00      0.00      0.00
19:36:26         ens3     10.00      3.00      1.04      0.39      0.00      0.00      0.00      0.00
19:36:27         ens3     10.00      6.00      0.99      0.78      0.00      0.00      0.00      0.00
19:36:28         ens3     14.00      8.00      2.84      1.04      0.00      0.00      0.00      0.00
19:36:29         ens3     10.00      7.00      1.06      0.92      0.00      0.00      0.00      0.00
19:36:30         ens3      6.00      4.00      0.68      0.59      0.00      0.00      0.00      0.00
19:36:31         ens3     15.00      4.00      3.12      0.59      0.00      0.00      0.00      0.00
19:36:32         ens3     11.00      6.00      1.39      1.02      0.00      0.00      0.00      0.00
19:36:33         ens3      7.00      4.00      0.76      0.59      0.00      0.00      0.00      0.00
19:36:34         ens3     17.00     16.00      2.83      3.23      0.00      0.00      0.00      0.00
19:36:35         ens3      7.00      4.00      0.76      0.59      0.00      0.00      0.00      0.00
19:36:36         ens3     13.00      6.00      1.42      0.88      0.00      0.00      0.00      0.00
19:36:37         ens3      8.00      4.00      2.17      0.59      0.00      0.00      0.00      0.00
19:36:38         ens3      7.00      4.00      0.84      0.59      0.00      0.00      0.00      0.00
19:36:39         ens3     13.00      8.00      1.29      1.18      0.00      0.00      0.00      0.00
19:36:40         ens3     10.00      6.00      2.38      1.05      0.00      0.00      0.00      0.00
19:36:41         ens3     12.00      6.00      1.26      0.89      0.00      0.00      0.00      0.00
19:36:42         ens3      6.00      4.00      0.68      0.59      0.00      0.00      0.00      0.00
19:36:43         ens3      8.00      4.00      2.17      0.59      0.00      0.00      0.00      0.00
19:36:44         ens3     10.00      7.00      1.06      0.92      0.00      0.00      0.00      0.00
19:36:45         ens3      6.00      4.00      0.68      0.59      0.00      0.00      0.00      0.00
19:36:46         ens3     19.00      6.00      3.66      0.93      0.00      0.00      0.00      0.00
19:36:47         ens3     14.00      2.00      2.13      0.30      0.00      0.00      0.00      0.00
19:36:48         ens3     10.00      4.00      1.40      0.60      0.00      0.00      0.00      0.00
19:36:49         ens3     16.00      8.00      3.08      1.09      0.00      0.00      0.00      0.00
19:36:50         ens3     17.00      4.00      2.41      0.60      0.00      0.00      0.00      0.00
19:36:51         ens3     13.00      6.00      1.43      0.89      0.00      0.00      0.00      0.00
19:36:52         ens3  33033.00  38189.00  10043.55 392573.11      0.00      0.00      0.00      0.00
19:36:53         ens3  43342.00  70098.00  14471.29 587415.98      0.00      0.00      0.00      0.00
19:36:54         ens3  42070.00  64741.00  14387.98 588494.90      0.00      0.00      0.00      0.00
19:36:55         ens3  42306.00  67796.00  14395.94 587608.55      0.00      0.00      0.00      0.00
19:36:56         ens3  45391.00  67361.00  14611.78 588925.72      0.00      0.00      0.00      0.00
19:36:57         ens3  46936.00  73158.00  14700.44 587826.72      0.00      0.00      0.00      0.00
19:36:58         ens3  49226.00  76778.00  14851.69 589245.43      0.00      0.00      0.00      0.00
19:36:59         ens3  47244.00  73613.00  14725.35 587821.00      0.00      0.00      0.00      0.00
19:37:00         ens3  45371.00  77907.00  14595.88 589114.33      0.00      0.00      0.00      0.00
19:37:01         ens3  45522.00  74174.00  14619.28 587864.18      0.00      0.00      0.00      0.00
19:37:02         ens3  44279.00  71718.00  14522.00 589428.78      0.00      0.00      0.00      0.00
19:37:03         ens3  42703.00  68108.00  14434.22 588249.44      0.00      0.00      0.00      0.00
19:37:04         ens3  41446.00  67573.00  14351.81 587786.64      0.00      0.00      0.00      0.00
19:37:05         ens3  40836.00  64137.00  14305.50 588079.81      0.00      0.00      0.00      0.00
19:37:06         ens3  41077.00  66483.00  14319.27 587102.16      0.00      0.00      0.00      0.00
19:37:07         ens3  41081.00  63664.00  14323.95 589033.45      0.00      0.00      0.00      0.00
19:37:08         ens3  41573.00  62986.00  14357.56 587736.89      0.00      0.00      0.00      0.00
19:37:09         ens3  41175.00  63429.00  14328.79 588160.22      0.00      0.00      0.00      0.00
19:37:10         ens3  40079.00  64373.00  14265.03 587858.81      0.00      0.00      0.00      0.00
19:37:11         ens3  42106.00  62350.00  14385.97 587673.28      0.00      0.00      0.00      0.00
19:37:12         ens3  41698.00  58298.00  14358.18 587208.65      0.00      0.00      0.00      0.00
19:37:13         ens3  43636.00  50663.00  14490.30 587247.72      0.00      0.00      0.00      0.00
19:37:14         ens3  44054.00  47638.00  14515.75 586650.23      0.00      0.00      0.00      0.00
19:37:15         ens3  43787.00  44875.00  14502.85 586896.33      0.00      0.00      0.00      0.00
19:37:16         ens3  42657.00  43446.00  14425.67 586517.07      0.00      0.00      0.00      0.00
19:37:17         ens3  41200.00  44465.00  14326.23 586901.17      0.00      0.00      0.00      0.00
19:37:18         ens3  42209.00  45679.00  14389.76 586399.23      0.00      0.00      0.00      0.00
19:37:19         ens3  42945.00  45048.00  14451.43 586619.15      0.00      0.00      0.00      0.00
19:37:20         ens3  43833.00  42418.00  14497.07 586272.64      0.00      0.00      0.00      0.00
19:37:21         ens3  44147.00  44856.00  14524.59 587122.67      0.00      0.00      0.00      0.00
19:37:22         ens3  40274.00  40285.00  14272.82 587539.19      0.00      0.00      0.00      0.00
19:37:23         ens3  45665.00  46319.00  14616.58 586922.68      0.00      0.00      0.00      0.00
19:37:24         ens3  45423.00  44659.00  14611.04 586250.37      0.00      0.00      0.00      0.00
19:37:25         ens3  45389.00  46541.00  14594.55 586754.74      0.00      0.00      0.00      0.00
19:37:26         ens3  29843.00  31431.00   9687.44 390576.16      0.00      0.00      0.00      0.00
19:37:27         ens3      6.00      4.00      0.69      0.59      0.00      0.00      0.00      0.00
19:37:28         ens3      6.00      2.00      1.98      0.29      0.00      0.00      0.00      0.00
19:37:29         ens3     16.00     10.00      1.66      1.52      0.00      0.00      0.00      0.00
19:37:30         ens3      7.00      4.00      0.74      0.59      0.00      0.00      0.00      0.00
19:37:31         ens3     11.00      4.00      2.51      0.59      0.00      0.00      0.00      0.00
19:37:32         ens3     22.00      9.00      3.61      2.17      0.00      0.00      0.00      0.00
19:37:33         ens3      5.00      3.00      0.55      0.44      0.00      0.00      0.00      0.00
19:37:34         ens3     21.00     11.00      3.34      1.85      0.00      0.00      0.00      0.00
19:37:35         ens3      7.00      6.00      0.74      1.03      0.00      0.00      0.00      0.00
19:37:36         ens3      9.00      4.00      1.02      0.59      0.00      0.00      0.00      0.00
19:37:37         ens3     24.00      4.00      4.88      0.59      0.00      0.00      0.00      0.00
19:37:38         ens3     33.00      6.00      4.96      0.88      0.00      0.00      0.00      0.00
19:37:39         ens3     35.00      8.00      9.14      1.08      0.00      0.00      0.00      0.00
19:37:40         ens3     11.00      4.00      2.75      0.59      0.00      0.00      0.00      0.00
19:37:41         ens3      9.00      4.00      1.03      0.59      0.00      0.00      0.00      0.00
19:37:42         ens3      7.00      4.00      0.74      0.59      0.00      0.00      0.00      0.00
19:37:43         ens3     13.00      6.00      3.00      0.88      0.00      0.00      0.00      0.00
19:37:44         ens3      8.00      5.00      0.87      0.62      0.00      0.00      0.00      0.00
19:37:45         ens3      4.00      2.00      0.49      0.29      0.00      0.00      0.00      0.00
19:37:46         ens3      9.00      2.00      2.31      0.29      0.00      0.00      0.00      0.00
19:37:47         ens3      5.00      2.00      0.55      0.29      0.00      0.00      0.00      0.00
19:37:48         ens3      7.00      4.00      0.93      0.59      0.00      0.00      0.00      0.00
19:37:49         ens3     14.00      6.00      2.88      0.79      0.00      0.00      0.00      0.00
19:37:50         ens3     11.00      5.00      1.13      0.90      0.00      0.00      0.00      0.00
19:37:51         ens3     11.00      3.00      1.21      0.65      0.00      0.00      0.00      0.00
19:37:52         ens3     13.00      8.00      2.46      1.35      0.00      0.00      0.00      0.00
19:37:53         ens3     10.00      6.00      0.99      1.14      0.00      0.00      0.00      0.00
19:37:54         ens3     11.00      8.00      1.06      0.96      0.00      0.00      0.00      0.00
19:37:55         ens3     24.00      2.00      4.62      0.29      0.00      0.00      0.00      0.00
19:37:56         ens3  14705.00  14720.00   4551.43 140464.97      0.00      0.00      0.00      0.00
19:37:57         ens3  48053.00  66184.00  14771.38 622830.54      0.00      0.00      0.00      0.00
19:37:58         ens3  52021.00  72904.00  15035.22 588544.41      0.00      0.00      0.00      0.00
19:37:59         ens3  52468.00  79712.00  15053.85 587161.48      0.00      0.00      0.00      0.00
19:38:00         ens3  48608.00  76137.00  14810.51 590373.14      0.00      0.00      0.00      0.00
19:38:01         ens3  47591.00  73554.00  14746.51 588006.38      0.00      0.00      0.00      0.00
19:38:02         ens3  53176.00  75265.00  15100.67 587958.28      0.00      0.00      0.00      0.00
19:38:03         ens3  56879.00  67362.00  15345.03 589191.80      0.00      0.00      0.00      0.00
19:38:04         ens3  56371.00  71220.00  15309.53 588467.32      0.00      0.00      0.00      0.00
19:38:05         ens3  61217.00  77483.00  15621.77 588235.58      0.00      0.00      0.00      0.00
19:38:06         ens3  58848.00  78575.00  15469.29 588734.28      0.00      0.00      0.00      0.00
19:38:07         ens3  56193.00  79011.00  15293.66 587862.26      0.00      0.00      0.00      0.00
19:38:08         ens3  53161.00  78662.00  15105.38 584746.16      0.00      0.00      0.00      0.00
19:38:09         ens3  52256.00  75760.00  15045.77 593865.14      0.00      0.00      0.00      0.00
19:38:10         ens3  52371.00  77669.00  15044.50 580004.59      0.00      0.00      0.00      0.00
19:38:11         ens3  52035.00  76723.00  15035.22 597519.13      0.00      0.00      0.00      0.00
19:38:12         ens3  49033.00  62423.00  14835.05 588246.47      0.00      0.00      0.00      0.00
19:38:13         ens3  50677.00  64620.00  14939.56 587573.38      0.00      0.00      0.00      0.00
19:38:14         ens3  48488.00  59350.00  14801.52 587891.55      0.00      0.00      0.00      0.00
19:38:15         ens3  50034.00  53389.00  14891.57 587137.71      0.00      0.00      0.00      0.00
19:38:16         ens3  49126.00  45345.00  14851.04 586639.31      0.00      0.00      0.00      0.00
19:38:17         ens3  50416.83  46680.20  14808.66 581095.80      0.00      0.00      0.00      0.00
19:38:18         ens3  49957.00  46318.00  14886.31 586576.17      0.00      0.00      0.00      0.00
19:38:19         ens3  48677.00  45640.00  14822.15 586549.74      0.00      0.00      0.00      0.00
19:38:20         ens3  48245.00  46466.00  14781.45 587183.86      0.00      0.00      0.00      0.00
19:38:21         ens3  44088.00  42733.00  14523.55 586194.98      0.00      0.00      0.00      0.00
19:38:22         ens3  50684.00  48823.00  14940.08 587129.32      0.00      0.00      0.00      0.00
19:38:23         ens3  49480.00  46685.00  14863.86 587077.75      0.00      0.00      0.00      0.00
19:38:24         ens3  44560.00  41950.00  14556.91 585938.61      0.00      0.00      0.00      0.00
19:38:25         ens3  49830.00  48126.00  14876.48 587247.02      0.00      0.00      0.00      0.00
19:38:26         ens3  44370.00  41984.00  14547.69 586260.98      0.00      0.00      0.00      0.00
19:38:27         ens3  49226.00  46996.00  14839.02 587051.16      0.00      0.00      0.00      0.00
19:38:28         ens3  47361.00  43438.00  14737.22 586356.61      0.00      0.00      0.00      0.00
19:38:29         ens3  49217.00  45300.00  14842.84 586720.15      0.00      0.00      0.00      0.00
19:38:30         ens3  53098.00  49662.00  15092.91 587112.70      0.00      0.00      0.00      0.00
19:38:31         ens3   1985.00   1774.00    534.55  20364.89      0.00      0.00      0.00      0.00
19:38:32         ens3     36.00     20.00      9.68      2.31      0.00      0.00      0.00      0.00
19:38:33         ens3     15.00     17.00      2.23      1.83      0.00      0.00      0.00      0.00
19:38:34         ens3     32.00     36.00      5.98      3.71      0.00      0.00      0.00      0.00
19:38:35         ens3     24.00     29.00      3.62      3.28      0.00      0.00      0.00      0.00
19:38:36         ens3     29.00     25.00      4.12      2.74      0.00      0.00      0.00      0.00
19:38:37         ens3     27.00     23.00      4.92      2.57      0.00      0.00      0.00      0.00
19:38:38         ens3      7.00      3.00      0.71      0.35      0.00      0.00      0.00      0.00
19:38:39         ens3      7.00      4.00      0.78      0.57      0.00      0.00      0.00      0.00
19:38:40         ens3      8.00      4.00      2.17      0.59      0.00      0.00      0.00      0.00
19:38:41         ens3      7.00      2.00      0.82      0.29      0.00      0.00      0.00      0.00
19:38:42         ens3      5.00      2.00      0.54      0.29      0.00      0.00      0.00      0.00
19:38:43         ens3      6.00      2.00      1.97      0.29      0.00      0.00      0.00      0.00
19:38:44         ens3      7.00      4.00      0.78      0.57      0.00      0.00      0.00      0.00
19:38:45         ens3      6.00      4.00      0.68      0.59      0.00      0.00      0.00      0.00
19:38:46         ens3      9.00      2.00      2.30      0.29      0.00      0.00      0.00      0.00
19:38:47         ens3      5.00      2.00      0.54      0.29      0.00      0.00      0.00      0.00
19:38:48         ens3      5.00      2.00      0.73      0.29      0.00      0.00      0.00      0.00
19:38:49         ens3     12.00      5.00      2.75      0.74      0.00      0.00      0.00      0.00
19:38:50         ens3      6.00      4.00      0.68      0.59      0.00      0.00      0.00      0.00
19:38:51         ens3      7.00      2.00      0.83      0.30      0.00      0.00      0.00      0.00
19:38:52         ens3      7.00      2.00      2.03      0.30      0.00      0.00      0.00      0.00
19:38:53         ens3      5.00      2.00      0.56      0.29      0.00      0.00      0.00      0.00
19:38:54         ens3      8.00      4.00      0.85      0.57      0.00      0.00      0.00      0.00
19:38:55         ens3      9.00      4.00      2.24      0.59      0.00      0.00      0.00      0.00
19:38:56         ens3     13.00      7.00      1.35      0.71      0.00      0.00      0.00      0.00
19:38:57         ens3      4.00      2.00      0.49      0.30      0.00      0.00      0.00      0.00
19:38:58         ens3      6.00      2.00      1.97      0.29      0.00      0.00      0.00      0.00
19:38:59         ens3      8.00      6.00      0.84      0.70      0.00      0.00      0.00      0.00
19:39:00         ens3      7.00      4.00      0.83      0.59      0.00      0.00      0.00      0.00
19:39:01         ens3      9.00      2.00      2.31      0.30      0.00      0.00      0.00      0.00
19:39:02         ens3      8.00      2.00      0.76      0.31      0.00      0.00      0.00      0.00
19:39:03         ens3      4.00      2.00      0.49      0.29      0.00      0.00      0.00      0.00
19:39:04         ens3     13.00      6.00      2.70      0.77      0.00      0.00      0.00      0.00
19:39:05         ens3      4.00      2.00      0.49      0.29      0.00      0.00      0.00      0.00
19:39:06         ens3      9.00      4.00      1.02      0.59      0.00      0.00      0.00      0.00
19:39:07         ens3      7.00      2.00      2.03      0.30      0.00      0.00      0.00      0.00
19:39:08         ens3      4.00      2.00      0.49      0.29      0.00      0.00      0.00      0.00
19:39:09         ens3     10.00      7.00      1.07      0.92      0.00      0.00      0.00      0.00
19:39:10         ens3      8.00      4.00      2.17      0.59      0.00      0.00      0.00      0.00
19:39:11         ens3     13.00     10.00      1.34      1.26      0.00      0.00      0.00      0.00
19:39:12         ens3      8.00      6.00      0.80      0.71      0.00      0.00      0.00      0.00
19:39:13         ens3      8.00      4.00      2.17      0.59      0.00      0.00      0.00      0.00
19:39:14         ens3     11.00      7.00      1.26      1.01      0.00      0.00      0.00      0.00
19:39:15         ens3     10.00      7.00      1.12      0.88      0.00      0.00      0.00      0.00
19:39:16         ens3     17.00      7.00      3.09      1.04      0.00      0.00      0.00      0.00
19:39:17         ens3      6.00      4.00      0.68      0.59      0.00      0.00      0.00      0.00
19:39:18         ens3      7.00      4.00      0.92      0.59      0.00      0.00      0.00      0.00
19:39:19         ens3     12.00      7.00      2.54      0.92      0.00      0.00      0.00      0.00
19:39:20         ens3      6.00      4.00      0.68      0.60      0.00      0.00      0.00      0.00
19:39:21         ens3     11.00      6.00      1.22      0.89      0.00      0.00      0.00      0.00
19:39:22         ens3      7.00      2.00      2.03      0.30      0.00      0.00      0.00      0.00
19:39:23         ens3      6.00      4.00      0.68      0.59      0.00      0.00      0.00      0.00
19:39:24         ens3      9.00      6.00      0.97      0.86      0.00      0.00      0.00      0.00
19:39:25         ens3      8.00      4.00      2.17      0.59      0.00      0.00      0.00      0.00
19:39:26         ens3     15.00      7.00      1.61      1.03      0.00      0.00      0.00      0.00
19:39:27         ens3      4.00      2.00      0.49      0.30      0.00      0.00      0.00      0.00
19:39:28         ens3      9.00      5.00      2.31      0.67      0.00      0.00      0.00      0.00
19:39:29         ens3     11.00      7.00      1.13      0.92      0.00      0.00      0.00      0.00
19:39:30         ens3      7.00      4.00      0.76      0.59      0.00      0.00      0.00      0.00
19:39:31         ens3     18.00      9.00      3.18      1.17      0.00      0.00      0.00      0.00
19:39:32         ens3      6.00      2.00      0.69      0.29      0.00      0.00      0.00      0.00
19:39:33         ens3      6.00      4.00      0.68      0.59      0.00      0.00      0.00      0.00
19:39:34         ens3     13.00      7.00      2.70      0.92      0.00      0.00      0.00      0.00
19:39:35         ens3      6.00      4.00      0.68      0.59      0.00      0.00      0.00      0.00
19:39:36         ens3     11.00      4.00      1.22      0.59      0.00      0.00      0.00      0.00
19:39:37         ens3      8.00      4.00      2.18      0.59      0.00      0.00      0.00      0.00
19:39:38         ens3      7.00      4.00      0.83      0.59      0.00      0.00      0.00      0.00
19:39:39         ens3      9.00      6.00      0.97      0.86      0.00      0.00      0.00      0.00
19:39:40         ens3      9.00      4.00      2.32      0.59      0.00      0.00      0.00      0.00
19:39:41         ens3      9.00      4.00      1.02      0.59      0.00      0.00      0.00      0.00
19:39:42         ens3      7.00      4.00      0.75      0.60      0.00      0.00      0.00      0.00
19:39:43         ens3      8.00      4.00      2.18      0.59      0.00      0.00      0.00      0.00
19:39:44         ens3     10.00      7.00      1.06      0.92      0.00      0.00      0.00      0.00
19:39:45         ens3      6.00      4.00      0.68      0.59      0.00      0.00      0.00      0.00
19:39:46         ens3     11.00      4.00      2.50      0.59      0.00      0.00      0.00      0.00
19:39:47         ens3      9.00      6.00      0.93      0.88      0.00      0.00      0.00      0.00
19:39:48         ens3      7.00      4.00      0.92      0.59      0.00      0.00      0.00      0.00
19:39:49         ens3     13.00      7.00      2.79      1.03      0.00      0.00      0.00      0.00
19:39:50         ens3      9.00      5.00      1.03      0.74      0.00      0.00      0.00      0.00
19:39:51         ens3      9.00      4.00      1.01      0.59      0.00      0.00      0.00      0.00
19:39:52         ens3     11.00      6.00      2.42      0.88      0.00      0.00      0.00      0.00
19:39:53         ens3      6.00      4.00      0.68      0.59      0.00      0.00      0.00      0.00
19:39:54         ens3     10.00      7.00      1.07      0.93      0.00      0.00      0.00      0.00
19:39:55         ens3      6.00      2.00      1.97      0.30      0.00      0.00      0.00      0.00
19:39:56         ens3      9.00      4.00      1.02      0.59      0.00      0.00      0.00      0.00
19:39:57         ens3      9.00      6.00      0.93      0.88      0.00      0.00      0.00      0.00
19:39:58         ens3      6.00      2.00      1.98      0.30      0.00      0.00      0.00      0.00
19:39:59         ens3     10.00      7.00      1.07      0.92      0.00      0.00      0.00      0.00
19:40:00         ens3      6.00      4.00      0.68      0.59      0.00      0.00      0.00      0.00
19:40:01         ens3     11.00      4.00      2.50      0.59      0.00      0.00      0.00      0.00
19:40:02         ens3      9.00      6.00      0.93      0.88      0.00      0.00      0.00      0.00
19:40:03         ens3      4.00      2.00      0.49      0.31      0.00      0.00      0.00      0.00
19:40:04         ens3     12.00      7.00      2.55      0.92      0.00      0.00      0.00      0.00
19:40:05         ens3      6.00      4.00      0.68      0.59      0.00      0.00      0.00      0.00
19:40:06         ens3      9.00      4.00      1.01      0.59      0.00      0.00      0.00      0.00
19:40:07         ens3     10.00      6.00      2.37      0.88      0.00      0.00      0.00      0.00
19:40:08         ens3      5.00      2.00      0.54      0.31      0.00      0.00      0.00      0.00
19:40:09         ens3     11.00      8.00      1.21      1.10      0.00      0.00      0.00      0.00
19:40:10         ens3     11.00      5.00      2.52      0.74      0.00      0.00      0.00      0.00
19:40:11         ens3      9.00      4.00      1.01      0.59      0.00      0.00      0.00      0.00
19:40:12         ens3      7.00      4.00      0.74      0.59      0.00      0.00      0.00      0.00
19:40:13         ens3      8.00      4.00      2.19      0.60      0.00      0.00      0.00      0.00
19:40:14         ens3      9.00      6.00      0.98      0.86      0.00      0.00      0.00      0.00
19:40:15         ens3      9.00      5.00      1.06      0.75      0.00      0.00      0.00      0.00
19:40:16         ens3     11.00      4.00      2.50      0.59      0.00      0.00      0.00      0.00
19:40:17         ens3      7.00      4.00      0.74      0.59      0.00      0.00      0.00      0.00
19:40:18         ens3     11.00      7.00      1.36      1.01      0.00      0.00      0.00      0.00
19:40:19         ens3     16.00     11.00      2.79      1.34      0.00      0.00      0.00      0.00
19:40:20         ens3     19.00      4.00      3.13      0.59      0.00      0.00      0.00      0.00
19:40:21         ens3   1474.00    983.00    446.46   1058.94      0.00      0.00      0.00      0.00
19:40:22         ens3  53522.00  60020.00  15199.75 602639.71      0.00      0.00      0.00      0.00
19:40:23         ens3  46287.00  64219.00  14652.55 587403.62      0.00      0.00      0.00      0.00
19:40:24         ens3  45877.00  71420.00  14634.65 588543.07      0.00      0.00      0.00      0.00
19:40:25         ens3  47087.00  73098.00  14713.76 588091.65      0.00      0.00      0.00      0.00
19:40:26         ens3  44104.00  68486.00  14517.58 588143.71      0.00      0.00      0.00      0.00
19:40:27         ens3  47685.00  76040.00  14743.99 588784.72      0.00      0.00      0.00      0.00
19:40:28         ens3  52979.00  72285.00  15097.95 588226.11      0.00      0.00      0.00      0.00
19:40:29         ens3  55100.00  75999.00  15225.06 589071.61      0.00      0.00      0.00      0.00
19:40:30         ens3  55036.00  84331.00  15222.05 588893.19      0.00      0.00      0.00      0.00
19:40:31         ens3  53973.00  85108.00  15150.93 589939.54      0.00      0.00      0.00      0.00
19:40:32         ens3  51041.00  84150.00  14964.55 588911.49      0.00      0.00      0.00      0.00
19:40:33         ens3  52611.00  77050.00  15071.17 588483.97      0.00      0.00      0.00      0.00
19:40:34         ens3  52414.00  69703.00  15053.23 588173.20      0.00      0.00      0.00      0.00
19:40:35         ens3  50041.00  67641.00  14904.40 588661.18      0.00      0.00      0.00      0.00
19:40:36         ens3  52566.00  72983.00  15054.49 588542.44      0.00      0.00      0.00      0.00
19:40:37         ens3  53062.00  79247.00  15106.05 588643.56      0.00      0.00      0.00      0.00
19:40:38         ens3  51386.00  70365.00  14988.36 587779.26      0.00      0.00      0.00      0.00
19:40:39         ens3  52305.00  76708.00  15037.79 589180.12      0.00      0.00      0.00      0.00
19:40:40         ens3  53064.00  83093.00  15106.19 589119.11      0.00      0.00      0.00      0.00
19:40:41         ens3  54722.00  69482.00  15198.67 588515.02      0.00      0.00      0.00      0.00
19:40:42         ens3  55308.00  68674.00  15239.64 587788.17      0.00      0.00      0.00      0.00
19:40:43         ens3  54282.00  62093.00  15174.80 587808.02      0.00      0.00      0.00      0.00
19:40:44         ens3  51708.00  57229.00  15009.21 587784.70      0.00      0.00      0.00      0.00
19:40:45         ens3  51887.00  64064.00  15021.90 587806.38      0.00      0.00      0.00      0.00
19:40:46         ens3  45439.00  56758.00  14603.93 587404.41      0.00      0.00      0.00      0.00
19:40:47         ens3  47878.00  47951.00  14763.51 587224.56      0.00      0.00      0.00      0.00
19:40:48         ens3  46445.00  46255.00  14670.12 586493.17      0.00      0.00      0.00      0.00
19:40:49         ens3  46945.00  44387.00  14696.43 586833.97      0.00      0.00      0.00      0.00
19:40:50         ens3  50098.00  46537.00  14912.48 586656.99      0.00      0.00      0.00      0.00
19:40:51         ens3  51674.00  50093.00  15001.36 587113.77      0.00      0.00      0.00      0.00
19:40:52         ens3  44773.00  45317.00  14566.15 586206.34      0.00      0.00      0.00      0.00
19:40:53         ens3  48675.00  46914.00  14806.40 587194.51      0.00      0.00      0.00      0.00
19:40:54         ens3  47084.00  44430.00  14711.09 586214.57      0.00      0.00      0.00      0.00
19:40:55         ens3  48095.00  45272.00  14784.51 586566.89      0.00      0.00      0.00      0.00
19:40:56         ens3  15541.00  14945.00   4578.89 180904.02      0.00      0.00      0.00      0.00
19:40:57         ens3     22.00      4.00      7.46      0.59      0.00      0.00      0.00      0.00
19:40:58         ens3      8.00      4.00      2.18      0.59      0.00      0.00      0.00      0.00
19:40:59         ens3     10.00      8.00      1.12      1.16      0.00      0.00      0.00      0.00
19:41:00         ens3      9.00      5.00      1.03      0.74      0.00      0.00      0.00      0.00
19:41:01         ens3     13.00      4.00      3.06      0.59      0.00      0.00      0.00      0.00
19:41:02         ens3      6.00      4.00      0.69      0.59      0.00      0.00      0.00      0.00
19:41:03         ens3      6.00      4.00      0.69      0.59      0.00      0.00      0.00      0.00
19:41:04         ens3     17.00     10.00      3.05      1.34      0.00      0.00      0.00      0.00
19:41:05         ens3      8.91      7.92      0.87      1.00      0.00      0.00      0.00      0.00
19:41:06         ens3     28.00      5.00      4.14      0.74      0.00      0.00      0.00      0.00
19:41:07         ens3     14.00      4.00      3.24      0.59      0.00      0.00      0.00      0.00
19:41:08         ens3      9.00      5.00      1.07      0.76      0.00      0.00      0.00      0.00
19:41:09         ens3     12.00      7.00      1.37      1.01      0.00      0.00      0.00      0.00
19:41:10         ens3     11.00      5.00      2.52      0.74      0.00      0.00      0.00      0.00
19:41:11         ens3     13.00      6.00      1.32      0.92      0.00      0.00      0.00      0.00
19:41:12         ens3      9.00      5.00      0.88      0.92      0.00      0.00      0.00      0.00
19:41:13         ens3     14.00     14.00      2.52      2.64      0.00      0.00      0.00      0.00
19:41:14         ens3     13.00      8.00      1.27      1.65      0.00      0.00      0.00      0.00
19:41:15         ens3     13.00      6.00      1.48      0.92      0.00      0.00      0.00      0.00
19:41:16         ens3     14.00      6.00      2.74      0.89      0.00      0.00      0.00      0.00
19:41:17         ens3      8.00      4.00      0.80      0.59      0.00      0.00      0.00      0.00
19:41:18         ens3     20.00      7.00      2.96      1.12      0.00      0.00      0.00      0.00
19:41:19         ens3   2344.00   2068.00    814.41  14390.56      0.00      0.00      0.00      0.00
19:41:20         ens3  46181.00  51885.00  14668.88 296790.21      0.00      0.00      0.00      0.00
19:41:21         ens3  48747.00  61100.00  14816.84 295705.56      0.00      0.00      0.00      0.00
19:41:22         ens3  48049.00  58316.00  14773.05 295728.25      0.00      0.00      0.00      0.00
19:41:23         ens3  50662.00  61539.00  14925.98 290281.03      0.00      0.00      0.00      0.00
19:41:24         ens3  50486.00  63314.00  14988.02 358774.60      0.00      0.00      0.00      0.00
19:41:25         ens3  64983.00 100480.00  15926.45 774044.53      0.00      0.00      0.00      0.00
19:41:26         ens3  62606.00 111938.00  15785.39 510367.73      0.00      0.00      0.00      0.00
19:41:27         ens3  61451.00 113252.00  15690.17 492681.02      0.00      0.00      0.00      0.00
19:41:28         ens3  59899.00 108663.00  15594.49 507683.53      0.00      0.00      0.00      0.00
19:41:29         ens3  60796.00 109001.00  15630.00 516552.10      0.00      0.00      0.00      0.00
19:41:30         ens3  61360.00 107320.00  15680.35 531936.73      0.00      0.00      0.00      0.00
19:41:31         ens3  60496.00 108431.00  15616.72 506509.84      0.00      0.00      0.00      0.00
19:41:32         ens3  59066.00 107841.00  15522.61 522811.20      0.00      0.00      0.00      0.00
19:41:33         ens3  59103.00 107667.00  15522.57 528880.19      0.00      0.00      0.00      0.00
19:41:34         ens3  59263.00 104045.00  15522.91 491306.92      0.00      0.00      0.00      0.00
19:41:35         ens3  58297.00 102571.00  15460.98 529742.06      0.00      0.00      0.00      0.00
19:41:36         ens3  64693.00 104130.00  15920.63 496422.10      0.00      0.00      0.00      0.00
19:41:37         ens3  61485.00 103652.00  15699.82 718243.06      0.00      0.00      0.00      0.00
19:41:38         ens3  61773.00 100219.00  15714.24 770420.22      0.00      0.00      0.00      0.00
19:41:39         ens3  57652.00 100846.00  15463.56 743496.56      0.00      0.00      0.00      0.00
19:41:40         ens3  52733.00  93457.00  15091.29 1193663.74      0.00      0.00      0.00      0.00
19:41:41         ens3  36925.00  75612.00  14065.65 1644906.39      0.00      0.00      0.00      0.00
19:41:42         ens3  48525.00  45460.00  14797.16 586729.06      0.00      0.00      0.00      0.00
19:41:43         ens3  47709.00  44211.00  14760.17 586235.58      0.00      0.00      0.00      0.00
19:41:44         ens3  47376.00  44307.00  14724.57 587132.69      0.00      0.00      0.00      0.00
19:41:45         ens3  49707.00  47978.00  14874.50 585841.96      0.00      0.00      0.00      0.00
19:41:46         ens3  43915.00  41889.00  14515.62 586836.77      0.00      0.00      0.00      0.00
19:41:47         ens3  48101.00  46647.00  14776.83 587092.46      0.00      0.00      0.00      0.00
19:41:48         ens3  46417.00  44919.00  14669.88 586684.13      0.00      0.00      0.00      0.00
19:41:49         ens3  47108.00  45688.00  14707.42 586840.00      0.00      0.00      0.00      0.00
19:41:50         ens3  47382.00  46650.00  14738.98 586703.79      0.00      0.00      0.00      0.00
19:41:51         ens3  46695.00  45632.00  14673.71 586469.89      0.00      0.00      0.00      0.00
19:41:52         ens3  50054.00  48045.00  14905.54 586810.64      0.00      0.00      0.00      0.00
19:41:53         ens3  49670.00  46555.00  14886.25 587004.51      0.00      0.00      0.00      0.00
19:41:54         ens3  16478.00  16249.00   4797.55 188406.38      0.00      0.00      0.00      0.00
19:41:55         ens3     12.00      4.00      2.58      0.59      0.00      0.00      0.00      0.00
19:41:56         ens3     29.00      6.00      4.07      0.88      0.00      0.00      0.00      0.00
19:41:57         ens3     10.00      6.00      0.98      1.04      0.00      0.00      0.00      0.00
19:41:58         ens3     12.00      5.00      2.67      0.74      0.00      0.00      0.00      0.00
19:41:59         ens3     18.00     17.00      1.71      2.97      0.00      0.00      0.00      0.00
19:42:00         ens3     11.00      6.00      1.12      1.27      0.00      0.00      0.00      0.00
19:42:01         ens3     17.00      7.00      3.05      0.98      0.00      0.00      0.00      0.00
19:42:02         ens3      7.00      6.00      0.74      1.03      0.00      0.00      0.00      0.00
19:42:03         ens3     14.00      5.00      1.95      0.74      0.00      0.00      0.00      0.00
19:42:04         ens3     27.00      7.00      4.92      0.92      0.00      0.00      0.00      0.00
19:42:05         ens3     10.00      4.00      1.41      0.59      0.00      0.00      0.00      0.00
19:42:06         ens3     28.00      7.00      8.18      1.04      0.00      0.00      0.00      0.00
19:42:07         ens3      8.00      4.00      2.17      0.59      0.00      0.00      0.00      0.00
19:42:08         ens3      6.00      4.00      0.69      0.59      0.00      0.00      0.00      0.00
19:42:09         ens3     10.00      6.00      1.30      0.86      0.00      0.00      0.00      0.00
19:42:10         ens3     10.00      4.00      2.47      0.59      0.00      0.00      0.00      0.00
19:42:11         ens3     12.00      6.00      1.29      0.88      0.00      0.00      0.00      0.00
19:42:12         ens3     10.00      4.00      1.25      0.59      0.00      0.00      0.00      0.00
19:42:13         ens3     10.00      4.00      2.40      0.59      0.00      0.00      0.00      0.00
19:42:14         ens3     17.00     10.00      1.71      1.52      0.00      0.00      0.00      0.00
19:42:15         ens3     11.00      6.00      1.21      1.11      0.00      0.00      0.00      0.00
19:42:16         ens3     15.00      6.00      2.81      1.39      0.00      0.00      0.00      0.00
19:42:17         ens3     13.00      8.00      1.23      1.23      0.00      0.00      0.00      0.00
19:42:18         ens3      7.00      4.00      0.93      0.59      0.00      0.00      0.00      0.00
19:42:19         ens3     11.00      7.00      2.46      0.93      0.00      0.00      0.00      0.00
19:42:20         ens3      8.00      7.00      0.81      0.78      0.00      0.00      0.00      0.00
19:42:21         ens3     12.00      7.00      1.21      0.92      0.00      0.00      0.00      0.00
19:42:22         ens3     21.00      4.00      4.14      0.59      0.00      0.00      0.00      0.00
19:42:23         ens3     13.00      4.00      1.75      0.59      0.00      0.00      0.00      0.00
19:42:24         ens3   8744.00   8338.00   4636.71 101122.34      0.00      0.00      0.00      0.00
19:42:25         ens3  49109.00  48078.00  14847.05 294912.90      0.00      0.00      0.00      0.00
19:42:26         ens3  55240.00  57785.00  15233.93 295568.87      0.00      0.00      0.00      0.00
19:42:27         ens3  51063.00  52947.00  14967.44 295419.38      0.00      0.00      0.00      0.00
19:42:28         ens3  56400.00  60486.00  15314.15 295772.65      0.00      0.00      0.00      0.00
19:42:29         ens3  61304.00  72815.00  15701.05 595960.35      0.00      0.00      0.00      0.00
19:42:30         ens3  73230.00 106695.00  16491.12 664591.33      0.00      0.00      0.00      0.00
19:42:31         ens3  71717.00 119271.00  16407.71 470324.32      0.00      0.00      0.00      0.00
19:42:32         ens3  66023.00 118292.00  15970.93 464640.82      0.00      0.00      0.00      0.00
19:42:33         ens3  64235.00 118606.00  15859.43 451282.71      0.00      0.00      0.00      0.00
19:42:34         ens3  59848.00 114634.00  15560.39 455731.68      0.00      0.00      0.00      0.00
19:42:35         ens3  59125.00 113435.00  15529.96 455412.99      0.00      0.00      0.00      0.00
19:42:36         ens3  63697.00 110350.00  15845.37 470968.58      0.00      0.00      0.00      0.00
19:42:37         ens3  59990.00 107894.00  15599.90 499084.83      0.00      0.00      0.00      0.00
19:42:38         ens3  54619.00 102522.00  15211.21 572259.10      0.00      0.00      0.00      0.00
19:42:39         ens3  54930.00 101901.00  15241.87 604688.39      0.00      0.00      0.00      0.00
19:42:40         ens3  55999.00 101270.00  15317.02 613905.71      0.00      0.00      0.00      0.00
19:42:41         ens3  58541.00 101438.00  15490.50 607637.46      0.00      0.00      0.00      0.00
19:42:42         ens3  55655.00 101892.00  15292.97 633355.81      0.00      0.00      0.00      0.00
19:42:43         ens3  57757.00 104392.00  15437.86 542432.21      0.00      0.00      0.00      0.00
19:42:44         ens3  56070.00 108668.00  15303.24 525776.36      0.00      0.00      0.00      0.00
19:42:45         ens3  55905.00 107750.00  15306.88 548491.46      0.00      0.00      0.00      0.00
19:42:46         ens3  54759.00  97283.00  15220.47 778852.30      0.00      0.00      0.00      0.00
19:42:47         ens3  51628.00  90744.00  15009.21 1102135.47      0.00      0.00      0.00      0.00
19:42:48         ens3  48020.00  82619.00  14768.21 1382821.61      0.00      0.00      0.00      0.00
19:42:49         ens3  42040.00  56509.00  14393.21 1228694.55      0.00      0.00      0.00      0.00
19:42:50         ens3  46529.00  48735.00  14672.32 587120.98      0.00      0.00      0.00      0.00
19:42:51         ens3  46879.00  48765.00  14696.43 587018.28      0.00      0.00      0.00      0.00
19:42:52         ens3  47880.00  49338.00  14759.33 586925.11      0.00      0.00      0.00      0.00
19:42:53         ens3  46372.00  46570.00  14672.11 586769.34      0.00      0.00      0.00      0.00
19:42:54         ens3  48179.00  48554.00  14781.59 587003.41      0.00      0.00      0.00      0.00
19:42:55         ens3  48514.00  49376.00  14803.01 586919.05      0.00      0.00      0.00      0.00
19:42:56         ens3  47677.00  47888.00  14746.45 586934.88      0.00      0.00      0.00      0.00
19:42:57         ens3  48386.00  48544.00  14797.66 586605.27      0.00      0.00      0.00      0.00
19:42:58         ens3  46452.00  47195.00  14670.20 586979.47      0.00      0.00      0.00      0.00
19:42:59         ens3   1466.00   1401.00    420.53  16695.54      0.00      0.00      0.00      0.00
19:43:00         ens3     21.00      4.00      7.31      0.59      0.00      0.00      0.00      0.00
19:43:01         ens3     11.00      4.00      2.50      0.59      0.00      0.00      0.00      0.00
19:43:02         ens3      7.00      4.00      0.74      0.59      0.00      0.00      0.00      0.00
19:43:03         ens3     12.00      7.00      1.39      1.03      0.00      0.00      0.00      0.00
19:43:04         ens3     15.00      6.00      3.00      0.86      0.00      0.00      0.00      0.00
19:43:05         ens3      9.00      4.00      1.17      0.59      0.00      0.00      0.00      0.00
19:43:06         ens3     12.00      4.00      1.30      0.59      0.00      0.00      0.00      0.00
19:43:07         ens3     11.00      5.00      2.47      0.72      0.00      0.00      0.00      0.00
19:43:08         ens3     11.00      9.00      1.07      1.21      0.00      0.00      0.00      0.00
19:43:09         ens3     28.00      8.00      4.17      1.10      0.00      0.00      0.00      0.00
19:43:10         ens3     18.00      4.00      3.85      0.59      0.00      0.00      0.00      0.00
19:43:11         ens3  39471.00  39638.00  12575.69 252075.81      0.00      0.00      0.00      0.00
19:43:12         ens3  51351.00  59294.00  14983.13 295698.14      0.00      0.00      0.00      0.00
19:43:13         ens3  48908.00  55841.00  14838.20 295443.90      0.00      0.00      0.00      0.00
19:43:14         ens3  50137.00  57286.00  14903.55 295519.33      0.00      0.00      0.00      0.00
19:43:15         ens3  52750.00  62342.00  15077.58 295912.77      0.00      0.00      0.00      0.00
19:43:16         ens3  63623.00  90819.00  15918.34 825826.07      0.00      0.00      0.00      0.00
19:43:17         ens3  63081.00 110642.00  15804.96 552189.79      0.00      0.00      0.00      0.00
19:43:18         ens3  61431.00 115730.00  15683.52 502524.44      0.00      0.00      0.00      0.00
19:43:19         ens3  60702.97 117844.55  15521.17 472437.26      0.00      0.00      0.00      0.00
19:43:20         ens3  57232.00 113329.00  15393.04 468509.59      0.00      0.00      0.00      0.00
19:43:21         ens3  59813.00 115287.00  15569.37 456065.55      0.00      0.00      0.00      0.00
19:43:22         ens3  57702.00 112632.00  15415.39 489338.57      0.00      0.00      0.00      0.00
19:43:23         ens3  58300.00 113029.00  15470.30 476527.27      0.00      0.00      0.00      0.00
19:43:24         ens3  57415.00 109786.00  15404.12 530619.94      0.00      0.00      0.00      0.00
19:43:25         ens3  57685.00 109498.00  15434.80 525233.05      0.00      0.00      0.00      0.00
19:43:26         ens3  56936.00 108939.00  15377.03 534568.11      0.00      0.00      0.00      0.00
19:43:27         ens3  57787.00 109308.00  15421.52 541547.66      0.00      0.00      0.00      0.00
19:43:28         ens3  59908.00 108345.00  15591.94 518683.04      0.00      0.00      0.00      0.00
19:43:29         ens3  60341.00 103851.00  15611.37 548886.16      0.00      0.00      0.00      0.00
19:43:30         ens3  58371.00 102025.00  15478.39 594740.71      0.00      0.00      0.00      0.00
19:43:31         ens3  57315.00  95533.00  15402.75 821373.92      0.00      0.00      0.00      0.00
19:43:32         ens3  57883.00  95409.00  15430.93 969219.27      0.00      0.00      0.00      0.00
19:43:33         ens3  52980.00  91936.00  15118.17 1089773.19      0.00      0.00      0.00      0.00
19:43:34         ens3  40667.00  78107.00  14299.67 1579353.49      0.00      0.00      0.00      0.00
19:43:35         ens3  46670.00  47945.00  14689.82 740624.26      0.00      0.00      0.00      0.00
19:43:36         ens3  47162.00  45818.00  14707.61 586901.87      0.00      0.00      0.00      0.00
19:43:37         ens3  48266.00  47929.00  14787.04 586585.42      0.00      0.00      0.00      0.00
19:43:38         ens3  49170.00  47364.00  14848.21 586746.98      0.00      0.00      0.00      0.00
19:43:39         ens3  48427.00  44796.00  14789.37 586737.41      0.00      0.00      0.00      0.00
19:43:40         ens3  44660.00  47075.00  14568.76 586830.14      0.00      0.00      0.00      0.00
19:43:41         ens3  43875.00  44290.00  14498.59 586418.75      0.00      0.00      0.00      0.00
19:43:42         ens3  44179.00  48438.00  14518.03 587220.62      0.00      0.00      0.00      0.00
19:43:43         ens3  43918.00  47876.00  14515.30 586598.98      0.00      0.00      0.00      0.00
19:43:44         ens3  37050.00  39194.00  14060.12 586392.75      0.00      0.00      0.00      0.00
19:43:45         ens3  22738.00  24170.00   7567.94 306993.82      0.00      0.00      0.00      0.00
19:43:46         ens3     24.00      4.00      8.60      0.59      0.00      0.00      0.00      0.00
19:43:47         ens3     11.00      4.00      1.33      0.59      0.00      0.00      0.00      0.00
19:43:48         ens3      7.00      4.00      0.93      0.59      0.00      0.00      0.00      0.00
19:43:49         ens3     15.00      9.00      3.10      1.33      0.00      0.00      0.00      0.00
19:43:50         ens3     11.00      4.00      1.43      0.59      0.00      0.00      0.00      0.00
19:43:51         ens3     11.00      4.00      1.27      0.59      0.00      0.00      0.00      0.00
19:43:52         ens3     12.00      4.00      2.76      0.59      0.00      0.00      0.00      0.00
19:43:53         ens3      9.00      5.00      0.99      0.72      0.00      0.00      0.00      0.00
19:43:54         ens3     27.00     11.00      3.31      1.34      0.00      0.00      0.00      0.00
19:43:55         ens3     46.00      5.00     10.26      0.75      0.00      0.00      0.00      0.00
19:43:56         ens3     15.00      4.00      2.03      0.59      0.00      0.00      0.00      0.00
19:43:57         ens3      9.00      5.00      1.06      0.75      0.00      0.00      0.00      0.00
19:43:58         ens3     14.00      4.00      3.06      0.59      0.00      0.00      0.00      0.00
19:43:59         ens3     11.00      7.00      1.12      1.00      0.00      0.00      0.00      0.00
19:44:00         ens3     10.00      6.00      1.00      1.13      0.00      0.00      0.00      0.00
19:44:01         ens3     15.00      8.00      2.75      2.04      0.00      0.00      0.00      0.00
19:44:02         ens3     14.00      7.00      1.38      1.52      0.00      0.00      0.00      0.00
19:44:03         ens3      8.00      5.00      0.83      0.78      0.00      0.00      0.00      0.00
19:44:04         ens3     13.00      7.00      2.60      0.97      0.00      0.00      0.00      0.00
19:44:05         ens3     22.00      9.00      3.08      1.41      0.00      0.00      0.00      0.00
19:44:06         ens3     25.00      5.00      3.31      0.74      0.00      0.00      0.00      0.00
19:44:07         ens3      9.00      4.00      2.32      0.59      0.00      0.00      0.00      0.00
19:44:08         ens3  35066.00  36566.00  11772.16 238667.86      0.00      0.00      0.00      0.00
19:44:09         ens3  47386.00  58622.00  14730.29 295757.47      0.00      0.00      0.00      0.00
19:44:10         ens3  45502.00  59456.00  14610.45 295698.03      0.00      0.00      0.00      0.00
19:44:11         ens3  46649.00  61847.00  14683.04 295875.93      0.00      0.00      0.00      0.00
19:44:12         ens3  48991.00  62875.00  14833.99 295938.03      0.00      0.00      0.00      0.00
19:44:13         ens3  52186.00  64402.00  15044.00 296085.83      0.00      0.00      0.00      0.00
19:44:14         ens3  52986.00  63644.00  15088.61 295996.13      0.00      0.00      0.00      0.00
19:44:15         ens3  46138.00  61312.00  14651.69 295750.75      0.00      0.00      0.00      0.00
19:44:16         ens3  53146.00  67602.00  15101.72 296324.08      0.00      0.00      0.00      0.00
19:44:17         ens3  54226.00  67181.00  15172.76 296249.60      0.00      0.00      0.00      0.00
19:44:18         ens3  53621.00  69194.00  15132.13 296274.01      0.00      0.00      0.00      0.00
19:44:19         ens3  51751.00  67243.00  15010.45 296246.48      0.00      0.00      0.00      0.00
19:44:20         ens3  50908.00  60094.00  14960.41 295723.71      0.00      0.00      0.00      0.00
19:44:21         ens3  47700.00  56072.00  14749.45 295483.96      0.00      0.00      0.00      0.00
19:44:22         ens3  48359.00  57529.00  14797.27 295570.75      0.00      0.00      0.00      0.00
19:44:23         ens3  63126.00  88751.00  15864.32 860295.19      0.00      0.00      0.00      0.00
19:44:24         ens3  61202.00 101968.00  15686.94 696066.43      0.00      0.00      0.00      0.00
19:44:25         ens3  62704.00 104724.00  15802.19 635838.47      0.00      0.00      0.00      0.00
19:44:26         ens3  59640.00 103087.00  15565.28 662651.34      0.00      0.00      0.00      0.00
19:44:27         ens3  56521.00 101311.00  15359.77 794990.59      0.00      0.00      0.00      0.00
19:44:28         ens3  52262.00 104803.00  15065.58 953703.61      0.00      0.00      0.00      0.00
19:44:29         ens3  56867.00  94894.00  15407.49 956086.93      0.00      0.00      0.00      0.00
19:44:30         ens3  54216.00  95360.00  15187.25 1283488.51      0.00      0.00      0.00      0.00
19:44:31         ens3  51475.00  95826.00  15005.64 1282170.26      0.00      0.00      0.00      0.00
19:44:32         ens3  29797.00  71074.00  13604.01 2076087.02      0.00      0.00      0.00      0.00
19:44:33         ens3  44828.00  49151.00  14572.66 622992.67      0.00      0.00      0.00      0.00
19:44:34         ens3  31993.00  48004.00  13734.09 586908.56      0.00      0.00      0.00      0.00
19:44:35         ens3  31964.00  48924.00  13742.05 587099.23      0.00      0.00      0.00      0.00
19:44:36         ens3  32210.00  45324.00  13748.23 586511.02      0.00      0.00      0.00      0.00
19:44:37         ens3  29072.00  48730.00  13555.59 587223.89      0.00      0.00      0.00      0.00
19:44:38         ens3  28149.00  47351.00  13487.67 586873.40      0.00      0.00      0.00      0.00
19:44:39         ens3  28736.00  47683.00  13522.78 586904.85      0.00      0.00      0.00      0.00
19:44:40         ens3  32161.00  47075.00  13758.93 586554.42      0.00      0.00      0.00      0.00
19:44:41         ens3  32269.00  45687.00  13749.20 586783.29      0.00      0.00      0.00      0.00
19:44:42         ens3  17815.00  25790.00   7455.73 317297.95      0.00      0.00      0.00      0.00
19:44:43         ens3     13.00      4.00      3.09      0.59      0.00      0.00      0.00      0.00
19:44:44         ens3     14.00      7.00      1.71      0.92      0.00      0.00      0.00      0.00
19:44:45         ens3      7.00      4.00      0.83      0.59      0.00      0.00      0.00      0.00
19:44:46         ens3     18.00      9.00      3.28      1.50      0.00      0.00      0.00      0.00
19:44:47         ens3      6.00      4.00      0.69      0.59      0.00      0.00      0.00      0.00
19:44:48         ens3      7.00      4.00      0.93      0.59      0.00      0.00      0.00      0.00
19:44:49         ens3     11.00      6.00      2.46      0.86      0.00      0.00      0.00      0.00
19:44:50         ens3      7.00      4.00      0.83      0.59      0.00      0.00      0.00      0.00
19:44:51         ens3      8.00      4.00      0.97      0.59      0.00      0.00      0.00      0.00
19:44:52         ens3     10.00      6.00      2.37      0.89      0.00      0.00      0.00      0.00
19:44:53         ens3      9.00      5.00      0.97      0.74      0.00      0.00      0.00      0.00
19:44:54         ens3     15.00     12.00      1.37      2.73      0.00      0.00      0.00      0.00
19:44:55         ens3     10.00      6.00      2.32      1.07      0.00      0.00      0.00      0.00
19:44:56         ens3     10.00      5.00      1.12      0.70      0.00      0.00      0.00      0.00
19:44:57         ens3     17.00      8.00      2.12      1.28      0.00      0.00      0.00      0.00
19:44:58         ens3     32.00      4.00      6.55      0.59      0.00      0.00      0.00      0.00
19:44:59         ens3     27.00      6.00      4.60      0.87      0.00      0.00      0.00      0.00
19:45:00         ens3     20.00      5.00      7.23      0.77      0.00      0.00      0.00      0.00
19:45:01         ens3     14.00      4.00      3.04      0.60      0.00      0.00      0.00      0.00
19:45:02         ens3      8.00      6.00      0.89      0.90      0.00      0.00      0.00      0.00
19:45:03         ens3     13.00      4.00      1.21      0.60      0.00      0.00      0.00      0.00
19:45:04         ens3     10.00      8.00      0.97      1.08      0.00      0.00      0.00      0.00
19:45:05         ens3      4.00      4.00      0.39      0.59      0.00      0.00      0.00      0.00
19:45:06         ens3      4.00      4.00      0.40      0.59      0.00      0.00      0.00      0.00
19:45:07         ens3      6.00      6.00      0.59      0.89      0.00      0.00      0.00      0.00
19:45:08         ens3     10.00     10.00      0.82      1.30      0.00      0.00      0.00      0.00
19:45:09         ens3     11.00     10.00      0.99      1.41      0.00      0.00      0.00      0.00
19:45:10         ens3      8.00      6.00      0.69      1.39      0.00      0.00      0.00      0.00
19:45:11         ens3      7.00      7.00      0.59      0.92      0.00      0.00      0.00      0.00
19:45:12         ens3     13.00     13.00      1.10      1.38      0.00      0.00      0.00      0.00
19:45:13         ens3  32797.00  45166.00  13159.84 277667.61      0.00      0.00      0.00      0.00
19:45:14         ens3  32050.00  63103.00  13739.14 295988.24      0.00      0.00      0.00      0.00
19:45:15         ens3  32030.00  58770.00  13743.39 295644.52      0.00      0.00      0.00      0.00
19:45:16         ens3  27508.00  62292.00  13450.30 295763.80      0.00      0.00      0.00      0.00
19:45:17         ens3  27355.00  57215.00  13437.82 295795.31      0.00      0.00      0.00      0.00
19:45:18         ens3  27431.00  60636.00  13442.80 295836.03      0.00      0.00      0.00      0.00
19:45:19         ens3  26490.00  67219.00  13386.36 296203.92      0.00      0.00      0.00      0.00
19:45:20         ens3  27773.00  62279.00  13463.28 295900.65      0.00      0.00      0.00      0.00
19:45:21         ens3  30885.00  68139.00  13666.78 296265.91      0.00      0.00      0.00      0.00
19:45:22         ens3  30528.00  61703.00  13643.70 295801.42      0.00      0.00      0.00      0.00
19:45:23         ens3  26180.00  64959.00  13362.09 295994.70      0.00      0.00      0.00      0.00
19:45:24         ens3  24388.00  67264.00  13251.90 296401.85      0.00      0.00      0.00      0.00
19:45:25         ens3  25445.54  63093.07  13200.18 293029.34      0.00      0.00      0.00      0.00
19:45:26         ens3  26309.00  60242.00  13370.33 295913.89      0.00      0.00      0.00      0.00
19:45:27         ens3  27016.00  56374.00  13434.55 295909.66      0.00      0.00      0.00      0.00
19:45:28         ens3  59286.00  83751.00  15636.46 1057190.09      0.00      0.00      0.00      0.00
19:45:29         ens3  52186.00  94518.00  15126.39 863576.84      0.00      0.00      0.00      0.00
19:45:30         ens3  50078.00 101936.00  14936.68 1043207.26      0.00      0.00      0.00      0.00
19:45:31         ens3  47826.00 107063.00  14775.45 1120135.68      0.00      0.00      0.00      0.00
19:45:32         ens3  49036.00 114540.00  14887.04 980815.56      0.00      0.00      0.00      0.00
19:45:33         ens3  44580.00 111278.00  14569.41 850757.65      0.00      0.00      0.00      0.00
19:45:34         ens3  54198.00  92608.00  15205.88 1111913.53      0.00      0.00      0.00      0.00
19:45:35         ens3  54183.00  92998.00  15182.41 1029522.16      0.00      0.00      0.00      0.00
19:45:36         ens3  35483.00  63740.00  13974.60 1639409.61      0.00      0.00      0.00      0.00
19:45:37         ens3  46842.00  47982.00  14698.00 586810.86      0.00      0.00      0.00      0.00
19:45:38         ens3  45874.00  48900.00  14635.66 587138.85      0.00      0.00      0.00      0.00
19:45:39         ens3  47294.00  49317.00  14723.00 586663.71      0.00      0.00      0.00      0.00
19:45:40         ens3  48173.00  50995.00  14773.88 587085.65      0.00      0.00      0.00      0.00
19:45:41         ens3  45533.00  47866.00  14619.28 586949.02      0.00      0.00      0.00      0.00
19:45:42         ens3  47570.00  47871.00  14732.22 586908.32      0.00      0.00      0.00      0.00
19:45:43         ens3  42795.00  41391.00  14445.71 586358.86      0.00      0.00      0.00      0.00
19:45:44         ens3  50410.00  47816.00  14919.59 587244.30      0.00      0.00      0.00      0.00
19:45:45         ens3  50957.00  48638.00  14967.46 586966.25      0.00      0.00      0.00      0.00
19:45:46         ens3  51952.00  49316.00  15018.86 587149.95      0.00      0.00      0.00      0.00
19:45:47         ens3  20350.00  19422.00   5913.08 231315.44      0.00      0.00      0.00      0.00
19:45:48         ens3      7.00      6.00      0.86      0.88      0.00      0.00      0.00      0.00
19:45:49         ens3      8.00      8.00      0.87      1.08      0.00      0.00      0.00      0.00
19:45:50         ens3      4.00      4.00      0.39      0.59      0.00      0.00      0.00      0.00
19:45:51         ens3      4.00      4.00      0.39      0.59      0.00      0.00      0.00      0.00
19:45:52         ens3      4.00      4.00      0.39      0.59      0.00      0.00      0.00      0.00
19:45:53         ens3      6.00      6.00      0.59      0.88      0.00      0.00      0.00      0.00
19:45:54         ens3      8.00      7.00      0.77      0.92      0.00      0.00      0.00      0.00
19:45:55         ens3      6.00      5.00      0.54      0.72      0.00      0.00      0.00      0.00
19:45:56         ens3      4.00      4.00      0.39      0.59      0.00      0.00      0.00      0.00
19:45:57         ens3      7.00      7.00      0.58      0.92      0.00      0.00      0.00      0.00
19:45:58         ens3  13723.00  13143.00   5406.10 112690.26      0.00      0.00      0.00      0.00
19:45:59         ens3  52482.00  66758.00  15063.16 296237.74      0.00      0.00      0.00      0.00
19:46:00         ens3  48465.00  64808.00  14798.36 296083.41      0.00      0.00      0.00      0.00
19:46:01         ens3  50631.00  69333.00  14940.64 296278.42      0.00      0.00      0.00      0.00
19:46:02         ens3  51407.00  69443.00  14989.39 296456.01      0.00      0.00      0.00      0.00
19:46:03         ens3  49731.00  69851.00  14888.44 296099.10      0.00      0.00      0.00      0.00
19:46:04         ens3  48092.00  63016.00  14775.91 296262.70      0.00      0.00      0.00      0.00
19:46:05         ens3  52056.00  66369.00  15031.22 296202.04      0.00      0.00      0.00      0.00
19:46:06         ens3  53217.00  66581.00  15104.82 296328.00      0.00      0.00      0.00      0.00
19:46:07         ens3  52391.00  67738.00  15053.92 296218.35      0.00      0.00      0.00      0.00
19:46:08         ens3  51791.00  63385.00  15015.55 296076.87      0.00      0.00      0.00      0.00
19:46:09         ens3  50305.00  57986.00  14918.63 295443.67      0.00      0.00      0.00      0.00
19:46:10         ens3  51718.00  62172.00  15002.36 295997.27      0.00      0.00      0.00      0.00
19:46:11         ens3  50109.00  58916.00  14905.73 292962.25      0.00      0.00      0.00      0.00
19:46:12         ens3  48348.00  55026.00  14797.96 298133.03      0.00      0.00      0.00      0.00
19:46:13         ens3  56375.00  71126.00  15381.56 632527.34      0.00      0.00      0.00      0.00
19:46:14         ens3  62238.00 103257.00  15775.39 937717.16      0.00      0.00      0.00      0.00
19:46:15         ens3  63964.00 112073.00  15870.46 604831.02      0.00      0.00      0.00      0.00
19:46:16         ens3  57605.00 113830.00  15408.64 591232.41      0.00      0.00      0.00      0.00
19:46:17         ens3  55767.00 116275.00  15287.72 601180.16      0.00      0.00      0.00      0.00
19:46:18         ens3  57926.00 111232.00  15433.99 631816.50      0.00      0.00      0.00      0.00
19:46:19         ens3  53249.00 103816.00  15136.06 752673.91      0.00      0.00      0.00      0.00
19:46:20         ens3  50021.00 108346.00  14917.88 689965.62      0.00      0.00      0.00      0.00
19:46:21         ens3  44756.00 108872.00  14585.49 759052.27      0.00      0.00      0.00      0.00
19:46:22         ens3  44195.00 105559.00  14536.14 904185.21      0.00      0.00      0.00      0.00
19:46:23         ens3  41135.00  99741.00  14346.81 1136954.92      0.00      0.00      0.00      0.00
19:46:24         ens3  33310.00  86196.00  13826.47 1582364.67      0.00      0.00      0.00      0.00
19:46:25         ens3  24290.00  64584.00  13240.39 1916271.15      0.00      0.00      0.00      0.00
19:46:26         ens3  41050.00  50549.00  14319.03 725417.16      0.00      0.00      0.00      0.00
19:46:27         ens3  42848.00  48137.00  14443.40 586659.64      0.00      0.00      0.00      0.00
19:46:28         ens3  42894.00  48683.00  14435.05 586981.88      0.00      0.00      0.00      0.00
19:46:29         ens3  37362.00  41544.00  14091.32 586434.95      0.00      0.00      0.00      0.00
19:46:30         ens3  43148.00  49049.00  14451.49 587005.63      0.00      0.00      0.00      0.00
19:46:31         ens3  43280.00  49498.00  14472.66 586823.71      0.00      0.00      0.00      0.00
19:46:32         ens3  41977.00  47884.00  13899.31 563538.37      0.00      0.00      0.00      0.00
19:46:33         ens3      8.00      7.00      0.80      1.04      0.00      0.00      0.00      0.00
19:46:34         ens3      8.00      7.00      0.77      0.92      0.00      0.00      0.00      0.00
19:46:35         ens3      4.00      4.00      0.41      0.73      0.00      0.00      0.00      0.00
19:46:36         ens3      4.00      4.00      0.40      0.59      0.00      0.00      0.00      0.00
19:46:37         ens3      4.00      4.00      0.40      0.59      0.00      0.00      0.00      0.00
19:46:38         ens3      4.00      4.00      0.40      0.59      0.00      0.00      0.00      0.00
19:46:39         ens3     11.00      9.00      1.13      1.24      0.00      0.00      0.00      0.00
19:46:40         ens3     11.00     10.00      0.94      1.35      0.00      0.00      0.00      0.00
19:46:41         ens3      4.00      4.00      0.39      0.59      0.00      0.00      0.00      0.00
19:46:42         ens3      4.00      4.00      0.40      0.59      0.00      0.00      0.00      0.00
19:46:43         ens3      6.00      5.00      0.61      0.77      0.00      0.00      0.00      0.00
19:46:44         ens3     12.00      9.00      1.07      1.25      0.00      0.00      0.00      0.00
19:46:45         ens3      9.00      8.00      0.82      1.32      0.00      0.00      0.00      0.00
19:46:46         ens3     13.00     15.00      0.95      3.26      0.00      0.00      0.00      0.00
19:46:47         ens3      6.00      5.00      0.54      0.78      0.00      0.00      0.00      0.00
19:46:48         ens3      7.00      5.00      0.77      0.69      0.00      0.00      0.00      0.00
19:46:49         ens3      9.00      9.00      0.82      1.36      0.00      0.00      0.00      0.00
19:46:50         ens3   3885.00   3296.00   1540.60  31276.34      0.00      0.00      0.00      0.00
19:46:51         ens3  51201.00  57234.00  14986.02 295627.29      0.00      0.00      0.00      0.00
19:46:52         ens3  53130.00  60077.00  15100.45 295841.47      0.00      0.00      0.00      0.00
19:46:53         ens3  50405.00  59724.00  14923.39 295683.00      0.00      0.00      0.00      0.00
19:46:54         ens3  50205.00  60284.00  14913.51 291048.91      0.00      0.00      0.00      0.00
19:46:55         ens3  48818.00  59099.00  14821.03 300423.10      0.00      0.00      0.00      0.00
19:46:56         ens3  51115.00  65310.00  14971.96 296121.73      0.00      0.00      0.00      0.00
19:46:57         ens3  49816.00  66698.00  14885.43 296154.65      0.00      0.00      0.00      0.00
19:46:58         ens3  51399.00  65591.00  14987.46 293207.35      0.00      0.00      0.00      0.00
19:46:59         ens3  49259.00  63714.00  14852.47 298975.67      0.00      0.00      0.00      0.00
19:47:00         ens3  47621.00  63151.00  14746.85 295789.04      0.00      0.00      0.00      0.00
19:47:01         ens3  51534.00  67544.00  14997.40 296351.69      0.00      0.00      0.00      0.00
19:47:02         ens3  49752.00  62168.00  14882.73 295912.18      0.00      0.00      0.00      0.00
19:47:03         ens3  49920.00  62559.00  14890.73 295995.35      0.00      0.00      0.00      0.00
19:47:04         ens3  49253.00  61348.00  14850.65 295805.73      0.00      0.00      0.00      0.00
19:47:05         ens3  46216.00  53837.00  14651.98 295442.61      0.00      0.00      0.00      0.00
19:47:06         ens3  50748.00  60721.00  14951.17 295783.58      0.00      0.00      0.00      0.00
19:47:07         ens3  51361.00  62699.00  14985.01 295919.53      0.00      0.00      0.00      0.00
19:47:08         ens3  49968.00  63787.00  14895.23 293895.66      0.00      0.00      0.00      0.00
19:47:09         ens3  47628.00  56233.00  14744.12 297589.46      0.00      0.00      0.00      0.00
19:47:10         ens3  47750.00  52242.00  14757.93 295263.93      0.00      0.00      0.00      0.00
19:47:11         ens3  33140.00  30067.00  13810.84 293714.24      0.00      0.00      0.00      0.00
19:47:12         ens3  32900.00  28711.00  13792.31 293952.32      0.00      0.00      0.00      0.00
19:47:13         ens3  31310.00  26946.00  13695.49 293502.01      0.00      0.00      0.00      0.00
19:47:14         ens3  32001.00  27714.00  13738.71 293755.29      0.00      0.00      0.00      0.00
19:47:15         ens3  32322.00  28021.00  13753.73 293668.97      0.00      0.00      0.00      0.00
19:47:16         ens3  31991.00  27741.00  13745.10 293650.99      0.00      0.00      0.00      0.00
19:47:17         ens3  31950.00  27692.00  13729.73 293639.27      0.00      0.00      0.00      0.00
19:47:18         ens3  30038.00  26532.00  13619.33 293694.51      0.00      0.00      0.00      0.00
19:47:19         ens3  29661.00  26466.00  13585.06 293375.07      0.00      0.00      0.00      0.00
19:47:20         ens3  31095.00  32007.00  13725.58 414520.03      0.00      0.00      0.00      0.00
19:47:21         ens3  45802.00  74288.00  14690.39 906604.20      0.00      0.00      0.00      0.00
19:47:22         ens3  66530.00  68009.00  16019.88 638460.69      0.00      0.00      0.00      0.00
19:47:23         ens3  67427.00  82085.00  16024.38 771734.39      0.00      0.00      0.00      0.00
19:47:24         ens3  63156.00  86639.00  15746.44 720549.76      0.00      0.00      0.00      0.00
19:47:25         ens3  45789.00  96319.00   5578.39 1123172.39      0.00      0.00      0.00      0.00
19:47:26         ens3  47328.00  96188.00   3067.30 1594152.64      0.00      0.00      0.00      0.00
19:47:27         ens3  41449.00  88188.00   2680.57 1884999.61      0.00      0.00      0.00      0.00
19:47:28         ens3  10940.00  54407.00    705.42 2861689.04      0.00      0.00      0.00      0.00
19:47:29         ens3   3140.00  13820.00    202.71 724961.85      0.00      0.00      0.00      0.00
19:47:30         ens3      4.00      4.00      0.40      0.59      0.00      0.00      0.00      0.00
19:47:31         ens3      6.00      6.00      0.59      0.88      0.00      0.00      0.00      0.00
19:47:32         ens3      4.00      4.00      0.39      0.59      0.00      0.00      0.00      0.00
19:47:33         ens3      4.00      4.00      0.39      0.59      0.00      0.00      0.00      0.00
19:47:34         ens3      8.00      7.00      0.77      0.92      0.00      0.00      0.00      0.00
19:47:35         ens3      4.00      4.00      0.39      0.59      0.00      0.00      0.00      0.00
19:47:36         ens3      4.00      4.00      0.40      0.59      0.00      0.00      0.00      0.00
19:47:37         ens3     10.00      8.00      0.88      1.34      0.00      0.00      0.00      0.00
19:47:38         ens3      8.00      9.00      0.64      2.13      0.00      0.00      0.00      0.00
19:47:39         ens3     10.89      8.91      1.01      1.58      0.00      0.00      0.00      0.00
19:47:40         ens3      6.00      5.00      0.53      0.69      0.00      0.00      0.00      0.00
19:47:41         ens3      5.00      6.00      0.45      1.03      0.00      0.00      0.00      0.00
19:47:42         ens3      4.00      4.00      0.41      0.59      0.00      0.00      0.00      0.00
19:47:43         ens3      4.00      4.00      0.40      0.59      0.00      0.00      0.00      0.00
19:47:44         ens3      9.00      8.00      0.92      1.08      0.00      0.00      0.00      0.00
19:47:45         ens3      4.00      4.00      0.40      0.59      0.00      0.00      0.00      0.00
19:47:46         ens3      6.00      5.00      0.60      0.74      0.00      0.00      0.00      0.00
19:47:47         ens3      8.00      7.00      0.79      1.03      0.00      0.00      0.00      0.00
19:47:48         ens3      5.00      4.00      0.63      0.59      0.00      0.00      0.00      0.00
19:47:49         ens3      7.00      6.00      0.69      0.86      0.00      0.00      0.00      0.00
19:47:50         ens3      8.00      9.00      0.67      0.96      0.00      0.00      0.00      0.00
19:47:51         ens3      8.00      6.00      0.70      1.29      0.00      0.00      0.00      0.00
19:47:52         ens3     10.00      8.00      0.89      1.68      0.00      0.00      0.00      0.00
19:47:53         ens3      7.00      7.00      0.58      0.94      0.00      0.00      0.00      0.00
19:47:54         ens3   2617.00   2431.00   1030.47  20490.59      0.00      0.00      0.00      0.00
19:47:55         ens3  31791.00  55100.00  13733.81 295419.50      0.00      0.00      0.00      0.00
19:47:56         ens3  51113.00  66515.00  14971.85 296295.58      0.00      0.00      0.00      0.00
19:47:57         ens3  47659.00  58578.00  14747.98 295741.34      0.00      0.00      0.00      0.00
19:47:58         ens3  49400.00  67072.00  14859.83 296054.78      0.00      0.00      0.00      0.00
19:47:59         ens3  49945.00  64617.00  14893.85 296156.44      0.00      0.00      0.00      0.00
19:48:00         ens3  50450.00  67554.00  14929.12 295746.12      0.00      0.00      0.00      0.00
19:48:01         ens3  51348.00  65883.00  14979.94 296689.02      0.00      0.00      0.00      0.00
19:48:02         ens3  50856.00  64733.00  14958.19 295923.53      0.00      0.00      0.00      0.00
19:48:03         ens3  51025.00  68109.00  14964.78 296389.48      0.00      0.00      0.00      0.00
19:48:04         ens3  51036.00  67970.00  14967.03 296217.84      0.00      0.00      0.00      0.00
19:48:05         ens3  53414.00  70664.00  15113.09 296514.92      0.00      0.00      0.00      0.00
19:48:06         ens3  53126.00  71577.00  15105.85 296231.56      0.00      0.00      0.00      0.00
19:48:07         ens3  52162.00  69252.00  15032.48 296543.34      0.00      0.00      0.00      0.00
19:48:08         ens3  51415.00  64374.00  14992.86 296070.46      0.00      0.00      0.00      0.00
19:48:09         ens3  51589.00  64432.00  15003.75 296071.88      0.00      0.00      0.00      0.00
19:48:10         ens3  50676.00  61947.00  14943.70 295912.07      0.00      0.00      0.00      0.00
19:48:11         ens3  47825.00  62955.00  14757.11 295839.87      0.00      0.00      0.00      0.00
19:48:12         ens3  48232.00  63498.00  14783.34 296006.38      0.00      0.00      0.00      0.00
19:48:13         ens3  48782.00  55831.00  14814.18 295632.75      0.00      0.00      0.00      0.00
19:48:14         ens3  48538.00  53074.00  14808.84 295242.74      0.00      0.00      0.00      0.00
19:48:15         ens3  49505.00  51112.00  14868.29 295215.23      0.00      0.00      0.00      0.00
19:48:16         ens3  49144.00  49430.00  14840.71 295102.48      0.00      0.00      0.00      0.00
19:48:17         ens3  44685.00  43982.00  14553.60 294614.46      0.00      0.00      0.00      0.00
19:48:18         ens3  31306.00  27280.00  13691.24 293721.90      0.00      0.00      0.00      0.00
19:48:19         ens3  30333.00  27544.00  13632.65 293734.42      0.00      0.00      0.00      0.00
19:48:20         ens3  30556.00  27679.00  13644.06 293465.83      0.00      0.00      0.00      0.00
19:48:21         ens3  29883.00  26904.00  13606.35 293728.39      0.00      0.00      0.00      0.00
19:48:22         ens3  29935.00  26382.00  13604.04 293741.40      0.00      0.00      0.00      0.00
19:48:23         ens3  30228.00  27786.00  13618.75 293547.86      0.00      0.00      0.00      0.00
19:48:24         ens3  29905.00  29597.00  13647.91 321089.75      0.00      0.00      0.00      0.00
19:48:25         ens3  45778.00  98146.00  14760.69 1192107.88      0.00      0.00      0.00      0.00
19:48:26         ens3  44684.00  98953.00  14588.65 1119823.36      0.00      0.00      0.00      0.00
19:48:27         ens3  46034.00 100950.00  14668.76 814167.78      0.00      0.00      0.00      0.00
19:48:28         ens3  44272.00 103585.00  14539.74 807437.65      0.00      0.00      0.00      0.00
19:48:29         ens3  38547.00 107632.00   5559.10 1029223.01      0.00      0.00      0.00      0.00
19:48:30         ens3  34735.00 103730.00   2249.07 1274894.23      0.00      0.00      0.00      0.00
19:48:31         ens3  15948.00  62489.00   1028.38 2366921.21      0.00      0.00      0.00      0.00
19:48:32         ens3  10193.00  50525.00    657.25 2629928.33      0.00      0.00      0.00      0.00
19:48:33         ens3    529.00   1151.00     34.37  54793.09      0.00      0.00      0.00      0.00
19:48:34         ens3     10.00      8.00      0.92      1.05      0.00      0.00      0.00      0.00
19:48:35         ens3      4.00      4.00      0.39      0.59      0.00      0.00      0.00      0.00
19:48:36         ens3      4.00      4.00      0.39      0.59      0.00      0.00      0.00      0.00
19:48:37         ens3      4.00      4.00      0.39      0.59      0.00      0.00      0.00      0.00
19:48:38         ens3      6.00      6.00      0.59      0.88      0.00      0.00      0.00      0.00
19:48:39         ens3      7.00      7.00      0.71      0.92      0.00      0.00      0.00      0.00
19:48:40         ens3      4.00      4.00      0.39      0.59      0.00      0.00      0.00      0.00
19:48:41         ens3      4.00      4.00      0.39      0.59      0.00      0.00      0.00      0.00
19:48:42         ens3      4.00      4.00      0.39      0.59      0.00      0.00      0.00      0.00
19:48:43         ens3      8.00      6.00      0.75      0.89      0.00      0.00      0.00      0.00
19:48:44         ens3     13.00     13.00      1.24      1.69      0.00      0.00      0.00      0.00
19:48:45         ens3   7767.00   7070.00   3011.11  55799.86      0.00      0.00      0.00      0.00
19:48:46         ens3  41792.00  57266.00  14372.58 301756.94      0.00      0.00      0.00      0.00
19:48:47         ens3  43406.00  67161.00  14476.38 296216.20      0.00      0.00      0.00      0.00
19:48:48         ens3  43409.00  67844.00  14472.72 296077.30      0.00      0.00      0.00      0.00
19:48:49         ens3  42076.00  61251.00  14386.66 295996.05      0.00      0.00      0.00      0.00
19:48:50         ens3  43361.00  63659.00  14470.80 295985.65      0.00      0.00      0.00      0.00
19:48:51         ens3  44265.00  65750.00  14530.48 296162.84      0.00      0.00      0.00      0.00
19:48:52         ens3  44591.00  67671.00  14548.67 296255.02      0.00      0.00      0.00      0.00
19:48:53         ens3  40781.00  64101.00  14305.92 295985.20      0.00      0.00      0.00      0.00
19:48:54         ens3  41014.00  64039.00  14318.31 296061.35      0.00      0.00      0.00      0.00
19:48:55         ens3  40133.00  64813.00  14262.77 296021.94      0.00      0.00      0.00      0.00
19:48:56         ens3  40389.00  63768.00  14277.85 296034.24      0.00      0.00      0.00      0.00
19:48:57         ens3  43389.00  68426.00  14472.60 296247.64      0.00      0.00      0.00      0.00
19:48:58         ens3  43052.00  63917.00  14452.00 296020.08      0.00      0.00      0.00      0.00
19:48:59         ens3  42253.00  60268.00  14396.94 295855.43      0.00      0.00      0.00      0.00
19:49:00         ens3  42725.00  60760.00  14429.81 295723.85      0.00      0.00      0.00      0.00
19:49:01         ens3  42793.00  64111.00  14434.19 296067.10      0.00      0.00      0.00      0.00
19:49:02         ens3  42638.00  63217.00  14421.37 295947.26      0.00      0.00      0.00      0.00
19:49:03         ens3  42532.00  58190.00  14416.99 295731.02      0.00      0.00      0.00      0.00
19:49:04         ens3  37565.00  40920.00  14096.19 294391.43      0.00      0.00      0.00      0.00
19:49:05         ens3  32146.00  28416.00  13742.30 293733.92      0.00      0.00      0.00      0.00
19:49:06         ens3  31161.00  27150.00  13690.13 293491.12      0.00      0.00      0.00      0.00
19:49:07         ens3  30611.00  27367.00  13644.78 293874.18      0.00      0.00      0.00      0.00
19:49:08         ens3  30375.00  27870.00  13635.22 293729.84      0.00      0.00      0.00      0.00
19:49:09         ens3  30167.00  27080.00  13620.67 293632.68      0.00      0.00      0.00      0.00
19:49:10         ens3  27845.00  24990.00  13465.09 293381.75      0.00      0.00      0.00      0.00
19:49:11         ens3  31544.00  28552.00  13716.29 293872.87      0.00      0.00      0.00      0.00
19:49:12         ens3  31698.00  27423.00  13720.50 293603.46      0.00      0.00      0.00      0.00
19:49:13         ens3  31180.00  26905.00  13685.70 293543.21      0.00      0.00      0.00      0.00
19:49:14         ens3  30495.00  26240.00  13640.31 293668.93      0.00      0.00      0.00      0.00
19:49:15         ens3  38514.00  37315.00  14206.51 595797.96      0.00      0.00      0.00      0.00
19:49:16         ens3  58898.00  87468.00  15545.76 1514295.19      0.00      0.00      0.00      0.00
19:49:17         ens3  53398.00  88273.00  15161.15 1392323.15      0.00      0.00      0.00      0.00
19:49:18         ens3  44932.00  89984.00  14607.16 1449483.09      0.00      0.00      0.00      0.00
19:49:19         ens3  45133.00  92795.00  14588.32 1495747.56      0.00      0.00      0.00      0.00
19:49:20         ens3  16082.00  69848.00   2463.63 2617891.33      0.00      0.00      0.00      0.00
19:49:21         ens3  10148.00  47826.00    654.35 2496546.80      0.00      0.00      0.00      0.00
19:49:22         ens3      6.00      6.00      0.59      0.89      0.00      0.00      0.00      0.00
19:49:23         ens3      4.00      4.00      0.40      0.59      0.00      0.00      0.00      0.00
19:49:24         ens3      7.00      6.00      0.69      0.88      0.00      0.00      0.00      0.00
19:49:25         ens3      5.00      5.00      0.44      0.64      0.00      0.00      0.00      0.00
19:49:26         ens3      4.00      4.00      0.40      0.59      0.00      0.00      0.00      0.00
19:49:27         ens3      4.00      4.00      0.40      0.59      0.00      0.00      0.00      0.00
19:49:28         ens3      4.00      4.00      0.40      0.59      0.00      0.00      0.00      0.00
19:49:29         ens3      7.00      7.00      0.72      0.93      0.00      0.00      0.00      0.00
19:49:30         ens3      6.00      6.00      0.59      0.90      0.00      0.00      0.00      0.00
19:49:31         ens3      9.00      7.00      0.91      1.06      0.00      0.00      0.00      0.00
19:49:32         ens3      7.00      7.00      0.58      0.93      0.00      0.00      0.00      0.00
19:49:33         ens3      4.00      4.00      0.40      0.59      0.00      0.00      0.00      0.00
19:49:34         ens3      8.00      7.00      0.84      1.04      0.00      0.00      0.00      0.00
19:49:35         ens3      8.00      7.00      0.74      1.02      0.00      0.00      0.00      0.00
19:49:36         ens3      8.00      6.00      0.70      1.12      0.00      0.00      0.00      0.00
19:49:37         ens3     14.00     16.00      1.09      3.05      0.00      0.00      0.00      0.00
19:49:38         ens3      6.00      5.00      0.54      1.05      0.00      0.00      0.00      0.00
19:49:39         ens3     11.00      9.00      1.01      1.22      0.00      0.00      0.00      0.00
19:49:40         ens3      9.00     11.00      0.74      1.61      0.00      0.00      0.00      0.00
19:49:41         ens3      6.00      5.00      0.60      0.74      0.00      0.00      0.00      0.00
19:49:42         ens3  41403.00  42703.00  12861.92 256294.49      0.00      0.00      0.00      0.00
19:49:43         ens3  54658.00  63672.00  15198.97 295937.62      0.00      0.00      0.00      0.00
19:49:44         ens3  51849.00  62532.00  15020.68 295934.96      0.00      0.00      0.00      0.00
19:49:45         ens3  51344.00  60629.00  14983.99 295906.47      0.00      0.00      0.00      0.00
19:49:46         ens3  54714.00  64067.00  15206.79 295958.21      0.00      0.00      0.00      0.00
19:49:47         ens3  56575.00  67597.00  15319.66 296351.17      0.00      0.00      0.00      0.00
19:49:48         ens3  57043.00  67155.00  15352.83 294431.59      0.00      0.00      0.00      0.00
19:49:49         ens3  54765.00  64610.00  15205.92 297661.94      0.00      0.00      0.00      0.00
19:49:50         ens3  52213.00  62168.00  15041.36 296057.60      0.00      0.00      0.00      0.00
19:49:51         ens3  48103.00  59184.00  14780.75 295690.70      0.00      0.00      0.00      0.00
19:49:52         ens3  51605.00  67415.00  14995.08 296291.37      0.00      0.00      0.00      0.00
19:49:53         ens3  51507.00  69000.00  14995.90 296245.75      0.00      0.00      0.00      0.00
19:49:54         ens3  51657.00  65805.00  15008.18 296163.20      0.00      0.00      0.00      0.00
19:49:55         ens3  49688.00  63661.00  14877.37 295966.34      0.00      0.00      0.00      0.00
19:49:56         ens3  49430.00  62275.00  14861.97 296003.92      0.00      0.00      0.00      0.00
19:49:57         ens3  50342.00  63662.00  14919.33 295974.53      0.00      0.00      0.00      0.00
19:49:58         ens3  51317.00  66407.00  14983.59 296234.88      0.00      0.00      0.00      0.00
19:49:59         ens3  44510.00  48077.00  14543.47 294728.56      0.00      0.00      0.00      0.00
19:50:00         ens3  32312.00  28336.00  13751.59 293751.39      0.00      0.00      0.00      0.00
19:50:01         ens3  29691.00  25813.00  13592.62 293747.31      0.00      0.00      0.00      0.00
19:50:02         ens3  29761.00  26985.00  13598.64 293476.24      0.00      0.00      0.00      0.00
19:50:03         ens3  29224.00  26815.00  13555.79 288556.06      0.00      0.00      0.00      0.00
19:50:04         ens3  29090.00  25961.00  13546.96 298665.00      0.00      0.00      0.00      0.00
19:50:05         ens3  31250.00  26981.00  13693.28 293707.89      0.00      0.00      0.00      0.00
19:50:06         ens3  31066.00  26782.00  13687.20 293518.47      0.00      0.00      0.00      0.00
19:50:07         ens3  31873.00  27555.00  13723.48 293780.24      0.00      0.00      0.00      0.00
19:50:08         ens3  30536.00  26454.00  13640.26 293498.04      0.00      0.00      0.00      0.00
19:50:09         ens3  31088.00  26810.00  13687.21 293586.71      0.00      0.00      0.00      0.00
19:50:10         ens3  30652.00  26332.00  13656.01 293564.25      0.00      0.00      0.00      0.00
19:50:11         ens3  31150.00  26928.00  13674.31 293704.64      0.00      0.00      0.00      0.00
19:50:12         ens3  32331.00  28119.00  13768.53 293604.48      0.00      0.00      0.00      0.00
19:50:13         ens3  31583.00  27500.00  13713.21 293823.34      0.00      0.00      0.00      0.00
19:50:14         ens3  29661.00  26273.00  13582.40 293615.74      0.00      0.00      0.00      0.00
19:50:15         ens3  29423.00  25897.00  13579.88 293426.02      0.00      0.00      0.00      0.00
19:50:16         ens3  13722.00  12429.00   6289.39 136195.81      0.00      0.00      0.00      0.00
19:50:17         ens3      6.00      4.00      0.68      0.59      0.00      0.00      0.00      0.00
19:50:18         ens3      7.00      4.00      0.92      0.59      0.00      0.00      0.00      0.00
19:50:19         ens3     10.00      6.00      2.40      0.86      0.00      0.00      0.00      0.00
19:50:20         ens3      6.00      4.00      0.68      0.59      0.00      0.00      0.00      0.00
19:50:21         ens3     12.00      6.00      1.26      0.88      0.00      0.00      0.00      0.00
19:50:22         ens3      8.00      4.00      2.17      0.59      0.00      0.00      0.00      0.00
19:50:23         ens3      6.00      4.00      0.68      0.59      0.00      0.00      0.00      0.00
19:50:24         ens3     11.00      7.00      1.26      1.01      0.00      0.00      0.00      0.00
19:50:25         ens3      9.00      4.00      2.32      0.59      0.00      0.00      0.00      0.00
19:50:26         ens3     10.00      4.00      1.07      0.59      0.00      0.00      0.00      0.00
19:50:27         ens3  33431.00  74248.00   2254.16 1764734.01      0.00      0.00      0.00      0.00
19:50:28         ens3  26209.00  82604.00   1706.96 1711435.87      0.00      0.00      0.00      0.00
19:50:29         ens3   9797.00  62692.00    632.05 2468264.21      0.00      0.00      0.00      0.00
19:50:30         ens3  10027.00  49134.00    646.57 2556438.37      0.00      0.00      0.00      0.00
19:50:31         ens3   6499.00  29887.00    421.14 1549885.76      0.00      0.00      0.00      0.00
19:50:32         ens3      9.00      5.00      1.04      0.74      0.00      0.00      0.00      0.00
19:50:33         ens3      6.00      4.00      0.68      0.59      0.00      0.00      0.00      0.00
19:50:34         ens3     25.00      7.00      4.72      1.03      0.00      0.00      0.00      0.00
19:50:35         ens3     11.00      5.00      1.13      0.71      0.00      0.00      0.00      0.00
19:50:36         ens3     18.00      9.00      1.63      2.38      0.00      0.00      0.00      0.00
19:50:37         ens3     16.00      9.00      2.96      1.71      0.00      0.00      0.00      0.00
19:50:38         ens3      9.00      5.00      0.88      0.70      0.00      0.00      0.00      0.00
19:50:39         ens3     35.00      9.00      5.44      1.36      0.00      0.00      0.00      0.00
19:50:40         ens3     21.00      4.00      4.73      0.59      0.00      0.00      0.00      0.00
19:50:41         ens3     17.00      4.00      2.57      0.59      0.00      0.00      0.00      0.00
19:50:42         ens3     34.00     11.00      9.10      1.30      0.00      0.00      0.00      0.00
19:50:43         ens3      8.00      4.00      2.18      0.59      0.00      0.00      0.00      0.00
19:50:44         ens3      9.90      8.91      1.06      1.03      0.00      0.00      0.00      0.00
19:50:45         ens3      6.00      4.00      0.68      0.59      0.00      0.00      0.00      0.00
19:50:46         ens3     13.00      4.00      3.08      0.59      0.00      0.00      0.00      0.00
19:50:47         ens3      8.00      6.00      0.89      0.88      0.00      0.00      0.00      0.00
19:50:48         ens3      8.00      4.00      1.07      0.59      0.00      0.00      0.00      0.00
19:50:49         ens3     15.00      9.00      2.80      1.37      0.00      0.00      0.00      0.00
19:50:50         ens3     13.00      7.00      1.32      1.20      0.00      0.00      0.00      0.00
19:50:51         ens3     14.00      8.00      1.46      1.27      0.00      0.00      0.00      0.00
19:50:52         ens3     10.00      6.00      2.37      0.88      0.00      0.00      0.00      0.00
19:50:53         ens3     10.00      6.00      0.98      1.04      0.00      0.00      0.00      0.00
19:50:54         ens3     14.00     11.00      1.38      1.74      0.00      0.00      0.00      0.00
19:50:55         ens3     11.00      7.00      2.38      1.18      0.00      0.00      0.00      0.00
19:50:56         ens3     12.00      8.00      1.21      1.01      0.00      0.00      0.00      0.00
19:50:57         ens3     22.00      4.00      3.77      0.59      0.00      0.00      0.00      0.00
19:50:58         ens3  26090.00  30722.00   8764.17 177864.28      0.00      0.00      0.00      0.00
19:50:59         ens3  47266.00  68059.00  14715.99 296324.63      0.00      0.00      0.00      0.00
19:51:00         ens3  44467.00  62187.00  14547.91 295867.66      0.00      0.00      0.00      0.00
19:51:01         ens3  45206.00  63013.00  14584.47 295945.01      0.00      0.00      0.00      0.00
19:51:02         ens3  44689.00  65817.00  14560.82 296111.28      0.00      0.00      0.00      0.00
19:51:03         ens3  44865.00  62980.00  14573.41 296042.87      0.00      0.00      0.00      0.00
19:51:04         ens3  44765.00  65086.00  14560.09 296087.68      0.00      0.00      0.00      0.00
19:51:05         ens3  47642.00  68580.00  14746.89 296253.33      0.00      0.00      0.00      0.00
19:51:06         ens3  49784.00  65589.00  14885.08 290834.81      0.00      0.00      0.00      0.00
19:51:07         ens3  53647.00  67713.00  15138.12 301532.95      0.00      0.00      0.00      0.00
19:51:08         ens3  32273.00  68793.00  13752.14 296440.79      0.00      0.00      0.00      0.00
19:51:09         ens3  30440.00  68515.00  13640.85 296293.41      0.00      0.00      0.00      0.00
19:51:10         ens3  31076.00  63205.00  13681.94 295959.21      0.00      0.00      0.00      0.00
19:51:11         ens3  31029.00  64317.00  13679.10 295944.63      0.00      0.00      0.00      0.00
19:51:12         ens3  30725.00  56723.00  13647.76 295631.42      0.00      0.00      0.00      0.00
19:51:13         ens3  31208.00  48936.00  13690.60 295019.90      0.00      0.00      0.00      0.00
19:51:14         ens3  31267.00  51564.00  13690.19 295271.27      0.00      0.00      0.00      0.00
19:51:15         ens3  32154.00  53074.00  13750.32 295255.43      0.00      0.00      0.00      0.00
19:51:16         ens3  31760.00  50714.00  13724.74 295110.29      0.00      0.00      0.00      0.00
19:51:17         ens3  30003.00  28910.00  13599.08 293717.62      0.00      0.00      0.00      0.00
19:51:18         ens3  29995.00  27112.00  13608.35 293616.10      0.00      0.00      0.00      0.00
19:51:19         ens3  29671.00  25814.00  13593.01 293543.73      0.00      0.00      0.00      0.00
19:51:20         ens3  30242.00  27039.00  13632.47 293601.33      0.00      0.00      0.00      0.00
19:51:21         ens3  30751.00  28031.00  13648.55 293762.84      0.00      0.00      0.00      0.00
19:51:22         ens3  30419.00  27362.00  13648.07 293767.80      0.00      0.00      0.00      0.00
19:51:23         ens3  28650.00  25700.00  13518.64 293592.09      0.00      0.00      0.00      0.00
19:51:24         ens3  32068.00  27740.00  13750.28 293544.85      0.00      0.00      0.00      0.00
19:51:25         ens3  30872.00  26624.00  13661.71 293574.59      0.00      0.00      0.00      0.00
19:51:26         ens3  30270.00  27216.00  13627.36 293601.43      0.00      0.00      0.00      0.00
19:51:27         ens3  32381.00  28142.00  13765.14 293798.29      0.00      0.00      0.00      0.00
19:51:28         ens3  27643.00  24591.00  13459.68 293395.13      0.00      0.00      0.00      0.00
19:51:29         ens3  30616.00  27153.00  13651.40 293671.05      0.00      0.00      0.00      0.00
19:51:30         ens3  30415.00  27722.00  13635.33 293675.05      0.00      0.00      0.00      0.00
19:51:31         ens3  30144.00  26767.00  13611.07 293668.65      0.00      0.00      0.00      0.00
19:51:32         ens3  22294.00  19022.00   9970.01 214535.43      0.00      0.00      0.00      0.00
19:51:33         ens3     20.00      5.00      2.12      0.74      0.00      0.00      0.00      0.00
19:51:34         ens3     25.00      8.00      3.93      1.07      0.00      0.00      0.00      0.00
19:51:35         ens3     17.00      4.00      1.78      0.59      0.00      0.00      0.00      0.00
19:51:36         ens3     20.00      4.00      2.08      0.59      0.00      0.00      0.00      0.00
19:51:37         ens3     22.00      6.00      3.57      0.78      0.00      0.00      0.00      0.00
19:51:38         ens3     16.00      4.00      1.71      0.59      0.00      0.00      0.00      0.00
19:51:39         ens3     19.00      7.00      2.01      0.92      0.00      0.00      0.00      0.00
19:51:40         ens3     14.00      4.00      2.68      0.59      0.00      0.00      0.00      0.00
19:51:41         ens3     10.00      4.00      1.07      0.59      0.00      0.00      0.00      0.00
19:51:42         ens3      6.00      4.00      0.68      0.59      0.00      0.00      0.00      0.00
19:51:43         ens3  33312.00  44021.00   2236.69 972778.68      0.00      0.00      0.00      0.00
19:51:44         ens3  45000.00  89827.00   2967.59 1475203.68      0.00      0.00      0.00      0.00
19:51:45         ens3  43888.00  94383.00   2843.95 1437579.56      0.00      0.00      0.00      0.00
19:51:46         ens3  44958.00  91667.00   2914.22 1674253.17      0.00      0.00      0.00      0.00
19:51:47         ens3  13145.00  59076.00    847.89 2897911.68      0.00      0.00      0.00      0.00
19:51:48         ens3   6658.00  30697.00    430.17 1592488.45      0.00      0.00      0.00      0.00
19:51:49         ens3     24.00     10.00      8.81      1.38      0.00      0.00      0.00      0.00
19:51:50         ens3     11.00      4.00      1.41      0.59      0.00      0.00      0.00      0.00
19:51:51         ens3      9.00      4.00      1.01      0.59      0.00      0.00      0.00      0.00
19:51:52         ens3     11.00      5.00      2.52      0.74      0.00      0.00      0.00      0.00
19:51:53         ens3      9.00      4.00      1.15      0.59      0.00      0.00      0.00      0.00
19:51:54         ens3     10.00      9.00      1.15      1.21      0.00      0.00      0.00      0.00
19:51:55         ens3      8.00      4.00      2.17      0.59      0.00      0.00      0.00      0.00
19:51:56         ens3     10.00      4.00      1.07      0.59      0.00      0.00      0.00      0.00
19:51:57         ens3      9.00      5.00      1.04      0.74      0.00      0.00      0.00      0.00
19:51:58         ens3     10.00      8.00      2.30      0.84      0.00      0.00      0.00      0.00
19:51:59         ens3     11.00      9.00      1.20      1.21      0.00      0.00      0.00      0.00
19:52:00         ens3      9.00      5.00      0.98      0.72      0.00      0.00      0.00      0.00
19:52:01         ens3     33.00      7.00      5.82      0.92      0.00      0.00      0.00      0.00
19:52:02         ens3   8286.00   7513.00   3593.76  58887.42      0.00      0.00      0.00      0.00
19:52:03         ens3  53149.00  61197.00  15102.35 311315.04      0.00      0.00      0.00      0.00
19:52:04         ens3  51985.00  59248.00  15028.28 296687.71      0.00      0.00      0.00      0.00
19:52:05         ens3  55372.00  63150.00  15245.18 296203.11      0.00      0.00      0.00      0.00
19:52:06         ens3  47353.00  64323.00  14726.99 296042.20      0.00      0.00      0.00      0.00
19:52:07         ens3  31214.00  67095.00  13689.27 296228.91      0.00      0.00      0.00      0.00
19:52:08         ens3  30626.00  66587.00  13647.32 296209.72      0.00      0.00      0.00      0.00
19:52:09         ens3  30661.00  66356.00  13650.93 295604.89      0.00      0.00      0.00      0.00
19:52:10         ens3  30161.00  67456.00  13624.38 296796.01      0.00      0.00      0.00      0.00
19:52:11         ens3  29779.00  69809.00  13597.11 296390.52      0.00      0.00      0.00      0.00
19:52:12         ens3  29417.00  70260.00  13570.82 296398.38      0.00      0.00      0.00      0.00
19:52:13         ens3  29309.00  69083.00  13565.38 296346.64      0.00      0.00      0.00      0.00
19:52:14         ens3  29556.00  69045.00  13581.30 296381.01      0.00      0.00      0.00      0.00
19:52:15         ens3  29755.00  68549.00  13588.79 296241.20      0.00      0.00      0.00      0.00
19:52:16         ens3  30027.00  64761.00  13618.69 296116.06      0.00      0.00      0.00      0.00
19:52:17         ens3  30156.00  61563.00  13618.45 289101.86      0.00      0.00      0.00      0.00
19:52:18         ens3  29716.00  60227.00  13588.86 302576.32      0.00      0.00      0.00      0.00
19:52:19         ens3  28965.00  65562.00  13547.39 295948.66      0.00      0.00      0.00      0.00
19:52:20         ens3  29611.00  61981.00  13580.56 296030.38      0.00      0.00      0.00      0.00
19:52:21         ens3  32195.00  56066.00  13750.28 295419.80      0.00      0.00      0.00      0.00
19:52:22         ens3  35506.00  49028.00  13967.46 295086.47      0.00      0.00      0.00      0.00
19:52:23         ens3  34781.00  43472.00  13916.25 294517.36      0.00      0.00      0.00      0.00
19:52:24         ens3  30764.00  27455.00  13653.52 293768.88      0.00      0.00      0.00      0.00
19:52:25         ens3  29937.00  26973.00  13610.08 293669.36      0.00      0.00      0.00      0.00
19:52:26         ens3  30680.00  27524.00  13656.59 293704.71      0.00      0.00      0.00      0.00
19:52:27         ens3  30487.00  26835.00  13639.87 293658.89      0.00      0.00      0.00      0.00
19:52:28         ens3  29847.00  26201.00  13595.65 293455.41      0.00      0.00      0.00      0.00
19:52:29         ens3  30000.00  26162.00  13617.09 293443.13      0.00      0.00      0.00      0.00
19:52:30         ens3  29497.00  26155.00  13573.34 293796.22      0.00      0.00      0.00      0.00
19:52:31         ens3  30264.00  27188.00  13634.04 293579.83      0.00      0.00      0.00      0.00
19:52:32         ens3  30159.00  26738.00  13608.75 293550.83      0.00      0.00      0.00      0.00
19:52:33         ens3  28167.00  25325.00  13500.15 293417.44      0.00      0.00      0.00      0.00
19:52:34         ens3  30194.00  26902.00  13616.71 293782.14      0.00      0.00      0.00      0.00
19:52:35         ens3  29979.00  26607.00  13605.69 293542.54      0.00      0.00      0.00      0.00
19:52:36         ens3  30727.00  26984.00  13663.87 293705.26      0.00      0.00      0.00      0.00
19:52:37         ens3   2537.00   2186.00   1040.40  22130.32      0.00      0.00      0.00      0.00
19:52:38         ens3      6.00      4.00      0.69      0.59      0.00      0.00      0.00      0.00
19:52:39         ens3      8.00      6.00      0.93      0.86      0.00      0.00      0.00      0.00
19:52:40         ens3     11.00      5.00      2.52      0.74      0.00      0.00      0.00      0.00
19:52:41         ens3     12.00      7.00      1.27      1.04      0.00      0.00      0.00      0.00
19:52:42         ens3      6.00      4.00      0.69      0.59      0.00      0.00      0.00      0.00
19:52:43         ens3      8.00      4.00      2.18      0.59      0.00      0.00      0.00      0.00
19:52:44         ens3      9.00      7.00      1.01      0.93      0.00      0.00      0.00      0.00
19:52:45         ens3     13.00      4.00      2.92      0.60      0.00      0.00      0.00      0.00
19:52:46         ens3     19.00      4.00      7.33      0.61      0.00      0.00      0.00      0.00
19:52:47         ens3  17150.00  18825.00   1164.10 403234.14      0.00      0.00      0.00      0.00
19:52:48         ens3  54662.00  92292.00   3608.15 1488855.01      0.00      0.00      0.00      0.00
19:52:49         ens3  48818.00  95646.00   3165.83 1491708.74      0.00      0.00      0.00      0.00
19:52:50         ens3  37937.00  96630.00   2459.59 1738145.58      0.00      0.00      0.00      0.00
19:52:51         ens3  11330.00  59666.00    730.95 2825506.76      0.00      0.00      0.00      0.00
19:52:52         ens3   9009.00  40868.00    583.30 2102324.73      0.00      0.00      0.00      0.00
19:52:53         ens3      8.00      4.00      1.16      0.59      0.00      0.00      0.00      0.00
19:52:54         ens3     19.00      6.00      6.96      0.86      0.00      0.00      0.00      0.00
19:52:55         ens3      8.00      4.00      2.17      0.59      0.00      0.00      0.00      0.00
19:52:56         ens3     11.00      6.00      1.22      0.88      0.00      0.00      0.00      0.00
19:52:57         ens3      9.00      5.00      1.04      0.74      0.00      0.00      0.00      0.00
19:52:58         ens3      8.00      4.00      2.17      0.59      0.00      0.00      0.00      0.00
19:52:59         ens3      8.00      6.00      0.93      0.87      0.00      0.00      0.00      0.00
19:53:00         ens3      7.00      4.00      0.83      0.59      0.00      0.00      0.00      0.00
19:53:01         ens3     14.00      6.00      2.76      0.88      0.00      0.00      0.00      0.00
19:53:02         ens3     10.00      9.00      0.96      0.98      0.00      0.00      0.00      0.00
19:53:03         ens3      9.00      6.00      0.92      0.79      0.00      0.00      0.00      0.00
19:53:04         ens3     27.00     18.00      3.73      1.97      0.00      0.00      0.00      0.00
19:53:05         ens3     18.00     10.00      1.53      1.16      0.00      0.00      0.00      0.00
19:53:06         ens3     12.00      6.00      1.26      0.88      0.00      0.00      0.00      0.00
19:53:07         ens3     18.00     11.00      2.88      1.15      0.00      0.00      0.00      0.00
19:53:08         ens3     12.00      7.00      1.26      0.91      0.00      0.00      0.00      0.00
19:53:09         ens3     26.00     17.00      2.20      1.78      0.00      0.00      0.00      0.00
19:53:10         ens3     11.00      5.00      2.36      0.67      0.00      0.00      0.00      0.00
19:53:11         ens3     24.00     11.00      2.05      1.20      0.00      0.00      0.00      0.00
19:53:12         ens3     13.00      7.00      1.27      0.88      0.00      0.00      0.00      0.00
19:53:13         ens3     10.00      5.00      2.32      0.67      0.00      0.00      0.00      0.00
19:53:14         ens3      9.00      7.00      1.01      0.92      0.00      0.00      0.00      0.00
19:53:15         ens3     13.00     10.00      1.32      1.21      0.00      0.00      0.00      0.00
19:53:16         ens3     14.00      5.00      2.70      0.73      0.00      0.00      0.00      0.00
19:53:17         ens3     20.00     15.00      1.82      1.65      0.00      0.00      0.00      0.00
19:53:18         ens3     19.80     10.89      1.84      1.24      0.00      0.00      0.00      0.00
19:53:19         ens3     25.00     13.00      3.59      1.56      0.00      0.00      0.00      0.00
19:53:20         ens3     14.00      8.00      1.25      0.94      0.00      0.00      0.00      0.00
19:53:21         ens3     28.00     15.00      2.34      1.52      0.00      0.00      0.00      0.00
19:53:22         ens3     24.00     14.00      3.31      2.25      0.00      0.00      0.00      0.00
19:53:23         ens3      7.00      6.00      0.75      0.71      0.00      0.00      0.00      0.00
19:53:24         ens3     37.00      6.00      6.94      0.86      0.00      0.00      0.00      0.00
19:53:25         ens3     14.00      4.00      3.19      0.59      0.00      0.00      0.00      0.00
19:53:26         ens3     20.00      5.00      2.71      0.75      0.00      0.00      0.00      0.00
19:53:27         ens3     16.00      9.00      1.70      1.31      0.00      0.00      0.00      0.00
19:53:28         ens3     12.00      6.00      2.47      0.93      0.00      0.00      0.00      0.00
19:53:29         ens3     14.00     11.00      1.35      1.40      0.00      0.00      0.00      0.00
19:53:30         ens3     13.00      4.00      1.83      0.59      0.00      0.00      0.00      0.00
19:53:31         ens3     25.00      4.00      4.96      0.59      0.00      0.00      0.00      0.00
19:53:32         ens3     11.00      6.00      1.37      0.88      0.00      0.00      0.00      0.00
19:53:33         ens3      9.00      5.00      0.98      0.72      0.00      0.00      0.00      0.00
19:53:34         ens3     14.00      8.00      2.70      1.12      0.00      0.00      0.00      0.00
19:53:35         ens3     11.00      7.00      1.08      1.26      0.00      0.00      0.00      0.00
19:53:36         ens3     15.00     16.00      1.37      2.79      0.00      0.00      0.00      0.00
19:53:37         ens3     15.00     11.00      2.73      1.88      0.00      0.00      0.00      0.00
19:53:38         ens3     11.00      7.00      1.08      0.99      0.00      0.00      0.00      0.00
19:53:39         ens3     11.00      7.00      1.12      1.06      0.00      0.00      0.00      0.00
19:53:40         ens3     10.00      5.00      2.31      0.69      0.00      0.00      0.00      0.00
19:53:41         ens3     23.00      6.00      3.09      1.03      0.00      0.00      0.00      0.00
19:53:42         ens3   7912.00   7333.00   3833.72  33502.31      0.00      0.00      0.00      0.00
19:53:43         ens3  38561.00  39212.00  14164.62 119253.80      0.00      0.00      0.00      0.00
19:53:44         ens3  43931.00  45230.00  14506.39 119688.97      0.00      0.00      0.00      0.00
19:53:45         ens3  43342.00  44791.00  14468.18 119635.98      0.00      0.00      0.00      0.00
19:53:46         ens3  41801.00  43090.00  14373.32 119542.41      0.00      0.00      0.00      0.00
19:53:47         ens3  43533.00  44546.00  14480.61 119619.26      0.00      0.00      0.00      0.00
19:53:48         ens3  42820.00  43698.00  14437.75 119570.45      0.00      0.00      0.00      0.00
19:53:49         ens3  37774.00  43243.00  14109.50 119540.19      0.00      0.00      0.00      0.00
19:53:50         ens3  37741.00  43264.00  14108.74 119566.87      0.00      0.00      0.00      0.00
19:53:51         ens3  36681.00  45487.00  14040.54 119694.08      0.00      0.00      0.00      0.00
19:53:52         ens3  34022.00  42116.00  13870.39 119449.69      0.00      0.00      0.00      0.00
19:53:53         ens3  34355.00  40374.00  13887.73 119368.15      0.00      0.00      0.00      0.00
19:53:54         ens3  31800.00  37127.00  13727.34 119138.43      0.00      0.00      0.00      0.00
19:53:55         ens3  33751.00  39372.00  13852.93 119282.98      0.00      0.00      0.00      0.00
19:53:56         ens3  32542.00  36117.00  13770.94 119101.46      0.00      0.00      0.00      0.00
19:53:57         ens3  32014.00  35935.00  13741.03 119047.31      0.00      0.00      0.00      0.00
19:53:58         ens3  26419.00  27899.00  13375.75 118553.35      0.00      0.00      0.00      0.00
19:53:59         ens3  24250.00  24384.00  13242.14 118291.65      0.00      0.00      0.00      0.00
19:54:00         ens3  22458.00  22488.00  13120.87 118238.59      0.00      0.00      0.00      0.00
19:54:01         ens3  21962.00  22219.00  13094.63 118215.59      0.00      0.00      0.00      0.00
19:54:02         ens3  25125.00  22664.00  13297.01 118141.05      0.00      0.00      0.00      0.00
19:54:03         ens3  16821.00  14459.00  12753.66 117719.62      0.00      0.00      0.00      0.00
19:54:04         ens3  15912.00  11951.00  12707.70 117546.86      0.00      0.00      0.00      0.00
19:54:05         ens3  15739.00  11790.00  12690.64 117417.56      0.00      0.00      0.00      0.00
19:54:06         ens3  15856.00  11735.00  12699.73 117529.97      0.00      0.00      0.00      0.00
19:54:07         ens3  15906.00  12015.00  12697.11 117604.68      0.00      0.00      0.00      0.00
19:54:08         ens3  15729.00  11730.00  12687.24 117487.39      0.00      0.00      0.00      0.00
19:54:09         ens3  16074.00  12214.00  12723.67 117549.66      0.00      0.00      0.00      0.00
19:54:10         ens3  15994.00  12002.00  12708.43 117541.61      0.00      0.00      0.00      0.00
19:54:11         ens3  15938.00  11710.00  12703.59 117549.57      0.00      0.00      0.00      0.00
19:54:12         ens3  15980.00  11964.00  12707.59 117483.92      0.00      0.00      0.00      0.00
19:54:13         ens3  16018.00  12029.00  12705.81 117619.78      0.00      0.00      0.00      0.00
19:54:14         ens3  16109.00  12173.00  12707.54 117473.49      0.00      0.00      0.00      0.00
19:54:15         ens3  16198.00  12275.00  12720.41 117550.74      0.00      0.00      0.00      0.00
19:54:16         ens3  15870.00  12182.00  12710.45 117575.72      0.00      0.00      0.00      0.00
19:54:17         ens3    835.00    636.00    625.69   5821.21      0.00      0.00      0.00      0.00
19:54:18         ens3     11.00      7.00      1.42      1.03      0.00      0.00      0.00      0.00
19:54:19         ens3     18.00      7.00      3.41      0.92      0.00      0.00      0.00      0.00
19:54:20         ens3     11.00      7.00      1.24      1.21      0.00      0.00      0.00      0.00
19:54:21         ens3     12.00      5.00      1.22      0.69      0.00      0.00      0.00      0.00
19:54:22         ens3     14.00     13.00      2.54      2.78      0.00      0.00      0.00      0.00
19:54:23         ens3      6.00      4.00      0.69      0.59      0.00      0.00      0.00      0.00
19:54:24         ens3     13.00      8.00      1.30      1.31      0.00      0.00      0.00      0.00
19:54:25         ens3     24.00      5.00      4.67      0.69      0.00      0.00      0.00      0.00
19:54:26         ens3     28.00      7.00      4.18      1.12      0.00      0.00      0.00      0.00
19:54:27         ens3     12.00      4.00      1.66      0.59      0.00      0.00      0.00      0.00
19:54:28         ens3     11.00      5.00      2.55      0.76      0.00      0.00      0.00      0.00
19:54:29         ens3     11.00      9.00      1.21      1.21      0.00      0.00      0.00      0.00
19:54:30         ens3  15165.00  52181.00   1009.57 2063354.20      0.00      0.00      0.00      0.00
19:54:31         ens3   7778.00  36892.00    503.63 1954022.29      0.00      0.00      0.00      0.00
19:54:32         ens3      6.00      4.00      0.69      0.59      0.00      0.00      0.00      0.00
19:54:33         ens3     10.00      4.00      1.33      0.59      0.00      0.00      0.00      0.00
19:54:34         ens3     16.00     10.00      2.99      1.33      0.00      0.00      0.00      0.00
19:54:35         ens3     11.00      6.00      1.14      1.29      0.00      0.00      0.00      0.00
19:54:36         ens3     18.00     10.00      1.62      2.70      0.00      0.00      0.00      0.00
19:54:37         ens3     11.00      5.00      2.48      0.95      0.00      0.00      0.00      0.00
19:54:38         ens3     20.00      6.00      2.58      0.84      0.00      0.00      0.00      0.00
19:54:39         ens3     24.00     12.00      3.08      1.74      0.00      0.00      0.00      0.00
19:54:40         ens3     14.00      4.00      3.13      0.59      0.00      0.00      0.00      0.00
19:54:41         ens3     18.00      4.00      2.50      0.59      0.00      0.00      0.00      0.00
19:54:42         ens3      8.00      8.00      0.82      0.84      0.00      0.00      0.00      0.00
19:54:43         ens3     11.00      4.00      2.82      0.59      0.00      0.00      0.00      0.00
19:54:44         ens3     11.00      9.00      1.21      1.21      0.00      0.00      0.00      0.00
19:54:45         ens3      7.00      6.00      0.75      0.71      0.00      0.00      0.00      0.00
19:54:46         ens3     18.00      4.00      3.56      0.59      0.00      0.00      0.00      0.00
19:54:47         ens3      6.00      4.00      0.69      0.59      0.00      0.00      0.00      0.00
19:54:48         ens3     11.00      5.00      1.43      0.74      0.00      0.00      0.00      0.00
19:54:49         ens3     12.00      9.00      2.63      1.21      0.00      0.00      0.00      0.00
19:54:50         ens3      7.00      4.00      0.74      0.59      0.00      0.00      0.00      0.00
19:54:51         ens3     14.00      9.00      2.79      1.99      0.00      0.00      0.00      0.00
19:54:52         ens3     21.00     18.00      6.08      5.67      0.00      0.00      0.00      0.00
19:54:53         ens3      8.00      8.00      0.81      0.84      0.00      0.00      0.00      0.00
19:54:54         ens3     14.00      7.00      1.77      0.92      0.00      0.00      0.00      0.00
19:54:55         ens3     10.00      6.00      2.39      0.90      0.00      0.00      0.00      0.00
19:54:56         ens3     10.00      4.00      1.07      0.59      0.00      0.00      0.00      0.00
19:54:57         ens3      6.00      4.00      0.68      0.59      0.00      0.00      0.00      0.00
19:54:58         ens3      9.00      6.00      2.23      0.71      0.00      0.00      0.00      0.00
19:54:59         ens3      9.00      7.00      1.04      0.92      0.00      0.00      0.00      0.00
19:55:00         ens3      6.00      4.00      0.69      0.59      0.00      0.00      0.00      0.00
19:55:01         ens3     13.00      4.00      2.61      0.59      0.00      0.00      0.00      0.00
19:55:02         ens3      6.00      4.00      0.68      0.59      0.00      0.00      0.00      0.00
19:55:03         ens3      7.00      6.00      0.75      0.71      0.00      0.00      0.00      0.00
19:55:04         ens3     11.00      7.00      2.49      0.92      0.00      0.00      0.00      0.00
19:55:05         ens3      8.00      6.00      0.88      0.88      0.00      0.00      0.00      0.00
19:55:06         ens3     12.00      5.00      1.37      0.74      0.00      0.00      0.00      0.00
19:55:07         ens3      8.00      4.00      2.17      0.59      0.00      0.00      0.00      0.00
19:55:08         ens3      6.00      4.00      0.68      0.59      0.00      0.00      0.00      0.00
19:55:09         ens3     13.00     10.00      1.53      1.30      0.00      0.00      0.00      0.00
19:55:10         ens3     13.00      8.00      2.70      1.14      0.00      0.00      0.00      0.00
19:55:11         ens3     18.00     11.00      2.23      2.33      0.00      0.00      0.00      0.00
19:55:12         ens3      6.00      4.00      0.68      0.59      0.00      0.00      0.00      0.00
19:55:13         ens3     13.00      4.00      3.17      0.59      0.00      0.00      0.00      0.00
19:55:14         ens3     23.00      7.00      3.35      0.92      0.00      0.00      0.00      0.00
19:55:15         ens3     17.00      7.00      2.14      1.04      0.00      0.00      0.00      0.00
19:55:16         ens3   9207.00   7481.00   5995.05  54227.92      0.00      0.00      0.00      0.00
19:55:17         ens3  28755.00  27901.00  13530.01 118525.76      0.00      0.00      0.00      0.00
19:55:18         ens3  30739.00  28088.00  13656.27 118603.93      0.00      0.00      0.00      0.00
19:55:19         ens3  29741.00  30243.00  13596.01 118714.52      0.00      0.00      0.00      0.00
19:55:20         ens3  28933.00  30322.00  13539.69 118702.67      0.00      0.00      0.00      0.00
19:55:21         ens3  30526.00  32086.00  13643.84 118816.20      0.00      0.00      0.00      0.00
19:55:22         ens3  28729.00  31356.00  13525.00 118778.16      0.00      0.00      0.00      0.00
19:55:23         ens3  29821.00  31827.00  13601.84 118768.88      0.00      0.00      0.00      0.00
19:55:24         ens3  28223.00  31278.00  13495.56 118783.25      0.00      0.00      0.00      0.00
19:55:25         ens3  27735.00  29715.00  13463.77 118696.38      0.00      0.00      0.00      0.00
19:55:26         ens3  27251.00  28756.00  13434.24 118622.67      0.00      0.00      0.00      0.00
19:55:27         ens3  26195.00  28159.00  13363.15 117724.07      0.00      0.00      0.00      0.00
19:55:28         ens3  25708.00  24855.00  13328.87 114398.07      0.00      0.00      0.00      0.00
19:55:29         ens3  29742.00  30235.00  13594.72 123410.21      0.00      0.00      0.00      0.00
19:55:30         ens3  28188.00  28563.00  13497.26 113998.85      0.00      0.00      0.00      0.00
19:55:31         ens3  33037.00  33753.00  13805.70 123644.22      0.00      0.00      0.00      0.00
19:55:32         ens3  34118.00  34739.00  13873.82 117847.76      0.00      0.00      0.00      0.00
19:55:33         ens3  35185.00  35976.00  13943.99 120216.59      0.00      0.00      0.00      0.00
19:55:34         ens3  38403.00  39551.00  14152.89 119288.99      0.00      0.00      0.00      0.00
19:55:35         ens3  37260.00  38361.00  14077.88 119209.87      0.00      0.00      0.00      0.00
19:55:36         ens3  36958.00  38015.00  14057.14 119233.60      0.00      0.00      0.00      0.00
19:55:37         ens3  39628.00  40602.00  14231.72 119363.71      0.00      0.00      0.00      0.00
19:55:38         ens3  43542.00  44668.00  14482.63 119649.77      0.00      0.00      0.00      0.00
19:55:39         ens3  42608.00  43966.00  14422.07 119576.87      0.00      0.00      0.00      0.00
19:55:40         ens3  39932.00  41092.00  14251.31 119399.49      0.00      0.00      0.00      0.00
19:55:41         ens3  40640.00  41805.00  14294.38 119462.58      0.00      0.00      0.00      0.00
19:55:42         ens3  41492.00  42667.00  14350.62 119508.51      0.00      0.00      0.00      0.00
19:55:43         ens3  37744.00  42666.00  14111.86 119561.96      0.00      0.00      0.00      0.00
19:55:44         ens3  35277.00  45826.00  13948.64 119552.03      0.00      0.00      0.00      0.00
19:55:45         ens3  26696.00  29074.00  13396.96 118620.59      0.00      0.00      0.00      0.00
19:55:46         ens3  15627.00  11872.00  12683.73 117585.71      0.00      0.00      0.00      0.00
19:55:47         ens3  16065.00  12241.00  12713.31 117576.81      0.00      0.00      0.00      0.00
19:55:48         ens3  15902.00  11982.00  12698.47 117605.25      0.00      0.00      0.00      0.00
19:55:49         ens3  13613.00  10230.00  10667.58  98562.53      0.00      0.00      0.00      0.00
19:55:50         ens3      7.00      4.00      0.78      0.59      0.00      0.00      0.00      0.00
19:55:51         ens3     12.00      6.00      1.38      0.88      0.00      0.00      0.00      0.00
19:55:52         ens3      9.00      4.00      2.31      0.59      0.00      0.00      0.00      0.00
19:55:53         ens3      6.00      4.00      0.69      0.59      0.00      0.00      0.00      0.00
19:55:54         ens3     13.00      8.00      1.37      1.04      0.00      0.00      0.00      0.00
19:55:55         ens3     10.00      5.00      2.33      0.93      0.00      0.00      0.00      0.00
19:55:56         ens3     21.00     18.00      1.85      3.32      0.00      0.00      0.00      0.00
19:55:57         ens3     11.00      6.00      1.20      1.11      0.00      0.00      0.00      0.00
19:55:58         ens3     11.00      5.00      2.39      0.70      0.00      0.00      0.00      0.00
19:55:59         ens3     26.00     11.00      4.00      1.56      0.00      0.00      0.00      0.00
19:56:00         ens3     20.00      4.00      3.07      0.59      0.00      0.00      0.00      0.00
19:56:01         ens3     18.00      6.00      3.33      0.89      0.00      0.00      0.00      0.00
19:56:02         ens3     13.00      5.00      1.70      0.74      0.00      0.00      0.00      0.00
19:56:03         ens3      5.94      3.96      0.68      0.58      0.00      0.00      0.00      0.00
19:56:04         ens3     12.00      7.00      2.71      1.04      0.00      0.00      0.00      0.00
19:56:05         ens3   6076.00   8893.00   2521.30 272331.14      0.00      0.00      0.00      0.00
19:56:06         ens3  36144.00  36291.00  14004.54 119060.42      0.00      0.00      0.00      0.00
19:56:07         ens3  38114.00  38770.00  14134.06 119256.75      0.00      0.00      0.00      0.00
19:56:08         ens3  34749.00  35211.00  13915.90 119028.94      0.00      0.00      0.00      0.00
19:56:09         ens3  34496.00  35523.00  13898.31 119015.24      0.00      0.00      0.00      0.00
19:56:10         ens3  35435.00  36074.00  13962.89 119110.00      0.00      0.00      0.00      0.00
19:56:11         ens3  36567.00  36946.00  14033.20 119146.41      0.00      0.00      0.00      0.00
19:56:12         ens3  37474.00  37805.00  14088.77 119192.04      0.00      0.00      0.00      0.00
19:56:13         ens3  38572.00  39193.00  14165.08 119272.06      0.00      0.00      0.00      0.00
19:56:14         ens3  30734.00  38047.00  13655.93 119245.20      0.00      0.00      0.00      0.00
19:56:15         ens3  27983.00  35794.00  13482.43 119036.02      0.00      0.00      0.00      0.00
19:56:16         ens3  30048.00  31937.00  13614.40 118832.05      0.00      0.00      0.00      0.00
19:56:17         ens3  30855.00  31078.00  13664.99 118762.71      0.00      0.00      0.00      0.00
19:56:18         ens3  32463.00  33062.00  13768.84 118908.85      0.00      0.00      0.00      0.00
19:56:19         ens3  22304.00  22327.00  13112.44 118145.00      0.00      0.00      0.00      0.00
19:56:20         ens3  22235.00  22436.00  13109.33 118199.88      0.00      0.00      0.00      0.00
19:56:21         ens3  22196.00  22244.00  13105.53 118210.13      0.00      0.00      0.00      0.00
19:56:22         ens3  21409.00  21403.00  13063.18 118153.26      0.00      0.00      0.00      0.00
19:56:23         ens3  22448.00  22514.00  13118.82 118185.11      0.00      0.00      0.00      0.00
19:56:24         ens3  22505.00  22506.00  13131.11 118211.60      0.00      0.00      0.00      0.00
19:56:25         ens3  23001.00  23013.00  13157.45 118263.44      0.00      0.00      0.00      0.00
19:56:26         ens3  16131.00  12340.00  12713.28 117532.39      0.00      0.00      0.00      0.00
19:56:27         ens3  15958.00  11893.00  12709.07 117480.92      0.00      0.00      0.00      0.00
19:56:28         ens3  15881.00  11813.00  12699.73 117650.95      0.00      0.00      0.00      0.00
19:56:29         ens3  15799.00  11667.00  12695.99 117455.04      0.00      0.00      0.00      0.00
19:56:30         ens3  15970.00  11983.00  12695.64 117503.53      0.00      0.00      0.00      0.00
19:56:31         ens3  15185.00  11440.00  12664.91 117583.21      0.00      0.00      0.00      0.00
19:56:32         ens3  15919.00  11841.00  12695.24 117452.12      0.00      0.00      0.00      0.00
19:56:33         ens3  16054.00  12071.00  12710.94 117537.48      0.00      0.00      0.00      0.00
19:56:34         ens3  15971.00  11923.00  12714.09 117471.52      0.00      0.00      0.00      0.00
19:56:35         ens3  15687.00  11639.00  12685.87 114950.46      0.00      0.00      0.00      0.00
19:56:36         ens3  15821.00  11796.00  12691.82 120150.44      0.00      0.00      0.00      0.00
19:56:37         ens3  15769.00  11857.00  12701.00 117467.21      0.00      0.00      0.00      0.00
19:56:38         ens3    117.00     81.00     64.69    697.75      0.00      0.00      0.00      0.00
19:56:39         ens3      8.00      7.00      0.88      0.92      0.00      0.00      0.00      0.00
19:56:40         ens3      8.00      4.00      2.17      0.59      0.00      0.00      0.00      0.00
19:56:41         ens3     10.00      4.00      1.07      0.59      0.00      0.00      0.00      0.00
19:56:42         ens3      6.00      4.00      0.68      0.59      0.00      0.00      0.00      0.00
19:56:43         ens3      8.00      4.00      2.19      0.76      0.00      0.00      0.00      0.00
19:56:44         ens3      7.00      6.00      0.78      0.86      0.00      0.00      0.00      0.00
19:56:45         ens3     13.00      6.00      1.56      0.90      0.00      0.00      0.00      0.00
19:56:46         ens3     13.00      5.00      2.66      0.71      0.00      0.00      0.00      0.00
19:56:47         ens3      8.00      5.00      0.83      0.92      0.00      0.00      0.00      0.00
19:56:48         ens3     17.00     21.00      1.62      3.58      0.00      0.00      0.00      0.00
19:56:49         ens3     12.00      8.00      2.51      1.28      0.00      0.00      0.00      0.00
19:56:50         ens3     19.00      5.00      2.97      0.69      0.00      0.00      0.00      0.00
19:56:51         ens3     17.00      6.00      2.08      1.03      0.00      0.00      0.00      0.00
19:56:52         ens3     26.00      4.00      5.05      0.59      0.00      0.00      0.00      0.00
19:56:53         ens3     20.00      7.00      2.82      1.04      0.00      0.00      0.00      0.00
19:56:54         ens3      9.00      6.00      1.01      0.86      0.00      0.00      0.00      0.00
19:56:55         ens3     11.00      5.00      2.52      0.74      0.00      0.00      0.00      0.00
19:56:56         ens3     13.00      4.00      1.53      0.59      0.00      0.00      0.00      0.00
19:56:57         ens3      6.00      4.00      0.68      0.59      0.00      0.00      0.00      0.00
19:56:58         ens3     11.00      6.00      2.51      0.88      0.00      0.00      0.00      0.00
19:56:59         ens3      8.00      7.00      0.87      0.92      0.00      0.00      0.00      0.00
19:57:00         ens3      7.00      4.00      0.83      0.59      0.00      0.00      0.00      0.00
19:57:01         ens3     12.00      4.00      2.56      0.59      0.00      0.00      0.00      0.00
19:57:02         ens3      8.00      4.00      0.98      0.59      0.00      0.00      0.00      0.00
19:57:03         ens3      8.00      6.00      0.88      0.88      0.00      0.00      0.00      0.00
19:57:04         ens3     12.00      7.00      2.54      0.92      0.00      0.00      0.00      0.00
19:57:05         ens3      8.00      8.00      0.81      0.84      0.00      0.00      0.00      0.00
19:57:06         ens3      9.00      4.00      1.02      0.59      0.00      0.00      0.00      0.00
19:57:07         ens3      9.00      6.00      2.23      0.71      0.00      0.00      0.00      0.00
19:57:08         ens3     17.00      5.00      3.23      0.73      0.00      0.00      0.00      0.00
19:57:09         ens3     14.00      9.00      1.55      1.22      0.00      0.00      0.00      0.00
19:57:10         ens3     10.00      5.00      2.31      0.67      0.00      0.00      0.00      0.00
19:57:11         ens3     11.00      7.00      1.15      0.90      0.00      0.00      0.00      0.00
19:57:12         ens3     15.00      4.00      2.20      0.59      0.00      0.00      0.00      0.00
19:57:13         ens3     25.00      4.00      5.14      0.59      0.00      0.00      0.00      0.00
19:57:14         ens3     15.00      9.00      1.96      1.35      0.00      0.00      0.00      0.00
19:57:15         ens3     24.00      7.00      7.76      0.88      0.00      0.00      0.00      0.00
19:57:16         ens3     14.00      4.00      2.97      0.59      0.00      0.00      0.00      0.00
19:57:17         ens3      6.00      4.00      0.68      0.59      0.00      0.00      0.00      0.00
19:57:18         ens3      8.00      6.00      0.99      0.71      0.00      0.00      0.00      0.00
19:57:19         ens3     12.00      7.00      2.54      0.92      0.00      0.00      0.00      0.00
19:57:20         ens3      6.00      4.00      0.68      0.59      0.00      0.00      0.00      0.00
19:57:21         ens3     10.00      4.00      1.07      0.59      0.00      0.00      0.00      0.00
19:57:22         ens3      8.00      4.00      2.17      0.59      0.00      0.00      0.00      0.00
19:57:23         ens3     14.00      7.00      3.47      0.96      0.00      0.00      0.00      0.00
19:57:24         ens3     14.00     10.00      1.65      1.38      0.00      0.00      0.00      0.00
19:57:25         ens3     12.00      7.00      2.59      0.87      0.00      0.00      0.00      0.00
19:57:26         ens3     21.00     10.00      1.86      1.11      0.00      0.00      0.00      0.00
19:57:27         ens3     10.00      6.00      0.96      0.76      0.00      0.00      0.00      0.00
19:57:28         ens3     14.00      7.00      2.59      0.85      0.00      0.00      0.00      0.00
19:57:29         ens3     22.00     15.00      2.00      1.74      0.00      0.00      0.00      0.00
19:57:30         ens3     23.00     12.00      2.01      1.35      0.00      0.00      0.00      0.00
19:57:31         ens3     17.00      7.00      2.93      0.85      0.00      0.00      0.00      0.00
19:57:32         ens3     28.00     10.00      4.01      1.11      0.00      0.00      0.00      0.00
19:57:33         ens3     14.00      8.00      1.25      0.94      0.00      0.00      0.00      0.00
19:57:34         ens3     25.00     16.00      3.54      1.82      0.00      0.00      0.00      0.00
19:57:35         ens3     19.00     10.00      1.58      1.11      0.00      0.00      0.00      0.00
19:57:36         ens3     13.00      6.00      1.30      0.76      0.00      0.00      0.00      0.00
19:57:37         ens3     13.00      8.00      2.51      1.01      0.00      0.00      0.00      0.00
19:57:38         ens3     15.00      6.00      2.20      0.71      0.00      0.00      0.00      0.00
19:57:39         ens3     36.00      8.00      5.46      1.16      0.00      0.00      0.00      0.00
19:57:40         ens3     29.00      7.00      9.57      1.09      0.00      0.00      0.00      0.00
19:57:41         ens3     19.00      4.00      2.46      0.59      0.00      0.00      0.00      0.00
19:57:42         ens3     11.00      4.00      1.44      0.59      0.00      0.00      0.00      0.00
19:57:43         ens3     10.00      4.00      2.48      0.59      0.00      0.00      0.00      0.00
19:57:44         ens3      9.00      7.00      1.01      0.92      0.00      0.00      0.00      0.00
19:57:45         ens3      8.00      6.00      0.89      0.88      0.00      0.00      0.00      0.00
19:57:46         ens3     12.00      4.00      2.57      0.59      0.00      0.00      0.00      0.00
19:57:47         ens3      6.00      4.00      0.69      0.59      0.00      0.00      0.00      0.00
19:57:48         ens3      7.00      4.00      0.93      0.59      0.00      0.00      0.00      0.00
19:57:49         ens3     35.00      8.00      7.72      1.08      0.00      0.00      0.00      0.00
19:57:50         ens3     26.00      6.00      3.50      0.89      0.00      0.00      0.00      0.00
19:57:51         ens3     15.00      4.00      1.92      0.62      0.00      0.00      0.00      0.00
19:57:52         ens3      8.00      4.00      2.18      0.60      0.00      0.00      0.00      0.00
19:57:53         ens3     14.00      4.00      1.96      0.59      0.00      0.00      0.00      0.00
19:57:54         ens3     11.00      7.00      1.14      0.92      0.00      0.00      0.00      0.00
19:57:55         ens3     11.00      6.00      2.45      0.92      0.00      0.00      0.00      0.00
19:57:56         ens3     12.00      5.00      1.38      0.74      0.00      0.00      0.00      0.00
19:57:57         ens3      6.00      4.00      0.68      0.59      0.00      0.00      0.00      0.00
19:57:58         ens3      7.92      3.96      2.16      0.58      0.00      0.00      0.00      0.00
19:57:59         ens3      8.00      6.00      0.93      0.86      0.00      0.00      0.00      0.00
19:58:00         ens3     26.00      6.00      3.61      0.88      0.00      0.00      0.00      0.00
19:58:01         ens3     13.00      4.00      2.72      0.59      0.00      0.00      0.00      0.00
19:58:02         ens3     11.00      5.00      1.28      0.75      0.00      0.00      0.00      0.00
19:58:03         ens3     17.00      4.00      2.36      0.59      0.00      0.00      0.00      0.00
19:58:04         ens3     25.00      8.00      4.83      1.08      0.00      0.00      0.00      0.00
19:58:05         ens3     29.00      7.00      4.17      0.97      0.00      0.00      0.00      0.00
19:58:06         ens3     18.00      5.00      2.31      0.74      0.00      0.00      0.00      0.00
19:58:07         ens3     12.00      4.00      2.72      0.59      0.00      0.00      0.00      0.00
19:58:08         ens3     21.00      4.00      3.16      0.59      0.00      0.00      0.00      0.00
19:58:09         ens3     12.00      9.00      1.29      1.16      0.00      0.00      0.00      0.00
19:58:10         ens3     10.00      6.00      2.47      0.89      0.00      0.00      0.00      0.00
19:58:11         ens3     19.00      4.00      2.92      0.59      0.00      0.00      0.00      0.00
19:58:12         ens3     35.00      7.00      5.59      0.89      0.00      0.00      0.00      0.00
19:58:13         ens3     34.00      6.00      6.67      0.71      0.00      0.00      0.00      0.00
19:58:14         ens3     48.00     28.00     18.50      7.79      0.00      0.00      0.00      0.00
19:58:15         ens3     24.00      6.00      3.55      0.90      0.00      0.00      0.00      0.00
19:58:16         ens3     34.00      6.00      6.40      0.93      0.00      0.00      0.00      0.00
19:58:17         ens3      9.00      4.00      1.07      0.59      0.00      0.00      0.00      0.00
19:58:18         ens3     15.00      6.00      1.98      0.69      0.00      0.00      0.00      0.00
19:58:19         ens3     16.00      7.00      3.28      0.92      0.00      0.00      0.00      0.00
19:58:20         ens3      8.00      4.00      0.99      0.59      0.00      0.00      0.00      0.00
19:58:21         ens3     20.00      5.00      2.80      0.87      0.00      0.00      0.00      0.00
19:58:22         ens3      8.00      4.00      2.18      0.59      0.00      0.00      0.00      0.00
19:58:23         ens3     12.00      5.00      1.52      0.74      0.00      0.00      0.00      0.00
19:58:24         ens3     30.00      7.00      4.57      0.92      0.00      0.00      0.00      0.00
19:58:25         ens3     13.00      5.00      2.90      0.77      0.00      0.00      0.00      0.00
19:58:26         ens3     13.00      6.00      1.43      0.88      0.00      0.00      0.00      0.00
19:58:27         ens3      9.00      4.00      1.31      0.59      0.00      0.00      0.00      0.00
19:58:28         ens3      8.00      4.00      2.17      0.59      0.00      0.00      0.00      0.00
19:58:29         ens3      8.00      6.00      0.92      0.86      0.00      0.00      0.00      0.00
19:58:30         ens3      6.00      4.00      0.68      0.59      0.00      0.00      0.00      0.00
19:58:31         ens3     14.00      6.00      2.76      0.88      0.00      0.00      0.00      0.00
19:58:32         ens3      7.00      4.00      0.75      0.59      0.00      0.00      0.00      0.00
19:58:33         ens3      9.00      5.00      1.03      0.74      0.00      0.00      0.00      0.00
19:58:34         ens3     11.00      7.00      2.49      0.92      0.00      0.00      0.00      0.00
19:58:35         ens3      6.00      4.00      0.68      0.59      0.00      0.00      0.00      0.00
19:58:36         ens3     12.00      6.00      1.26      0.88      0.00      0.00      0.00      0.00
19:58:37         ens3      8.00      4.00      2.17      0.59      0.00      0.00      0.00      0.00
19:58:38         ens3     11.00      6.00      1.04      0.89      0.00      0.00      0.00      0.00
19:58:39         ens3      8.00      6.00      0.92      0.86      0.00      0.00      0.00      0.00
19:58:40         ens3     15.00      4.00      3.22      0.59      0.00      0.00      0.00      0.00
19:58:41         ens3     27.00      6.00      3.72      0.88      0.00      0.00      0.00      0.00
19:58:42         ens3      9.00      5.00      1.06      0.75      0.00      0.00      0.00      0.00
19:58:43         ens3     19.00      5.00      4.11      0.64      0.00      0.00      0.00      0.00
19:58:44         ens3      9.00      7.00      1.01      0.92      0.00      0.00      0.00      0.00
19:58:45         ens3      6.00      4.00      0.68      0.59      0.00      0.00      0.00      0.00
19:58:46         ens3     12.00      4.00      2.56      0.59      0.00      0.00      0.00      0.00
19:58:47         ens3      7.00      4.00      0.76      0.59      0.00      0.00      0.00      0.00
19:58:48         ens3      8.00      4.00      1.00      0.59      0.00      0.00      0.00      0.00
19:58:49         ens3     13.00      7.00      2.62      1.03      0.00      0.00      0.00      0.00
19:58:50         ens3      8.00      4.00      0.84      0.59      0.00      0.00      0.00      0.00
19:58:51         ens3     11.00      4.00      1.22      0.59      0.00      0.00      0.00      0.00
19:58:52         ens3      8.00      4.00      2.18      0.59      0.00      0.00      0.00      0.00
19:58:53         ens3      6.00      4.00      0.68      0.59      0.00      0.00      0.00      0.00
19:58:54         ens3     16.00      6.00      1.64      0.86      0.00      0.00      0.00      0.00
19:58:55         ens3     43.00      7.00     14.51      0.96      0.00      0.00      0.00      0.00
19:58:56         ens3     33.00      4.00      4.85      0.59      0.00      0.00      0.00      0.00
19:58:57         ens3     16.00      7.00      2.05      1.04      0.00      0.00      0.00      0.00
19:58:58         ens3      9.00      4.00      2.33      0.59      0.00      0.00      0.00      0.00
19:58:59         ens3     27.00     19.00      3.65      3.85      0.00      0.00      0.00      0.00
