--- 13:39:05 ---
MAIN.client_req_400                             0         0.00 Client requests received, subject to 400 errors
MAIN.client_req_417                             0         0.00 Client requests received, subject to 417 errors
MAIN.client_req                         18897         0.01 Good client requests received
MAIN.threads_limited                             0         0.00 Threads hit max
MAIN.threads_created                          1201         0.00 Threads created
MAIN.threads_destroyed                          1001         0.00 Threads destroyed
MAIN.thread_queue_len                             0          .   Length of session queue
MAIN.busy_sleep                           354         0.00 Number of requests sent to sleep on busy objhdr
MAIN.busy_wakeup                           354         0.00 Number of requests woken after sleep on busy objhdr
MAIN.sess_queued                           311         0.00 Sessions queued for thread
MAIN.sess_dropped                             0         0.00 Sessions dropped for thread
ACCG.std.total.client_req_count                         18897         0.01 Total number of client requests processed
ACCG.std.total.client_req_hdrbytes                       3755492         2.40 Client request header bytes total
ACCG.std.total.client_req_bodybytes                             0         0.00 Client request body bytes total
ACCG.std.sub.client_req_count                             0         0.00 Total number of client requests processed
ACCG.std.sub.client_req_hdrbytes                             0         0.00 Client request header bytes total
ACCG.std.sub.client_req_bodybytes                             0         0.00 Client request body bytes total
ACCG.private.total.client_req_count                         18897         0.01 Total number of client requests processed
ACCG.private.total.client_req_hdrbytes                       3755492         2.40 Client request header bytes total
ACCG.private.total.client_req_bodybytes                             0         0.00 Client request body bytes total
ACCG.private.sub.client_req_count                             0         0.00 Total number of client requests processed
ACCG.private.sub.client_req_hdrbytes                             0         0.00 Client request header bytes total
ACCG.private.sub.client_req_bodybytes                             0         0.00 Client request body bytes total
ACCG.other.total.client_req_count                             0         0.00 Total number of client requests processed
ACCG.other.total.client_req_hdrbytes                             0         0.00 Client request header bytes total
ACCG.other.total.client_req_bodybytes                             0         0.00 Client request body bytes total
ACCG.other.sub.client_req_count                             0         0.00 Total number of client requests processed
ACCG.other.sub.client_req_hdrbytes                             0         0.00 Client request header bytes total
ACCG.other.sub.client_req_bodybytes                             0         0.00 Client request body bytes total
ACCG.private.oci.client_req_count                         18897         0.01 Total number of client requests processed
ACCG.private.oci.client_req_hdrbytes                       3755492         2.40 Client request header bytes total
ACCG.private.oci.client_req_bodybytes                             0         0.00 Client request body bytes total
--- 13:39:06 ---
MAIN.client_req_400                             0         0.00 Client requests received, subject to 400 errors
MAIN.client_req_417                             0         0.00 Client requests received, subject to 417 errors
MAIN.client_req                         18897         0.01 Good client requests received
MAIN.threads_limited                             0         0.00 Threads hit max
MAIN.threads_created                          1201         0.00 Threads created
MAIN.threads_destroyed                          1001         0.00 Threads destroyed
MAIN.thread_queue_len                             0          .   Length of session queue
MAIN.busy_sleep                           354         0.00 Number of requests sent to sleep on busy objhdr
MAIN.busy_wakeup                           354         0.00 Number of requests woken after sleep on busy objhdr
MAIN.sess_queued                           311         0.00 Sessions queued for thread
MAIN.sess_dropped                             0         0.00 Sessions dropped for thread
ACCG.std.total.client_req_count                         18897         0.01 Total number of client requests processed
ACCG.std.total.client_req_hdrbytes                       3755492         2.40 Client request header bytes total
ACCG.std.total.client_req_bodybytes                             0         0.00 Client request body bytes total
ACCG.std.sub.client_req_count                             0         0.00 Total number of client requests processed
ACCG.std.sub.client_req_hdrbytes                             0         0.00 Client request header bytes total
ACCG.std.sub.client_req_bodybytes                             0         0.00 Client request body bytes total
ACCG.private.total.client_req_count                         18897         0.01 Total number of client requests processed
ACCG.private.total.client_req_hdrbytes                       3755492         2.40 Client request header bytes total
ACCG.private.total.client_req_bodybytes                             0         0.00 Client request body bytes total
ACCG.private.sub.client_req_count                             0         0.00 Total number of client requests processed
ACCG.private.sub.client_req_hdrbytes                             0         0.00 Client request header bytes total
ACCG.private.sub.client_req_bodybytes                             0         0.00 Client request body bytes total
ACCG.other.total.client_req_count                             0         0.00 Total number of client requests processed
ACCG.other.total.client_req_hdrbytes                             0         0.00 Client request header bytes total
ACCG.other.total.client_req_bodybytes                             0         0.00 Client request body bytes total
ACCG.other.sub.client_req_count                             0         0.00 Total number of client requests processed
ACCG.other.sub.client_req_hdrbytes                             0         0.00 Client request header bytes total
ACCG.other.sub.client_req_bodybytes                             0         0.00 Client request body bytes total
ACCG.private.oci.client_req_count                         18897         0.01 Total number of client requests processed
ACCG.private.oci.client_req_hdrbytes                       3755492         2.40 Client request header bytes total
ACCG.private.oci.client_req_bodybytes                             0         0.00 Client request body bytes total
--- 13:39:07 ---
MAIN.client_req_400                             0         0.00 Client requests received, subject to 400 errors
MAIN.client_req_417                             0         0.00 Client requests received, subject to 417 errors
MAIN.client_req                         18897         0.01 Good client requests received
MAIN.threads_limited                             0         0.00 Threads hit max
MAIN.threads_created                          1201         0.00 Threads created
MAIN.threads_destroyed                          1001         0.00 Threads destroyed
MAIN.thread_queue_len                             0          .   Length of session queue
MAIN.busy_sleep                           354         0.00 Number of requests sent to sleep on busy objhdr
MAIN.busy_wakeup                           354         0.00 Number of requests woken after sleep on busy objhdr
MAIN.sess_queued                           311         0.00 Sessions queued for thread
MAIN.sess_dropped                             0         0.00 Sessions dropped for thread
ACCG.std.total.client_req_count                         18897         0.01 Total number of client requests processed
ACCG.std.total.client_req_hdrbytes                       3755492         2.40 Client request header bytes total
ACCG.std.total.client_req_bodybytes                             0         0.00 Client request body bytes total
ACCG.std.sub.client_req_count                             0         0.00 Total number of client requests processed
ACCG.std.sub.client_req_hdrbytes                             0         0.00 Client request header bytes total
ACCG.std.sub.client_req_bodybytes                             0         0.00 Client request body bytes total
ACCG.private.total.client_req_count                         18897         0.01 Total number of client requests processed
ACCG.private.total.client_req_hdrbytes                       3755492         2.40 Client request header bytes total
ACCG.private.total.client_req_bodybytes                             0         0.00 Client request body bytes total
ACCG.private.sub.client_req_count                             0         0.00 Total number of client requests processed
ACCG.private.sub.client_req_hdrbytes                             0         0.00 Client request header bytes total
ACCG.private.sub.client_req_bodybytes                             0         0.00 Client request body bytes total
ACCG.other.total.client_req_count                             0         0.00 Total number of client requests processed
ACCG.other.total.client_req_hdrbytes                             0         0.00 Client request header bytes total
ACCG.other.total.client_req_bodybytes                             0         0.00 Client request body bytes total
ACCG.other.sub.client_req_count                             0         0.00 Total number of client requests processed
ACCG.other.sub.client_req_hdrbytes                             0         0.00 Client request header bytes total
ACCG.other.sub.client_req_bodybytes                             0         0.00 Client request body bytes total
ACCG.private.oci.client_req_count                         18897         0.01 Total number of client requests processed
ACCG.private.oci.client_req_hdrbytes                       3755492         2.40 Client request header bytes total
ACCG.private.oci.client_req_bodybytes                             0         0.00 Client request body bytes total
--- 13:39:08 ---
MAIN.client_req_400                             0         0.00 Client requests received, subject to 400 errors
MAIN.client_req_417                             0         0.00 Client requests received, subject to 417 errors
MAIN.client_req                         18897         0.01 Good client requests received
MAIN.threads_limited                             0         0.00 Threads hit max
MAIN.threads_created                          1201         0.00 Threads created
MAIN.threads_destroyed                          1001         0.00 Threads destroyed
MAIN.thread_queue_len                             0          .   Length of session queue
MAIN.busy_sleep                           354         0.00 Number of requests sent to sleep on busy objhdr
MAIN.busy_wakeup                           354         0.00 Number of requests woken after sleep on busy objhdr
MAIN.sess_queued                           311         0.00 Sessions queued for thread
MAIN.sess_dropped                             0         0.00 Sessions dropped for thread
ACCG.std.total.client_req_count                         18897         0.01 Total number of client requests processed
ACCG.std.total.client_req_hdrbytes                       3755492         2.40 Client request header bytes total
ACCG.std.total.client_req_bodybytes                             0         0.00 Client request body bytes total
ACCG.std.sub.client_req_count                             0         0.00 Total number of client requests processed
ACCG.std.sub.client_req_hdrbytes                             0         0.00 Client request header bytes total
ACCG.std.sub.client_req_bodybytes                             0         0.00 Client request body bytes total
ACCG.private.total.client_req_count                         18897         0.01 Total number of client requests processed
ACCG.private.total.client_req_hdrbytes                       3755492         2.40 Client request header bytes total
ACCG.private.total.client_req_bodybytes                             0         0.00 Client request body bytes total
ACCG.private.sub.client_req_count                             0         0.00 Total number of client requests processed
ACCG.private.sub.client_req_hdrbytes                             0         0.00 Client request header bytes total
ACCG.private.sub.client_req_bodybytes                             0         0.00 Client request body bytes total
ACCG.other.total.client_req_count                             0         0.00 Total number of client requests processed
ACCG.other.total.client_req_hdrbytes                             0         0.00 Client request header bytes total
ACCG.other.total.client_req_bodybytes                             0         0.00 Client request body bytes total
ACCG.other.sub.client_req_count                             0         0.00 Total number of client requests processed
ACCG.other.sub.client_req_hdrbytes                             0         0.00 Client request header bytes total
ACCG.other.sub.client_req_bodybytes                             0         0.00 Client request body bytes total
ACCG.private.oci.client_req_count                         18897         0.01 Total number of client requests processed
ACCG.private.oci.client_req_hdrbytes                       3755492         2.40 Client request header bytes total
ACCG.private.oci.client_req_bodybytes                             0         0.00 Client request body bytes total
--- 13:39:09 ---
MAIN.client_req_400                             0         0.00 Client requests received, subject to 400 errors
MAIN.client_req_417                             0         0.00 Client requests received, subject to 417 errors
MAIN.client_req                         18897         0.01 Good client requests received
MAIN.threads_limited                             0         0.00 Threads hit max
MAIN.threads_created                          1201         0.00 Threads created
MAIN.threads_destroyed                          1001         0.00 Threads destroyed
MAIN.thread_queue_len                             0          .   Length of session queue
MAIN.busy_sleep                           354         0.00 Number of requests sent to sleep on busy objhdr
MAIN.busy_wakeup                           354         0.00 Number of requests woken after sleep on busy objhdr
MAIN.sess_queued                           311         0.00 Sessions queued for thread
MAIN.sess_dropped                             0         0.00 Sessions dropped for thread
ACCG.std.total.client_req_count                         18897         0.01 Total number of client requests processed
ACCG.std.total.client_req_hdrbytes                       3755492         2.40 Client request header bytes total
ACCG.std.total.client_req_bodybytes                             0         0.00 Client request body bytes total
ACCG.std.sub.client_req_count                             0         0.00 Total number of client requests processed
ACCG.std.sub.client_req_hdrbytes                             0         0.00 Client request header bytes total
ACCG.std.sub.client_req_bodybytes                             0         0.00 Client request body bytes total
ACCG.private.total.client_req_count                         18897         0.01 Total number of client requests processed
ACCG.private.total.client_req_hdrbytes                       3755492         2.40 Client request header bytes total
ACCG.private.total.client_req_bodybytes                             0         0.00 Client request body bytes total
ACCG.private.sub.client_req_count                             0         0.00 Total number of client requests processed
ACCG.private.sub.client_req_hdrbytes                             0         0.00 Client request header bytes total
ACCG.private.sub.client_req_bodybytes                             0         0.00 Client request body bytes total
ACCG.other.total.client_req_count                             0         0.00 Total number of client requests processed
ACCG.other.total.client_req_hdrbytes                             0         0.00 Client request header bytes total
ACCG.other.total.client_req_bodybytes                             0         0.00 Client request body bytes total
ACCG.other.sub.client_req_count                             0         0.00 Total number of client requests processed
ACCG.other.sub.client_req_hdrbytes                             0         0.00 Client request header bytes total
ACCG.other.sub.client_req_bodybytes                             0         0.00 Client request body bytes total
ACCG.private.oci.client_req_count                         18897         0.01 Total number of client requests processed
ACCG.private.oci.client_req_hdrbytes                       3755492         2.40 Client request header bytes total
ACCG.private.oci.client_req_bodybytes                             0         0.00 Client request body bytes total
--- 13:39:10 ---
MAIN.client_req_400                             0         0.00 Client requests received, subject to 400 errors
MAIN.client_req_417                             0         0.00 Client requests received, subject to 417 errors
MAIN.client_req                         18897         0.01 Good client requests received
MAIN.threads_limited                             0         0.00 Threads hit max
MAIN.threads_created                          1201         0.00 Threads created
MAIN.threads_destroyed                          1001         0.00 Threads destroyed
MAIN.thread_queue_len                             0          .   Length of session queue
MAIN.busy_sleep                           354         0.00 Number of requests sent to sleep on busy objhdr
MAIN.busy_wakeup                           354         0.00 Number of requests woken after sleep on busy objhdr
MAIN.sess_queued                           311         0.00 Sessions queued for thread
MAIN.sess_dropped                             0         0.00 Sessions dropped for thread
ACCG.std.total.client_req_count                         18897         0.01 Total number of client requests processed
ACCG.std.total.client_req_hdrbytes                       3755492         2.40 Client request header bytes total
ACCG.std.total.client_req_bodybytes                             0         0.00 Client request body bytes total
ACCG.std.sub.client_req_count                             0         0.00 Total number of client requests processed
ACCG.std.sub.client_req_hdrbytes                             0         0.00 Client request header bytes total
ACCG.std.sub.client_req_bodybytes                             0         0.00 Client request body bytes total
ACCG.private.total.client_req_count                         18897         0.01 Total number of client requests processed
ACCG.private.total.client_req_hdrbytes                       3755492         2.40 Client request header bytes total
ACCG.private.total.client_req_bodybytes                             0         0.00 Client request body bytes total
ACCG.private.sub.client_req_count                             0         0.00 Total number of client requests processed
ACCG.private.sub.client_req_hdrbytes                             0         0.00 Client request header bytes total
ACCG.private.sub.client_req_bodybytes                             0         0.00 Client request body bytes total
ACCG.other.total.client_req_count                             0         0.00 Total number of client requests processed
ACCG.other.total.client_req_hdrbytes                             0         0.00 Client request header bytes total
ACCG.other.total.client_req_bodybytes                             0         0.00 Client request body bytes total
ACCG.other.sub.client_req_count                             0         0.00 Total number of client requests processed
ACCG.other.sub.client_req_hdrbytes                             0         0.00 Client request header bytes total
ACCG.other.sub.client_req_bodybytes                             0         0.00 Client request body bytes total
ACCG.private.oci.client_req_count                         18897         0.01 Total number of client requests processed
ACCG.private.oci.client_req_hdrbytes                       3755492         2.40 Client request header bytes total
ACCG.private.oci.client_req_bodybytes                             0         0.00 Client request body bytes total
--- 13:39:12 ---
MAIN.client_req_400                             0         0.00 Client requests received, subject to 400 errors
MAIN.client_req_417                             0         0.00 Client requests received, subject to 417 errors
MAIN.client_req                         18897         0.01 Good client requests received
MAIN.threads_limited                             0         0.00 Threads hit max
MAIN.threads_created                          1201         0.00 Threads created
MAIN.threads_destroyed                          1001         0.00 Threads destroyed
MAIN.thread_queue_len                             0          .   Length of session queue
MAIN.busy_sleep                           354         0.00 Number of requests sent to sleep on busy objhdr
MAIN.busy_wakeup                           354         0.00 Number of requests woken after sleep on busy objhdr
MAIN.sess_queued                           311         0.00 Sessions queued for thread
MAIN.sess_dropped                             0         0.00 Sessions dropped for thread
ACCG.std.total.client_req_count                         18897         0.01 Total number of client requests processed
ACCG.std.total.client_req_hdrbytes                       3755492         2.40 Client request header bytes total
ACCG.std.total.client_req_bodybytes                             0         0.00 Client request body bytes total
ACCG.std.sub.client_req_count                             0         0.00 Total number of client requests processed
ACCG.std.sub.client_req_hdrbytes                             0         0.00 Client request header bytes total
ACCG.std.sub.client_req_bodybytes                             0         0.00 Client request body bytes total
ACCG.private.total.client_req_count                         18897         0.01 Total number of client requests processed
ACCG.private.total.client_req_hdrbytes                       3755492         2.40 Client request header bytes total
ACCG.private.total.client_req_bodybytes                             0         0.00 Client request body bytes total
ACCG.private.sub.client_req_count                             0         0.00 Total number of client requests processed
ACCG.private.sub.client_req_hdrbytes                             0         0.00 Client request header bytes total
ACCG.private.sub.client_req_bodybytes                             0         0.00 Client request body bytes total
ACCG.other.total.client_req_count                             0         0.00 Total number of client requests processed
ACCG.other.total.client_req_hdrbytes                             0         0.00 Client request header bytes total
ACCG.other.total.client_req_bodybytes                             0         0.00 Client request body bytes total
ACCG.other.sub.client_req_count                             0         0.00 Total number of client requests processed
ACCG.other.sub.client_req_hdrbytes                             0         0.00 Client request header bytes total
ACCG.other.sub.client_req_bodybytes                             0         0.00 Client request body bytes total
ACCG.private.oci.client_req_count                         18897         0.01 Total number of client requests processed
ACCG.private.oci.client_req_hdrbytes                       3755492         2.40 Client request header bytes total
ACCG.private.oci.client_req_bodybytes                             0         0.00 Client request body bytes total
--- 13:39:13 ---
MAIN.client_req_400                             0         0.00 Client requests received, subject to 400 errors
MAIN.client_req_417                             0         0.00 Client requests received, subject to 417 errors
MAIN.client_req                         18897         0.01 Good client requests received
MAIN.threads_limited                             0         0.00 Threads hit max
MAIN.threads_created                          1201         0.00 Threads created
MAIN.threads_destroyed                          1001         0.00 Threads destroyed
MAIN.thread_queue_len                             0          .   Length of session queue
MAIN.busy_sleep                           354         0.00 Number of requests sent to sleep on busy objhdr
MAIN.busy_wakeup                           354         0.00 Number of requests woken after sleep on busy objhdr
MAIN.sess_queued                           311         0.00 Sessions queued for thread
MAIN.sess_dropped                             0         0.00 Sessions dropped for thread
ACCG.std.total.client_req_count                         18897         0.01 Total number of client requests processed
ACCG.std.total.client_req_hdrbytes                       3755492         2.40 Client request header bytes total
ACCG.std.total.client_req_bodybytes                             0         0.00 Client request body bytes total
ACCG.std.sub.client_req_count                             0         0.00 Total number of client requests processed
ACCG.std.sub.client_req_hdrbytes                             0         0.00 Client request header bytes total
ACCG.std.sub.client_req_bodybytes                             0         0.00 Client request body bytes total
ACCG.private.total.client_req_count                         18897         0.01 Total number of client requests processed
ACCG.private.total.client_req_hdrbytes                       3755492         2.40 Client request header bytes total
ACCG.private.total.client_req_bodybytes                             0         0.00 Client request body bytes total
ACCG.private.sub.client_req_count                             0         0.00 Total number of client requests processed
ACCG.private.sub.client_req_hdrbytes                             0         0.00 Client request header bytes total
ACCG.private.sub.client_req_bodybytes                             0         0.00 Client request body bytes total
ACCG.other.total.client_req_count                             0         0.00 Total number of client requests processed
ACCG.other.total.client_req_hdrbytes                             0         0.00 Client request header bytes total
ACCG.other.total.client_req_bodybytes                             0         0.00 Client request body bytes total
ACCG.other.sub.client_req_count                             0         0.00 Total number of client requests processed
ACCG.other.sub.client_req_hdrbytes                             0         0.00 Client request header bytes total
ACCG.other.sub.client_req_bodybytes                             0         0.00 Client request body bytes total
ACCG.private.oci.client_req_count                         18897         0.01 Total number of client requests processed
ACCG.private.oci.client_req_hdrbytes                       3755492         2.40 Client request header bytes total
ACCG.private.oci.client_req_bodybytes                             0         0.00 Client request body bytes total
--- 13:39:14 ---
MAIN.client_req_400                             0         0.00 Client requests received, subject to 400 errors
MAIN.client_req_417                             0         0.00 Client requests received, subject to 417 errors
MAIN.client_req                         18897         0.01 Good client requests received
MAIN.threads_limited                             0         0.00 Threads hit max
MAIN.threads_created                          1201         0.00 Threads created
MAIN.threads_destroyed                          1001         0.00 Threads destroyed
MAIN.thread_queue_len                             0          .   Length of session queue
MAIN.busy_sleep                           354         0.00 Number of requests sent to sleep on busy objhdr
MAIN.busy_wakeup                           354         0.00 Number of requests woken after sleep on busy objhdr
MAIN.sess_queued                           311         0.00 Sessions queued for thread
MAIN.sess_dropped                             0         0.00 Sessions dropped for thread
ACCG.std.total.client_req_count                         18897         0.01 Total number of client requests processed
ACCG.std.total.client_req_hdrbytes                       3755492         2.40 Client request header bytes total
ACCG.std.total.client_req_bodybytes                             0         0.00 Client request body bytes total
ACCG.std.sub.client_req_count                             0         0.00 Total number of client requests processed
ACCG.std.sub.client_req_hdrbytes                             0         0.00 Client request header bytes total
ACCG.std.sub.client_req_bodybytes                             0         0.00 Client request body bytes total
ACCG.private.total.client_req_count                         18897         0.01 Total number of client requests processed
ACCG.private.total.client_req_hdrbytes                       3755492         2.40 Client request header bytes total
ACCG.private.total.client_req_bodybytes                             0         0.00 Client request body bytes total
ACCG.private.sub.client_req_count                             0         0.00 Total number of client requests processed
ACCG.private.sub.client_req_hdrbytes                             0         0.00 Client request header bytes total
ACCG.private.sub.client_req_bodybytes                             0         0.00 Client request body bytes total
ACCG.other.total.client_req_count                             0         0.00 Total number of client requests processed
ACCG.other.total.client_req_hdrbytes                             0         0.00 Client request header bytes total
ACCG.other.total.client_req_bodybytes                             0         0.00 Client request body bytes total
ACCG.other.sub.client_req_count                             0         0.00 Total number of client requests processed
ACCG.other.sub.client_req_hdrbytes                             0         0.00 Client request header bytes total
ACCG.other.sub.client_req_bodybytes                             0         0.00 Client request body bytes total
ACCG.private.oci.client_req_count                         18897         0.01 Total number of client requests processed
ACCG.private.oci.client_req_hdrbytes                       3755492         2.40 Client request header bytes total
ACCG.private.oci.client_req_bodybytes                             0         0.00 Client request body bytes total
--- 13:39:15 ---
MAIN.client_req_400                             0         0.00 Client requests received, subject to 400 errors
MAIN.client_req_417                             0         0.00 Client requests received, subject to 417 errors
MAIN.client_req                         18897         0.01 Good client requests received
MAIN.threads_limited                             0         0.00 Threads hit max
MAIN.threads_created                          1201         0.00 Threads created
MAIN.threads_destroyed                          1001         0.00 Threads destroyed
MAIN.thread_queue_len                             0          .   Length of session queue
MAIN.busy_sleep                           354         0.00 Number of requests sent to sleep on busy objhdr
MAIN.busy_wakeup                           354         0.00 Number of requests woken after sleep on busy objhdr
MAIN.sess_queued                           311         0.00 Sessions queued for thread
MAIN.sess_dropped                             0         0.00 Sessions dropped for thread
ACCG.std.total.client_req_count                         18897         0.01 Total number of client requests processed
ACCG.std.total.client_req_hdrbytes                       3755492         2.40 Client request header bytes total
ACCG.std.total.client_req_bodybytes                             0         0.00 Client request body bytes total
ACCG.std.sub.client_req_count                             0         0.00 Total number of client requests processed
ACCG.std.sub.client_req_hdrbytes                             0         0.00 Client request header bytes total
ACCG.std.sub.client_req_bodybytes                             0         0.00 Client request body bytes total
ACCG.private.total.client_req_count                         18897         0.01 Total number of client requests processed
ACCG.private.total.client_req_hdrbytes                       3755492         2.40 Client request header bytes total
ACCG.private.total.client_req_bodybytes                             0         0.00 Client request body bytes total
ACCG.private.sub.client_req_count                             0         0.00 Total number of client requests processed
ACCG.private.sub.client_req_hdrbytes                             0         0.00 Client request header bytes total
ACCG.private.sub.client_req_bodybytes                             0         0.00 Client request body bytes total
ACCG.other.total.client_req_count                             0         0.00 Total number of client requests processed
ACCG.other.total.client_req_hdrbytes                             0         0.00 Client request header bytes total
ACCG.other.total.client_req_bodybytes                             0         0.00 Client request body bytes total
ACCG.other.sub.client_req_count                             0         0.00 Total number of client requests processed
ACCG.other.sub.client_req_hdrbytes                             0         0.00 Client request header bytes total
ACCG.other.sub.client_req_bodybytes                             0         0.00 Client request body bytes total
ACCG.private.oci.client_req_count                         18897         0.01 Total number of client requests processed
ACCG.private.oci.client_req_hdrbytes                       3755492         2.40 Client request header bytes total
ACCG.private.oci.client_req_bodybytes                             0         0.00 Client request body bytes total
--- 13:39:16 ---
MAIN.client_req_400                             0         0.00 Client requests received, subject to 400 errors
MAIN.client_req_417                             0         0.00 Client requests received, subject to 417 errors
MAIN.client_req                         18897         0.01 Good client requests received
MAIN.threads_limited                             0         0.00 Threads hit max
MAIN.threads_created                          1201         0.00 Threads created
MAIN.threads_destroyed                          1001         0.00 Threads destroyed
MAIN.thread_queue_len                             0          .   Length of session queue
MAIN.busy_sleep                           354         0.00 Number of requests sent to sleep on busy objhdr
MAIN.busy_wakeup                           354         0.00 Number of requests woken after sleep on busy objhdr
MAIN.sess_queued                           311         0.00 Sessions queued for thread
MAIN.sess_dropped                             0         0.00 Sessions dropped for thread
ACCG.std.total.client_req_count                         18897         0.01 Total number of client requests processed
ACCG.std.total.client_req_hdrbytes                       3755492         2.40 Client request header bytes total
ACCG.std.total.client_req_bodybytes                             0         0.00 Client request body bytes total
ACCG.std.sub.client_req_count                             0         0.00 Total number of client requests processed
ACCG.std.sub.client_req_hdrbytes                             0         0.00 Client request header bytes total
ACCG.std.sub.client_req_bodybytes                             0         0.00 Client request body bytes total
ACCG.private.total.client_req_count                         18897         0.01 Total number of client requests processed
ACCG.private.total.client_req_hdrbytes                       3755492         2.40 Client request header bytes total
ACCG.private.total.client_req_bodybytes                             0         0.00 Client request body bytes total
ACCG.private.sub.client_req_count                             0         0.00 Total number of client requests processed
ACCG.private.sub.client_req_hdrbytes                             0         0.00 Client request header bytes total
ACCG.private.sub.client_req_bodybytes                             0         0.00 Client request body bytes total
ACCG.other.total.client_req_count                             0         0.00 Total number of client requests processed
ACCG.other.total.client_req_hdrbytes                             0         0.00 Client request header bytes total
ACCG.other.total.client_req_bodybytes                             0         0.00 Client request body bytes total
ACCG.other.sub.client_req_count                             0         0.00 Total number of client requests processed
ACCG.other.sub.client_req_hdrbytes                             0         0.00 Client request header bytes total
ACCG.other.sub.client_req_bodybytes                             0         0.00 Client request body bytes total
ACCG.private.oci.client_req_count                         18897         0.01 Total number of client requests processed
ACCG.private.oci.client_req_hdrbytes                       3755492         2.40 Client request header bytes total
ACCG.private.oci.client_req_bodybytes                             0         0.00 Client request body bytes total
--- 13:39:17 ---
MAIN.client_req_400                             0         0.00 Client requests received, subject to 400 errors
MAIN.client_req_417                             0         0.00 Client requests received, subject to 417 errors
MAIN.client_req                         18897         0.01 Good client requests received
MAIN.threads_limited                             0         0.00 Threads hit max
MAIN.threads_created                          1201         0.00 Threads created
MAIN.threads_destroyed                          1001         0.00 Threads destroyed
MAIN.thread_queue_len                             0          .   Length of session queue
MAIN.busy_sleep                           354         0.00 Number of requests sent to sleep on busy objhdr
MAIN.busy_wakeup                           354         0.00 Number of requests woken after sleep on busy objhdr
MAIN.sess_queued                           311         0.00 Sessions queued for thread
MAIN.sess_dropped                             0         0.00 Sessions dropped for thread
ACCG.std.total.client_req_count                         18897         0.01 Total number of client requests processed
ACCG.std.total.client_req_hdrbytes                       3755492         2.40 Client request header bytes total
ACCG.std.total.client_req_bodybytes                             0         0.00 Client request body bytes total
ACCG.std.sub.client_req_count                             0         0.00 Total number of client requests processed
ACCG.std.sub.client_req_hdrbytes                             0         0.00 Client request header bytes total
ACCG.std.sub.client_req_bodybytes                             0         0.00 Client request body bytes total
ACCG.private.total.client_req_count                         18897         0.01 Total number of client requests processed
ACCG.private.total.client_req_hdrbytes                       3755492         2.40 Client request header bytes total
ACCG.private.total.client_req_bodybytes                             0         0.00 Client request body bytes total
ACCG.private.sub.client_req_count                             0         0.00 Total number of client requests processed
ACCG.private.sub.client_req_hdrbytes                             0         0.00 Client request header bytes total
ACCG.private.sub.client_req_bodybytes                             0         0.00 Client request body bytes total
ACCG.other.total.client_req_count                             0         0.00 Total number of client requests processed
ACCG.other.total.client_req_hdrbytes                             0         0.00 Client request header bytes total
ACCG.other.total.client_req_bodybytes                             0         0.00 Client request body bytes total
ACCG.other.sub.client_req_count                             0         0.00 Total number of client requests processed
ACCG.other.sub.client_req_hdrbytes                             0         0.00 Client request header bytes total
ACCG.other.sub.client_req_bodybytes                             0         0.00 Client request body bytes total
ACCG.private.oci.client_req_count                         18897         0.01 Total number of client requests processed
ACCG.private.oci.client_req_hdrbytes                       3755492         2.40 Client request header bytes total
ACCG.private.oci.client_req_bodybytes                             0         0.00 Client request body bytes total
--- 13:39:18 ---
MAIN.client_req_400                             0         0.00 Client requests received, subject to 400 errors
MAIN.client_req_417                             0         0.00 Client requests received, subject to 417 errors
MAIN.client_req                         18897         0.01 Good client requests received
MAIN.threads_limited                             0         0.00 Threads hit max
MAIN.threads_created                          1201         0.00 Threads created
MAIN.threads_destroyed                          1001         0.00 Threads destroyed
MAIN.thread_queue_len                             0          .   Length of session queue
MAIN.busy_sleep                           354         0.00 Number of requests sent to sleep on busy objhdr
MAIN.busy_wakeup                           354         0.00 Number of requests woken after sleep on busy objhdr
MAIN.sess_queued                           311         0.00 Sessions queued for thread
MAIN.sess_dropped                             0         0.00 Sessions dropped for thread
ACCG.std.total.client_req_count                         18897         0.01 Total number of client requests processed
ACCG.std.total.client_req_hdrbytes                       3755492         2.40 Client request header bytes total
ACCG.std.total.client_req_bodybytes                             0         0.00 Client request body bytes total
ACCG.std.sub.client_req_count                             0         0.00 Total number of client requests processed
ACCG.std.sub.client_req_hdrbytes                             0         0.00 Client request header bytes total
ACCG.std.sub.client_req_bodybytes                             0         0.00 Client request body bytes total
ACCG.private.total.client_req_count                         18897         0.01 Total number of client requests processed
ACCG.private.total.client_req_hdrbytes                       3755492         2.40 Client request header bytes total
ACCG.private.total.client_req_bodybytes                             0         0.00 Client request body bytes total
ACCG.private.sub.client_req_count                             0         0.00 Total number of client requests processed
ACCG.private.sub.client_req_hdrbytes                             0         0.00 Client request header bytes total
ACCG.private.sub.client_req_bodybytes                             0         0.00 Client request body bytes total
ACCG.other.total.client_req_count                             0         0.00 Total number of client requests processed
ACCG.other.total.client_req_hdrbytes                             0         0.00 Client request header bytes total
ACCG.other.total.client_req_bodybytes                             0         0.00 Client request body bytes total
ACCG.other.sub.client_req_count                             0         0.00 Total number of client requests processed
ACCG.other.sub.client_req_hdrbytes                             0         0.00 Client request header bytes total
ACCG.other.sub.client_req_bodybytes                             0         0.00 Client request body bytes total
ACCG.private.oci.client_req_count                         18897         0.01 Total number of client requests processed
ACCG.private.oci.client_req_hdrbytes                       3755492         2.40 Client request header bytes total
ACCG.private.oci.client_req_bodybytes                             0         0.00 Client request body bytes total
--- 13:39:19 ---
MAIN.client_req_400                             0         0.00 Client requests received, subject to 400 errors
MAIN.client_req_417                             0         0.00 Client requests received, subject to 417 errors
MAIN.client_req                         18897         0.01 Good client requests received
MAIN.threads_limited                             0         0.00 Threads hit max
MAIN.threads_created                          1201         0.00 Threads created
MAIN.threads_destroyed                          1001         0.00 Threads destroyed
MAIN.thread_queue_len                             0          .   Length of session queue
MAIN.busy_sleep                           354         0.00 Number of requests sent to sleep on busy objhdr
MAIN.busy_wakeup                           354         0.00 Number of requests woken after sleep on busy objhdr
MAIN.sess_queued                           311         0.00 Sessions queued for thread
MAIN.sess_dropped                             0         0.00 Sessions dropped for thread
ACCG.std.total.client_req_count                         18897         0.01 Total number of client requests processed
ACCG.std.total.client_req_hdrbytes                       3755492         2.40 Client request header bytes total
ACCG.std.total.client_req_bodybytes                             0         0.00 Client request body bytes total
ACCG.std.sub.client_req_count                             0         0.00 Total number of client requests processed
ACCG.std.sub.client_req_hdrbytes                             0         0.00 Client request header bytes total
ACCG.std.sub.client_req_bodybytes                             0         0.00 Client request body bytes total
ACCG.private.total.client_req_count                         18897         0.01 Total number of client requests processed
ACCG.private.total.client_req_hdrbytes                       3755492         2.40 Client request header bytes total
ACCG.private.total.client_req_bodybytes                             0         0.00 Client request body bytes total
ACCG.private.sub.client_req_count                             0         0.00 Total number of client requests processed
ACCG.private.sub.client_req_hdrbytes                             0         0.00 Client request header bytes total
ACCG.private.sub.client_req_bodybytes                             0         0.00 Client request body bytes total
ACCG.other.total.client_req_count                             0         0.00 Total number of client requests processed
ACCG.other.total.client_req_hdrbytes                             0         0.00 Client request header bytes total
ACCG.other.total.client_req_bodybytes                             0         0.00 Client request body bytes total
ACCG.other.sub.client_req_count                             0         0.00 Total number of client requests processed
ACCG.other.sub.client_req_hdrbytes                             0         0.00 Client request header bytes total
ACCG.other.sub.client_req_bodybytes                             0         0.00 Client request body bytes total
ACCG.private.oci.client_req_count                         18897         0.01 Total number of client requests processed
ACCG.private.oci.client_req_hdrbytes                       3755492         2.40 Client request header bytes total
ACCG.private.oci.client_req_bodybytes                             0         0.00 Client request body bytes total
--- 13:39:21 ---
MAIN.client_req_400                             0         0.00 Client requests received, subject to 400 errors
MAIN.client_req_417                             0         0.00 Client requests received, subject to 417 errors
MAIN.client_req                         18897         0.01 Good client requests received
MAIN.threads_limited                             0         0.00 Threads hit max
MAIN.threads_created                          1201         0.00 Threads created
MAIN.threads_destroyed                          1001         0.00 Threads destroyed
MAIN.thread_queue_len                             0          .   Length of session queue
MAIN.busy_sleep                           354         0.00 Number of requests sent to sleep on busy objhdr
MAIN.busy_wakeup                           354         0.00 Number of requests woken after sleep on busy objhdr
MAIN.sess_queued                           311         0.00 Sessions queued for thread
MAIN.sess_dropped                             0         0.00 Sessions dropped for thread
ACCG.std.total.client_req_count                         18897         0.01 Total number of client requests processed
ACCG.std.total.client_req_hdrbytes                       3755492         2.40 Client request header bytes total
ACCG.std.total.client_req_bodybytes                             0         0.00 Client request body bytes total
ACCG.std.sub.client_req_count                             0         0.00 Total number of client requests processed
ACCG.std.sub.client_req_hdrbytes                             0         0.00 Client request header bytes total
ACCG.std.sub.client_req_bodybytes                             0         0.00 Client request body bytes total
ACCG.private.total.client_req_count                         18897         0.01 Total number of client requests processed
ACCG.private.total.client_req_hdrbytes                       3755492         2.40 Client request header bytes total
ACCG.private.total.client_req_bodybytes                             0         0.00 Client request body bytes total
ACCG.private.sub.client_req_count                             0         0.00 Total number of client requests processed
ACCG.private.sub.client_req_hdrbytes                             0         0.00 Client request header bytes total
ACCG.private.sub.client_req_bodybytes                             0         0.00 Client request body bytes total
ACCG.other.total.client_req_count                             0         0.00 Total number of client requests processed
ACCG.other.total.client_req_hdrbytes                             0         0.00 Client request header bytes total
ACCG.other.total.client_req_bodybytes                             0         0.00 Client request body bytes total
ACCG.other.sub.client_req_count                             0         0.00 Total number of client requests processed
ACCG.other.sub.client_req_hdrbytes                             0         0.00 Client request header bytes total
ACCG.other.sub.client_req_bodybytes                             0         0.00 Client request body bytes total
ACCG.private.oci.client_req_count                         18897         0.01 Total number of client requests processed
ACCG.private.oci.client_req_hdrbytes                       3755492         2.40 Client request header bytes total
ACCG.private.oci.client_req_bodybytes                             0         0.00 Client request body bytes total
--- 13:39:22 ---
MAIN.client_req_400                             0         0.00 Client requests received, subject to 400 errors
MAIN.client_req_417                             0         0.00 Client requests received, subject to 417 errors
MAIN.client_req                         18897         0.01 Good client requests received
MAIN.threads_limited                             0         0.00 Threads hit max
MAIN.threads_created                          1201         0.00 Threads created
MAIN.threads_destroyed                          1001         0.00 Threads destroyed
MAIN.thread_queue_len                             0          .   Length of session queue
MAIN.busy_sleep                           354         0.00 Number of requests sent to sleep on busy objhdr
MAIN.busy_wakeup                           354         0.00 Number of requests woken after sleep on busy objhdr
MAIN.sess_queued                           311         0.00 Sessions queued for thread
MAIN.sess_dropped                             0         0.00 Sessions dropped for thread
ACCG.std.total.client_req_count                         18897         0.01 Total number of client requests processed
ACCG.std.total.client_req_hdrbytes                       3755492         2.40 Client request header bytes total
ACCG.std.total.client_req_bodybytes                             0         0.00 Client request body bytes total
ACCG.std.sub.client_req_count                             0         0.00 Total number of client requests processed
ACCG.std.sub.client_req_hdrbytes                             0         0.00 Client request header bytes total
ACCG.std.sub.client_req_bodybytes                             0         0.00 Client request body bytes total
ACCG.private.total.client_req_count                         18897         0.01 Total number of client requests processed
ACCG.private.total.client_req_hdrbytes                       3755492         2.40 Client request header bytes total
ACCG.private.total.client_req_bodybytes                             0         0.00 Client request body bytes total
ACCG.private.sub.client_req_count                             0         0.00 Total number of client requests processed
ACCG.private.sub.client_req_hdrbytes                             0         0.00 Client request header bytes total
ACCG.private.sub.client_req_bodybytes                             0         0.00 Client request body bytes total
ACCG.other.total.client_req_count                             0         0.00 Total number of client requests processed
ACCG.other.total.client_req_hdrbytes                             0         0.00 Client request header bytes total
ACCG.other.total.client_req_bodybytes                             0         0.00 Client request body bytes total
ACCG.other.sub.client_req_count                             0         0.00 Total number of client requests processed
ACCG.other.sub.client_req_hdrbytes                             0         0.00 Client request header bytes total
ACCG.other.sub.client_req_bodybytes                             0         0.00 Client request body bytes total
ACCG.private.oci.client_req_count                         18897         0.01 Total number of client requests processed
ACCG.private.oci.client_req_hdrbytes                       3755492         2.40 Client request header bytes total
ACCG.private.oci.client_req_bodybytes                             0         0.00 Client request body bytes total
--- 13:39:23 ---
MAIN.client_req_400                             0         0.00 Client requests received, subject to 400 errors
MAIN.client_req_417                             0         0.00 Client requests received, subject to 417 errors
MAIN.client_req                         18897         0.01 Good client requests received
MAIN.threads_limited                             0         0.00 Threads hit max
MAIN.threads_created                          1201         0.00 Threads created
MAIN.threads_destroyed                          1001         0.00 Threads destroyed
MAIN.thread_queue_len                             0          .   Length of session queue
MAIN.busy_sleep                           354         0.00 Number of requests sent to sleep on busy objhdr
MAIN.busy_wakeup                           354         0.00 Number of requests woken after sleep on busy objhdr
MAIN.sess_queued                           311         0.00 Sessions queued for thread
MAIN.sess_dropped                             0         0.00 Sessions dropped for thread
ACCG.std.total.client_req_count                         18897         0.01 Total number of client requests processed
ACCG.std.total.client_req_hdrbytes                       3755492         2.40 Client request header bytes total
ACCG.std.total.client_req_bodybytes                             0         0.00 Client request body bytes total
ACCG.std.sub.client_req_count                             0         0.00 Total number of client requests processed
ACCG.std.sub.client_req_hdrbytes                             0         0.00 Client request header bytes total
ACCG.std.sub.client_req_bodybytes                             0         0.00 Client request body bytes total
ACCG.private.total.client_req_count                         18897         0.01 Total number of client requests processed
ACCG.private.total.client_req_hdrbytes                       3755492         2.40 Client request header bytes total
ACCG.private.total.client_req_bodybytes                             0         0.00 Client request body bytes total
ACCG.private.sub.client_req_count                             0         0.00 Total number of client requests processed
ACCG.private.sub.client_req_hdrbytes                             0         0.00 Client request header bytes total
ACCG.private.sub.client_req_bodybytes                             0         0.00 Client request body bytes total
ACCG.other.total.client_req_count                             0         0.00 Total number of client requests processed
ACCG.other.total.client_req_hdrbytes                             0         0.00 Client request header bytes total
ACCG.other.total.client_req_bodybytes                             0         0.00 Client request body bytes total
ACCG.other.sub.client_req_count                             0         0.00 Total number of client requests processed
ACCG.other.sub.client_req_hdrbytes                             0         0.00 Client request header bytes total
ACCG.other.sub.client_req_bodybytes                             0         0.00 Client request body bytes total
ACCG.private.oci.client_req_count                         18897         0.01 Total number of client requests processed
ACCG.private.oci.client_req_hdrbytes                       3755492         2.40 Client request header bytes total
ACCG.private.oci.client_req_bodybytes                             0         0.00 Client request body bytes total
--- 13:39:24 ---
MAIN.client_req_400                             0         0.00 Client requests received, subject to 400 errors
MAIN.client_req_417                             0         0.00 Client requests received, subject to 417 errors
MAIN.client_req                         18897         0.01 Good client requests received
MAIN.threads_limited                             0         0.00 Threads hit max
MAIN.threads_created                          1201         0.00 Threads created
MAIN.threads_destroyed                          1001         0.00 Threads destroyed
MAIN.thread_queue_len                             0          .   Length of session queue
MAIN.busy_sleep                           354         0.00 Number of requests sent to sleep on busy objhdr
MAIN.busy_wakeup                           354         0.00 Number of requests woken after sleep on busy objhdr
MAIN.sess_queued                           311         0.00 Sessions queued for thread
MAIN.sess_dropped                             0         0.00 Sessions dropped for thread
ACCG.std.total.client_req_count                         18897         0.01 Total number of client requests processed
ACCG.std.total.client_req_hdrbytes                       3755492         2.40 Client request header bytes total
ACCG.std.total.client_req_bodybytes                             0         0.00 Client request body bytes total
ACCG.std.sub.client_req_count                             0         0.00 Total number of client requests processed
ACCG.std.sub.client_req_hdrbytes                             0         0.00 Client request header bytes total
ACCG.std.sub.client_req_bodybytes                             0         0.00 Client request body bytes total
ACCG.private.total.client_req_count                         18897         0.01 Total number of client requests processed
ACCG.private.total.client_req_hdrbytes                       3755492         2.40 Client request header bytes total
ACCG.private.total.client_req_bodybytes                             0         0.00 Client request body bytes total
ACCG.private.sub.client_req_count                             0         0.00 Total number of client requests processed
ACCG.private.sub.client_req_hdrbytes                             0         0.00 Client request header bytes total
ACCG.private.sub.client_req_bodybytes                             0         0.00 Client request body bytes total
ACCG.other.total.client_req_count                             0         0.00 Total number of client requests processed
ACCG.other.total.client_req_hdrbytes                             0         0.00 Client request header bytes total
ACCG.other.total.client_req_bodybytes                             0         0.00 Client request body bytes total
ACCG.other.sub.client_req_count                             0         0.00 Total number of client requests processed
ACCG.other.sub.client_req_hdrbytes                             0         0.00 Client request header bytes total
ACCG.other.sub.client_req_bodybytes                             0         0.00 Client request body bytes total
ACCG.private.oci.client_req_count                         18897         0.01 Total number of client requests processed
ACCG.private.oci.client_req_hdrbytes                       3755492         2.40 Client request header bytes total
ACCG.private.oci.client_req_bodybytes                             0         0.00 Client request body bytes total
--- 13:39:25 ---
MAIN.client_req_400                             0         0.00 Client requests received, subject to 400 errors
MAIN.client_req_417                             0         0.00 Client requests received, subject to 417 errors
MAIN.client_req                         18897         0.01 Good client requests received
MAIN.threads_limited                             0         0.00 Threads hit max
MAIN.threads_created                          1201         0.00 Threads created
MAIN.threads_destroyed                          1001         0.00 Threads destroyed
MAIN.thread_queue_len                             0          .   Length of session queue
MAIN.busy_sleep                           354         0.00 Number of requests sent to sleep on busy objhdr
MAIN.busy_wakeup                           354         0.00 Number of requests woken after sleep on busy objhdr
MAIN.sess_queued                           311         0.00 Sessions queued for thread
MAIN.sess_dropped                             0         0.00 Sessions dropped for thread
ACCG.std.total.client_req_count                         18897         0.01 Total number of client requests processed
ACCG.std.total.client_req_hdrbytes                       3755492         2.40 Client request header bytes total
ACCG.std.total.client_req_bodybytes                             0         0.00 Client request body bytes total
ACCG.std.sub.client_req_count                             0         0.00 Total number of client requests processed
ACCG.std.sub.client_req_hdrbytes                             0         0.00 Client request header bytes total
ACCG.std.sub.client_req_bodybytes                             0         0.00 Client request body bytes total
ACCG.private.total.client_req_count                         18897         0.01 Total number of client requests processed
ACCG.private.total.client_req_hdrbytes                       3755492         2.40 Client request header bytes total
ACCG.private.total.client_req_bodybytes                             0         0.00 Client request body bytes total
ACCG.private.sub.client_req_count                             0         0.00 Total number of client requests processed
ACCG.private.sub.client_req_hdrbytes                             0         0.00 Client request header bytes total
ACCG.private.sub.client_req_bodybytes                             0         0.00 Client request body bytes total
ACCG.other.total.client_req_count                             0         0.00 Total number of client requests processed
ACCG.other.total.client_req_hdrbytes                             0         0.00 Client request header bytes total
ACCG.other.total.client_req_bodybytes                             0         0.00 Client request body bytes total
ACCG.other.sub.client_req_count                             0         0.00 Total number of client requests processed
ACCG.other.sub.client_req_hdrbytes                             0         0.00 Client request header bytes total
ACCG.other.sub.client_req_bodybytes                             0         0.00 Client request body bytes total
ACCG.private.oci.client_req_count                         18897         0.01 Total number of client requests processed
ACCG.private.oci.client_req_hdrbytes                       3755492         2.40 Client request header bytes total
ACCG.private.oci.client_req_bodybytes                             0         0.00 Client request body bytes total
--- 13:39:26 ---
MAIN.client_req_400                             0         0.00 Client requests received, subject to 400 errors
MAIN.client_req_417                             0         0.00 Client requests received, subject to 417 errors
MAIN.client_req                         18897         0.01 Good client requests received
MAIN.threads_limited                             0         0.00 Threads hit max
MAIN.threads_created                          1201         0.00 Threads created
MAIN.threads_destroyed                          1001         0.00 Threads destroyed
MAIN.thread_queue_len                             0          .   Length of session queue
MAIN.busy_sleep                           354         0.00 Number of requests sent to sleep on busy objhdr
MAIN.busy_wakeup                           354         0.00 Number of requests woken after sleep on busy objhdr
MAIN.sess_queued                           311         0.00 Sessions queued for thread
MAIN.sess_dropped                             0         0.00 Sessions dropped for thread
ACCG.std.total.client_req_count                         18897         0.01 Total number of client requests processed
ACCG.std.total.client_req_hdrbytes                       3755492         2.40 Client request header bytes total
ACCG.std.total.client_req_bodybytes                             0         0.00 Client request body bytes total
ACCG.std.sub.client_req_count                             0         0.00 Total number of client requests processed
ACCG.std.sub.client_req_hdrbytes                             0         0.00 Client request header bytes total
ACCG.std.sub.client_req_bodybytes                             0         0.00 Client request body bytes total
ACCG.private.total.client_req_count                         18897         0.01 Total number of client requests processed
ACCG.private.total.client_req_hdrbytes                       3755492         2.40 Client request header bytes total
ACCG.private.total.client_req_bodybytes                             0         0.00 Client request body bytes total
ACCG.private.sub.client_req_count                             0         0.00 Total number of client requests processed
ACCG.private.sub.client_req_hdrbytes                             0         0.00 Client request header bytes total
ACCG.private.sub.client_req_bodybytes                             0         0.00 Client request body bytes total
ACCG.other.total.client_req_count                             0         0.00 Total number of client requests processed
ACCG.other.total.client_req_hdrbytes                             0         0.00 Client request header bytes total
ACCG.other.total.client_req_bodybytes                             0         0.00 Client request body bytes total
ACCG.other.sub.client_req_count                             0         0.00 Total number of client requests processed
ACCG.other.sub.client_req_hdrbytes                             0         0.00 Client request header bytes total
ACCG.other.sub.client_req_bodybytes                             0         0.00 Client request body bytes total
ACCG.private.oci.client_req_count                         18897         0.01 Total number of client requests processed
ACCG.private.oci.client_req_hdrbytes                       3755492         2.40 Client request header bytes total
ACCG.private.oci.client_req_bodybytes                             0         0.00 Client request body bytes total
--- 13:39:27 ---
MAIN.client_req_400                             0         0.00 Client requests received, subject to 400 errors
MAIN.client_req_417                             0         0.00 Client requests received, subject to 417 errors
MAIN.client_req                         18897         0.01 Good client requests received
MAIN.threads_limited                             0         0.00 Threads hit max
MAIN.threads_created                          1201         0.00 Threads created
MAIN.threads_destroyed                          1001         0.00 Threads destroyed
MAIN.thread_queue_len                             0          .   Length of session queue
MAIN.busy_sleep                           354         0.00 Number of requests sent to sleep on busy objhdr
MAIN.busy_wakeup                           354         0.00 Number of requests woken after sleep on busy objhdr
MAIN.sess_queued                           311         0.00 Sessions queued for thread
MAIN.sess_dropped                             0         0.00 Sessions dropped for thread
ACCG.std.total.client_req_count                         18897         0.01 Total number of client requests processed
ACCG.std.total.client_req_hdrbytes                       3755492         2.40 Client request header bytes total
ACCG.std.total.client_req_bodybytes                             0         0.00 Client request body bytes total
ACCG.std.sub.client_req_count                             0         0.00 Total number of client requests processed
ACCG.std.sub.client_req_hdrbytes                             0         0.00 Client request header bytes total
ACCG.std.sub.client_req_bodybytes                             0         0.00 Client request body bytes total
ACCG.private.total.client_req_count                         18897         0.01 Total number of client requests processed
ACCG.private.total.client_req_hdrbytes                       3755492         2.40 Client request header bytes total
ACCG.private.total.client_req_bodybytes                             0         0.00 Client request body bytes total
ACCG.private.sub.client_req_count                             0         0.00 Total number of client requests processed
ACCG.private.sub.client_req_hdrbytes                             0         0.00 Client request header bytes total
ACCG.private.sub.client_req_bodybytes                             0         0.00 Client request body bytes total
ACCG.other.total.client_req_count                             0         0.00 Total number of client requests processed
ACCG.other.total.client_req_hdrbytes                             0         0.00 Client request header bytes total
ACCG.other.total.client_req_bodybytes                             0         0.00 Client request body bytes total
ACCG.other.sub.client_req_count                             0         0.00 Total number of client requests processed
ACCG.other.sub.client_req_hdrbytes                             0         0.00 Client request header bytes total
ACCG.other.sub.client_req_bodybytes                             0         0.00 Client request body bytes total
ACCG.private.oci.client_req_count                         18897         0.01 Total number of client requests processed
ACCG.private.oci.client_req_hdrbytes                       3755492         2.40 Client request header bytes total
ACCG.private.oci.client_req_bodybytes                             0         0.00 Client request body bytes total
--- 13:39:28 ---
MAIN.client_req_400                             0         0.00 Client requests received, subject to 400 errors
MAIN.client_req_417                             0         0.00 Client requests received, subject to 417 errors
MAIN.client_req                         18897         0.01 Good client requests received
MAIN.threads_limited                             0         0.00 Threads hit max
MAIN.threads_created                          1201         0.00 Threads created
MAIN.threads_destroyed                          1001         0.00 Threads destroyed
MAIN.thread_queue_len                             0          .   Length of session queue
MAIN.busy_sleep                           354         0.00 Number of requests sent to sleep on busy objhdr
MAIN.busy_wakeup                           354         0.00 Number of requests woken after sleep on busy objhdr
MAIN.sess_queued                           311         0.00 Sessions queued for thread
MAIN.sess_dropped                             0         0.00 Sessions dropped for thread
ACCG.std.total.client_req_count                         18897         0.01 Total number of client requests processed
ACCG.std.total.client_req_hdrbytes                       3755492         2.40 Client request header bytes total
ACCG.std.total.client_req_bodybytes                             0         0.00 Client request body bytes total
ACCG.std.sub.client_req_count                             0         0.00 Total number of client requests processed
ACCG.std.sub.client_req_hdrbytes                             0         0.00 Client request header bytes total
ACCG.std.sub.client_req_bodybytes                             0         0.00 Client request body bytes total
ACCG.private.total.client_req_count                         18897         0.01 Total number of client requests processed
ACCG.private.total.client_req_hdrbytes                       3755492         2.40 Client request header bytes total
ACCG.private.total.client_req_bodybytes                             0         0.00 Client request body bytes total
ACCG.private.sub.client_req_count                             0         0.00 Total number of client requests processed
ACCG.private.sub.client_req_hdrbytes                             0         0.00 Client request header bytes total
ACCG.private.sub.client_req_bodybytes                             0         0.00 Client request body bytes total
ACCG.other.total.client_req_count                             0         0.00 Total number of client requests processed
ACCG.other.total.client_req_hdrbytes                             0         0.00 Client request header bytes total
ACCG.other.total.client_req_bodybytes                             0         0.00 Client request body bytes total
ACCG.other.sub.client_req_count                             0         0.00 Total number of client requests processed
ACCG.other.sub.client_req_hdrbytes                             0         0.00 Client request header bytes total
ACCG.other.sub.client_req_bodybytes                             0         0.00 Client request body bytes total
ACCG.private.oci.client_req_count                         18897         0.01 Total number of client requests processed
ACCG.private.oci.client_req_hdrbytes                       3755492         2.40 Client request header bytes total
ACCG.private.oci.client_req_bodybytes                             0         0.00 Client request body bytes total
--- 13:39:30 ---
MAIN.client_req_400                             0         0.00 Client requests received, subject to 400 errors
MAIN.client_req_417                             0         0.00 Client requests received, subject to 417 errors
MAIN.client_req                         18897         0.01 Good client requests received
MAIN.threads_limited                             0         0.00 Threads hit max
MAIN.threads_created                          1201         0.00 Threads created
MAIN.threads_destroyed                          1001         0.00 Threads destroyed
MAIN.thread_queue_len                             0          .   Length of session queue
MAIN.busy_sleep                           354         0.00 Number of requests sent to sleep on busy objhdr
MAIN.busy_wakeup                           354         0.00 Number of requests woken after sleep on busy objhdr
MAIN.sess_queued                           311         0.00 Sessions queued for thread
MAIN.sess_dropped                             0         0.00 Sessions dropped for thread
ACCG.std.total.client_req_count                         18897         0.01 Total number of client requests processed
ACCG.std.total.client_req_hdrbytes                       3755492         2.40 Client request header bytes total
ACCG.std.total.client_req_bodybytes                             0         0.00 Client request body bytes total
ACCG.std.sub.client_req_count                             0         0.00 Total number of client requests processed
ACCG.std.sub.client_req_hdrbytes                             0         0.00 Client request header bytes total
ACCG.std.sub.client_req_bodybytes                             0         0.00 Client request body bytes total
ACCG.private.total.client_req_count                         18897         0.01 Total number of client requests processed
ACCG.private.total.client_req_hdrbytes                       3755492         2.40 Client request header bytes total
ACCG.private.total.client_req_bodybytes                             0         0.00 Client request body bytes total
ACCG.private.sub.client_req_count                             0         0.00 Total number of client requests processed
ACCG.private.sub.client_req_hdrbytes                             0         0.00 Client request header bytes total
ACCG.private.sub.client_req_bodybytes                             0         0.00 Client request body bytes total
ACCG.other.total.client_req_count                             0         0.00 Total number of client requests processed
ACCG.other.total.client_req_hdrbytes                             0         0.00 Client request header bytes total
ACCG.other.total.client_req_bodybytes                             0         0.00 Client request body bytes total
ACCG.other.sub.client_req_count                             0         0.00 Total number of client requests processed
ACCG.other.sub.client_req_hdrbytes                             0         0.00 Client request header bytes total
ACCG.other.sub.client_req_bodybytes                             0         0.00 Client request body bytes total
ACCG.private.oci.client_req_count                         18897         0.01 Total number of client requests processed
ACCG.private.oci.client_req_hdrbytes                       3755492         2.40 Client request header bytes total
ACCG.private.oci.client_req_bodybytes                             0         0.00 Client request body bytes total
--- 13:39:31 ---
MAIN.client_req_400                             0         0.00 Client requests received, subject to 400 errors
MAIN.client_req_417                             0         0.00 Client requests received, subject to 417 errors
MAIN.client_req                         18897         0.01 Good client requests received
MAIN.threads_limited                             0         0.00 Threads hit max
MAIN.threads_created                          1201         0.00 Threads created
MAIN.threads_destroyed                          1001         0.00 Threads destroyed
MAIN.thread_queue_len                             0          .   Length of session queue
MAIN.busy_sleep                           354         0.00 Number of requests sent to sleep on busy objhdr
MAIN.busy_wakeup                           354         0.00 Number of requests woken after sleep on busy objhdr
MAIN.sess_queued                           311         0.00 Sessions queued for thread
MAIN.sess_dropped                             0         0.00 Sessions dropped for thread
ACCG.std.total.client_req_count                         18897         0.01 Total number of client requests processed
ACCG.std.total.client_req_hdrbytes                       3755492         2.40 Client request header bytes total
ACCG.std.total.client_req_bodybytes                             0         0.00 Client request body bytes total
ACCG.std.sub.client_req_count                             0         0.00 Total number of client requests processed
ACCG.std.sub.client_req_hdrbytes                             0         0.00 Client request header bytes total
ACCG.std.sub.client_req_bodybytes                             0         0.00 Client request body bytes total
ACCG.private.total.client_req_count                         18897         0.01 Total number of client requests processed
ACCG.private.total.client_req_hdrbytes                       3755492         2.40 Client request header bytes total
ACCG.private.total.client_req_bodybytes                             0         0.00 Client request body bytes total
ACCG.private.sub.client_req_count                             0         0.00 Total number of client requests processed
ACCG.private.sub.client_req_hdrbytes                             0         0.00 Client request header bytes total
ACCG.private.sub.client_req_bodybytes                             0         0.00 Client request body bytes total
ACCG.other.total.client_req_count                             0         0.00 Total number of client requests processed
ACCG.other.total.client_req_hdrbytes                             0         0.00 Client request header bytes total
ACCG.other.total.client_req_bodybytes                             0         0.00 Client request body bytes total
ACCG.other.sub.client_req_count                             0         0.00 Total number of client requests processed
ACCG.other.sub.client_req_hdrbytes                             0         0.00 Client request header bytes total
ACCG.other.sub.client_req_bodybytes                             0         0.00 Client request body bytes total
ACCG.private.oci.client_req_count                         18897         0.01 Total number of client requests processed
ACCG.private.oci.client_req_hdrbytes                       3755492         2.40 Client request header bytes total
ACCG.private.oci.client_req_bodybytes                             0         0.00 Client request body bytes total
--- 13:39:32 ---
MAIN.client_req_400                             0         0.00 Client requests received, subject to 400 errors
MAIN.client_req_417                             0         0.00 Client requests received, subject to 417 errors
MAIN.client_req                         18897         0.01 Good client requests received
MAIN.threads_limited                             0         0.00 Threads hit max
MAIN.threads_created                          1201         0.00 Threads created
MAIN.threads_destroyed                          1001         0.00 Threads destroyed
MAIN.thread_queue_len                             0          .   Length of session queue
MAIN.busy_sleep                           354         0.00 Number of requests sent to sleep on busy objhdr
MAIN.busy_wakeup                           354         0.00 Number of requests woken after sleep on busy objhdr
MAIN.sess_queued                           311         0.00 Sessions queued for thread
MAIN.sess_dropped                             0         0.00 Sessions dropped for thread
ACCG.std.total.client_req_count                         18897         0.01 Total number of client requests processed
ACCG.std.total.client_req_hdrbytes                       3755492         2.40 Client request header bytes total
ACCG.std.total.client_req_bodybytes                             0         0.00 Client request body bytes total
ACCG.std.sub.client_req_count                             0         0.00 Total number of client requests processed
ACCG.std.sub.client_req_hdrbytes                             0         0.00 Client request header bytes total
ACCG.std.sub.client_req_bodybytes                             0         0.00 Client request body bytes total
ACCG.private.total.client_req_count                         18897         0.01 Total number of client requests processed
ACCG.private.total.client_req_hdrbytes                       3755492         2.40 Client request header bytes total
ACCG.private.total.client_req_bodybytes                             0         0.00 Client request body bytes total
ACCG.private.sub.client_req_count                             0         0.00 Total number of client requests processed
ACCG.private.sub.client_req_hdrbytes                             0         0.00 Client request header bytes total
ACCG.private.sub.client_req_bodybytes                             0         0.00 Client request body bytes total
ACCG.other.total.client_req_count                             0         0.00 Total number of client requests processed
ACCG.other.total.client_req_hdrbytes                             0         0.00 Client request header bytes total
ACCG.other.total.client_req_bodybytes                             0         0.00 Client request body bytes total
ACCG.other.sub.client_req_count                             0         0.00 Total number of client requests processed
ACCG.other.sub.client_req_hdrbytes                             0         0.00 Client request header bytes total
ACCG.other.sub.client_req_bodybytes                             0         0.00 Client request body bytes total
ACCG.private.oci.client_req_count                         18897         0.01 Total number of client requests processed
ACCG.private.oci.client_req_hdrbytes                       3755492         2.40 Client request header bytes total
ACCG.private.oci.client_req_bodybytes                             0         0.00 Client request body bytes total
--- 13:39:33 ---
MAIN.client_req_400                             0         0.00 Client requests received, subject to 400 errors
MAIN.client_req_417                             0         0.00 Client requests received, subject to 417 errors
MAIN.client_req                         18897         0.01 Good client requests received
MAIN.threads_limited                             0         0.00 Threads hit max
MAIN.threads_created                          1201         0.00 Threads created
MAIN.threads_destroyed                          1001         0.00 Threads destroyed
MAIN.thread_queue_len                             0          .   Length of session queue
MAIN.busy_sleep                           354         0.00 Number of requests sent to sleep on busy objhdr
MAIN.busy_wakeup                           354         0.00 Number of requests woken after sleep on busy objhdr
MAIN.sess_queued                           311         0.00 Sessions queued for thread
MAIN.sess_dropped                             0         0.00 Sessions dropped for thread
ACCG.std.total.client_req_count                         18897         0.01 Total number of client requests processed
ACCG.std.total.client_req_hdrbytes                       3755492         2.40 Client request header bytes total
ACCG.std.total.client_req_bodybytes                             0         0.00 Client request body bytes total
ACCG.std.sub.client_req_count                             0         0.00 Total number of client requests processed
ACCG.std.sub.client_req_hdrbytes                             0         0.00 Client request header bytes total
ACCG.std.sub.client_req_bodybytes                             0         0.00 Client request body bytes total
ACCG.private.total.client_req_count                         18897         0.01 Total number of client requests processed
ACCG.private.total.client_req_hdrbytes                       3755492         2.40 Client request header bytes total
ACCG.private.total.client_req_bodybytes                             0         0.00 Client request body bytes total
ACCG.private.sub.client_req_count                             0         0.00 Total number of client requests processed
ACCG.private.sub.client_req_hdrbytes                             0         0.00 Client request header bytes total
ACCG.private.sub.client_req_bodybytes                             0         0.00 Client request body bytes total
ACCG.other.total.client_req_count                             0         0.00 Total number of client requests processed
ACCG.other.total.client_req_hdrbytes                             0         0.00 Client request header bytes total
ACCG.other.total.client_req_bodybytes                             0         0.00 Client request body bytes total
ACCG.other.sub.client_req_count                             0         0.00 Total number of client requests processed
ACCG.other.sub.client_req_hdrbytes                             0         0.00 Client request header bytes total
ACCG.other.sub.client_req_bodybytes                             0         0.00 Client request body bytes total
ACCG.private.oci.client_req_count                         18897         0.01 Total number of client requests processed
ACCG.private.oci.client_req_hdrbytes                       3755492         2.40 Client request header bytes total
ACCG.private.oci.client_req_bodybytes                             0         0.00 Client request body bytes total
--- 13:39:34 ---
MAIN.client_req_400                             0         0.00 Client requests received, subject to 400 errors
MAIN.client_req_417                             0         0.00 Client requests received, subject to 417 errors
MAIN.client_req                         18897         0.01 Good client requests received
MAIN.threads_limited                             0         0.00 Threads hit max
MAIN.threads_created                          1201         0.00 Threads created
MAIN.threads_destroyed                          1001         0.00 Threads destroyed
MAIN.thread_queue_len                             0          .   Length of session queue
MAIN.busy_sleep                           354         0.00 Number of requests sent to sleep on busy objhdr
MAIN.busy_wakeup                           354         0.00 Number of requests woken after sleep on busy objhdr
MAIN.sess_queued                           311         0.00 Sessions queued for thread
MAIN.sess_dropped                             0         0.00 Sessions dropped for thread
ACCG.std.total.client_req_count                         18897         0.01 Total number of client requests processed
ACCG.std.total.client_req_hdrbytes                       3755492         2.40 Client request header bytes total
ACCG.std.total.client_req_bodybytes                             0         0.00 Client request body bytes total
ACCG.std.sub.client_req_count                             0         0.00 Total number of client requests processed
ACCG.std.sub.client_req_hdrbytes                             0         0.00 Client request header bytes total
ACCG.std.sub.client_req_bodybytes                             0         0.00 Client request body bytes total
ACCG.private.total.client_req_count                         18897         0.01 Total number of client requests processed
ACCG.private.total.client_req_hdrbytes                       3755492         2.40 Client request header bytes total
ACCG.private.total.client_req_bodybytes                             0         0.00 Client request body bytes total
ACCG.private.sub.client_req_count                             0         0.00 Total number of client requests processed
ACCG.private.sub.client_req_hdrbytes                             0         0.00 Client request header bytes total
ACCG.private.sub.client_req_bodybytes                             0         0.00 Client request body bytes total
ACCG.other.total.client_req_count                             0         0.00 Total number of client requests processed
ACCG.other.total.client_req_hdrbytes                             0         0.00 Client request header bytes total
ACCG.other.total.client_req_bodybytes                             0         0.00 Client request body bytes total
ACCG.other.sub.client_req_count                             0         0.00 Total number of client requests processed
ACCG.other.sub.client_req_hdrbytes                             0         0.00 Client request header bytes total
ACCG.other.sub.client_req_bodybytes                             0         0.00 Client request body bytes total
ACCG.private.oci.client_req_count                         18897         0.01 Total number of client requests processed
ACCG.private.oci.client_req_hdrbytes                       3755492         2.40 Client request header bytes total
ACCG.private.oci.client_req_bodybytes                             0         0.00 Client request body bytes total
--- 13:39:35 ---
MAIN.client_req_400                             0         0.00 Client requests received, subject to 400 errors
MAIN.client_req_417                             0         0.00 Client requests received, subject to 417 errors
MAIN.client_req                         18897         0.01 Good client requests received
MAIN.threads_limited                             0         0.00 Threads hit max
MAIN.threads_created                          1201         0.00 Threads created
MAIN.threads_destroyed                          1001         0.00 Threads destroyed
MAIN.thread_queue_len                             0          .   Length of session queue
MAIN.busy_sleep                           354         0.00 Number of requests sent to sleep on busy objhdr
MAIN.busy_wakeup                           354         0.00 Number of requests woken after sleep on busy objhdr
MAIN.sess_queued                           311         0.00 Sessions queued for thread
MAIN.sess_dropped                             0         0.00 Sessions dropped for thread
ACCG.std.total.client_req_count                         18897         0.01 Total number of client requests processed
ACCG.std.total.client_req_hdrbytes                       3755492         2.40 Client request header bytes total
ACCG.std.total.client_req_bodybytes                             0         0.00 Client request body bytes total
ACCG.std.sub.client_req_count                             0         0.00 Total number of client requests processed
ACCG.std.sub.client_req_hdrbytes                             0         0.00 Client request header bytes total
ACCG.std.sub.client_req_bodybytes                             0         0.00 Client request body bytes total
ACCG.private.total.client_req_count                         18897         0.01 Total number of client requests processed
ACCG.private.total.client_req_hdrbytes                       3755492         2.40 Client request header bytes total
ACCG.private.total.client_req_bodybytes                             0         0.00 Client request body bytes total
ACCG.private.sub.client_req_count                             0         0.00 Total number of client requests processed
ACCG.private.sub.client_req_hdrbytes                             0         0.00 Client request header bytes total
ACCG.private.sub.client_req_bodybytes                             0         0.00 Client request body bytes total
ACCG.other.total.client_req_count                             0         0.00 Total number of client requests processed
ACCG.other.total.client_req_hdrbytes                             0         0.00 Client request header bytes total
ACCG.other.total.client_req_bodybytes                             0         0.00 Client request body bytes total
ACCG.other.sub.client_req_count                             0         0.00 Total number of client requests processed
ACCG.other.sub.client_req_hdrbytes                             0         0.00 Client request header bytes total
ACCG.other.sub.client_req_bodybytes                             0         0.00 Client request body bytes total
ACCG.private.oci.client_req_count                         18897         0.01 Total number of client requests processed
ACCG.private.oci.client_req_hdrbytes                       3755492         2.40 Client request header bytes total
ACCG.private.oci.client_req_bodybytes                             0         0.00 Client request body bytes total
--- 13:39:36 ---
MAIN.client_req_400                             0         0.00 Client requests received, subject to 400 errors
MAIN.client_req_417                             0         0.00 Client requests received, subject to 417 errors
MAIN.client_req                         18897         0.01 Good client requests received
MAIN.threads_limited                             0         0.00 Threads hit max
MAIN.threads_created                          1201         0.00 Threads created
MAIN.threads_destroyed                          1001         0.00 Threads destroyed
MAIN.thread_queue_len                             0          .   Length of session queue
MAIN.busy_sleep                           354         0.00 Number of requests sent to sleep on busy objhdr
MAIN.busy_wakeup                           354         0.00 Number of requests woken after sleep on busy objhdr
MAIN.sess_queued                           311         0.00 Sessions queued for thread
MAIN.sess_dropped                             0         0.00 Sessions dropped for thread
ACCG.std.total.client_req_count                         18897         0.01 Total number of client requests processed
ACCG.std.total.client_req_hdrbytes                       3755492         2.40 Client request header bytes total
ACCG.std.total.client_req_bodybytes                             0         0.00 Client request body bytes total
ACCG.std.sub.client_req_count                             0         0.00 Total number of client requests processed
ACCG.std.sub.client_req_hdrbytes                             0         0.00 Client request header bytes total
ACCG.std.sub.client_req_bodybytes                             0         0.00 Client request body bytes total
ACCG.private.total.client_req_count                         18897         0.01 Total number of client requests processed
ACCG.private.total.client_req_hdrbytes                       3755492         2.40 Client request header bytes total
ACCG.private.total.client_req_bodybytes                             0         0.00 Client request body bytes total
ACCG.private.sub.client_req_count                             0         0.00 Total number of client requests processed
ACCG.private.sub.client_req_hdrbytes                             0         0.00 Client request header bytes total
ACCG.private.sub.client_req_bodybytes                             0         0.00 Client request body bytes total
ACCG.other.total.client_req_count                             0         0.00 Total number of client requests processed
ACCG.other.total.client_req_hdrbytes                             0         0.00 Client request header bytes total
ACCG.other.total.client_req_bodybytes                             0         0.00 Client request body bytes total
ACCG.other.sub.client_req_count                             0         0.00 Total number of client requests processed
ACCG.other.sub.client_req_hdrbytes                             0         0.00 Client request header bytes total
ACCG.other.sub.client_req_bodybytes                             0         0.00 Client request body bytes total
ACCG.private.oci.client_req_count                         18897         0.01 Total number of client requests processed
ACCG.private.oci.client_req_hdrbytes                       3755492         2.40 Client request header bytes total
ACCG.private.oci.client_req_bodybytes                             0         0.00 Client request body bytes total
--- 13:39:37 ---
MAIN.client_req_400                             0         0.00 Client requests received, subject to 400 errors
MAIN.client_req_417                             0         0.00 Client requests received, subject to 417 errors
MAIN.client_req                         18897         0.01 Good client requests received
MAIN.threads_limited                             0         0.00 Threads hit max
MAIN.threads_created                          1201         0.00 Threads created
MAIN.threads_destroyed                          1001         0.00 Threads destroyed
MAIN.thread_queue_len                             0          .   Length of session queue
MAIN.busy_sleep                           354         0.00 Number of requests sent to sleep on busy objhdr
MAIN.busy_wakeup                           354         0.00 Number of requests woken after sleep on busy objhdr
MAIN.sess_queued                           311         0.00 Sessions queued for thread
MAIN.sess_dropped                             0         0.00 Sessions dropped for thread
ACCG.std.total.client_req_count                         18897         0.01 Total number of client requests processed
ACCG.std.total.client_req_hdrbytes                       3755492         2.40 Client request header bytes total
ACCG.std.total.client_req_bodybytes                             0         0.00 Client request body bytes total
ACCG.std.sub.client_req_count                             0         0.00 Total number of client requests processed
ACCG.std.sub.client_req_hdrbytes                             0         0.00 Client request header bytes total
ACCG.std.sub.client_req_bodybytes                             0         0.00 Client request body bytes total
ACCG.private.total.client_req_count                         18897         0.01 Total number of client requests processed
ACCG.private.total.client_req_hdrbytes                       3755492         2.40 Client request header bytes total
ACCG.private.total.client_req_bodybytes                             0         0.00 Client request body bytes total
ACCG.private.sub.client_req_count                             0         0.00 Total number of client requests processed
ACCG.private.sub.client_req_hdrbytes                             0         0.00 Client request header bytes total
ACCG.private.sub.client_req_bodybytes                             0         0.00 Client request body bytes total
ACCG.other.total.client_req_count                             0         0.00 Total number of client requests processed
ACCG.other.total.client_req_hdrbytes                             0         0.00 Client request header bytes total
ACCG.other.total.client_req_bodybytes                             0         0.00 Client request body bytes total
ACCG.other.sub.client_req_count                             0         0.00 Total number of client requests processed
ACCG.other.sub.client_req_hdrbytes                             0         0.00 Client request header bytes total
ACCG.other.sub.client_req_bodybytes                             0         0.00 Client request body bytes total
ACCG.private.oci.client_req_count                         18897         0.01 Total number of client requests processed
ACCG.private.oci.client_req_hdrbytes                       3755492         2.40 Client request header bytes total
ACCG.private.oci.client_req_bodybytes                             0         0.00 Client request body bytes total
--- 13:39:39 ---
MAIN.client_req_400                             0         0.00 Client requests received, subject to 400 errors
MAIN.client_req_417                             0         0.00 Client requests received, subject to 417 errors
MAIN.client_req                         18897         0.01 Good client requests received
MAIN.threads_limited                             0         0.00 Threads hit max
MAIN.threads_created                          1201         0.00 Threads created
MAIN.threads_destroyed                          1001         0.00 Threads destroyed
MAIN.thread_queue_len                             0          .   Length of session queue
MAIN.busy_sleep                           354         0.00 Number of requests sent to sleep on busy objhdr
MAIN.busy_wakeup                           354         0.00 Number of requests woken after sleep on busy objhdr
MAIN.sess_queued                           311         0.00 Sessions queued for thread
MAIN.sess_dropped                             0         0.00 Sessions dropped for thread
ACCG.std.total.client_req_count                         18897         0.01 Total number of client requests processed
ACCG.std.total.client_req_hdrbytes                       3755492         2.40 Client request header bytes total
ACCG.std.total.client_req_bodybytes                             0         0.00 Client request body bytes total
ACCG.std.sub.client_req_count                             0         0.00 Total number of client requests processed
ACCG.std.sub.client_req_hdrbytes                             0         0.00 Client request header bytes total
ACCG.std.sub.client_req_bodybytes                             0         0.00 Client request body bytes total
ACCG.private.total.client_req_count                         18897         0.01 Total number of client requests processed
ACCG.private.total.client_req_hdrbytes                       3755492         2.40 Client request header bytes total
ACCG.private.total.client_req_bodybytes                             0         0.00 Client request body bytes total
ACCG.private.sub.client_req_count                             0         0.00 Total number of client requests processed
ACCG.private.sub.client_req_hdrbytes                             0         0.00 Client request header bytes total
ACCG.private.sub.client_req_bodybytes                             0         0.00 Client request body bytes total
ACCG.other.total.client_req_count                             0         0.00 Total number of client requests processed
ACCG.other.total.client_req_hdrbytes                             0         0.00 Client request header bytes total
ACCG.other.total.client_req_bodybytes                             0         0.00 Client request body bytes total
ACCG.other.sub.client_req_count                             0         0.00 Total number of client requests processed
ACCG.other.sub.client_req_hdrbytes                             0         0.00 Client request header bytes total
ACCG.other.sub.client_req_bodybytes                             0         0.00 Client request body bytes total
ACCG.private.oci.client_req_count                         18897         0.01 Total number of client requests processed
ACCG.private.oci.client_req_hdrbytes                       3755492         2.40 Client request header bytes total
ACCG.private.oci.client_req_bodybytes                             0         0.00 Client request body bytes total
--- 13:39:40 ---
MAIN.client_req_400                             0         0.00 Client requests received, subject to 400 errors
MAIN.client_req_417                             0         0.00 Client requests received, subject to 417 errors
MAIN.client_req                         18897         0.01 Good client requests received
MAIN.threads_limited                             0         0.00 Threads hit max
MAIN.threads_created                          1201         0.00 Threads created
MAIN.threads_destroyed                          1001         0.00 Threads destroyed
MAIN.thread_queue_len                             0          .   Length of session queue
MAIN.busy_sleep                           354         0.00 Number of requests sent to sleep on busy objhdr
MAIN.busy_wakeup                           354         0.00 Number of requests woken after sleep on busy objhdr
MAIN.sess_queued                           311         0.00 Sessions queued for thread
MAIN.sess_dropped                             0         0.00 Sessions dropped for thread
ACCG.std.total.client_req_count                         18897         0.01 Total number of client requests processed
ACCG.std.total.client_req_hdrbytes                       3755492         2.40 Client request header bytes total
ACCG.std.total.client_req_bodybytes                             0         0.00 Client request body bytes total
ACCG.std.sub.client_req_count                             0         0.00 Total number of client requests processed
ACCG.std.sub.client_req_hdrbytes                             0         0.00 Client request header bytes total
ACCG.std.sub.client_req_bodybytes                             0         0.00 Client request body bytes total
ACCG.private.total.client_req_count                         18897         0.01 Total number of client requests processed
ACCG.private.total.client_req_hdrbytes                       3755492         2.40 Client request header bytes total
ACCG.private.total.client_req_bodybytes                             0         0.00 Client request body bytes total
ACCG.private.sub.client_req_count                             0         0.00 Total number of client requests processed
ACCG.private.sub.client_req_hdrbytes                             0         0.00 Client request header bytes total
ACCG.private.sub.client_req_bodybytes                             0         0.00 Client request body bytes total
ACCG.other.total.client_req_count                             0         0.00 Total number of client requests processed
ACCG.other.total.client_req_hdrbytes                             0         0.00 Client request header bytes total
ACCG.other.total.client_req_bodybytes                             0         0.00 Client request body bytes total
ACCG.other.sub.client_req_count                             0         0.00 Total number of client requests processed
ACCG.other.sub.client_req_hdrbytes                             0         0.00 Client request header bytes total
ACCG.other.sub.client_req_bodybytes                             0         0.00 Client request body bytes total
ACCG.private.oci.client_req_count                         18897         0.01 Total number of client requests processed
ACCG.private.oci.client_req_hdrbytes                       3755492         2.40 Client request header bytes total
ACCG.private.oci.client_req_bodybytes                             0         0.00 Client request body bytes total
--- 13:39:41 ---
MAIN.client_req_400                             0         0.00 Client requests received, subject to 400 errors
MAIN.client_req_417                             0         0.00 Client requests received, subject to 417 errors
MAIN.client_req                         18897         0.01 Good client requests received
MAIN.threads_limited                             0         0.00 Threads hit max
MAIN.threads_created                          1201         0.00 Threads created
MAIN.threads_destroyed                          1001         0.00 Threads destroyed
MAIN.thread_queue_len                             0          .   Length of session queue
MAIN.busy_sleep                           354         0.00 Number of requests sent to sleep on busy objhdr
MAIN.busy_wakeup                           354         0.00 Number of requests woken after sleep on busy objhdr
MAIN.sess_queued                           311         0.00 Sessions queued for thread
MAIN.sess_dropped                             0         0.00 Sessions dropped for thread
ACCG.std.total.client_req_count                         18897         0.01 Total number of client requests processed
ACCG.std.total.client_req_hdrbytes                       3755492         2.40 Client request header bytes total
ACCG.std.total.client_req_bodybytes                             0         0.00 Client request body bytes total
ACCG.std.sub.client_req_count                             0         0.00 Total number of client requests processed
ACCG.std.sub.client_req_hdrbytes                             0         0.00 Client request header bytes total
ACCG.std.sub.client_req_bodybytes                             0         0.00 Client request body bytes total
ACCG.private.total.client_req_count                         18897         0.01 Total number of client requests processed
ACCG.private.total.client_req_hdrbytes                       3755492         2.40 Client request header bytes total
ACCG.private.total.client_req_bodybytes                             0         0.00 Client request body bytes total
ACCG.private.sub.client_req_count                             0         0.00 Total number of client requests processed
ACCG.private.sub.client_req_hdrbytes                             0         0.00 Client request header bytes total
ACCG.private.sub.client_req_bodybytes                             0         0.00 Client request body bytes total
ACCG.other.total.client_req_count                             0         0.00 Total number of client requests processed
ACCG.other.total.client_req_hdrbytes                             0         0.00 Client request header bytes total
ACCG.other.total.client_req_bodybytes                             0         0.00 Client request body bytes total
ACCG.other.sub.client_req_count                             0         0.00 Total number of client requests processed
ACCG.other.sub.client_req_hdrbytes                             0         0.00 Client request header bytes total
ACCG.other.sub.client_req_bodybytes                             0         0.00 Client request body bytes total
ACCG.private.oci.client_req_count                         18897         0.01 Total number of client requests processed
ACCG.private.oci.client_req_hdrbytes                       3755492         2.40 Client request header bytes total
ACCG.private.oci.client_req_bodybytes                             0         0.00 Client request body bytes total
--- 13:39:42 ---
MAIN.client_req_400                             0         0.00 Client requests received, subject to 400 errors
MAIN.client_req_417                             0         0.00 Client requests received, subject to 417 errors
MAIN.client_req                         18897         0.01 Good client requests received
MAIN.threads_limited                             0         0.00 Threads hit max
MAIN.threads_created                          1201         0.00 Threads created
MAIN.threads_destroyed                          1001         0.00 Threads destroyed
MAIN.thread_queue_len                             0          .   Length of session queue
MAIN.busy_sleep                           354         0.00 Number of requests sent to sleep on busy objhdr
MAIN.busy_wakeup                           354         0.00 Number of requests woken after sleep on busy objhdr
MAIN.sess_queued                           311         0.00 Sessions queued for thread
MAIN.sess_dropped                             0         0.00 Sessions dropped for thread
ACCG.std.total.client_req_count                         18897         0.01 Total number of client requests processed
ACCG.std.total.client_req_hdrbytes                       3755492         2.40 Client request header bytes total
ACCG.std.total.client_req_bodybytes                             0         0.00 Client request body bytes total
ACCG.std.sub.client_req_count                             0         0.00 Total number of client requests processed
ACCG.std.sub.client_req_hdrbytes                             0         0.00 Client request header bytes total
ACCG.std.sub.client_req_bodybytes                             0         0.00 Client request body bytes total
ACCG.private.total.client_req_count                         18897         0.01 Total number of client requests processed
ACCG.private.total.client_req_hdrbytes                       3755492         2.40 Client request header bytes total
ACCG.private.total.client_req_bodybytes                             0         0.00 Client request body bytes total
ACCG.private.sub.client_req_count                             0         0.00 Total number of client requests processed
ACCG.private.sub.client_req_hdrbytes                             0         0.00 Client request header bytes total
ACCG.private.sub.client_req_bodybytes                             0         0.00 Client request body bytes total
ACCG.other.total.client_req_count                             0         0.00 Total number of client requests processed
ACCG.other.total.client_req_hdrbytes                             0         0.00 Client request header bytes total
ACCG.other.total.client_req_bodybytes                             0         0.00 Client request body bytes total
ACCG.other.sub.client_req_count                             0         0.00 Total number of client requests processed
ACCG.other.sub.client_req_hdrbytes                             0         0.00 Client request header bytes total
ACCG.other.sub.client_req_bodybytes                             0         0.00 Client request body bytes total
ACCG.private.oci.client_req_count                         18897         0.01 Total number of client requests processed
ACCG.private.oci.client_req_hdrbytes                       3755492         2.40 Client request header bytes total
ACCG.private.oci.client_req_bodybytes                             0         0.00 Client request body bytes total
--- 13:39:43 ---
MAIN.client_req_400                             0         0.00 Client requests received, subject to 400 errors
MAIN.client_req_417                             0         0.00 Client requests received, subject to 417 errors
MAIN.client_req                         18897         0.01 Good client requests received
MAIN.threads_limited                             0         0.00 Threads hit max
MAIN.threads_created                          1201         0.00 Threads created
MAIN.threads_destroyed                          1001         0.00 Threads destroyed
MAIN.thread_queue_len                             0          .   Length of session queue
MAIN.busy_sleep                           354         0.00 Number of requests sent to sleep on busy objhdr
MAIN.busy_wakeup                           354         0.00 Number of requests woken after sleep on busy objhdr
MAIN.sess_queued                           311         0.00 Sessions queued for thread
MAIN.sess_dropped                             0         0.00 Sessions dropped for thread
ACCG.std.total.client_req_count                         18897         0.01 Total number of client requests processed
ACCG.std.total.client_req_hdrbytes                       3755492         2.40 Client request header bytes total
ACCG.std.total.client_req_bodybytes                             0         0.00 Client request body bytes total
ACCG.std.sub.client_req_count                             0         0.00 Total number of client requests processed
ACCG.std.sub.client_req_hdrbytes                             0         0.00 Client request header bytes total
ACCG.std.sub.client_req_bodybytes                             0         0.00 Client request body bytes total
ACCG.private.total.client_req_count                         18897         0.01 Total number of client requests processed
ACCG.private.total.client_req_hdrbytes                       3755492         2.40 Client request header bytes total
ACCG.private.total.client_req_bodybytes                             0         0.00 Client request body bytes total
ACCG.private.sub.client_req_count                             0         0.00 Total number of client requests processed
ACCG.private.sub.client_req_hdrbytes                             0         0.00 Client request header bytes total
ACCG.private.sub.client_req_bodybytes                             0         0.00 Client request body bytes total
ACCG.other.total.client_req_count                             0         0.00 Total number of client requests processed
ACCG.other.total.client_req_hdrbytes                             0         0.00 Client request header bytes total
ACCG.other.total.client_req_bodybytes                             0         0.00 Client request body bytes total
ACCG.other.sub.client_req_count                             0         0.00 Total number of client requests processed
ACCG.other.sub.client_req_hdrbytes                             0         0.00 Client request header bytes total
ACCG.other.sub.client_req_bodybytes                             0         0.00 Client request body bytes total
ACCG.private.oci.client_req_count                         18897         0.01 Total number of client requests processed
ACCG.private.oci.client_req_hdrbytes                       3755492         2.40 Client request header bytes total
ACCG.private.oci.client_req_bodybytes                             0         0.00 Client request body bytes total
--- 13:39:44 ---
MAIN.client_req_400                             0         0.00 Client requests received, subject to 400 errors
MAIN.client_req_417                             0         0.00 Client requests received, subject to 417 errors
MAIN.client_req                         18897         0.01 Good client requests received
MAIN.threads_limited                             0         0.00 Threads hit max
MAIN.threads_created                          1201         0.00 Threads created
MAIN.threads_destroyed                          1001         0.00 Threads destroyed
MAIN.thread_queue_len                             0          .   Length of session queue
MAIN.busy_sleep                           354         0.00 Number of requests sent to sleep on busy objhdr
MAIN.busy_wakeup                           354         0.00 Number of requests woken after sleep on busy objhdr
MAIN.sess_queued                           311         0.00 Sessions queued for thread
MAIN.sess_dropped                             0         0.00 Sessions dropped for thread
ACCG.std.total.client_req_count                         18897         0.01 Total number of client requests processed
ACCG.std.total.client_req_hdrbytes                       3755492         2.40 Client request header bytes total
ACCG.std.total.client_req_bodybytes                             0         0.00 Client request body bytes total
ACCG.std.sub.client_req_count                             0         0.00 Total number of client requests processed
ACCG.std.sub.client_req_hdrbytes                             0         0.00 Client request header bytes total
ACCG.std.sub.client_req_bodybytes                             0         0.00 Client request body bytes total
ACCG.private.total.client_req_count                         18897         0.01 Total number of client requests processed
ACCG.private.total.client_req_hdrbytes                       3755492         2.40 Client request header bytes total
ACCG.private.total.client_req_bodybytes                             0         0.00 Client request body bytes total
ACCG.private.sub.client_req_count                             0         0.00 Total number of client requests processed
ACCG.private.sub.client_req_hdrbytes                             0         0.00 Client request header bytes total
ACCG.private.sub.client_req_bodybytes                             0         0.00 Client request body bytes total
ACCG.other.total.client_req_count                             0         0.00 Total number of client requests processed
ACCG.other.total.client_req_hdrbytes                             0         0.00 Client request header bytes total
ACCG.other.total.client_req_bodybytes                             0         0.00 Client request body bytes total
ACCG.other.sub.client_req_count                             0         0.00 Total number of client requests processed
ACCG.other.sub.client_req_hdrbytes                             0         0.00 Client request header bytes total
ACCG.other.sub.client_req_bodybytes                             0         0.00 Client request body bytes total
ACCG.private.oci.client_req_count                         18897         0.01 Total number of client requests processed
ACCG.private.oci.client_req_hdrbytes                       3755492         2.40 Client request header bytes total
ACCG.private.oci.client_req_bodybytes                             0         0.00 Client request body bytes total
--- 13:39:45 ---
MAIN.client_req_400                             0         0.00 Client requests received, subject to 400 errors
MAIN.client_req_417                             0         0.00 Client requests received, subject to 417 errors
MAIN.client_req                         18897         0.01 Good client requests received
MAIN.threads_limited                             0         0.00 Threads hit max
MAIN.threads_created                          1201         0.00 Threads created
MAIN.threads_destroyed                          1001         0.00 Threads destroyed
MAIN.thread_queue_len                             0          .   Length of session queue
MAIN.busy_sleep                           354         0.00 Number of requests sent to sleep on busy objhdr
MAIN.busy_wakeup                           354         0.00 Number of requests woken after sleep on busy objhdr
MAIN.sess_queued                           311         0.00 Sessions queued for thread
MAIN.sess_dropped                             0         0.00 Sessions dropped for thread
ACCG.std.total.client_req_count                         18897         0.01 Total number of client requests processed
ACCG.std.total.client_req_hdrbytes                       3755492         2.40 Client request header bytes total
ACCG.std.total.client_req_bodybytes                             0         0.00 Client request body bytes total
ACCG.std.sub.client_req_count                             0         0.00 Total number of client requests processed
ACCG.std.sub.client_req_hdrbytes                             0         0.00 Client request header bytes total
ACCG.std.sub.client_req_bodybytes                             0         0.00 Client request body bytes total
ACCG.private.total.client_req_count                         18897         0.01 Total number of client requests processed
ACCG.private.total.client_req_hdrbytes                       3755492         2.40 Client request header bytes total
ACCG.private.total.client_req_bodybytes                             0         0.00 Client request body bytes total
ACCG.private.sub.client_req_count                             0         0.00 Total number of client requests processed
ACCG.private.sub.client_req_hdrbytes                             0         0.00 Client request header bytes total
ACCG.private.sub.client_req_bodybytes                             0         0.00 Client request body bytes total
ACCG.other.total.client_req_count                             0         0.00 Total number of client requests processed
ACCG.other.total.client_req_hdrbytes                             0         0.00 Client request header bytes total
ACCG.other.total.client_req_bodybytes                             0         0.00 Client request body bytes total
ACCG.other.sub.client_req_count                             0         0.00 Total number of client requests processed
ACCG.other.sub.client_req_hdrbytes                             0         0.00 Client request header bytes total
ACCG.other.sub.client_req_bodybytes                             0         0.00 Client request body bytes total
ACCG.private.oci.client_req_count                         18897         0.01 Total number of client requests processed
ACCG.private.oci.client_req_hdrbytes                       3755492         2.40 Client request header bytes total
ACCG.private.oci.client_req_bodybytes                             0         0.00 Client request body bytes total
--- 13:39:46 ---
MAIN.client_req_400                             0         0.00 Client requests received, subject to 400 errors
MAIN.client_req_417                             0         0.00 Client requests received, subject to 417 errors
MAIN.client_req                         18897         0.01 Good client requests received
MAIN.threads_limited                             0         0.00 Threads hit max
MAIN.threads_created                          1201         0.00 Threads created
MAIN.threads_destroyed                          1001         0.00 Threads destroyed
MAIN.thread_queue_len                             0          .   Length of session queue
MAIN.busy_sleep                           354         0.00 Number of requests sent to sleep on busy objhdr
MAIN.busy_wakeup                           354         0.00 Number of requests woken after sleep on busy objhdr
MAIN.sess_queued                           311         0.00 Sessions queued for thread
MAIN.sess_dropped                             0         0.00 Sessions dropped for thread
ACCG.std.total.client_req_count                         18897         0.01 Total number of client requests processed
ACCG.std.total.client_req_hdrbytes                       3755492         2.40 Client request header bytes total
ACCG.std.total.client_req_bodybytes                             0         0.00 Client request body bytes total
ACCG.std.sub.client_req_count                             0         0.00 Total number of client requests processed
ACCG.std.sub.client_req_hdrbytes                             0         0.00 Client request header bytes total
ACCG.std.sub.client_req_bodybytes                             0         0.00 Client request body bytes total
ACCG.private.total.client_req_count                         18897         0.01 Total number of client requests processed
ACCG.private.total.client_req_hdrbytes                       3755492         2.40 Client request header bytes total
ACCG.private.total.client_req_bodybytes                             0         0.00 Client request body bytes total
ACCG.private.sub.client_req_count                             0         0.00 Total number of client requests processed
ACCG.private.sub.client_req_hdrbytes                             0         0.00 Client request header bytes total
ACCG.private.sub.client_req_bodybytes                             0         0.00 Client request body bytes total
ACCG.other.total.client_req_count                             0         0.00 Total number of client requests processed
ACCG.other.total.client_req_hdrbytes                             0         0.00 Client request header bytes total
ACCG.other.total.client_req_bodybytes                             0         0.00 Client request body bytes total
ACCG.other.sub.client_req_count                             0         0.00 Total number of client requests processed
ACCG.other.sub.client_req_hdrbytes                             0         0.00 Client request header bytes total
ACCG.other.sub.client_req_bodybytes                             0         0.00 Client request body bytes total
ACCG.private.oci.client_req_count                         18897         0.01 Total number of client requests processed
ACCG.private.oci.client_req_hdrbytes                       3755492         2.40 Client request header bytes total
ACCG.private.oci.client_req_bodybytes                             0         0.00 Client request body bytes total
--- 13:39:48 ---
MAIN.client_req_400                             0         0.00 Client requests received, subject to 400 errors
MAIN.client_req_417                             0         0.00 Client requests received, subject to 417 errors
MAIN.client_req                         18897         0.01 Good client requests received
MAIN.threads_limited                             0         0.00 Threads hit max
MAIN.threads_created                          1201         0.00 Threads created
MAIN.threads_destroyed                          1001         0.00 Threads destroyed
MAIN.thread_queue_len                             0          .   Length of session queue
MAIN.busy_sleep                           354         0.00 Number of requests sent to sleep on busy objhdr
MAIN.busy_wakeup                           354         0.00 Number of requests woken after sleep on busy objhdr
MAIN.sess_queued                           311         0.00 Sessions queued for thread
MAIN.sess_dropped                             0         0.00 Sessions dropped for thread
ACCG.std.total.client_req_count                         18897         0.01 Total number of client requests processed
ACCG.std.total.client_req_hdrbytes                       3755492         2.40 Client request header bytes total
ACCG.std.total.client_req_bodybytes                             0         0.00 Client request body bytes total
ACCG.std.sub.client_req_count                             0         0.00 Total number of client requests processed
ACCG.std.sub.client_req_hdrbytes                             0         0.00 Client request header bytes total
ACCG.std.sub.client_req_bodybytes                             0         0.00 Client request body bytes total
ACCG.private.total.client_req_count                         18897         0.01 Total number of client requests processed
ACCG.private.total.client_req_hdrbytes                       3755492         2.40 Client request header bytes total
ACCG.private.total.client_req_bodybytes                             0         0.00 Client request body bytes total
ACCG.private.sub.client_req_count                             0         0.00 Total number of client requests processed
ACCG.private.sub.client_req_hdrbytes                             0         0.00 Client request header bytes total
ACCG.private.sub.client_req_bodybytes                             0         0.00 Client request body bytes total
ACCG.other.total.client_req_count                             0         0.00 Total number of client requests processed
ACCG.other.total.client_req_hdrbytes                             0         0.00 Client request header bytes total
ACCG.other.total.client_req_bodybytes                             0         0.00 Client request body bytes total
ACCG.other.sub.client_req_count                             0         0.00 Total number of client requests processed
ACCG.other.sub.client_req_hdrbytes                             0         0.00 Client request header bytes total
ACCG.other.sub.client_req_bodybytes                             0         0.00 Client request body bytes total
ACCG.private.oci.client_req_count                         18897         0.01 Total number of client requests processed
ACCG.private.oci.client_req_hdrbytes                       3755492         2.40 Client request header bytes total
ACCG.private.oci.client_req_bodybytes                             0         0.00 Client request body bytes total
--- 13:39:49 ---
MAIN.client_req_400                             0         0.00 Client requests received, subject to 400 errors
MAIN.client_req_417                             0         0.00 Client requests received, subject to 417 errors
MAIN.client_req                         18897         0.01 Good client requests received
MAIN.threads_limited                             0         0.00 Threads hit max
MAIN.threads_created                          1201         0.00 Threads created
MAIN.threads_destroyed                          1001         0.00 Threads destroyed
MAIN.thread_queue_len                             0          .   Length of session queue
MAIN.busy_sleep                           354         0.00 Number of requests sent to sleep on busy objhdr
MAIN.busy_wakeup                           354         0.00 Number of requests woken after sleep on busy objhdr
MAIN.sess_queued                           311         0.00 Sessions queued for thread
MAIN.sess_dropped                             0         0.00 Sessions dropped for thread
ACCG.std.total.client_req_count                         18897         0.01 Total number of client requests processed
ACCG.std.total.client_req_hdrbytes                       3755492         2.40 Client request header bytes total
ACCG.std.total.client_req_bodybytes                             0         0.00 Client request body bytes total
ACCG.std.sub.client_req_count                             0         0.00 Total number of client requests processed
ACCG.std.sub.client_req_hdrbytes                             0         0.00 Client request header bytes total
ACCG.std.sub.client_req_bodybytes                             0         0.00 Client request body bytes total
ACCG.private.total.client_req_count                         18897         0.01 Total number of client requests processed
ACCG.private.total.client_req_hdrbytes                       3755492         2.40 Client request header bytes total
ACCG.private.total.client_req_bodybytes                             0         0.00 Client request body bytes total
ACCG.private.sub.client_req_count                             0         0.00 Total number of client requests processed
ACCG.private.sub.client_req_hdrbytes                             0         0.00 Client request header bytes total
ACCG.private.sub.client_req_bodybytes                             0         0.00 Client request body bytes total
ACCG.other.total.client_req_count                             0         0.00 Total number of client requests processed
ACCG.other.total.client_req_hdrbytes                             0         0.00 Client request header bytes total
ACCG.other.total.client_req_bodybytes                             0         0.00 Client request body bytes total
ACCG.other.sub.client_req_count                             0         0.00 Total number of client requests processed
ACCG.other.sub.client_req_hdrbytes                             0         0.00 Client request header bytes total
ACCG.other.sub.client_req_bodybytes                             0         0.00 Client request body bytes total
ACCG.private.oci.client_req_count                         18897         0.01 Total number of client requests processed
ACCG.private.oci.client_req_hdrbytes                       3755492         2.40 Client request header bytes total
ACCG.private.oci.client_req_bodybytes                             0         0.00 Client request body bytes total
--- 13:39:50 ---
MAIN.client_req_400                             0         0.00 Client requests received, subject to 400 errors
MAIN.client_req_417                             0         0.00 Client requests received, subject to 417 errors
MAIN.client_req                         18897         0.01 Good client requests received
MAIN.threads_limited                             0         0.00 Threads hit max
MAIN.threads_created                          1201         0.00 Threads created
MAIN.threads_destroyed                          1001         0.00 Threads destroyed
MAIN.thread_queue_len                             0          .   Length of session queue
MAIN.busy_sleep                           354         0.00 Number of requests sent to sleep on busy objhdr
MAIN.busy_wakeup                           354         0.00 Number of requests woken after sleep on busy objhdr
MAIN.sess_queued                           311         0.00 Sessions queued for thread
MAIN.sess_dropped                             0         0.00 Sessions dropped for thread
ACCG.std.total.client_req_count                         18897         0.01 Total number of client requests processed
ACCG.std.total.client_req_hdrbytes                       3755492         2.40 Client request header bytes total
ACCG.std.total.client_req_bodybytes                             0         0.00 Client request body bytes total
ACCG.std.sub.client_req_count                             0         0.00 Total number of client requests processed
ACCG.std.sub.client_req_hdrbytes                             0         0.00 Client request header bytes total
ACCG.std.sub.client_req_bodybytes                             0         0.00 Client request body bytes total
ACCG.private.total.client_req_count                         18897         0.01 Total number of client requests processed
ACCG.private.total.client_req_hdrbytes                       3755492         2.40 Client request header bytes total
ACCG.private.total.client_req_bodybytes                             0         0.00 Client request body bytes total
ACCG.private.sub.client_req_count                             0         0.00 Total number of client requests processed
ACCG.private.sub.client_req_hdrbytes                             0         0.00 Client request header bytes total
ACCG.private.sub.client_req_bodybytes                             0         0.00 Client request body bytes total
ACCG.other.total.client_req_count                             0         0.00 Total number of client requests processed
ACCG.other.total.client_req_hdrbytes                             0         0.00 Client request header bytes total
ACCG.other.total.client_req_bodybytes                             0         0.00 Client request body bytes total
ACCG.other.sub.client_req_count                             0         0.00 Total number of client requests processed
ACCG.other.sub.client_req_hdrbytes                             0         0.00 Client request header bytes total
ACCG.other.sub.client_req_bodybytes                             0         0.00 Client request body bytes total
ACCG.private.oci.client_req_count                         18897         0.01 Total number of client requests processed
ACCG.private.oci.client_req_hdrbytes                       3755492         2.40 Client request header bytes total
ACCG.private.oci.client_req_bodybytes                             0         0.00 Client request body bytes total
--- 13:39:51 ---
MAIN.client_req_400                             0         0.00 Client requests received, subject to 400 errors
MAIN.client_req_417                             0         0.00 Client requests received, subject to 417 errors
MAIN.client_req                         18897         0.01 Good client requests received
MAIN.threads_limited                             0         0.00 Threads hit max
MAIN.threads_created                          1201         0.00 Threads created
MAIN.threads_destroyed                          1001         0.00 Threads destroyed
MAIN.thread_queue_len                             0          .   Length of session queue
MAIN.busy_sleep                           354         0.00 Number of requests sent to sleep on busy objhdr
MAIN.busy_wakeup                           354         0.00 Number of requests woken after sleep on busy objhdr
MAIN.sess_queued                           311         0.00 Sessions queued for thread
MAIN.sess_dropped                             0         0.00 Sessions dropped for thread
ACCG.std.total.client_req_count                         18897         0.01 Total number of client requests processed
ACCG.std.total.client_req_hdrbytes                       3755492         2.40 Client request header bytes total
ACCG.std.total.client_req_bodybytes                             0         0.00 Client request body bytes total
ACCG.std.sub.client_req_count                             0         0.00 Total number of client requests processed
ACCG.std.sub.client_req_hdrbytes                             0         0.00 Client request header bytes total
ACCG.std.sub.client_req_bodybytes                             0         0.00 Client request body bytes total
ACCG.private.total.client_req_count                         18897         0.01 Total number of client requests processed
ACCG.private.total.client_req_hdrbytes                       3755492         2.40 Client request header bytes total
ACCG.private.total.client_req_bodybytes                             0         0.00 Client request body bytes total
ACCG.private.sub.client_req_count                             0         0.00 Total number of client requests processed
ACCG.private.sub.client_req_hdrbytes                             0         0.00 Client request header bytes total
ACCG.private.sub.client_req_bodybytes                             0         0.00 Client request body bytes total
ACCG.other.total.client_req_count                             0         0.00 Total number of client requests processed
ACCG.other.total.client_req_hdrbytes                             0         0.00 Client request header bytes total
ACCG.other.total.client_req_bodybytes                             0         0.00 Client request body bytes total
ACCG.other.sub.client_req_count                             0         0.00 Total number of client requests processed
ACCG.other.sub.client_req_hdrbytes                             0         0.00 Client request header bytes total
ACCG.other.sub.client_req_bodybytes                             0         0.00 Client request body bytes total
ACCG.private.oci.client_req_count                         18897         0.01 Total number of client requests processed
ACCG.private.oci.client_req_hdrbytes                       3755492         2.40 Client request header bytes total
ACCG.private.oci.client_req_bodybytes                             0         0.00 Client request body bytes total
--- 13:39:52 ---
MAIN.client_req_400                             0         0.00 Client requests received, subject to 400 errors
MAIN.client_req_417                             0         0.00 Client requests received, subject to 417 errors
MAIN.client_req                         18897         0.01 Good client requests received
MAIN.threads_limited                             0         0.00 Threads hit max
MAIN.threads_created                          1201         0.00 Threads created
MAIN.threads_destroyed                          1001         0.00 Threads destroyed
MAIN.thread_queue_len                             0          .   Length of session queue
MAIN.busy_sleep                           354         0.00 Number of requests sent to sleep on busy objhdr
MAIN.busy_wakeup                           354         0.00 Number of requests woken after sleep on busy objhdr
MAIN.sess_queued                           311         0.00 Sessions queued for thread
MAIN.sess_dropped                             0         0.00 Sessions dropped for thread
ACCG.std.total.client_req_count                         18897         0.01 Total number of client requests processed
ACCG.std.total.client_req_hdrbytes                       3755492         2.40 Client request header bytes total
ACCG.std.total.client_req_bodybytes                             0         0.00 Client request body bytes total
ACCG.std.sub.client_req_count                             0         0.00 Total number of client requests processed
ACCG.std.sub.client_req_hdrbytes                             0         0.00 Client request header bytes total
ACCG.std.sub.client_req_bodybytes                             0         0.00 Client request body bytes total
ACCG.private.total.client_req_count                         18897         0.01 Total number of client requests processed
ACCG.private.total.client_req_hdrbytes                       3755492         2.40 Client request header bytes total
ACCG.private.total.client_req_bodybytes                             0         0.00 Client request body bytes total
ACCG.private.sub.client_req_count                             0         0.00 Total number of client requests processed
ACCG.private.sub.client_req_hdrbytes                             0         0.00 Client request header bytes total
ACCG.private.sub.client_req_bodybytes                             0         0.00 Client request body bytes total
ACCG.other.total.client_req_count                             0         0.00 Total number of client requests processed
ACCG.other.total.client_req_hdrbytes                             0         0.00 Client request header bytes total
ACCG.other.total.client_req_bodybytes                             0         0.00 Client request body bytes total
ACCG.other.sub.client_req_count                             0         0.00 Total number of client requests processed
ACCG.other.sub.client_req_hdrbytes                             0         0.00 Client request header bytes total
ACCG.other.sub.client_req_bodybytes                             0         0.00 Client request body bytes total
ACCG.private.oci.client_req_count                         18897         0.01 Total number of client requests processed
ACCG.private.oci.client_req_hdrbytes                       3755492         2.40 Client request header bytes total
ACCG.private.oci.client_req_bodybytes                             0         0.00 Client request body bytes total
--- 13:39:53 ---
MAIN.client_req_400                             0         0.00 Client requests received, subject to 400 errors
MAIN.client_req_417                             0         0.00 Client requests received, subject to 417 errors
MAIN.client_req                         18897         0.01 Good client requests received
MAIN.threads_limited                             0         0.00 Threads hit max
MAIN.threads_created                          1201         0.00 Threads created
MAIN.threads_destroyed                          1001         0.00 Threads destroyed
MAIN.thread_queue_len                             0          .   Length of session queue
MAIN.busy_sleep                           354         0.00 Number of requests sent to sleep on busy objhdr
MAIN.busy_wakeup                           354         0.00 Number of requests woken after sleep on busy objhdr
MAIN.sess_queued                           311         0.00 Sessions queued for thread
MAIN.sess_dropped                             0         0.00 Sessions dropped for thread
ACCG.std.total.client_req_count                         18897         0.01 Total number of client requests processed
ACCG.std.total.client_req_hdrbytes                       3755492         2.40 Client request header bytes total
ACCG.std.total.client_req_bodybytes                             0         0.00 Client request body bytes total
ACCG.std.sub.client_req_count                             0         0.00 Total number of client requests processed
ACCG.std.sub.client_req_hdrbytes                             0         0.00 Client request header bytes total
ACCG.std.sub.client_req_bodybytes                             0         0.00 Client request body bytes total
ACCG.private.total.client_req_count                         18897         0.01 Total number of client requests processed
ACCG.private.total.client_req_hdrbytes                       3755492         2.40 Client request header bytes total
ACCG.private.total.client_req_bodybytes                             0         0.00 Client request body bytes total
ACCG.private.sub.client_req_count                             0         0.00 Total number of client requests processed
ACCG.private.sub.client_req_hdrbytes                             0         0.00 Client request header bytes total
ACCG.private.sub.client_req_bodybytes                             0         0.00 Client request body bytes total
ACCG.other.total.client_req_count                             0         0.00 Total number of client requests processed
ACCG.other.total.client_req_hdrbytes                             0         0.00 Client request header bytes total
ACCG.other.total.client_req_bodybytes                             0         0.00 Client request body bytes total
ACCG.other.sub.client_req_count                             0         0.00 Total number of client requests processed
ACCG.other.sub.client_req_hdrbytes                             0         0.00 Client request header bytes total
ACCG.other.sub.client_req_bodybytes                             0         0.00 Client request body bytes total
ACCG.private.oci.client_req_count                         18897         0.01 Total number of client requests processed
ACCG.private.oci.client_req_hdrbytes                       3755492         2.40 Client request header bytes total
ACCG.private.oci.client_req_bodybytes                             0         0.00 Client request body bytes total
--- 13:39:54 ---
MAIN.client_req_400                             0         0.00 Client requests received, subject to 400 errors
MAIN.client_req_417                             0         0.00 Client requests received, subject to 417 errors
MAIN.client_req                         18897         0.01 Good client requests received
MAIN.threads_limited                             0         0.00 Threads hit max
MAIN.threads_created                          1201         0.00 Threads created
MAIN.threads_destroyed                          1001         0.00 Threads destroyed
MAIN.thread_queue_len                             0          .   Length of session queue
MAIN.busy_sleep                           354         0.00 Number of requests sent to sleep on busy objhdr
MAIN.busy_wakeup                           354         0.00 Number of requests woken after sleep on busy objhdr
MAIN.sess_queued                           311         0.00 Sessions queued for thread
MAIN.sess_dropped                             0         0.00 Sessions dropped for thread
ACCG.std.total.client_req_count                         18897         0.01 Total number of client requests processed
ACCG.std.total.client_req_hdrbytes                       3755492         2.40 Client request header bytes total
ACCG.std.total.client_req_bodybytes                             0         0.00 Client request body bytes total
ACCG.std.sub.client_req_count                             0         0.00 Total number of client requests processed
ACCG.std.sub.client_req_hdrbytes                             0         0.00 Client request header bytes total
ACCG.std.sub.client_req_bodybytes                             0         0.00 Client request body bytes total
ACCG.private.total.client_req_count                         18897         0.01 Total number of client requests processed
ACCG.private.total.client_req_hdrbytes                       3755492         2.40 Client request header bytes total
ACCG.private.total.client_req_bodybytes                             0         0.00 Client request body bytes total
ACCG.private.sub.client_req_count                             0         0.00 Total number of client requests processed
ACCG.private.sub.client_req_hdrbytes                             0         0.00 Client request header bytes total
ACCG.private.sub.client_req_bodybytes                             0         0.00 Client request body bytes total
ACCG.other.total.client_req_count                             0         0.00 Total number of client requests processed
ACCG.other.total.client_req_hdrbytes                             0         0.00 Client request header bytes total
ACCG.other.total.client_req_bodybytes                             0         0.00 Client request body bytes total
ACCG.other.sub.client_req_count                             0         0.00 Total number of client requests processed
ACCG.other.sub.client_req_hdrbytes                             0         0.00 Client request header bytes total
ACCG.other.sub.client_req_bodybytes                             0         0.00 Client request body bytes total
ACCG.private.oci.client_req_count                         18897         0.01 Total number of client requests processed
ACCG.private.oci.client_req_hdrbytes                       3755492         2.40 Client request header bytes total
ACCG.private.oci.client_req_bodybytes                             0         0.00 Client request body bytes total
--- 13:39:55 ---
MAIN.client_req_400                             0         0.00 Client requests received, subject to 400 errors
MAIN.client_req_417                             0         0.00 Client requests received, subject to 417 errors
MAIN.client_req                         18897         0.01 Good client requests received
MAIN.threads_limited                             0         0.00 Threads hit max
MAIN.threads_created                          1201         0.00 Threads created
MAIN.threads_destroyed                          1001         0.00 Threads destroyed
MAIN.thread_queue_len                             0          .   Length of session queue
MAIN.busy_sleep                           354         0.00 Number of requests sent to sleep on busy objhdr
MAIN.busy_wakeup                           354         0.00 Number of requests woken after sleep on busy objhdr
MAIN.sess_queued                           311         0.00 Sessions queued for thread
MAIN.sess_dropped                             0         0.00 Sessions dropped for thread
ACCG.std.total.client_req_count                         18897         0.01 Total number of client requests processed
ACCG.std.total.client_req_hdrbytes                       3755492         2.40 Client request header bytes total
ACCG.std.total.client_req_bodybytes                             0         0.00 Client request body bytes total
ACCG.std.sub.client_req_count                             0         0.00 Total number of client requests processed
ACCG.std.sub.client_req_hdrbytes                             0         0.00 Client request header bytes total
ACCG.std.sub.client_req_bodybytes                             0         0.00 Client request body bytes total
ACCG.private.total.client_req_count                         18897         0.01 Total number of client requests processed
ACCG.private.total.client_req_hdrbytes                       3755492         2.40 Client request header bytes total
ACCG.private.total.client_req_bodybytes                             0         0.00 Client request body bytes total
ACCG.private.sub.client_req_count                             0         0.00 Total number of client requests processed
ACCG.private.sub.client_req_hdrbytes                             0         0.00 Client request header bytes total
ACCG.private.sub.client_req_bodybytes                             0         0.00 Client request body bytes total
ACCG.other.total.client_req_count                             0         0.00 Total number of client requests processed
ACCG.other.total.client_req_hdrbytes                             0         0.00 Client request header bytes total
ACCG.other.total.client_req_bodybytes                             0         0.00 Client request body bytes total
ACCG.other.sub.client_req_count                             0         0.00 Total number of client requests processed
ACCG.other.sub.client_req_hdrbytes                             0         0.00 Client request header bytes total
ACCG.other.sub.client_req_bodybytes                             0         0.00 Client request body bytes total
ACCG.private.oci.client_req_count                         18897         0.01 Total number of client requests processed
ACCG.private.oci.client_req_hdrbytes                       3755492         2.40 Client request header bytes total
ACCG.private.oci.client_req_bodybytes                             0         0.00 Client request body bytes total
--- 13:39:56 ---
MAIN.client_req_400                             0         0.00 Client requests received, subject to 400 errors
MAIN.client_req_417                             0         0.00 Client requests received, subject to 417 errors
MAIN.client_req                         18897         0.01 Good client requests received
MAIN.threads_limited                             0         0.00 Threads hit max
MAIN.threads_created                          1201         0.00 Threads created
MAIN.threads_destroyed                          1001         0.00 Threads destroyed
MAIN.thread_queue_len                             0          .   Length of session queue
MAIN.busy_sleep                           354         0.00 Number of requests sent to sleep on busy objhdr
MAIN.busy_wakeup                           354         0.00 Number of requests woken after sleep on busy objhdr
MAIN.sess_queued                           311         0.00 Sessions queued for thread
MAIN.sess_dropped                             0         0.00 Sessions dropped for thread
ACCG.std.total.client_req_count                         18897         0.01 Total number of client requests processed
ACCG.std.total.client_req_hdrbytes                       3755492         2.40 Client request header bytes total
ACCG.std.total.client_req_bodybytes                             0         0.00 Client request body bytes total
ACCG.std.sub.client_req_count                             0         0.00 Total number of client requests processed
ACCG.std.sub.client_req_hdrbytes                             0         0.00 Client request header bytes total
ACCG.std.sub.client_req_bodybytes                             0         0.00 Client request body bytes total
ACCG.private.total.client_req_count                         18897         0.01 Total number of client requests processed
ACCG.private.total.client_req_hdrbytes                       3755492         2.40 Client request header bytes total
ACCG.private.total.client_req_bodybytes                             0         0.00 Client request body bytes total
ACCG.private.sub.client_req_count                             0         0.00 Total number of client requests processed
ACCG.private.sub.client_req_hdrbytes                             0         0.00 Client request header bytes total
ACCG.private.sub.client_req_bodybytes                             0         0.00 Client request body bytes total
ACCG.other.total.client_req_count                             0         0.00 Total number of client requests processed
ACCG.other.total.client_req_hdrbytes                             0         0.00 Client request header bytes total
ACCG.other.total.client_req_bodybytes                             0         0.00 Client request body bytes total
ACCG.other.sub.client_req_count                             0         0.00 Total number of client requests processed
ACCG.other.sub.client_req_hdrbytes                             0         0.00 Client request header bytes total
ACCG.other.sub.client_req_bodybytes                             0         0.00 Client request body bytes total
ACCG.private.oci.client_req_count                         18897         0.01 Total number of client requests processed
ACCG.private.oci.client_req_hdrbytes                       3755492         2.40 Client request header bytes total
ACCG.private.oci.client_req_bodybytes                             0         0.00 Client request body bytes total
--- 13:39:58 ---
MAIN.client_req_400                             0         0.00 Client requests received, subject to 400 errors
MAIN.client_req_417                             0         0.00 Client requests received, subject to 417 errors
MAIN.client_req                         18897         0.01 Good client requests received
MAIN.threads_limited                             0         0.00 Threads hit max
MAIN.threads_created                          1201         0.00 Threads created
MAIN.threads_destroyed                          1001         0.00 Threads destroyed
MAIN.thread_queue_len                             0          .   Length of session queue
MAIN.busy_sleep                           354         0.00 Number of requests sent to sleep on busy objhdr
MAIN.busy_wakeup                           354         0.00 Number of requests woken after sleep on busy objhdr
MAIN.sess_queued                           311         0.00 Sessions queued for thread
MAIN.sess_dropped                             0         0.00 Sessions dropped for thread
ACCG.std.total.client_req_count                         18897         0.01 Total number of client requests processed
ACCG.std.total.client_req_hdrbytes                       3755492         2.40 Client request header bytes total
ACCG.std.total.client_req_bodybytes                             0         0.00 Client request body bytes total
ACCG.std.sub.client_req_count                             0         0.00 Total number of client requests processed
ACCG.std.sub.client_req_hdrbytes                             0         0.00 Client request header bytes total
ACCG.std.sub.client_req_bodybytes                             0         0.00 Client request body bytes total
ACCG.private.total.client_req_count                         18897         0.01 Total number of client requests processed
ACCG.private.total.client_req_hdrbytes                       3755492         2.40 Client request header bytes total
ACCG.private.total.client_req_bodybytes                             0         0.00 Client request body bytes total
ACCG.private.sub.client_req_count                             0         0.00 Total number of client requests processed
ACCG.private.sub.client_req_hdrbytes                             0         0.00 Client request header bytes total
ACCG.private.sub.client_req_bodybytes                             0         0.00 Client request body bytes total
ACCG.other.total.client_req_count                             0         0.00 Total number of client requests processed
ACCG.other.total.client_req_hdrbytes                             0         0.00 Client request header bytes total
ACCG.other.total.client_req_bodybytes                             0         0.00 Client request body bytes total
ACCG.other.sub.client_req_count                             0         0.00 Total number of client requests processed
ACCG.other.sub.client_req_hdrbytes                             0         0.00 Client request header bytes total
ACCG.other.sub.client_req_bodybytes                             0         0.00 Client request body bytes total
ACCG.private.oci.client_req_count                         18897         0.01 Total number of client requests processed
ACCG.private.oci.client_req_hdrbytes                       3755492         2.40 Client request header bytes total
ACCG.private.oci.client_req_bodybytes                             0         0.00 Client request body bytes total
--- 13:39:59 ---
MAIN.client_req_400                             0         0.00 Client requests received, subject to 400 errors
MAIN.client_req_417                             0         0.00 Client requests received, subject to 417 errors
MAIN.client_req                         18897         0.01 Good client requests received
MAIN.threads_limited                             0         0.00 Threads hit max
MAIN.threads_created                          1201         0.00 Threads created
MAIN.threads_destroyed                          1001         0.00 Threads destroyed
MAIN.thread_queue_len                             0          .   Length of session queue
MAIN.busy_sleep                           354         0.00 Number of requests sent to sleep on busy objhdr
MAIN.busy_wakeup                           354         0.00 Number of requests woken after sleep on busy objhdr
MAIN.sess_queued                           311         0.00 Sessions queued for thread
MAIN.sess_dropped                             0         0.00 Sessions dropped for thread
ACCG.std.total.client_req_count                         18897         0.01 Total number of client requests processed
ACCG.std.total.client_req_hdrbytes                       3755492         2.40 Client request header bytes total
ACCG.std.total.client_req_bodybytes                             0         0.00 Client request body bytes total
ACCG.std.sub.client_req_count                             0         0.00 Total number of client requests processed
ACCG.std.sub.client_req_hdrbytes                             0         0.00 Client request header bytes total
ACCG.std.sub.client_req_bodybytes                             0         0.00 Client request body bytes total
ACCG.private.total.client_req_count                         18897         0.01 Total number of client requests processed
ACCG.private.total.client_req_hdrbytes                       3755492         2.40 Client request header bytes total
ACCG.private.total.client_req_bodybytes                             0         0.00 Client request body bytes total
ACCG.private.sub.client_req_count                             0         0.00 Total number of client requests processed
ACCG.private.sub.client_req_hdrbytes                             0         0.00 Client request header bytes total
ACCG.private.sub.client_req_bodybytes                             0         0.00 Client request body bytes total
ACCG.other.total.client_req_count                             0         0.00 Total number of client requests processed
ACCG.other.total.client_req_hdrbytes                             0         0.00 Client request header bytes total
ACCG.other.total.client_req_bodybytes                             0         0.00 Client request body bytes total
ACCG.other.sub.client_req_count                             0         0.00 Total number of client requests processed
ACCG.other.sub.client_req_hdrbytes                             0         0.00 Client request header bytes total
ACCG.other.sub.client_req_bodybytes                             0         0.00 Client request body bytes total
ACCG.private.oci.client_req_count                         18897         0.01 Total number of client requests processed
ACCG.private.oci.client_req_hdrbytes                       3755492         2.40 Client request header bytes total
ACCG.private.oci.client_req_bodybytes                             0         0.00 Client request body bytes total
--- 13:40:00 ---
MAIN.client_req_400                             0         0.00 Client requests received, subject to 400 errors
MAIN.client_req_417                             0         0.00 Client requests received, subject to 417 errors
MAIN.client_req                         18897         0.01 Good client requests received
MAIN.threads_limited                             0         0.00 Threads hit max
MAIN.threads_created                          1201         0.00 Threads created
MAIN.threads_destroyed                          1001         0.00 Threads destroyed
MAIN.thread_queue_len                             0          .   Length of session queue
MAIN.busy_sleep                           354         0.00 Number of requests sent to sleep on busy objhdr
MAIN.busy_wakeup                           354         0.00 Number of requests woken after sleep on busy objhdr
MAIN.sess_queued                           311         0.00 Sessions queued for thread
MAIN.sess_dropped                             0         0.00 Sessions dropped for thread
ACCG.std.total.client_req_count                         18897         0.01 Total number of client requests processed
ACCG.std.total.client_req_hdrbytes                       3755492         2.40 Client request header bytes total
ACCG.std.total.client_req_bodybytes                             0         0.00 Client request body bytes total
ACCG.std.sub.client_req_count                             0         0.00 Total number of client requests processed
ACCG.std.sub.client_req_hdrbytes                             0         0.00 Client request header bytes total
ACCG.std.sub.client_req_bodybytes                             0         0.00 Client request body bytes total
ACCG.private.total.client_req_count                         18897         0.01 Total number of client requests processed
ACCG.private.total.client_req_hdrbytes                       3755492         2.40 Client request header bytes total
ACCG.private.total.client_req_bodybytes                             0         0.00 Client request body bytes total
ACCG.private.sub.client_req_count                             0         0.00 Total number of client requests processed
ACCG.private.sub.client_req_hdrbytes                             0         0.00 Client request header bytes total
ACCG.private.sub.client_req_bodybytes                             0         0.00 Client request body bytes total
ACCG.other.total.client_req_count                             0         0.00 Total number of client requests processed
ACCG.other.total.client_req_hdrbytes                             0         0.00 Client request header bytes total
ACCG.other.total.client_req_bodybytes                             0         0.00 Client request body bytes total
ACCG.other.sub.client_req_count                             0         0.00 Total number of client requests processed
ACCG.other.sub.client_req_hdrbytes                             0         0.00 Client request header bytes total
ACCG.other.sub.client_req_bodybytes                             0         0.00 Client request body bytes total
ACCG.private.oci.client_req_count                         18897         0.01 Total number of client requests processed
ACCG.private.oci.client_req_hdrbytes                       3755492         2.40 Client request header bytes total
ACCG.private.oci.client_req_bodybytes                             0         0.00 Client request body bytes total
--- 13:40:01 ---
MAIN.client_req_400                             0         0.00 Client requests received, subject to 400 errors
MAIN.client_req_417                             0         0.00 Client requests received, subject to 417 errors
MAIN.client_req                         18897         0.01 Good client requests received
MAIN.threads_limited                             0         0.00 Threads hit max
MAIN.threads_created                          1201         0.00 Threads created
MAIN.threads_destroyed                          1001         0.00 Threads destroyed
MAIN.thread_queue_len                             0          .   Length of session queue
MAIN.busy_sleep                           354         0.00 Number of requests sent to sleep on busy objhdr
MAIN.busy_wakeup                           354         0.00 Number of requests woken after sleep on busy objhdr
MAIN.sess_queued                           311         0.00 Sessions queued for thread
MAIN.sess_dropped                             0         0.00 Sessions dropped for thread
ACCG.std.total.client_req_count                         18897         0.01 Total number of client requests processed
ACCG.std.total.client_req_hdrbytes                       3755492         2.40 Client request header bytes total
ACCG.std.total.client_req_bodybytes                             0         0.00 Client request body bytes total
ACCG.std.sub.client_req_count                             0         0.00 Total number of client requests processed
ACCG.std.sub.client_req_hdrbytes                             0         0.00 Client request header bytes total
ACCG.std.sub.client_req_bodybytes                             0         0.00 Client request body bytes total
ACCG.private.total.client_req_count                         18897         0.01 Total number of client requests processed
ACCG.private.total.client_req_hdrbytes                       3755492         2.40 Client request header bytes total
ACCG.private.total.client_req_bodybytes                             0         0.00 Client request body bytes total
ACCG.private.sub.client_req_count                             0         0.00 Total number of client requests processed
ACCG.private.sub.client_req_hdrbytes                             0         0.00 Client request header bytes total
ACCG.private.sub.client_req_bodybytes                             0         0.00 Client request body bytes total
ACCG.other.total.client_req_count                             0         0.00 Total number of client requests processed
ACCG.other.total.client_req_hdrbytes                             0         0.00 Client request header bytes total
ACCG.other.total.client_req_bodybytes                             0         0.00 Client request body bytes total
ACCG.other.sub.client_req_count                             0         0.00 Total number of client requests processed
ACCG.other.sub.client_req_hdrbytes                             0         0.00 Client request header bytes total
ACCG.other.sub.client_req_bodybytes                             0         0.00 Client request body bytes total
ACCG.private.oci.client_req_count                         18897         0.01 Total number of client requests processed
ACCG.private.oci.client_req_hdrbytes                       3755492         2.40 Client request header bytes total
ACCG.private.oci.client_req_bodybytes                             0         0.00 Client request body bytes total
--- 13:40:02 ---
MAIN.client_req_400                             0         0.00 Client requests received, subject to 400 errors
MAIN.client_req_417                             0         0.00 Client requests received, subject to 417 errors
MAIN.client_req                         18897         0.01 Good client requests received
MAIN.threads_limited                             0         0.00 Threads hit max
MAIN.threads_created                          1201         0.00 Threads created
MAIN.threads_destroyed                          1001         0.00 Threads destroyed
MAIN.thread_queue_len                             0          .   Length of session queue
MAIN.busy_sleep                           354         0.00 Number of requests sent to sleep on busy objhdr
MAIN.busy_wakeup                           354         0.00 Number of requests woken after sleep on busy objhdr
MAIN.sess_queued                           311         0.00 Sessions queued for thread
MAIN.sess_dropped                             0         0.00 Sessions dropped for thread
ACCG.std.total.client_req_count                         18897         0.01 Total number of client requests processed
ACCG.std.total.client_req_hdrbytes                       3755492         2.40 Client request header bytes total
ACCG.std.total.client_req_bodybytes                             0         0.00 Client request body bytes total
ACCG.std.sub.client_req_count                             0         0.00 Total number of client requests processed
ACCG.std.sub.client_req_hdrbytes                             0         0.00 Client request header bytes total
ACCG.std.sub.client_req_bodybytes                             0         0.00 Client request body bytes total
ACCG.private.total.client_req_count                         18897         0.01 Total number of client requests processed
ACCG.private.total.client_req_hdrbytes                       3755492         2.40 Client request header bytes total
ACCG.private.total.client_req_bodybytes                             0         0.00 Client request body bytes total
ACCG.private.sub.client_req_count                             0         0.00 Total number of client requests processed
ACCG.private.sub.client_req_hdrbytes                             0         0.00 Client request header bytes total
ACCG.private.sub.client_req_bodybytes                             0         0.00 Client request body bytes total
ACCG.other.total.client_req_count                             0         0.00 Total number of client requests processed
ACCG.other.total.client_req_hdrbytes                             0         0.00 Client request header bytes total
ACCG.other.total.client_req_bodybytes                             0         0.00 Client request body bytes total
ACCG.other.sub.client_req_count                             0         0.00 Total number of client requests processed
ACCG.other.sub.client_req_hdrbytes                             0         0.00 Client request header bytes total
ACCG.other.sub.client_req_bodybytes                             0         0.00 Client request body bytes total
ACCG.private.oci.client_req_count                         18897         0.01 Total number of client requests processed
ACCG.private.oci.client_req_hdrbytes                       3755492         2.40 Client request header bytes total
ACCG.private.oci.client_req_bodybytes                             0         0.00 Client request body bytes total
--- 13:40:03 ---
MAIN.client_req_400                             0         0.00 Client requests received, subject to 400 errors
MAIN.client_req_417                             0         0.00 Client requests received, subject to 417 errors
MAIN.client_req                         18897         0.01 Good client requests received
MAIN.threads_limited                             0         0.00 Threads hit max
MAIN.threads_created                          1201         0.00 Threads created
MAIN.threads_destroyed                          1001         0.00 Threads destroyed
MAIN.thread_queue_len                             0          .   Length of session queue
MAIN.busy_sleep                           354         0.00 Number of requests sent to sleep on busy objhdr
MAIN.busy_wakeup                           354         0.00 Number of requests woken after sleep on busy objhdr
MAIN.sess_queued                           311         0.00 Sessions queued for thread
MAIN.sess_dropped                             0         0.00 Sessions dropped for thread
ACCG.std.total.client_req_count                         18897         0.01 Total number of client requests processed
ACCG.std.total.client_req_hdrbytes                       3755492         2.40 Client request header bytes total
ACCG.std.total.client_req_bodybytes                             0         0.00 Client request body bytes total
ACCG.std.sub.client_req_count                             0         0.00 Total number of client requests processed
ACCG.std.sub.client_req_hdrbytes                             0         0.00 Client request header bytes total
ACCG.std.sub.client_req_bodybytes                             0         0.00 Client request body bytes total
ACCG.private.total.client_req_count                         18897         0.01 Total number of client requests processed
ACCG.private.total.client_req_hdrbytes                       3755492         2.40 Client request header bytes total
ACCG.private.total.client_req_bodybytes                             0         0.00 Client request body bytes total
ACCG.private.sub.client_req_count                             0         0.00 Total number of client requests processed
ACCG.private.sub.client_req_hdrbytes                             0         0.00 Client request header bytes total
ACCG.private.sub.client_req_bodybytes                             0         0.00 Client request body bytes total
ACCG.other.total.client_req_count                             0         0.00 Total number of client requests processed
ACCG.other.total.client_req_hdrbytes                             0         0.00 Client request header bytes total
ACCG.other.total.client_req_bodybytes                             0         0.00 Client request body bytes total
ACCG.other.sub.client_req_count                             0         0.00 Total number of client requests processed
ACCG.other.sub.client_req_hdrbytes                             0         0.00 Client request header bytes total
ACCG.other.sub.client_req_bodybytes                             0         0.00 Client request body bytes total
ACCG.private.oci.client_req_count                         18897         0.01 Total number of client requests processed
ACCG.private.oci.client_req_hdrbytes                       3755492         2.40 Client request header bytes total
ACCG.private.oci.client_req_bodybytes                             0         0.00 Client request body bytes total
--- 13:40:04 ---
MAIN.client_req_400                             0         0.00 Client requests received, subject to 400 errors
MAIN.client_req_417                             0         0.00 Client requests received, subject to 417 errors
MAIN.client_req                         18897         0.01 Good client requests received
MAIN.threads_limited                             0         0.00 Threads hit max
MAIN.threads_created                          1201         0.00 Threads created
MAIN.threads_destroyed                          1001         0.00 Threads destroyed
MAIN.thread_queue_len                             0          .   Length of session queue
MAIN.busy_sleep                           354         0.00 Number of requests sent to sleep on busy objhdr
MAIN.busy_wakeup                           354         0.00 Number of requests woken after sleep on busy objhdr
MAIN.sess_queued                           311         0.00 Sessions queued for thread
MAIN.sess_dropped                             0         0.00 Sessions dropped for thread
ACCG.std.total.client_req_count                         18897         0.01 Total number of client requests processed
ACCG.std.total.client_req_hdrbytes                       3755492         2.40 Client request header bytes total
ACCG.std.total.client_req_bodybytes                             0         0.00 Client request body bytes total
ACCG.std.sub.client_req_count                             0         0.00 Total number of client requests processed
ACCG.std.sub.client_req_hdrbytes                             0         0.00 Client request header bytes total
ACCG.std.sub.client_req_bodybytes                             0         0.00 Client request body bytes total
ACCG.private.total.client_req_count                         18897         0.01 Total number of client requests processed
ACCG.private.total.client_req_hdrbytes                       3755492         2.40 Client request header bytes total
ACCG.private.total.client_req_bodybytes                             0         0.00 Client request body bytes total
ACCG.private.sub.client_req_count                             0         0.00 Total number of client requests processed
ACCG.private.sub.client_req_hdrbytes                             0         0.00 Client request header bytes total
ACCG.private.sub.client_req_bodybytes                             0         0.00 Client request body bytes total
ACCG.other.total.client_req_count                             0         0.00 Total number of client requests processed
ACCG.other.total.client_req_hdrbytes                             0         0.00 Client request header bytes total
ACCG.other.total.client_req_bodybytes                             0         0.00 Client request body bytes total
ACCG.other.sub.client_req_count                             0         0.00 Total number of client requests processed
ACCG.other.sub.client_req_hdrbytes                             0         0.00 Client request header bytes total
ACCG.other.sub.client_req_bodybytes                             0         0.00 Client request body bytes total
ACCG.private.oci.client_req_count                         18897         0.01 Total number of client requests processed
ACCG.private.oci.client_req_hdrbytes                       3755492         2.40 Client request header bytes total
ACCG.private.oci.client_req_bodybytes                             0         0.00 Client request body bytes total
--- 13:40:05 ---
MAIN.client_req_400                             0         0.00 Client requests received, subject to 400 errors
MAIN.client_req_417                             0         0.00 Client requests received, subject to 417 errors
MAIN.client_req                         18897         0.01 Good client requests received
MAIN.threads_limited                             0         0.00 Threads hit max
MAIN.threads_created                          1201         0.00 Threads created
MAIN.threads_destroyed                          1001         0.00 Threads destroyed
MAIN.thread_queue_len                             0          .   Length of session queue
MAIN.busy_sleep                           354         0.00 Number of requests sent to sleep on busy objhdr
MAIN.busy_wakeup                           354         0.00 Number of requests woken after sleep on busy objhdr
MAIN.sess_queued                           311         0.00 Sessions queued for thread
MAIN.sess_dropped                             0         0.00 Sessions dropped for thread
ACCG.std.total.client_req_count                         18897         0.01 Total number of client requests processed
ACCG.std.total.client_req_hdrbytes                       3755492         2.40 Client request header bytes total
ACCG.std.total.client_req_bodybytes                             0         0.00 Client request body bytes total
ACCG.std.sub.client_req_count                             0         0.00 Total number of client requests processed
ACCG.std.sub.client_req_hdrbytes                             0         0.00 Client request header bytes total
ACCG.std.sub.client_req_bodybytes                             0         0.00 Client request body bytes total
ACCG.private.total.client_req_count                         18897         0.01 Total number of client requests processed
ACCG.private.total.client_req_hdrbytes                       3755492         2.40 Client request header bytes total
ACCG.private.total.client_req_bodybytes                             0         0.00 Client request body bytes total
ACCG.private.sub.client_req_count                             0         0.00 Total number of client requests processed
ACCG.private.sub.client_req_hdrbytes                             0         0.00 Client request header bytes total
ACCG.private.sub.client_req_bodybytes                             0         0.00 Client request body bytes total
ACCG.other.total.client_req_count                             0         0.00 Total number of client requests processed
ACCG.other.total.client_req_hdrbytes                             0         0.00 Client request header bytes total
ACCG.other.total.client_req_bodybytes                             0         0.00 Client request body bytes total
ACCG.other.sub.client_req_count                             0         0.00 Total number of client requests processed
ACCG.other.sub.client_req_hdrbytes                             0         0.00 Client request header bytes total
ACCG.other.sub.client_req_bodybytes                             0         0.00 Client request body bytes total
ACCG.private.oci.client_req_count                         18897         0.01 Total number of client requests processed
ACCG.private.oci.client_req_hdrbytes                       3755492         2.40 Client request header bytes total
ACCG.private.oci.client_req_bodybytes                             0         0.00 Client request body bytes total
--- 13:40:06 ---
MAIN.client_req_400                             0         0.00 Client requests received, subject to 400 errors
MAIN.client_req_417                             0         0.00 Client requests received, subject to 417 errors
MAIN.client_req                         18897         0.01 Good client requests received
MAIN.threads_limited                             0         0.00 Threads hit max
MAIN.threads_created                          1201         0.00 Threads created
MAIN.threads_destroyed                          1001         0.00 Threads destroyed
MAIN.thread_queue_len                             0          .   Length of session queue
MAIN.busy_sleep                           354         0.00 Number of requests sent to sleep on busy objhdr
MAIN.busy_wakeup                           354         0.00 Number of requests woken after sleep on busy objhdr
MAIN.sess_queued                           311         0.00 Sessions queued for thread
MAIN.sess_dropped                             0         0.00 Sessions dropped for thread
ACCG.std.total.client_req_count                         18897         0.01 Total number of client requests processed
ACCG.std.total.client_req_hdrbytes                       3755492         2.40 Client request header bytes total
ACCG.std.total.client_req_bodybytes                             0         0.00 Client request body bytes total
ACCG.std.sub.client_req_count                             0         0.00 Total number of client requests processed
ACCG.std.sub.client_req_hdrbytes                             0         0.00 Client request header bytes total
ACCG.std.sub.client_req_bodybytes                             0         0.00 Client request body bytes total
ACCG.private.total.client_req_count                         18897         0.01 Total number of client requests processed
ACCG.private.total.client_req_hdrbytes                       3755492         2.40 Client request header bytes total
ACCG.private.total.client_req_bodybytes                             0         0.00 Client request body bytes total
ACCG.private.sub.client_req_count                             0         0.00 Total number of client requests processed
ACCG.private.sub.client_req_hdrbytes                             0         0.00 Client request header bytes total
ACCG.private.sub.client_req_bodybytes                             0         0.00 Client request body bytes total
ACCG.other.total.client_req_count                             0         0.00 Total number of client requests processed
ACCG.other.total.client_req_hdrbytes                             0         0.00 Client request header bytes total
ACCG.other.total.client_req_bodybytes                             0         0.00 Client request body bytes total
ACCG.other.sub.client_req_count                             0         0.00 Total number of client requests processed
ACCG.other.sub.client_req_hdrbytes                             0         0.00 Client request header bytes total
ACCG.other.sub.client_req_bodybytes                             0         0.00 Client request body bytes total
ACCG.private.oci.client_req_count                         18897         0.01 Total number of client requests processed
ACCG.private.oci.client_req_hdrbytes                       3755492         2.40 Client request header bytes total
ACCG.private.oci.client_req_bodybytes                             0         0.00 Client request body bytes total
--- 13:40:08 ---
MAIN.client_req_400                             0         0.00 Client requests received, subject to 400 errors
MAIN.client_req_417                             0         0.00 Client requests received, subject to 417 errors
MAIN.client_req                         18897         0.01 Good client requests received
MAIN.threads_limited                             0         0.00 Threads hit max
MAIN.threads_created                          1201         0.00 Threads created
MAIN.threads_destroyed                          1001         0.00 Threads destroyed
MAIN.thread_queue_len                             0          .   Length of session queue
MAIN.busy_sleep                           354         0.00 Number of requests sent to sleep on busy objhdr
MAIN.busy_wakeup                           354         0.00 Number of requests woken after sleep on busy objhdr
MAIN.sess_queued                           311         0.00 Sessions queued for thread
MAIN.sess_dropped                             0         0.00 Sessions dropped for thread
ACCG.std.total.client_req_count                         18897         0.01 Total number of client requests processed
ACCG.std.total.client_req_hdrbytes                       3755492         2.40 Client request header bytes total
ACCG.std.total.client_req_bodybytes                             0         0.00 Client request body bytes total
ACCG.std.sub.client_req_count                             0         0.00 Total number of client requests processed
ACCG.std.sub.client_req_hdrbytes                             0         0.00 Client request header bytes total
ACCG.std.sub.client_req_bodybytes                             0         0.00 Client request body bytes total
ACCG.private.total.client_req_count                         18897         0.01 Total number of client requests processed
ACCG.private.total.client_req_hdrbytes                       3755492         2.40 Client request header bytes total
ACCG.private.total.client_req_bodybytes                             0         0.00 Client request body bytes total
ACCG.private.sub.client_req_count                             0         0.00 Total number of client requests processed
ACCG.private.sub.client_req_hdrbytes                             0         0.00 Client request header bytes total
ACCG.private.sub.client_req_bodybytes                             0         0.00 Client request body bytes total
ACCG.other.total.client_req_count                             0         0.00 Total number of client requests processed
ACCG.other.total.client_req_hdrbytes                             0         0.00 Client request header bytes total
ACCG.other.total.client_req_bodybytes                             0         0.00 Client request body bytes total
ACCG.other.sub.client_req_count                             0         0.00 Total number of client requests processed
ACCG.other.sub.client_req_hdrbytes                             0         0.00 Client request header bytes total
ACCG.other.sub.client_req_bodybytes                             0         0.00 Client request body bytes total
ACCG.private.oci.client_req_count                         18897         0.01 Total number of client requests processed
ACCG.private.oci.client_req_hdrbytes                       3755492         2.40 Client request header bytes total
ACCG.private.oci.client_req_bodybytes                             0         0.00 Client request body bytes total
--- 13:40:09 ---
MAIN.client_req_400                             0         0.00 Client requests received, subject to 400 errors
MAIN.client_req_417                             0         0.00 Client requests received, subject to 417 errors
MAIN.client_req                         18897         0.01 Good client requests received
MAIN.threads_limited                             0         0.00 Threads hit max
MAIN.threads_created                          1201         0.00 Threads created
MAIN.threads_destroyed                          1001         0.00 Threads destroyed
MAIN.thread_queue_len                             0          .   Length of session queue
MAIN.busy_sleep                           354         0.00 Number of requests sent to sleep on busy objhdr
MAIN.busy_wakeup                           354         0.00 Number of requests woken after sleep on busy objhdr
MAIN.sess_queued                           311         0.00 Sessions queued for thread
MAIN.sess_dropped                             0         0.00 Sessions dropped for thread
ACCG.std.total.client_req_count                         18897         0.01 Total number of client requests processed
ACCG.std.total.client_req_hdrbytes                       3755492         2.40 Client request header bytes total
ACCG.std.total.client_req_bodybytes                             0         0.00 Client request body bytes total
ACCG.std.sub.client_req_count                             0         0.00 Total number of client requests processed
ACCG.std.sub.client_req_hdrbytes                             0         0.00 Client request header bytes total
ACCG.std.sub.client_req_bodybytes                             0         0.00 Client request body bytes total
ACCG.private.total.client_req_count                         18897         0.01 Total number of client requests processed
ACCG.private.total.client_req_hdrbytes                       3755492         2.40 Client request header bytes total
ACCG.private.total.client_req_bodybytes                             0         0.00 Client request body bytes total
ACCG.private.sub.client_req_count                             0         0.00 Total number of client requests processed
ACCG.private.sub.client_req_hdrbytes                             0         0.00 Client request header bytes total
ACCG.private.sub.client_req_bodybytes                             0         0.00 Client request body bytes total
ACCG.other.total.client_req_count                             0         0.00 Total number of client requests processed
ACCG.other.total.client_req_hdrbytes                             0         0.00 Client request header bytes total
ACCG.other.total.client_req_bodybytes                             0         0.00 Client request body bytes total
ACCG.other.sub.client_req_count                             0         0.00 Total number of client requests processed
ACCG.other.sub.client_req_hdrbytes                             0         0.00 Client request header bytes total
ACCG.other.sub.client_req_bodybytes                             0         0.00 Client request body bytes total
ACCG.private.oci.client_req_count                         18897         0.01 Total number of client requests processed
ACCG.private.oci.client_req_hdrbytes                       3755492         2.40 Client request header bytes total
ACCG.private.oci.client_req_bodybytes                             0         0.00 Client request body bytes total
--- 13:40:10 ---
MAIN.client_req_400                             0         0.00 Client requests received, subject to 400 errors
MAIN.client_req_417                             0         0.00 Client requests received, subject to 417 errors
MAIN.client_req                         18897         0.01 Good client requests received
MAIN.threads_limited                             0         0.00 Threads hit max
MAIN.threads_created                          1201         0.00 Threads created
MAIN.threads_destroyed                          1001         0.00 Threads destroyed
MAIN.thread_queue_len                             0          .   Length of session queue
MAIN.busy_sleep                           354         0.00 Number of requests sent to sleep on busy objhdr
MAIN.busy_wakeup                           354         0.00 Number of requests woken after sleep on busy objhdr
MAIN.sess_queued                           311         0.00 Sessions queued for thread
MAIN.sess_dropped                             0         0.00 Sessions dropped for thread
ACCG.std.total.client_req_count                         18897         0.01 Total number of client requests processed
ACCG.std.total.client_req_hdrbytes                       3755492         2.40 Client request header bytes total
ACCG.std.total.client_req_bodybytes                             0         0.00 Client request body bytes total
ACCG.std.sub.client_req_count                             0         0.00 Total number of client requests processed
ACCG.std.sub.client_req_hdrbytes                             0         0.00 Client request header bytes total
ACCG.std.sub.client_req_bodybytes                             0         0.00 Client request body bytes total
ACCG.private.total.client_req_count                         18897         0.01 Total number of client requests processed
ACCG.private.total.client_req_hdrbytes                       3755492         2.40 Client request header bytes total
ACCG.private.total.client_req_bodybytes                             0         0.00 Client request body bytes total
ACCG.private.sub.client_req_count                             0         0.00 Total number of client requests processed
ACCG.private.sub.client_req_hdrbytes                             0         0.00 Client request header bytes total
ACCG.private.sub.client_req_bodybytes                             0         0.00 Client request body bytes total
ACCG.other.total.client_req_count                             0         0.00 Total number of client requests processed
ACCG.other.total.client_req_hdrbytes                             0         0.00 Client request header bytes total
ACCG.other.total.client_req_bodybytes                             0         0.00 Client request body bytes total
ACCG.other.sub.client_req_count                             0         0.00 Total number of client requests processed
ACCG.other.sub.client_req_hdrbytes                             0         0.00 Client request header bytes total
ACCG.other.sub.client_req_bodybytes                             0         0.00 Client request body bytes total
ACCG.private.oci.client_req_count                         18897         0.01 Total number of client requests processed
ACCG.private.oci.client_req_hdrbytes                       3755492         2.40 Client request header bytes total
ACCG.private.oci.client_req_bodybytes                             0         0.00 Client request body bytes total
--- 13:40:11 ---
MAIN.client_req_400                             0         0.00 Client requests received, subject to 400 errors
MAIN.client_req_417                             0         0.00 Client requests received, subject to 417 errors
MAIN.client_req                         18897         0.01 Good client requests received
MAIN.threads_limited                             0         0.00 Threads hit max
MAIN.threads_created                          1201         0.00 Threads created
MAIN.threads_destroyed                          1001         0.00 Threads destroyed
MAIN.thread_queue_len                             0          .   Length of session queue
MAIN.busy_sleep                           354         0.00 Number of requests sent to sleep on busy objhdr
MAIN.busy_wakeup                           354         0.00 Number of requests woken after sleep on busy objhdr
MAIN.sess_queued                           311         0.00 Sessions queued for thread
MAIN.sess_dropped                             0         0.00 Sessions dropped for thread
ACCG.std.total.client_req_count                         18897         0.01 Total number of client requests processed
ACCG.std.total.client_req_hdrbytes                       3755492         2.40 Client request header bytes total
ACCG.std.total.client_req_bodybytes                             0         0.00 Client request body bytes total
ACCG.std.sub.client_req_count                             0         0.00 Total number of client requests processed
ACCG.std.sub.client_req_hdrbytes                             0         0.00 Client request header bytes total
ACCG.std.sub.client_req_bodybytes                             0         0.00 Client request body bytes total
ACCG.private.total.client_req_count                         18897         0.01 Total number of client requests processed
ACCG.private.total.client_req_hdrbytes                       3755492         2.40 Client request header bytes total
ACCG.private.total.client_req_bodybytes                             0         0.00 Client request body bytes total
ACCG.private.sub.client_req_count                             0         0.00 Total number of client requests processed
ACCG.private.sub.client_req_hdrbytes                             0         0.00 Client request header bytes total
ACCG.private.sub.client_req_bodybytes                             0         0.00 Client request body bytes total
ACCG.other.total.client_req_count                             0         0.00 Total number of client requests processed
ACCG.other.total.client_req_hdrbytes                             0         0.00 Client request header bytes total
ACCG.other.total.client_req_bodybytes                             0         0.00 Client request body bytes total
ACCG.other.sub.client_req_count                             0         0.00 Total number of client requests processed
ACCG.other.sub.client_req_hdrbytes                             0         0.00 Client request header bytes total
ACCG.other.sub.client_req_bodybytes                             0         0.00 Client request body bytes total
ACCG.private.oci.client_req_count                         18897         0.01 Total number of client requests processed
ACCG.private.oci.client_req_hdrbytes                       3755492         2.40 Client request header bytes total
ACCG.private.oci.client_req_bodybytes                             0         0.00 Client request body bytes total
--- 13:40:12 ---
MAIN.client_req_400                             0         0.00 Client requests received, subject to 400 errors
MAIN.client_req_417                             0         0.00 Client requests received, subject to 417 errors
MAIN.client_req                         18897         0.01 Good client requests received
MAIN.threads_limited                             0         0.00 Threads hit max
MAIN.threads_created                          1201         0.00 Threads created
MAIN.threads_destroyed                          1001         0.00 Threads destroyed
MAIN.thread_queue_len                             0          .   Length of session queue
MAIN.busy_sleep                           354         0.00 Number of requests sent to sleep on busy objhdr
MAIN.busy_wakeup                           354         0.00 Number of requests woken after sleep on busy objhdr
MAIN.sess_queued                           311         0.00 Sessions queued for thread
MAIN.sess_dropped                             0         0.00 Sessions dropped for thread
ACCG.std.total.client_req_count                         18897         0.01 Total number of client requests processed
ACCG.std.total.client_req_hdrbytes                       3755492         2.40 Client request header bytes total
ACCG.std.total.client_req_bodybytes                             0         0.00 Client request body bytes total
ACCG.std.sub.client_req_count                             0         0.00 Total number of client requests processed
ACCG.std.sub.client_req_hdrbytes                             0         0.00 Client request header bytes total
ACCG.std.sub.client_req_bodybytes                             0         0.00 Client request body bytes total
ACCG.private.total.client_req_count                         18897         0.01 Total number of client requests processed
ACCG.private.total.client_req_hdrbytes                       3755492         2.40 Client request header bytes total
ACCG.private.total.client_req_bodybytes                             0         0.00 Client request body bytes total
ACCG.private.sub.client_req_count                             0         0.00 Total number of client requests processed
ACCG.private.sub.client_req_hdrbytes                             0         0.00 Client request header bytes total
ACCG.private.sub.client_req_bodybytes                             0         0.00 Client request body bytes total
ACCG.other.total.client_req_count                             0         0.00 Total number of client requests processed
ACCG.other.total.client_req_hdrbytes                             0         0.00 Client request header bytes total
ACCG.other.total.client_req_bodybytes                             0         0.00 Client request body bytes total
ACCG.other.sub.client_req_count                             0         0.00 Total number of client requests processed
ACCG.other.sub.client_req_hdrbytes                             0         0.00 Client request header bytes total
ACCG.other.sub.client_req_bodybytes                             0         0.00 Client request body bytes total
ACCG.private.oci.client_req_count                         18897         0.01 Total number of client requests processed
ACCG.private.oci.client_req_hdrbytes                       3755492         2.40 Client request header bytes total
ACCG.private.oci.client_req_bodybytes                             0         0.00 Client request body bytes total
--- 13:40:13 ---
MAIN.client_req_400                             0         0.00 Client requests received, subject to 400 errors
MAIN.client_req_417                             0         0.00 Client requests received, subject to 417 errors
MAIN.client_req                         18897         0.01 Good client requests received
MAIN.threads_limited                             0         0.00 Threads hit max
MAIN.threads_created                          1201         0.00 Threads created
MAIN.threads_destroyed                          1001         0.00 Threads destroyed
MAIN.thread_queue_len                             0          .   Length of session queue
MAIN.busy_sleep                           354         0.00 Number of requests sent to sleep on busy objhdr
MAIN.busy_wakeup                           354         0.00 Number of requests woken after sleep on busy objhdr
MAIN.sess_queued                           311         0.00 Sessions queued for thread
MAIN.sess_dropped                             0         0.00 Sessions dropped for thread
ACCG.std.total.client_req_count                         18897         0.01 Total number of client requests processed
ACCG.std.total.client_req_hdrbytes                       3755492         2.40 Client request header bytes total
ACCG.std.total.client_req_bodybytes                             0         0.00 Client request body bytes total
ACCG.std.sub.client_req_count                             0         0.00 Total number of client requests processed
ACCG.std.sub.client_req_hdrbytes                             0         0.00 Client request header bytes total
ACCG.std.sub.client_req_bodybytes                             0         0.00 Client request body bytes total
ACCG.private.total.client_req_count                         18897         0.01 Total number of client requests processed
ACCG.private.total.client_req_hdrbytes                       3755492         2.40 Client request header bytes total
ACCG.private.total.client_req_bodybytes                             0         0.00 Client request body bytes total
ACCG.private.sub.client_req_count                             0         0.00 Total number of client requests processed
ACCG.private.sub.client_req_hdrbytes                             0         0.00 Client request header bytes total
ACCG.private.sub.client_req_bodybytes                             0         0.00 Client request body bytes total
ACCG.other.total.client_req_count                             0         0.00 Total number of client requests processed
ACCG.other.total.client_req_hdrbytes                             0         0.00 Client request header bytes total
ACCG.other.total.client_req_bodybytes                             0         0.00 Client request body bytes total
ACCG.other.sub.client_req_count                             0         0.00 Total number of client requests processed
ACCG.other.sub.client_req_hdrbytes                             0         0.00 Client request header bytes total
ACCG.other.sub.client_req_bodybytes                             0         0.00 Client request body bytes total
ACCG.private.oci.client_req_count                         18897         0.01 Total number of client requests processed
ACCG.private.oci.client_req_hdrbytes                       3755492         2.40 Client request header bytes total
ACCG.private.oci.client_req_bodybytes                             0         0.00 Client request body bytes total
--- 13:40:14 ---
MAIN.client_req_400                             0         0.00 Client requests received, subject to 400 errors
MAIN.client_req_417                             0         0.00 Client requests received, subject to 417 errors
MAIN.client_req                         18897         0.01 Good client requests received
MAIN.threads_limited                             0         0.00 Threads hit max
MAIN.threads_created                          1201         0.00 Threads created
MAIN.threads_destroyed                          1001         0.00 Threads destroyed
MAIN.thread_queue_len                             0          .   Length of session queue
MAIN.busy_sleep                           354         0.00 Number of requests sent to sleep on busy objhdr
MAIN.busy_wakeup                           354         0.00 Number of requests woken after sleep on busy objhdr
MAIN.sess_queued                           311         0.00 Sessions queued for thread
MAIN.sess_dropped                             0         0.00 Sessions dropped for thread
ACCG.std.total.client_req_count                         18897         0.01 Total number of client requests processed
ACCG.std.total.client_req_hdrbytes                       3755492         2.40 Client request header bytes total
ACCG.std.total.client_req_bodybytes                             0         0.00 Client request body bytes total
ACCG.std.sub.client_req_count                             0         0.00 Total number of client requests processed
ACCG.std.sub.client_req_hdrbytes                             0         0.00 Client request header bytes total
ACCG.std.sub.client_req_bodybytes                             0         0.00 Client request body bytes total
ACCG.private.total.client_req_count                         18897         0.01 Total number of client requests processed
ACCG.private.total.client_req_hdrbytes                       3755492         2.40 Client request header bytes total
ACCG.private.total.client_req_bodybytes                             0         0.00 Client request body bytes total
ACCG.private.sub.client_req_count                             0         0.00 Total number of client requests processed
ACCG.private.sub.client_req_hdrbytes                             0         0.00 Client request header bytes total
ACCG.private.sub.client_req_bodybytes                             0         0.00 Client request body bytes total
ACCG.other.total.client_req_count                             0         0.00 Total number of client requests processed
ACCG.other.total.client_req_hdrbytes                             0         0.00 Client request header bytes total
ACCG.other.total.client_req_bodybytes                             0         0.00 Client request body bytes total
ACCG.other.sub.client_req_count                             0         0.00 Total number of client requests processed
ACCG.other.sub.client_req_hdrbytes                             0         0.00 Client request header bytes total
ACCG.other.sub.client_req_bodybytes                             0         0.00 Client request body bytes total
ACCG.private.oci.client_req_count                         18897         0.01 Total number of client requests processed
ACCG.private.oci.client_req_hdrbytes                       3755492         2.40 Client request header bytes total
ACCG.private.oci.client_req_bodybytes                             0         0.00 Client request body bytes total
--- 13:40:15 ---
MAIN.client_req_400                             0         0.00 Client requests received, subject to 400 errors
MAIN.client_req_417                             0         0.00 Client requests received, subject to 417 errors
MAIN.client_req                         18897         0.01 Good client requests received
MAIN.threads_limited                             0         0.00 Threads hit max
MAIN.threads_created                          1201         0.00 Threads created
MAIN.threads_destroyed                          1001         0.00 Threads destroyed
MAIN.thread_queue_len                             0          .   Length of session queue
MAIN.busy_sleep                           354         0.00 Number of requests sent to sleep on busy objhdr
MAIN.busy_wakeup                           354         0.00 Number of requests woken after sleep on busy objhdr
MAIN.sess_queued                           311         0.00 Sessions queued for thread
MAIN.sess_dropped                             0         0.00 Sessions dropped for thread
ACCG.std.total.client_req_count                         18897         0.01 Total number of client requests processed
ACCG.std.total.client_req_hdrbytes                       3755492         2.40 Client request header bytes total
ACCG.std.total.client_req_bodybytes                             0         0.00 Client request body bytes total
ACCG.std.sub.client_req_count                             0         0.00 Total number of client requests processed
ACCG.std.sub.client_req_hdrbytes                             0         0.00 Client request header bytes total
ACCG.std.sub.client_req_bodybytes                             0         0.00 Client request body bytes total
ACCG.private.total.client_req_count                         18897         0.01 Total number of client requests processed
ACCG.private.total.client_req_hdrbytes                       3755492         2.40 Client request header bytes total
ACCG.private.total.client_req_bodybytes                             0         0.00 Client request body bytes total
ACCG.private.sub.client_req_count                             0         0.00 Total number of client requests processed
ACCG.private.sub.client_req_hdrbytes                             0         0.00 Client request header bytes total
ACCG.private.sub.client_req_bodybytes                             0         0.00 Client request body bytes total
ACCG.other.total.client_req_count                             0         0.00 Total number of client requests processed
ACCG.other.total.client_req_hdrbytes                             0         0.00 Client request header bytes total
ACCG.other.total.client_req_bodybytes                             0         0.00 Client request body bytes total
ACCG.other.sub.client_req_count                             0         0.00 Total number of client requests processed
ACCG.other.sub.client_req_hdrbytes                             0         0.00 Client request header bytes total
ACCG.other.sub.client_req_bodybytes                             0         0.00 Client request body bytes total
ACCG.private.oci.client_req_count                         18897         0.01 Total number of client requests processed
ACCG.private.oci.client_req_hdrbytes                       3755492         2.40 Client request header bytes total
ACCG.private.oci.client_req_bodybytes                             0         0.00 Client request body bytes total
--- 13:40:16 ---
MAIN.client_req_400                             0         0.00 Client requests received, subject to 400 errors
MAIN.client_req_417                             0         0.00 Client requests received, subject to 417 errors
MAIN.client_req                         18897         0.01 Good client requests received
MAIN.threads_limited                             0         0.00 Threads hit max
MAIN.threads_created                          1201         0.00 Threads created
MAIN.threads_destroyed                          1001         0.00 Threads destroyed
MAIN.thread_queue_len                             0          .   Length of session queue
MAIN.busy_sleep                           354         0.00 Number of requests sent to sleep on busy objhdr
MAIN.busy_wakeup                           354         0.00 Number of requests woken after sleep on busy objhdr
MAIN.sess_queued                           311         0.00 Sessions queued for thread
MAIN.sess_dropped                             0         0.00 Sessions dropped for thread
ACCG.std.total.client_req_count                         18897         0.01 Total number of client requests processed
ACCG.std.total.client_req_hdrbytes                       3755492         2.40 Client request header bytes total
ACCG.std.total.client_req_bodybytes                             0         0.00 Client request body bytes total
ACCG.std.sub.client_req_count                             0         0.00 Total number of client requests processed
ACCG.std.sub.client_req_hdrbytes                             0         0.00 Client request header bytes total
ACCG.std.sub.client_req_bodybytes                             0         0.00 Client request body bytes total
ACCG.private.total.client_req_count                         18897         0.01 Total number of client requests processed
ACCG.private.total.client_req_hdrbytes                       3755492         2.40 Client request header bytes total
ACCG.private.total.client_req_bodybytes                             0         0.00 Client request body bytes total
ACCG.private.sub.client_req_count                             0         0.00 Total number of client requests processed
ACCG.private.sub.client_req_hdrbytes                             0         0.00 Client request header bytes total
ACCG.private.sub.client_req_bodybytes                             0         0.00 Client request body bytes total
ACCG.other.total.client_req_count                             0         0.00 Total number of client requests processed
ACCG.other.total.client_req_hdrbytes                             0         0.00 Client request header bytes total
ACCG.other.total.client_req_bodybytes                             0         0.00 Client request body bytes total
ACCG.other.sub.client_req_count                             0         0.00 Total number of client requests processed
ACCG.other.sub.client_req_hdrbytes                             0         0.00 Client request header bytes total
ACCG.other.sub.client_req_bodybytes                             0         0.00 Client request body bytes total
ACCG.private.oci.client_req_count                         18897         0.01 Total number of client requests processed
ACCG.private.oci.client_req_hdrbytes                       3755492         2.40 Client request header bytes total
ACCG.private.oci.client_req_bodybytes                             0         0.00 Client request body bytes total
--- 13:40:18 ---
MAIN.client_req_400                             0         0.00 Client requests received, subject to 400 errors
MAIN.client_req_417                             0         0.00 Client requests received, subject to 417 errors
MAIN.client_req                         18897         0.01 Good client requests received
MAIN.threads_limited                             0         0.00 Threads hit max
MAIN.threads_created                          1201         0.00 Threads created
MAIN.threads_destroyed                          1001         0.00 Threads destroyed
MAIN.thread_queue_len                             0          .   Length of session queue
MAIN.busy_sleep                           354         0.00 Number of requests sent to sleep on busy objhdr
MAIN.busy_wakeup                           354         0.00 Number of requests woken after sleep on busy objhdr
MAIN.sess_queued                           311         0.00 Sessions queued for thread
MAIN.sess_dropped                             0         0.00 Sessions dropped for thread
ACCG.std.total.client_req_count                         18897         0.01 Total number of client requests processed
ACCG.std.total.client_req_hdrbytes                       3755492         2.40 Client request header bytes total
ACCG.std.total.client_req_bodybytes                             0         0.00 Client request body bytes total
ACCG.std.sub.client_req_count                             0         0.00 Total number of client requests processed
ACCG.std.sub.client_req_hdrbytes                             0         0.00 Client request header bytes total
ACCG.std.sub.client_req_bodybytes                             0         0.00 Client request body bytes total
ACCG.private.total.client_req_count                         18897         0.01 Total number of client requests processed
ACCG.private.total.client_req_hdrbytes                       3755492         2.40 Client request header bytes total
ACCG.private.total.client_req_bodybytes                             0         0.00 Client request body bytes total
ACCG.private.sub.client_req_count                             0         0.00 Total number of client requests processed
ACCG.private.sub.client_req_hdrbytes                             0         0.00 Client request header bytes total
ACCG.private.sub.client_req_bodybytes                             0         0.00 Client request body bytes total
ACCG.other.total.client_req_count                             0         0.00 Total number of client requests processed
ACCG.other.total.client_req_hdrbytes                             0         0.00 Client request header bytes total
ACCG.other.total.client_req_bodybytes                             0         0.00 Client request body bytes total
ACCG.other.sub.client_req_count                             0         0.00 Total number of client requests processed
ACCG.other.sub.client_req_hdrbytes                             0         0.00 Client request header bytes total
ACCG.other.sub.client_req_bodybytes                             0         0.00 Client request body bytes total
ACCG.private.oci.client_req_count                         18897         0.01 Total number of client requests processed
ACCG.private.oci.client_req_hdrbytes                       3755492         2.40 Client request header bytes total
ACCG.private.oci.client_req_bodybytes                             0         0.00 Client request body bytes total
--- 13:40:19 ---
MAIN.client_req_400                             0         0.00 Client requests received, subject to 400 errors
MAIN.client_req_417                             0         0.00 Client requests received, subject to 417 errors
MAIN.client_req                         18897         0.01 Good client requests received
MAIN.threads_limited                             0         0.00 Threads hit max
MAIN.threads_created                          1201         0.00 Threads created
MAIN.threads_destroyed                          1001         0.00 Threads destroyed
MAIN.thread_queue_len                             0          .   Length of session queue
MAIN.busy_sleep                           354         0.00 Number of requests sent to sleep on busy objhdr
MAIN.busy_wakeup                           354         0.00 Number of requests woken after sleep on busy objhdr
MAIN.sess_queued                           311         0.00 Sessions queued for thread
MAIN.sess_dropped                             0         0.00 Sessions dropped for thread
ACCG.std.total.client_req_count                         18897         0.01 Total number of client requests processed
ACCG.std.total.client_req_hdrbytes                       3755492         2.40 Client request header bytes total
ACCG.std.total.client_req_bodybytes                             0         0.00 Client request body bytes total
ACCG.std.sub.client_req_count                             0         0.00 Total number of client requests processed
ACCG.std.sub.client_req_hdrbytes                             0         0.00 Client request header bytes total
ACCG.std.sub.client_req_bodybytes                             0         0.00 Client request body bytes total
ACCG.private.total.client_req_count                         18897         0.01 Total number of client requests processed
ACCG.private.total.client_req_hdrbytes                       3755492         2.40 Client request header bytes total
ACCG.private.total.client_req_bodybytes                             0         0.00 Client request body bytes total
ACCG.private.sub.client_req_count                             0         0.00 Total number of client requests processed
ACCG.private.sub.client_req_hdrbytes                             0         0.00 Client request header bytes total
ACCG.private.sub.client_req_bodybytes                             0         0.00 Client request body bytes total
ACCG.other.total.client_req_count                             0         0.00 Total number of client requests processed
ACCG.other.total.client_req_hdrbytes                             0         0.00 Client request header bytes total
ACCG.other.total.client_req_bodybytes                             0         0.00 Client request body bytes total
ACCG.other.sub.client_req_count                             0         0.00 Total number of client requests processed
ACCG.other.sub.client_req_hdrbytes                             0         0.00 Client request header bytes total
ACCG.other.sub.client_req_bodybytes                             0         0.00 Client request body bytes total
ACCG.private.oci.client_req_count                         18897         0.01 Total number of client requests processed
ACCG.private.oci.client_req_hdrbytes                       3755492         2.40 Client request header bytes total
ACCG.private.oci.client_req_bodybytes                             0         0.00 Client request body bytes total
--- 13:40:20 ---
MAIN.client_req_400                             0         0.00 Client requests received, subject to 400 errors
MAIN.client_req_417                             0         0.00 Client requests received, subject to 417 errors
MAIN.client_req                         18897         0.01 Good client requests received
MAIN.threads_limited                             0         0.00 Threads hit max
MAIN.threads_created                          1201         0.00 Threads created
MAIN.threads_destroyed                          1001         0.00 Threads destroyed
MAIN.thread_queue_len                             0          .   Length of session queue
MAIN.busy_sleep                           354         0.00 Number of requests sent to sleep on busy objhdr
MAIN.busy_wakeup                           354         0.00 Number of requests woken after sleep on busy objhdr
MAIN.sess_queued                           311         0.00 Sessions queued for thread
MAIN.sess_dropped                             0         0.00 Sessions dropped for thread
ACCG.std.total.client_req_count                         18897         0.01 Total number of client requests processed
ACCG.std.total.client_req_hdrbytes                       3755492         2.40 Client request header bytes total
ACCG.std.total.client_req_bodybytes                             0         0.00 Client request body bytes total
ACCG.std.sub.client_req_count                             0         0.00 Total number of client requests processed
ACCG.std.sub.client_req_hdrbytes                             0         0.00 Client request header bytes total
ACCG.std.sub.client_req_bodybytes                             0         0.00 Client request body bytes total
ACCG.private.total.client_req_count                         18897         0.01 Total number of client requests processed
ACCG.private.total.client_req_hdrbytes                       3755492         2.40 Client request header bytes total
ACCG.private.total.client_req_bodybytes                             0         0.00 Client request body bytes total
ACCG.private.sub.client_req_count                             0         0.00 Total number of client requests processed
ACCG.private.sub.client_req_hdrbytes                             0         0.00 Client request header bytes total
ACCG.private.sub.client_req_bodybytes                             0         0.00 Client request body bytes total
ACCG.other.total.client_req_count                             0         0.00 Total number of client requests processed
ACCG.other.total.client_req_hdrbytes                             0         0.00 Client request header bytes total
ACCG.other.total.client_req_bodybytes                             0         0.00 Client request body bytes total
ACCG.other.sub.client_req_count                             0         0.00 Total number of client requests processed
ACCG.other.sub.client_req_hdrbytes                             0         0.00 Client request header bytes total
ACCG.other.sub.client_req_bodybytes                             0         0.00 Client request body bytes total
ACCG.private.oci.client_req_count                         18897         0.01 Total number of client requests processed
ACCG.private.oci.client_req_hdrbytes                       3755492         2.40 Client request header bytes total
ACCG.private.oci.client_req_bodybytes                             0         0.00 Client request body bytes total
--- 13:40:21 ---
MAIN.client_req_400                             0         0.00 Client requests received, subject to 400 errors
MAIN.client_req_417                             0         0.00 Client requests received, subject to 417 errors
MAIN.client_req                         18897         0.01 Good client requests received
MAIN.threads_limited                             0         0.00 Threads hit max
MAIN.threads_created                          1201         0.00 Threads created
MAIN.threads_destroyed                          1001         0.00 Threads destroyed
MAIN.thread_queue_len                             0          .   Length of session queue
MAIN.busy_sleep                           354         0.00 Number of requests sent to sleep on busy objhdr
MAIN.busy_wakeup                           354         0.00 Number of requests woken after sleep on busy objhdr
MAIN.sess_queued                           311         0.00 Sessions queued for thread
MAIN.sess_dropped                             0         0.00 Sessions dropped for thread
ACCG.std.total.client_req_count                         18897         0.01 Total number of client requests processed
ACCG.std.total.client_req_hdrbytes                       3755492         2.40 Client request header bytes total
ACCG.std.total.client_req_bodybytes                             0         0.00 Client request body bytes total
ACCG.std.sub.client_req_count                             0         0.00 Total number of client requests processed
ACCG.std.sub.client_req_hdrbytes                             0         0.00 Client request header bytes total
ACCG.std.sub.client_req_bodybytes                             0         0.00 Client request body bytes total
ACCG.private.total.client_req_count                         18897         0.01 Total number of client requests processed
ACCG.private.total.client_req_hdrbytes                       3755492         2.40 Client request header bytes total
ACCG.private.total.client_req_bodybytes                             0         0.00 Client request body bytes total
ACCG.private.sub.client_req_count                             0         0.00 Total number of client requests processed
ACCG.private.sub.client_req_hdrbytes                             0         0.00 Client request header bytes total
ACCG.private.sub.client_req_bodybytes                             0         0.00 Client request body bytes total
ACCG.other.total.client_req_count                             0         0.00 Total number of client requests processed
ACCG.other.total.client_req_hdrbytes                             0         0.00 Client request header bytes total
ACCG.other.total.client_req_bodybytes                             0         0.00 Client request body bytes total
ACCG.other.sub.client_req_count                             0         0.00 Total number of client requests processed
ACCG.other.sub.client_req_hdrbytes                             0         0.00 Client request header bytes total
ACCG.other.sub.client_req_bodybytes                             0         0.00 Client request body bytes total
ACCG.private.oci.client_req_count                         18897         0.01 Total number of client requests processed
ACCG.private.oci.client_req_hdrbytes                       3755492         2.40 Client request header bytes total
ACCG.private.oci.client_req_bodybytes                             0         0.00 Client request body bytes total
--- 13:40:22 ---
MAIN.client_req_400                             0         0.00 Client requests received, subject to 400 errors
MAIN.client_req_417                             0         0.00 Client requests received, subject to 417 errors
MAIN.client_req                         18897         0.01 Good client requests received
MAIN.threads_limited                             0         0.00 Threads hit max
MAIN.threads_created                          1201         0.00 Threads created
MAIN.threads_destroyed                          1001         0.00 Threads destroyed
MAIN.thread_queue_len                             0          .   Length of session queue
MAIN.busy_sleep                           354         0.00 Number of requests sent to sleep on busy objhdr
MAIN.busy_wakeup                           354         0.00 Number of requests woken after sleep on busy objhdr
MAIN.sess_queued                           311         0.00 Sessions queued for thread
MAIN.sess_dropped                             0         0.00 Sessions dropped for thread
ACCG.std.total.client_req_count                         18897         0.01 Total number of client requests processed
ACCG.std.total.client_req_hdrbytes                       3755492         2.40 Client request header bytes total
ACCG.std.total.client_req_bodybytes                             0         0.00 Client request body bytes total
ACCG.std.sub.client_req_count                             0         0.00 Total number of client requests processed
ACCG.std.sub.client_req_hdrbytes                             0         0.00 Client request header bytes total
ACCG.std.sub.client_req_bodybytes                             0         0.00 Client request body bytes total
ACCG.private.total.client_req_count                         18897         0.01 Total number of client requests processed
ACCG.private.total.client_req_hdrbytes                       3755492         2.40 Client request header bytes total
ACCG.private.total.client_req_bodybytes                             0         0.00 Client request body bytes total
ACCG.private.sub.client_req_count                             0         0.00 Total number of client requests processed
ACCG.private.sub.client_req_hdrbytes                             0         0.00 Client request header bytes total
ACCG.private.sub.client_req_bodybytes                             0         0.00 Client request body bytes total
ACCG.other.total.client_req_count                             0         0.00 Total number of client requests processed
ACCG.other.total.client_req_hdrbytes                             0         0.00 Client request header bytes total
ACCG.other.total.client_req_bodybytes                             0         0.00 Client request body bytes total
ACCG.other.sub.client_req_count                             0         0.00 Total number of client requests processed
ACCG.other.sub.client_req_hdrbytes                             0         0.00 Client request header bytes total
ACCG.other.sub.client_req_bodybytes                             0         0.00 Client request body bytes total
ACCG.private.oci.client_req_count                         18897         0.01 Total number of client requests processed
ACCG.private.oci.client_req_hdrbytes                       3755492         2.40 Client request header bytes total
ACCG.private.oci.client_req_bodybytes                             0         0.00 Client request body bytes total
--- 13:40:23 ---
MAIN.client_req_400                             0         0.00 Client requests received, subject to 400 errors
MAIN.client_req_417                             0         0.00 Client requests received, subject to 417 errors
MAIN.client_req                         18897         0.01 Good client requests received
MAIN.threads_limited                             0         0.00 Threads hit max
MAIN.threads_created                          1201         0.00 Threads created
MAIN.threads_destroyed                          1001         0.00 Threads destroyed
MAIN.thread_queue_len                             0          .   Length of session queue
MAIN.busy_sleep                           354         0.00 Number of requests sent to sleep on busy objhdr
MAIN.busy_wakeup                           354         0.00 Number of requests woken after sleep on busy objhdr
MAIN.sess_queued                           311         0.00 Sessions queued for thread
MAIN.sess_dropped                             0         0.00 Sessions dropped for thread
ACCG.std.total.client_req_count                         18897         0.01 Total number of client requests processed
ACCG.std.total.client_req_hdrbytes                       3755492         2.40 Client request header bytes total
ACCG.std.total.client_req_bodybytes                             0         0.00 Client request body bytes total
ACCG.std.sub.client_req_count                             0         0.00 Total number of client requests processed
ACCG.std.sub.client_req_hdrbytes                             0         0.00 Client request header bytes total
ACCG.std.sub.client_req_bodybytes                             0         0.00 Client request body bytes total
ACCG.private.total.client_req_count                         18897         0.01 Total number of client requests processed
ACCG.private.total.client_req_hdrbytes                       3755492         2.40 Client request header bytes total
ACCG.private.total.client_req_bodybytes                             0         0.00 Client request body bytes total
ACCG.private.sub.client_req_count                             0         0.00 Total number of client requests processed
ACCG.private.sub.client_req_hdrbytes                             0         0.00 Client request header bytes total
ACCG.private.sub.client_req_bodybytes                             0         0.00 Client request body bytes total
ACCG.other.total.client_req_count                             0         0.00 Total number of client requests processed
ACCG.other.total.client_req_hdrbytes                             0         0.00 Client request header bytes total
ACCG.other.total.client_req_bodybytes                             0         0.00 Client request body bytes total
ACCG.other.sub.client_req_count                             0         0.00 Total number of client requests processed
ACCG.other.sub.client_req_hdrbytes                             0         0.00 Client request header bytes total
ACCG.other.sub.client_req_bodybytes                             0         0.00 Client request body bytes total
ACCG.private.oci.client_req_count                         18897         0.01 Total number of client requests processed
ACCG.private.oci.client_req_hdrbytes                       3755492         2.40 Client request header bytes total
ACCG.private.oci.client_req_bodybytes                             0         0.00 Client request body bytes total
--- 13:40:24 ---
MAIN.client_req_400                             0         0.00 Client requests received, subject to 400 errors
MAIN.client_req_417                             0         0.00 Client requests received, subject to 417 errors
MAIN.client_req                         18897         0.01 Good client requests received
MAIN.threads_limited                             0         0.00 Threads hit max
MAIN.threads_created                          1201         0.00 Threads created
MAIN.threads_destroyed                          1001         0.00 Threads destroyed
MAIN.thread_queue_len                             0          .   Length of session queue
MAIN.busy_sleep                           354         0.00 Number of requests sent to sleep on busy objhdr
MAIN.busy_wakeup                           354         0.00 Number of requests woken after sleep on busy objhdr
MAIN.sess_queued                           311         0.00 Sessions queued for thread
MAIN.sess_dropped                             0         0.00 Sessions dropped for thread
ACCG.std.total.client_req_count                         18897         0.01 Total number of client requests processed
ACCG.std.total.client_req_hdrbytes                       3755492         2.40 Client request header bytes total
ACCG.std.total.client_req_bodybytes                             0         0.00 Client request body bytes total
ACCG.std.sub.client_req_count                             0         0.00 Total number of client requests processed
ACCG.std.sub.client_req_hdrbytes                             0         0.00 Client request header bytes total
ACCG.std.sub.client_req_bodybytes                             0         0.00 Client request body bytes total
ACCG.private.total.client_req_count                         18897         0.01 Total number of client requests processed
ACCG.private.total.client_req_hdrbytes                       3755492         2.40 Client request header bytes total
ACCG.private.total.client_req_bodybytes                             0         0.00 Client request body bytes total
ACCG.private.sub.client_req_count                             0         0.00 Total number of client requests processed
ACCG.private.sub.client_req_hdrbytes                             0         0.00 Client request header bytes total
ACCG.private.sub.client_req_bodybytes                             0         0.00 Client request body bytes total
ACCG.other.total.client_req_count                             0         0.00 Total number of client requests processed
ACCG.other.total.client_req_hdrbytes                             0         0.00 Client request header bytes total
ACCG.other.total.client_req_bodybytes                             0         0.00 Client request body bytes total
ACCG.other.sub.client_req_count                             0         0.00 Total number of client requests processed
ACCG.other.sub.client_req_hdrbytes                             0         0.00 Client request header bytes total
ACCG.other.sub.client_req_bodybytes                             0         0.00 Client request body bytes total
ACCG.private.oci.client_req_count                         18897         0.01 Total number of client requests processed
ACCG.private.oci.client_req_hdrbytes                       3755492         2.40 Client request header bytes total
ACCG.private.oci.client_req_bodybytes                             0         0.00 Client request body bytes total
--- 13:40:25 ---
MAIN.client_req_400                             0         0.00 Client requests received, subject to 400 errors
MAIN.client_req_417                             0         0.00 Client requests received, subject to 417 errors
MAIN.client_req                         18897         0.01 Good client requests received
MAIN.threads_limited                             0         0.00 Threads hit max
MAIN.threads_created                          1201         0.00 Threads created
MAIN.threads_destroyed                          1001         0.00 Threads destroyed
MAIN.thread_queue_len                             0          .   Length of session queue
MAIN.busy_sleep                           354         0.00 Number of requests sent to sleep on busy objhdr
MAIN.busy_wakeup                           354         0.00 Number of requests woken after sleep on busy objhdr
MAIN.sess_queued                           311         0.00 Sessions queued for thread
MAIN.sess_dropped                             0         0.00 Sessions dropped for thread
ACCG.std.total.client_req_count                         18897         0.01 Total number of client requests processed
ACCG.std.total.client_req_hdrbytes                       3755492         2.40 Client request header bytes total
ACCG.std.total.client_req_bodybytes                             0         0.00 Client request body bytes total
ACCG.std.sub.client_req_count                             0         0.00 Total number of client requests processed
ACCG.std.sub.client_req_hdrbytes                             0         0.00 Client request header bytes total
ACCG.std.sub.client_req_bodybytes                             0         0.00 Client request body bytes total
ACCG.private.total.client_req_count                         18897         0.01 Total number of client requests processed
ACCG.private.total.client_req_hdrbytes                       3755492         2.40 Client request header bytes total
ACCG.private.total.client_req_bodybytes                             0         0.00 Client request body bytes total
ACCG.private.sub.client_req_count                             0         0.00 Total number of client requests processed
ACCG.private.sub.client_req_hdrbytes                             0         0.00 Client request header bytes total
ACCG.private.sub.client_req_bodybytes                             0         0.00 Client request body bytes total
ACCG.other.total.client_req_count                             0         0.00 Total number of client requests processed
ACCG.other.total.client_req_hdrbytes                             0         0.00 Client request header bytes total
ACCG.other.total.client_req_bodybytes                             0         0.00 Client request body bytes total
ACCG.other.sub.client_req_count                             0         0.00 Total number of client requests processed
ACCG.other.sub.client_req_hdrbytes                             0         0.00 Client request header bytes total
ACCG.other.sub.client_req_bodybytes                             0         0.00 Client request body bytes total
ACCG.private.oci.client_req_count                         18897         0.01 Total number of client requests processed
ACCG.private.oci.client_req_hdrbytes                       3755492         2.40 Client request header bytes total
ACCG.private.oci.client_req_bodybytes                             0         0.00 Client request body bytes total
--- 13:40:27 ---
MAIN.client_req_400                             0         0.00 Client requests received, subject to 400 errors
MAIN.client_req_417                             0         0.00 Client requests received, subject to 417 errors
MAIN.client_req                         18897         0.01 Good client requests received
MAIN.threads_limited                             0         0.00 Threads hit max
MAIN.threads_created                          1201         0.00 Threads created
MAIN.threads_destroyed                          1001         0.00 Threads destroyed
MAIN.thread_queue_len                             0          .   Length of session queue
MAIN.busy_sleep                           354         0.00 Number of requests sent to sleep on busy objhdr
MAIN.busy_wakeup                           354         0.00 Number of requests woken after sleep on busy objhdr
MAIN.sess_queued                           311         0.00 Sessions queued for thread
MAIN.sess_dropped                             0         0.00 Sessions dropped for thread
ACCG.std.total.client_req_count                         18897         0.01 Total number of client requests processed
ACCG.std.total.client_req_hdrbytes                       3755492         2.40 Client request header bytes total
ACCG.std.total.client_req_bodybytes                             0         0.00 Client request body bytes total
ACCG.std.sub.client_req_count                             0         0.00 Total number of client requests processed
ACCG.std.sub.client_req_hdrbytes                             0         0.00 Client request header bytes total
ACCG.std.sub.client_req_bodybytes                             0         0.00 Client request body bytes total
ACCG.private.total.client_req_count                         18897         0.01 Total number of client requests processed
ACCG.private.total.client_req_hdrbytes                       3755492         2.40 Client request header bytes total
ACCG.private.total.client_req_bodybytes                             0         0.00 Client request body bytes total
ACCG.private.sub.client_req_count                             0         0.00 Total number of client requests processed
ACCG.private.sub.client_req_hdrbytes                             0         0.00 Client request header bytes total
ACCG.private.sub.client_req_bodybytes                             0         0.00 Client request body bytes total
ACCG.other.total.client_req_count                             0         0.00 Total number of client requests processed
ACCG.other.total.client_req_hdrbytes                             0         0.00 Client request header bytes total
ACCG.other.total.client_req_bodybytes                             0         0.00 Client request body bytes total
ACCG.other.sub.client_req_count                             0         0.00 Total number of client requests processed
ACCG.other.sub.client_req_hdrbytes                             0         0.00 Client request header bytes total
ACCG.other.sub.client_req_bodybytes                             0         0.00 Client request body bytes total
ACCG.private.oci.client_req_count                         18897         0.01 Total number of client requests processed
ACCG.private.oci.client_req_hdrbytes                       3755492         2.40 Client request header bytes total
ACCG.private.oci.client_req_bodybytes                             0         0.00 Client request body bytes total
--- 13:40:28 ---
MAIN.client_req_400                             0         0.00 Client requests received, subject to 400 errors
MAIN.client_req_417                             0         0.00 Client requests received, subject to 417 errors
MAIN.client_req                         18897         0.01 Good client requests received
MAIN.threads_limited                             0         0.00 Threads hit max
MAIN.threads_created                          1201         0.00 Threads created
MAIN.threads_destroyed                          1001         0.00 Threads destroyed
MAIN.thread_queue_len                             0          .   Length of session queue
MAIN.busy_sleep                           354         0.00 Number of requests sent to sleep on busy objhdr
MAIN.busy_wakeup                           354         0.00 Number of requests woken after sleep on busy objhdr
MAIN.sess_queued                           311         0.00 Sessions queued for thread
MAIN.sess_dropped                             0         0.00 Sessions dropped for thread
ACCG.std.total.client_req_count                         18897         0.01 Total number of client requests processed
ACCG.std.total.client_req_hdrbytes                       3755492         2.40 Client request header bytes total
ACCG.std.total.client_req_bodybytes                             0         0.00 Client request body bytes total
ACCG.std.sub.client_req_count                             0         0.00 Total number of client requests processed
ACCG.std.sub.client_req_hdrbytes                             0         0.00 Client request header bytes total
ACCG.std.sub.client_req_bodybytes                             0         0.00 Client request body bytes total
ACCG.private.total.client_req_count                         18897         0.01 Total number of client requests processed
ACCG.private.total.client_req_hdrbytes                       3755492         2.40 Client request header bytes total
ACCG.private.total.client_req_bodybytes                             0         0.00 Client request body bytes total
ACCG.private.sub.client_req_count                             0         0.00 Total number of client requests processed
ACCG.private.sub.client_req_hdrbytes                             0         0.00 Client request header bytes total
ACCG.private.sub.client_req_bodybytes                             0         0.00 Client request body bytes total
ACCG.other.total.client_req_count                             0         0.00 Total number of client requests processed
ACCG.other.total.client_req_hdrbytes                             0         0.00 Client request header bytes total
ACCG.other.total.client_req_bodybytes                             0         0.00 Client request body bytes total
ACCG.other.sub.client_req_count                             0         0.00 Total number of client requests processed
ACCG.other.sub.client_req_hdrbytes                             0         0.00 Client request header bytes total
ACCG.other.sub.client_req_bodybytes                             0         0.00 Client request body bytes total
ACCG.private.oci.client_req_count                         18897         0.01 Total number of client requests processed
ACCG.private.oci.client_req_hdrbytes                       3755492         2.40 Client request header bytes total
ACCG.private.oci.client_req_bodybytes                             0         0.00 Client request body bytes total
--- 13:40:29 ---
MAIN.client_req_400                             0         0.00 Client requests received, subject to 400 errors
MAIN.client_req_417                             0         0.00 Client requests received, subject to 417 errors
MAIN.client_req                         18897         0.01 Good client requests received
MAIN.threads_limited                             0         0.00 Threads hit max
MAIN.threads_created                          1201         0.00 Threads created
MAIN.threads_destroyed                          1001         0.00 Threads destroyed
MAIN.thread_queue_len                             0          .   Length of session queue
MAIN.busy_sleep                           354         0.00 Number of requests sent to sleep on busy objhdr
MAIN.busy_wakeup                           354         0.00 Number of requests woken after sleep on busy objhdr
MAIN.sess_queued                           311         0.00 Sessions queued for thread
MAIN.sess_dropped                             0         0.00 Sessions dropped for thread
ACCG.std.total.client_req_count                         18897         0.01 Total number of client requests processed
ACCG.std.total.client_req_hdrbytes                       3755492         2.40 Client request header bytes total
ACCG.std.total.client_req_bodybytes                             0         0.00 Client request body bytes total
ACCG.std.sub.client_req_count                             0         0.00 Total number of client requests processed
ACCG.std.sub.client_req_hdrbytes                             0         0.00 Client request header bytes total
ACCG.std.sub.client_req_bodybytes                             0         0.00 Client request body bytes total
ACCG.private.total.client_req_count                         18897         0.01 Total number of client requests processed
ACCG.private.total.client_req_hdrbytes                       3755492         2.40 Client request header bytes total
ACCG.private.total.client_req_bodybytes                             0         0.00 Client request body bytes total
ACCG.private.sub.client_req_count                             0         0.00 Total number of client requests processed
ACCG.private.sub.client_req_hdrbytes                             0         0.00 Client request header bytes total
ACCG.private.sub.client_req_bodybytes                             0         0.00 Client request body bytes total
ACCG.other.total.client_req_count                             0         0.00 Total number of client requests processed
ACCG.other.total.client_req_hdrbytes                             0         0.00 Client request header bytes total
ACCG.other.total.client_req_bodybytes                             0         0.00 Client request body bytes total
ACCG.other.sub.client_req_count                             0         0.00 Total number of client requests processed
ACCG.other.sub.client_req_hdrbytes                             0         0.00 Client request header bytes total
ACCG.other.sub.client_req_bodybytes                             0         0.00 Client request body bytes total
ACCG.private.oci.client_req_count                         18897         0.01 Total number of client requests processed
ACCG.private.oci.client_req_hdrbytes                       3755492         2.40 Client request header bytes total
ACCG.private.oci.client_req_bodybytes                             0         0.00 Client request body bytes total
--- 13:40:30 ---
MAIN.client_req_400                             0         0.00 Client requests received, subject to 400 errors
MAIN.client_req_417                             0         0.00 Client requests received, subject to 417 errors
MAIN.client_req                         18897         0.01 Good client requests received
MAIN.threads_limited                             0         0.00 Threads hit max
MAIN.threads_created                          1201         0.00 Threads created
MAIN.threads_destroyed                          1001         0.00 Threads destroyed
MAIN.thread_queue_len                             0          .   Length of session queue
MAIN.busy_sleep                           354         0.00 Number of requests sent to sleep on busy objhdr
MAIN.busy_wakeup                           354         0.00 Number of requests woken after sleep on busy objhdr
MAIN.sess_queued                           311         0.00 Sessions queued for thread
MAIN.sess_dropped                             0         0.00 Sessions dropped for thread
ACCG.std.total.client_req_count                         18897         0.01 Total number of client requests processed
ACCG.std.total.client_req_hdrbytes                       3755492         2.40 Client request header bytes total
ACCG.std.total.client_req_bodybytes                             0         0.00 Client request body bytes total
ACCG.std.sub.client_req_count                             0         0.00 Total number of client requests processed
ACCG.std.sub.client_req_hdrbytes                             0         0.00 Client request header bytes total
ACCG.std.sub.client_req_bodybytes                             0         0.00 Client request body bytes total
ACCG.private.total.client_req_count                         18897         0.01 Total number of client requests processed
ACCG.private.total.client_req_hdrbytes                       3755492         2.40 Client request header bytes total
ACCG.private.total.client_req_bodybytes                             0         0.00 Client request body bytes total
ACCG.private.sub.client_req_count                             0         0.00 Total number of client requests processed
ACCG.private.sub.client_req_hdrbytes                             0         0.00 Client request header bytes total
ACCG.private.sub.client_req_bodybytes                             0         0.00 Client request body bytes total
ACCG.other.total.client_req_count                             0         0.00 Total number of client requests processed
ACCG.other.total.client_req_hdrbytes                             0         0.00 Client request header bytes total
ACCG.other.total.client_req_bodybytes                             0         0.00 Client request body bytes total
ACCG.other.sub.client_req_count                             0         0.00 Total number of client requests processed
ACCG.other.sub.client_req_hdrbytes                             0         0.00 Client request header bytes total
ACCG.other.sub.client_req_bodybytes                             0         0.00 Client request body bytes total
ACCG.private.oci.client_req_count                         18897         0.01 Total number of client requests processed
ACCG.private.oci.client_req_hdrbytes                       3755492         2.40 Client request header bytes total
ACCG.private.oci.client_req_bodybytes                             0         0.00 Client request body bytes total
--- 13:40:31 ---
MAIN.client_req_400                             0         0.00 Client requests received, subject to 400 errors
MAIN.client_req_417                             0         0.00 Client requests received, subject to 417 errors
MAIN.client_req                         18897         0.01 Good client requests received
MAIN.threads_limited                             0         0.00 Threads hit max
MAIN.threads_created                          1201         0.00 Threads created
MAIN.threads_destroyed                          1001         0.00 Threads destroyed
MAIN.thread_queue_len                             0          .   Length of session queue
MAIN.busy_sleep                           354         0.00 Number of requests sent to sleep on busy objhdr
MAIN.busy_wakeup                           354         0.00 Number of requests woken after sleep on busy objhdr
MAIN.sess_queued                           311         0.00 Sessions queued for thread
MAIN.sess_dropped                             0         0.00 Sessions dropped for thread
ACCG.std.total.client_req_count                         18897         0.01 Total number of client requests processed
ACCG.std.total.client_req_hdrbytes                       3755492         2.40 Client request header bytes total
ACCG.std.total.client_req_bodybytes                             0         0.00 Client request body bytes total
ACCG.std.sub.client_req_count                             0         0.00 Total number of client requests processed
ACCG.std.sub.client_req_hdrbytes                             0         0.00 Client request header bytes total
ACCG.std.sub.client_req_bodybytes                             0         0.00 Client request body bytes total
ACCG.private.total.client_req_count                         18897         0.01 Total number of client requests processed
ACCG.private.total.client_req_hdrbytes                       3755492         2.40 Client request header bytes total
ACCG.private.total.client_req_bodybytes                             0         0.00 Client request body bytes total
ACCG.private.sub.client_req_count                             0         0.00 Total number of client requests processed
ACCG.private.sub.client_req_hdrbytes                             0         0.00 Client request header bytes total
ACCG.private.sub.client_req_bodybytes                             0         0.00 Client request body bytes total
ACCG.other.total.client_req_count                             0         0.00 Total number of client requests processed
ACCG.other.total.client_req_hdrbytes                             0         0.00 Client request header bytes total
ACCG.other.total.client_req_bodybytes                             0         0.00 Client request body bytes total
ACCG.other.sub.client_req_count                             0         0.00 Total number of client requests processed
ACCG.other.sub.client_req_hdrbytes                             0         0.00 Client request header bytes total
ACCG.other.sub.client_req_bodybytes                             0         0.00 Client request body bytes total
ACCG.private.oci.client_req_count                         18897         0.01 Total number of client requests processed
ACCG.private.oci.client_req_hdrbytes                       3755492         2.40 Client request header bytes total
ACCG.private.oci.client_req_bodybytes                             0         0.00 Client request body bytes total
--- 13:40:32 ---
MAIN.client_req_400                             0         0.00 Client requests received, subject to 400 errors
MAIN.client_req_417                             0         0.00 Client requests received, subject to 417 errors
MAIN.client_req                         18897         0.01 Good client requests received
MAIN.threads_limited                             0         0.00 Threads hit max
MAIN.threads_created                          1201         0.00 Threads created
MAIN.threads_destroyed                          1001         0.00 Threads destroyed
MAIN.thread_queue_len                             0          .   Length of session queue
MAIN.busy_sleep                           354         0.00 Number of requests sent to sleep on busy objhdr
MAIN.busy_wakeup                           354         0.00 Number of requests woken after sleep on busy objhdr
MAIN.sess_queued                           311         0.00 Sessions queued for thread
MAIN.sess_dropped                             0         0.00 Sessions dropped for thread
ACCG.std.total.client_req_count                         18897         0.01 Total number of client requests processed
ACCG.std.total.client_req_hdrbytes                       3755492         2.40 Client request header bytes total
ACCG.std.total.client_req_bodybytes                             0         0.00 Client request body bytes total
ACCG.std.sub.client_req_count                             0         0.00 Total number of client requests processed
ACCG.std.sub.client_req_hdrbytes                             0         0.00 Client request header bytes total
ACCG.std.sub.client_req_bodybytes                             0         0.00 Client request body bytes total
ACCG.private.total.client_req_count                         18897         0.01 Total number of client requests processed
ACCG.private.total.client_req_hdrbytes                       3755492         2.40 Client request header bytes total
ACCG.private.total.client_req_bodybytes                             0         0.00 Client request body bytes total
ACCG.private.sub.client_req_count                             0         0.00 Total number of client requests processed
ACCG.private.sub.client_req_hdrbytes                             0         0.00 Client request header bytes total
ACCG.private.sub.client_req_bodybytes                             0         0.00 Client request body bytes total
ACCG.other.total.client_req_count                             0         0.00 Total number of client requests processed
ACCG.other.total.client_req_hdrbytes                             0         0.00 Client request header bytes total
ACCG.other.total.client_req_bodybytes                             0         0.00 Client request body bytes total
ACCG.other.sub.client_req_count                             0         0.00 Total number of client requests processed
ACCG.other.sub.client_req_hdrbytes                             0         0.00 Client request header bytes total
ACCG.other.sub.client_req_bodybytes                             0         0.00 Client request body bytes total
ACCG.private.oci.client_req_count                         18897         0.01 Total number of client requests processed
ACCG.private.oci.client_req_hdrbytes                       3755492         2.40 Client request header bytes total
ACCG.private.oci.client_req_bodybytes                             0         0.00 Client request body bytes total
--- 13:40:33 ---
MAIN.client_req_400                             0         0.00 Client requests received, subject to 400 errors
MAIN.client_req_417                             0         0.00 Client requests received, subject to 417 errors
MAIN.client_req                         18897         0.01 Good client requests received
MAIN.threads_limited                             0         0.00 Threads hit max
MAIN.threads_created                          1201         0.00 Threads created
MAIN.threads_destroyed                          1001         0.00 Threads destroyed
MAIN.thread_queue_len                             0          .   Length of session queue
MAIN.busy_sleep                           354         0.00 Number of requests sent to sleep on busy objhdr
MAIN.busy_wakeup                           354         0.00 Number of requests woken after sleep on busy objhdr
MAIN.sess_queued                           311         0.00 Sessions queued for thread
MAIN.sess_dropped                             0         0.00 Sessions dropped for thread
ACCG.std.total.client_req_count                         18897         0.01 Total number of client requests processed
ACCG.std.total.client_req_hdrbytes                       3755492         2.40 Client request header bytes total
ACCG.std.total.client_req_bodybytes                             0         0.00 Client request body bytes total
ACCG.std.sub.client_req_count                             0         0.00 Total number of client requests processed
ACCG.std.sub.client_req_hdrbytes                             0         0.00 Client request header bytes total
ACCG.std.sub.client_req_bodybytes                             0         0.00 Client request body bytes total
ACCG.private.total.client_req_count                         18897         0.01 Total number of client requests processed
ACCG.private.total.client_req_hdrbytes                       3755492         2.40 Client request header bytes total
ACCG.private.total.client_req_bodybytes                             0         0.00 Client request body bytes total
ACCG.private.sub.client_req_count                             0         0.00 Total number of client requests processed
ACCG.private.sub.client_req_hdrbytes                             0         0.00 Client request header bytes total
ACCG.private.sub.client_req_bodybytes                             0         0.00 Client request body bytes total
ACCG.other.total.client_req_count                             0         0.00 Total number of client requests processed
ACCG.other.total.client_req_hdrbytes                             0         0.00 Client request header bytes total
ACCG.other.total.client_req_bodybytes                             0         0.00 Client request body bytes total
ACCG.other.sub.client_req_count                             0         0.00 Total number of client requests processed
ACCG.other.sub.client_req_hdrbytes                             0         0.00 Client request header bytes total
ACCG.other.sub.client_req_bodybytes                             0         0.00 Client request body bytes total
ACCG.private.oci.client_req_count                         18897         0.01 Total number of client requests processed
ACCG.private.oci.client_req_hdrbytes                       3755492         2.40 Client request header bytes total
ACCG.private.oci.client_req_bodybytes                             0         0.00 Client request body bytes total
--- 13:40:34 ---
MAIN.client_req_400                             0         0.00 Client requests received, subject to 400 errors
MAIN.client_req_417                             0         0.00 Client requests received, subject to 417 errors
MAIN.client_req                         18897         0.01 Good client requests received
MAIN.threads_limited                             0         0.00 Threads hit max
MAIN.threads_created                          1201         0.00 Threads created
MAIN.threads_destroyed                          1001         0.00 Threads destroyed
MAIN.thread_queue_len                             0          .   Length of session queue
MAIN.busy_sleep                           354         0.00 Number of requests sent to sleep on busy objhdr
MAIN.busy_wakeup                           354         0.00 Number of requests woken after sleep on busy objhdr
MAIN.sess_queued                           311         0.00 Sessions queued for thread
MAIN.sess_dropped                             0         0.00 Sessions dropped for thread
ACCG.std.total.client_req_count                         18897         0.01 Total number of client requests processed
ACCG.std.total.client_req_hdrbytes                       3755492         2.40 Client request header bytes total
ACCG.std.total.client_req_bodybytes                             0         0.00 Client request body bytes total
ACCG.std.sub.client_req_count                             0         0.00 Total number of client requests processed
ACCG.std.sub.client_req_hdrbytes                             0         0.00 Client request header bytes total
ACCG.std.sub.client_req_bodybytes                             0         0.00 Client request body bytes total
ACCG.private.total.client_req_count                         18897         0.01 Total number of client requests processed
ACCG.private.total.client_req_hdrbytes                       3755492         2.40 Client request header bytes total
ACCG.private.total.client_req_bodybytes                             0         0.00 Client request body bytes total
ACCG.private.sub.client_req_count                             0         0.00 Total number of client requests processed
ACCG.private.sub.client_req_hdrbytes                             0         0.00 Client request header bytes total
ACCG.private.sub.client_req_bodybytes                             0         0.00 Client request body bytes total
ACCG.other.total.client_req_count                             0         0.00 Total number of client requests processed
ACCG.other.total.client_req_hdrbytes                             0         0.00 Client request header bytes total
ACCG.other.total.client_req_bodybytes                             0         0.00 Client request body bytes total
ACCG.other.sub.client_req_count                             0         0.00 Total number of client requests processed
ACCG.other.sub.client_req_hdrbytes                             0         0.00 Client request header bytes total
ACCG.other.sub.client_req_bodybytes                             0         0.00 Client request body bytes total
ACCG.private.oci.client_req_count                         18897         0.01 Total number of client requests processed
ACCG.private.oci.client_req_hdrbytes                       3755492         2.40 Client request header bytes total
ACCG.private.oci.client_req_bodybytes                             0         0.00 Client request body bytes total
--- 13:40:35 ---
MAIN.client_req_400                             0         0.00 Client requests received, subject to 400 errors
MAIN.client_req_417                             0         0.00 Client requests received, subject to 417 errors
MAIN.client_req                         18897         0.01 Good client requests received
MAIN.threads_limited                             0         0.00 Threads hit max
MAIN.threads_created                          1201         0.00 Threads created
MAIN.threads_destroyed                          1001         0.00 Threads destroyed
MAIN.thread_queue_len                             0          .   Length of session queue
MAIN.busy_sleep                           354         0.00 Number of requests sent to sleep on busy objhdr
MAIN.busy_wakeup                           354         0.00 Number of requests woken after sleep on busy objhdr
MAIN.sess_queued                           311         0.00 Sessions queued for thread
MAIN.sess_dropped                             0         0.00 Sessions dropped for thread
ACCG.std.total.client_req_count                         18897         0.01 Total number of client requests processed
ACCG.std.total.client_req_hdrbytes                       3755492         2.40 Client request header bytes total
ACCG.std.total.client_req_bodybytes                             0         0.00 Client request body bytes total
ACCG.std.sub.client_req_count                             0         0.00 Total number of client requests processed
ACCG.std.sub.client_req_hdrbytes                             0         0.00 Client request header bytes total
ACCG.std.sub.client_req_bodybytes                             0         0.00 Client request body bytes total
ACCG.private.total.client_req_count                         18897         0.01 Total number of client requests processed
ACCG.private.total.client_req_hdrbytes                       3755492         2.40 Client request header bytes total
ACCG.private.total.client_req_bodybytes                             0         0.00 Client request body bytes total
ACCG.private.sub.client_req_count                             0         0.00 Total number of client requests processed
ACCG.private.sub.client_req_hdrbytes                             0         0.00 Client request header bytes total
ACCG.private.sub.client_req_bodybytes                             0         0.00 Client request body bytes total
ACCG.other.total.client_req_count                             0         0.00 Total number of client requests processed
ACCG.other.total.client_req_hdrbytes                             0         0.00 Client request header bytes total
ACCG.other.total.client_req_bodybytes                             0         0.00 Client request body bytes total
ACCG.other.sub.client_req_count                             0         0.00 Total number of client requests processed
ACCG.other.sub.client_req_hdrbytes                             0         0.00 Client request header bytes total
ACCG.other.sub.client_req_bodybytes                             0         0.00 Client request body bytes total
ACCG.private.oci.client_req_count                         18897         0.01 Total number of client requests processed
ACCG.private.oci.client_req_hdrbytes                       3755492         2.40 Client request header bytes total
ACCG.private.oci.client_req_bodybytes                             0         0.00 Client request body bytes total
--- 13:40:36 ---
MAIN.client_req_400                             0         0.00 Client requests received, subject to 400 errors
MAIN.client_req_417                             0         0.00 Client requests received, subject to 417 errors
MAIN.client_req                         18897         0.01 Good client requests received
MAIN.threads_limited                             0         0.00 Threads hit max
MAIN.threads_created                          1201         0.00 Threads created
MAIN.threads_destroyed                          1001         0.00 Threads destroyed
MAIN.thread_queue_len                             0          .   Length of session queue
MAIN.busy_sleep                           354         0.00 Number of requests sent to sleep on busy objhdr
MAIN.busy_wakeup                           354         0.00 Number of requests woken after sleep on busy objhdr
MAIN.sess_queued                           311         0.00 Sessions queued for thread
MAIN.sess_dropped                             0         0.00 Sessions dropped for thread
ACCG.std.total.client_req_count                         18897         0.01 Total number of client requests processed
ACCG.std.total.client_req_hdrbytes                       3755492         2.40 Client request header bytes total
ACCG.std.total.client_req_bodybytes                             0         0.00 Client request body bytes total
ACCG.std.sub.client_req_count                             0         0.00 Total number of client requests processed
ACCG.std.sub.client_req_hdrbytes                             0         0.00 Client request header bytes total
ACCG.std.sub.client_req_bodybytes                             0         0.00 Client request body bytes total
ACCG.private.total.client_req_count                         18897         0.01 Total number of client requests processed
ACCG.private.total.client_req_hdrbytes                       3755492         2.40 Client request header bytes total
ACCG.private.total.client_req_bodybytes                             0         0.00 Client request body bytes total
ACCG.private.sub.client_req_count                             0         0.00 Total number of client requests processed
ACCG.private.sub.client_req_hdrbytes                             0         0.00 Client request header bytes total
ACCG.private.sub.client_req_bodybytes                             0         0.00 Client request body bytes total
ACCG.other.total.client_req_count                             0         0.00 Total number of client requests processed
ACCG.other.total.client_req_hdrbytes                             0         0.00 Client request header bytes total
ACCG.other.total.client_req_bodybytes                             0         0.00 Client request body bytes total
ACCG.other.sub.client_req_count                             0         0.00 Total number of client requests processed
ACCG.other.sub.client_req_hdrbytes                             0         0.00 Client request header bytes total
ACCG.other.sub.client_req_bodybytes                             0         0.00 Client request body bytes total
ACCG.private.oci.client_req_count                         18897         0.01 Total number of client requests processed
ACCG.private.oci.client_req_hdrbytes                       3755492         2.40 Client request header bytes total
ACCG.private.oci.client_req_bodybytes                             0         0.00 Client request body bytes total
--- 13:40:38 ---
MAIN.client_req_400                             0         0.00 Client requests received, subject to 400 errors
MAIN.client_req_417                             0         0.00 Client requests received, subject to 417 errors
MAIN.client_req                         18897         0.01 Good client requests received
MAIN.threads_limited                             0         0.00 Threads hit max
MAIN.threads_created                          1201         0.00 Threads created
MAIN.threads_destroyed                          1001         0.00 Threads destroyed
MAIN.thread_queue_len                             0          .   Length of session queue
MAIN.busy_sleep                           354         0.00 Number of requests sent to sleep on busy objhdr
MAIN.busy_wakeup                           354         0.00 Number of requests woken after sleep on busy objhdr
MAIN.sess_queued                           311         0.00 Sessions queued for thread
MAIN.sess_dropped                             0         0.00 Sessions dropped for thread
ACCG.std.total.client_req_count                         18897         0.01 Total number of client requests processed
ACCG.std.total.client_req_hdrbytes                       3755492         2.40 Client request header bytes total
ACCG.std.total.client_req_bodybytes                             0         0.00 Client request body bytes total
ACCG.std.sub.client_req_count                             0         0.00 Total number of client requests processed
ACCG.std.sub.client_req_hdrbytes                             0         0.00 Client request header bytes total
ACCG.std.sub.client_req_bodybytes                             0         0.00 Client request body bytes total
ACCG.private.total.client_req_count                         18897         0.01 Total number of client requests processed
ACCG.private.total.client_req_hdrbytes                       3755492         2.40 Client request header bytes total
ACCG.private.total.client_req_bodybytes                             0         0.00 Client request body bytes total
ACCG.private.sub.client_req_count                             0         0.00 Total number of client requests processed
ACCG.private.sub.client_req_hdrbytes                             0         0.00 Client request header bytes total
ACCG.private.sub.client_req_bodybytes                             0         0.00 Client request body bytes total
ACCG.other.total.client_req_count                             0         0.00 Total number of client requests processed
ACCG.other.total.client_req_hdrbytes                             0         0.00 Client request header bytes total
ACCG.other.total.client_req_bodybytes                             0         0.00 Client request body bytes total
ACCG.other.sub.client_req_count                             0         0.00 Total number of client requests processed
ACCG.other.sub.client_req_hdrbytes                             0         0.00 Client request header bytes total
ACCG.other.sub.client_req_bodybytes                             0         0.00 Client request body bytes total
ACCG.private.oci.client_req_count                         18897         0.01 Total number of client requests processed
ACCG.private.oci.client_req_hdrbytes                       3755492         2.40 Client request header bytes total
ACCG.private.oci.client_req_bodybytes                             0         0.00 Client request body bytes total
--- 13:40:39 ---
MAIN.client_req_400                             0         0.00 Client requests received, subject to 400 errors
MAIN.client_req_417                             0         0.00 Client requests received, subject to 417 errors
MAIN.client_req                         18897         0.01 Good client requests received
MAIN.threads_limited                             0         0.00 Threads hit max
MAIN.threads_created                          1201         0.00 Threads created
MAIN.threads_destroyed                          1001         0.00 Threads destroyed
MAIN.thread_queue_len                             0          .   Length of session queue
MAIN.busy_sleep                           354         0.00 Number of requests sent to sleep on busy objhdr
MAIN.busy_wakeup                           354         0.00 Number of requests woken after sleep on busy objhdr
MAIN.sess_queued                           311         0.00 Sessions queued for thread
MAIN.sess_dropped                             0         0.00 Sessions dropped for thread
ACCG.std.total.client_req_count                         18897         0.01 Total number of client requests processed
ACCG.std.total.client_req_hdrbytes                       3755492         2.40 Client request header bytes total
ACCG.std.total.client_req_bodybytes                             0         0.00 Client request body bytes total
ACCG.std.sub.client_req_count                             0         0.00 Total number of client requests processed
ACCG.std.sub.client_req_hdrbytes                             0         0.00 Client request header bytes total
ACCG.std.sub.client_req_bodybytes                             0         0.00 Client request body bytes total
ACCG.private.total.client_req_count                         18897         0.01 Total number of client requests processed
ACCG.private.total.client_req_hdrbytes                       3755492         2.40 Client request header bytes total
ACCG.private.total.client_req_bodybytes                             0         0.00 Client request body bytes total
ACCG.private.sub.client_req_count                             0         0.00 Total number of client requests processed
ACCG.private.sub.client_req_hdrbytes                             0         0.00 Client request header bytes total
ACCG.private.sub.client_req_bodybytes                             0         0.00 Client request body bytes total
ACCG.other.total.client_req_count                             0         0.00 Total number of client requests processed
ACCG.other.total.client_req_hdrbytes                             0         0.00 Client request header bytes total
ACCG.other.total.client_req_bodybytes                             0         0.00 Client request body bytes total
ACCG.other.sub.client_req_count                             0         0.00 Total number of client requests processed
ACCG.other.sub.client_req_hdrbytes                             0         0.00 Client request header bytes total
ACCG.other.sub.client_req_bodybytes                             0         0.00 Client request body bytes total
ACCG.private.oci.client_req_count                         18897         0.01 Total number of client requests processed
ACCG.private.oci.client_req_hdrbytes                       3755492         2.40 Client request header bytes total
ACCG.private.oci.client_req_bodybytes                             0         0.00 Client request body bytes total
--- 13:40:40 ---
MAIN.client_req_400                             0         0.00 Client requests received, subject to 400 errors
MAIN.client_req_417                             0         0.00 Client requests received, subject to 417 errors
MAIN.client_req                         18897         0.01 Good client requests received
MAIN.threads_limited                             0         0.00 Threads hit max
MAIN.threads_created                          1201         0.00 Threads created
MAIN.threads_destroyed                          1001         0.00 Threads destroyed
MAIN.thread_queue_len                             0          .   Length of session queue
MAIN.busy_sleep                           354         0.00 Number of requests sent to sleep on busy objhdr
MAIN.busy_wakeup                           354         0.00 Number of requests woken after sleep on busy objhdr
MAIN.sess_queued                           311         0.00 Sessions queued for thread
MAIN.sess_dropped                             0         0.00 Sessions dropped for thread
ACCG.std.total.client_req_count                         18897         0.01 Total number of client requests processed
ACCG.std.total.client_req_hdrbytes                       3755492         2.40 Client request header bytes total
ACCG.std.total.client_req_bodybytes                             0         0.00 Client request body bytes total
ACCG.std.sub.client_req_count                             0         0.00 Total number of client requests processed
ACCG.std.sub.client_req_hdrbytes                             0         0.00 Client request header bytes total
ACCG.std.sub.client_req_bodybytes                             0         0.00 Client request body bytes total
ACCG.private.total.client_req_count                         18897         0.01 Total number of client requests processed
ACCG.private.total.client_req_hdrbytes                       3755492         2.40 Client request header bytes total
ACCG.private.total.client_req_bodybytes                             0         0.00 Client request body bytes total
ACCG.private.sub.client_req_count                             0         0.00 Total number of client requests processed
ACCG.private.sub.client_req_hdrbytes                             0         0.00 Client request header bytes total
ACCG.private.sub.client_req_bodybytes                             0         0.00 Client request body bytes total
ACCG.other.total.client_req_count                             0         0.00 Total number of client requests processed
ACCG.other.total.client_req_hdrbytes                             0         0.00 Client request header bytes total
ACCG.other.total.client_req_bodybytes                             0         0.00 Client request body bytes total
ACCG.other.sub.client_req_count                             0         0.00 Total number of client requests processed
ACCG.other.sub.client_req_hdrbytes                             0         0.00 Client request header bytes total
ACCG.other.sub.client_req_bodybytes                             0         0.00 Client request body bytes total
ACCG.private.oci.client_req_count                         18897         0.01 Total number of client requests processed
ACCG.private.oci.client_req_hdrbytes                       3755492         2.40 Client request header bytes total
ACCG.private.oci.client_req_bodybytes                             0         0.00 Client request body bytes total
--- 13:40:41 ---
MAIN.client_req_400                             0         0.00 Client requests received, subject to 400 errors
MAIN.client_req_417                             0         0.00 Client requests received, subject to 417 errors
MAIN.client_req                         18897         0.01 Good client requests received
MAIN.threads_limited                             0         0.00 Threads hit max
MAIN.threads_created                          1201         0.00 Threads created
MAIN.threads_destroyed                          1001         0.00 Threads destroyed
MAIN.thread_queue_len                             0          .   Length of session queue
MAIN.busy_sleep                           354         0.00 Number of requests sent to sleep on busy objhdr
MAIN.busy_wakeup                           354         0.00 Number of requests woken after sleep on busy objhdr
MAIN.sess_queued                           311         0.00 Sessions queued for thread
MAIN.sess_dropped                             0         0.00 Sessions dropped for thread
ACCG.std.total.client_req_count                         18897         0.01 Total number of client requests processed
ACCG.std.total.client_req_hdrbytes                       3755492         2.40 Client request header bytes total
ACCG.std.total.client_req_bodybytes                             0         0.00 Client request body bytes total
ACCG.std.sub.client_req_count                             0         0.00 Total number of client requests processed
ACCG.std.sub.client_req_hdrbytes                             0         0.00 Client request header bytes total
ACCG.std.sub.client_req_bodybytes                             0         0.00 Client request body bytes total
ACCG.private.total.client_req_count                         18897         0.01 Total number of client requests processed
ACCG.private.total.client_req_hdrbytes                       3755492         2.40 Client request header bytes total
ACCG.private.total.client_req_bodybytes                             0         0.00 Client request body bytes total
ACCG.private.sub.client_req_count                             0         0.00 Total number of client requests processed
ACCG.private.sub.client_req_hdrbytes                             0         0.00 Client request header bytes total
ACCG.private.sub.client_req_bodybytes                             0         0.00 Client request body bytes total
ACCG.other.total.client_req_count                             0         0.00 Total number of client requests processed
ACCG.other.total.client_req_hdrbytes                             0         0.00 Client request header bytes total
ACCG.other.total.client_req_bodybytes                             0         0.00 Client request body bytes total
ACCG.other.sub.client_req_count                             0         0.00 Total number of client requests processed
ACCG.other.sub.client_req_hdrbytes                             0         0.00 Client request header bytes total
ACCG.other.sub.client_req_bodybytes                             0         0.00 Client request body bytes total
ACCG.private.oci.client_req_count                         18897         0.01 Total number of client requests processed
ACCG.private.oci.client_req_hdrbytes                       3755492         2.40 Client request header bytes total
ACCG.private.oci.client_req_bodybytes                             0         0.00 Client request body bytes total
--- 13:40:42 ---
MAIN.client_req_400                             0         0.00 Client requests received, subject to 400 errors
MAIN.client_req_417                             0         0.00 Client requests received, subject to 417 errors
MAIN.client_req                         18897         0.01 Good client requests received
MAIN.threads_limited                             0         0.00 Threads hit max
MAIN.threads_created                          1201         0.00 Threads created
MAIN.threads_destroyed                          1001         0.00 Threads destroyed
MAIN.thread_queue_len                             0          .   Length of session queue
MAIN.busy_sleep                           354         0.00 Number of requests sent to sleep on busy objhdr
MAIN.busy_wakeup                           354         0.00 Number of requests woken after sleep on busy objhdr
MAIN.sess_queued                           311         0.00 Sessions queued for thread
MAIN.sess_dropped                             0         0.00 Sessions dropped for thread
ACCG.std.total.client_req_count                         18897         0.01 Total number of client requests processed
ACCG.std.total.client_req_hdrbytes                       3755492         2.40 Client request header bytes total
ACCG.std.total.client_req_bodybytes                             0         0.00 Client request body bytes total
ACCG.std.sub.client_req_count                             0         0.00 Total number of client requests processed
ACCG.std.sub.client_req_hdrbytes                             0         0.00 Client request header bytes total
ACCG.std.sub.client_req_bodybytes                             0         0.00 Client request body bytes total
ACCG.private.total.client_req_count                         18897         0.01 Total number of client requests processed
ACCG.private.total.client_req_hdrbytes                       3755492         2.40 Client request header bytes total
ACCG.private.total.client_req_bodybytes                             0         0.00 Client request body bytes total
ACCG.private.sub.client_req_count                             0         0.00 Total number of client requests processed
ACCG.private.sub.client_req_hdrbytes                             0         0.00 Client request header bytes total
ACCG.private.sub.client_req_bodybytes                             0         0.00 Client request body bytes total
ACCG.other.total.client_req_count                             0         0.00 Total number of client requests processed
ACCG.other.total.client_req_hdrbytes                             0         0.00 Client request header bytes total
ACCG.other.total.client_req_bodybytes                             0         0.00 Client request body bytes total
ACCG.other.sub.client_req_count                             0         0.00 Total number of client requests processed
ACCG.other.sub.client_req_hdrbytes                             0         0.00 Client request header bytes total
ACCG.other.sub.client_req_bodybytes                             0         0.00 Client request body bytes total
ACCG.private.oci.client_req_count                         18897         0.01 Total number of client requests processed
ACCG.private.oci.client_req_hdrbytes                       3755492         2.40 Client request header bytes total
ACCG.private.oci.client_req_bodybytes                             0         0.00 Client request body bytes total
--- 13:40:43 ---
MAIN.client_req_400                             0         0.00 Client requests received, subject to 400 errors
MAIN.client_req_417                             0         0.00 Client requests received, subject to 417 errors
MAIN.client_req                         18897         0.01 Good client requests received
MAIN.threads_limited                             0         0.00 Threads hit max
MAIN.threads_created                          1201         0.00 Threads created
MAIN.threads_destroyed                          1001         0.00 Threads destroyed
MAIN.thread_queue_len                             0          .   Length of session queue
MAIN.busy_sleep                           354         0.00 Number of requests sent to sleep on busy objhdr
MAIN.busy_wakeup                           354         0.00 Number of requests woken after sleep on busy objhdr
MAIN.sess_queued                           311         0.00 Sessions queued for thread
MAIN.sess_dropped                             0         0.00 Sessions dropped for thread
ACCG.std.total.client_req_count                         18897         0.01 Total number of client requests processed
ACCG.std.total.client_req_hdrbytes                       3755492         2.40 Client request header bytes total
ACCG.std.total.client_req_bodybytes                             0         0.00 Client request body bytes total
ACCG.std.sub.client_req_count                             0         0.00 Total number of client requests processed
ACCG.std.sub.client_req_hdrbytes                             0         0.00 Client request header bytes total
ACCG.std.sub.client_req_bodybytes                             0         0.00 Client request body bytes total
ACCG.private.total.client_req_count                         18897         0.01 Total number of client requests processed
ACCG.private.total.client_req_hdrbytes                       3755492         2.40 Client request header bytes total
ACCG.private.total.client_req_bodybytes                             0         0.00 Client request body bytes total
ACCG.private.sub.client_req_count                             0         0.00 Total number of client requests processed
ACCG.private.sub.client_req_hdrbytes                             0         0.00 Client request header bytes total
ACCG.private.sub.client_req_bodybytes                             0         0.00 Client request body bytes total
ACCG.other.total.client_req_count                             0         0.00 Total number of client requests processed
ACCG.other.total.client_req_hdrbytes                             0         0.00 Client request header bytes total
ACCG.other.total.client_req_bodybytes                             0         0.00 Client request body bytes total
ACCG.other.sub.client_req_count                             0         0.00 Total number of client requests processed
ACCG.other.sub.client_req_hdrbytes                             0         0.00 Client request header bytes total
ACCG.other.sub.client_req_bodybytes                             0         0.00 Client request body bytes total
ACCG.private.oci.client_req_count                         18897         0.01 Total number of client requests processed
ACCG.private.oci.client_req_hdrbytes                       3755492         2.40 Client request header bytes total
ACCG.private.oci.client_req_bodybytes                             0         0.00 Client request body bytes total
--- 13:40:44 ---
MAIN.client_req_400                             0         0.00 Client requests received, subject to 400 errors
MAIN.client_req_417                             0         0.00 Client requests received, subject to 417 errors
MAIN.client_req                         18897         0.01 Good client requests received
MAIN.threads_limited                             0         0.00 Threads hit max
MAIN.threads_created                          1201         0.00 Threads created
MAIN.threads_destroyed                          1001         0.00 Threads destroyed
MAIN.thread_queue_len                             0          .   Length of session queue
MAIN.busy_sleep                           354         0.00 Number of requests sent to sleep on busy objhdr
MAIN.busy_wakeup                           354         0.00 Number of requests woken after sleep on busy objhdr
MAIN.sess_queued                           311         0.00 Sessions queued for thread
MAIN.sess_dropped                             0         0.00 Sessions dropped for thread
ACCG.std.total.client_req_count                         18897         0.01 Total number of client requests processed
ACCG.std.total.client_req_hdrbytes                       3755492         2.40 Client request header bytes total
ACCG.std.total.client_req_bodybytes                             0         0.00 Client request body bytes total
ACCG.std.sub.client_req_count                             0         0.00 Total number of client requests processed
ACCG.std.sub.client_req_hdrbytes                             0         0.00 Client request header bytes total
ACCG.std.sub.client_req_bodybytes                             0         0.00 Client request body bytes total
ACCG.private.total.client_req_count                         18897         0.01 Total number of client requests processed
ACCG.private.total.client_req_hdrbytes                       3755492         2.40 Client request header bytes total
ACCG.private.total.client_req_bodybytes                             0         0.00 Client request body bytes total
ACCG.private.sub.client_req_count                             0         0.00 Total number of client requests processed
ACCG.private.sub.client_req_hdrbytes                             0         0.00 Client request header bytes total
ACCG.private.sub.client_req_bodybytes                             0         0.00 Client request body bytes total
ACCG.other.total.client_req_count                             0         0.00 Total number of client requests processed
ACCG.other.total.client_req_hdrbytes                             0         0.00 Client request header bytes total
ACCG.other.total.client_req_bodybytes                             0         0.00 Client request body bytes total
ACCG.other.sub.client_req_count                             0         0.00 Total number of client requests processed
ACCG.other.sub.client_req_hdrbytes                             0         0.00 Client request header bytes total
ACCG.other.sub.client_req_bodybytes                             0         0.00 Client request body bytes total
ACCG.private.oci.client_req_count                         18897         0.01 Total number of client requests processed
ACCG.private.oci.client_req_hdrbytes                       3755492         2.40 Client request header bytes total
ACCG.private.oci.client_req_bodybytes                             0         0.00 Client request body bytes total
--- 13:40:45 ---
MAIN.client_req_400                             0         0.00 Client requests received, subject to 400 errors
MAIN.client_req_417                             0         0.00 Client requests received, subject to 417 errors
MAIN.client_req                         18897         0.01 Good client requests received
MAIN.threads_limited                             0         0.00 Threads hit max
MAIN.threads_created                          1201         0.00 Threads created
MAIN.threads_destroyed                          1001         0.00 Threads destroyed
MAIN.thread_queue_len                             0          .   Length of session queue
MAIN.busy_sleep                           354         0.00 Number of requests sent to sleep on busy objhdr
MAIN.busy_wakeup                           354         0.00 Number of requests woken after sleep on busy objhdr
MAIN.sess_queued                           311         0.00 Sessions queued for thread
MAIN.sess_dropped                             0         0.00 Sessions dropped for thread
ACCG.std.total.client_req_count                         18897         0.01 Total number of client requests processed
ACCG.std.total.client_req_hdrbytes                       3755492         2.40 Client request header bytes total
ACCG.std.total.client_req_bodybytes                             0         0.00 Client request body bytes total
ACCG.std.sub.client_req_count                             0         0.00 Total number of client requests processed
ACCG.std.sub.client_req_hdrbytes                             0         0.00 Client request header bytes total
ACCG.std.sub.client_req_bodybytes                             0         0.00 Client request body bytes total
ACCG.private.total.client_req_count                         18897         0.01 Total number of client requests processed
ACCG.private.total.client_req_hdrbytes                       3755492         2.40 Client request header bytes total
ACCG.private.total.client_req_bodybytes                             0         0.00 Client request body bytes total
ACCG.private.sub.client_req_count                             0         0.00 Total number of client requests processed
ACCG.private.sub.client_req_hdrbytes                             0         0.00 Client request header bytes total
ACCG.private.sub.client_req_bodybytes                             0         0.00 Client request body bytes total
ACCG.other.total.client_req_count                             0         0.00 Total number of client requests processed
ACCG.other.total.client_req_hdrbytes                             0         0.00 Client request header bytes total
ACCG.other.total.client_req_bodybytes                             0         0.00 Client request body bytes total
ACCG.other.sub.client_req_count                             0         0.00 Total number of client requests processed
ACCG.other.sub.client_req_hdrbytes                             0         0.00 Client request header bytes total
ACCG.other.sub.client_req_bodybytes                             0         0.00 Client request body bytes total
ACCG.private.oci.client_req_count                         18897         0.01 Total number of client requests processed
ACCG.private.oci.client_req_hdrbytes                       3755492         2.40 Client request header bytes total
ACCG.private.oci.client_req_bodybytes                             0         0.00 Client request body bytes total
--- 13:40:47 ---
MAIN.client_req_400                             0         0.00 Client requests received, subject to 400 errors
MAIN.client_req_417                             0         0.00 Client requests received, subject to 417 errors
MAIN.client_req                         18906         0.01 Good client requests received
MAIN.threads_limited                             0         0.00 Threads hit max
MAIN.threads_created                          1201         0.00 Threads created
MAIN.threads_destroyed                          1001         0.00 Threads destroyed
MAIN.thread_queue_len                             0          .   Length of session queue
MAIN.busy_sleep                           354         0.00 Number of requests sent to sleep on busy objhdr
MAIN.busy_wakeup                           354         0.00 Number of requests woken after sleep on busy objhdr
MAIN.sess_queued                           311         0.00 Sessions queued for thread
MAIN.sess_dropped                             0         0.00 Sessions dropped for thread
ACCG.std.total.client_req_count                         18906         0.01 Total number of client requests processed
ACCG.std.total.client_req_hdrbytes                       3757602         2.40 Client request header bytes total
ACCG.std.total.client_req_bodybytes                             0         0.00 Client request body bytes total
ACCG.std.sub.client_req_count                             0         0.00 Total number of client requests processed
ACCG.std.sub.client_req_hdrbytes                             0         0.00 Client request header bytes total
ACCG.std.sub.client_req_bodybytes                             0         0.00 Client request body bytes total
ACCG.private.total.client_req_count                         18906         0.01 Total number of client requests processed
ACCG.private.total.client_req_hdrbytes                       3757602         2.40 Client request header bytes total
ACCG.private.total.client_req_bodybytes                             0         0.00 Client request body bytes total
ACCG.private.sub.client_req_count                             0         0.00 Total number of client requests processed
ACCG.private.sub.client_req_hdrbytes                             0         0.00 Client request header bytes total
ACCG.private.sub.client_req_bodybytes                             0         0.00 Client request body bytes total
ACCG.other.total.client_req_count                             0         0.00 Total number of client requests processed
ACCG.other.total.client_req_hdrbytes                             0         0.00 Client request header bytes total
ACCG.other.total.client_req_bodybytes                             0         0.00 Client request body bytes total
ACCG.other.sub.client_req_count                             0         0.00 Total number of client requests processed
ACCG.other.sub.client_req_hdrbytes                             0         0.00 Client request header bytes total
ACCG.other.sub.client_req_bodybytes                             0         0.00 Client request body bytes total
ACCG.private.oci.client_req_count                         18906         0.01 Total number of client requests processed
ACCG.private.oci.client_req_hdrbytes                       3757602         2.40 Client request header bytes total
ACCG.private.oci.client_req_bodybytes                             0         0.00 Client request body bytes total
--- 13:40:48 ---
MAIN.client_req_400                             0         0.00 Client requests received, subject to 400 errors
MAIN.client_req_417                             0         0.00 Client requests received, subject to 417 errors
MAIN.client_req                         18906         0.01 Good client requests received
MAIN.threads_limited                             0         0.00 Threads hit max
MAIN.threads_created                          1201         0.00 Threads created
MAIN.threads_destroyed                          1001         0.00 Threads destroyed
MAIN.thread_queue_len                             0          .   Length of session queue
MAIN.busy_sleep                           354         0.00 Number of requests sent to sleep on busy objhdr
MAIN.busy_wakeup                           354         0.00 Number of requests woken after sleep on busy objhdr
MAIN.sess_queued                           311         0.00 Sessions queued for thread
MAIN.sess_dropped                             0         0.00 Sessions dropped for thread
ACCG.std.total.client_req_count                         18906         0.01 Total number of client requests processed
ACCG.std.total.client_req_hdrbytes                       3757602         2.40 Client request header bytes total
ACCG.std.total.client_req_bodybytes                             0         0.00 Client request body bytes total
ACCG.std.sub.client_req_count                             0         0.00 Total number of client requests processed
ACCG.std.sub.client_req_hdrbytes                             0         0.00 Client request header bytes total
ACCG.std.sub.client_req_bodybytes                             0         0.00 Client request body bytes total
ACCG.private.total.client_req_count                         18906         0.01 Total number of client requests processed
ACCG.private.total.client_req_hdrbytes                       3757602         2.40 Client request header bytes total
ACCG.private.total.client_req_bodybytes                             0         0.00 Client request body bytes total
ACCG.private.sub.client_req_count                             0         0.00 Total number of client requests processed
ACCG.private.sub.client_req_hdrbytes                             0         0.00 Client request header bytes total
ACCG.private.sub.client_req_bodybytes                             0         0.00 Client request body bytes total
ACCG.other.total.client_req_count                             0         0.00 Total number of client requests processed
ACCG.other.total.client_req_hdrbytes                             0         0.00 Client request header bytes total
ACCG.other.total.client_req_bodybytes                             0         0.00 Client request body bytes total
ACCG.other.sub.client_req_count                             0         0.00 Total number of client requests processed
ACCG.other.sub.client_req_hdrbytes                             0         0.00 Client request header bytes total
ACCG.other.sub.client_req_bodybytes                             0         0.00 Client request body bytes total
ACCG.private.oci.client_req_count                         18906         0.01 Total number of client requests processed
ACCG.private.oci.client_req_hdrbytes                       3757602         2.40 Client request header bytes total
ACCG.private.oci.client_req_bodybytes                             0         0.00 Client request body bytes total
--- 13:40:49 ---
MAIN.client_req_400                             0         0.00 Client requests received, subject to 400 errors
MAIN.client_req_417                             0         0.00 Client requests received, subject to 417 errors
MAIN.client_req                         18906         0.01 Good client requests received
MAIN.threads_limited                             0         0.00 Threads hit max
MAIN.threads_created                          1201         0.00 Threads created
MAIN.threads_destroyed                          1001         0.00 Threads destroyed
MAIN.thread_queue_len                             0          .   Length of session queue
MAIN.busy_sleep                           354         0.00 Number of requests sent to sleep on busy objhdr
MAIN.busy_wakeup                           354         0.00 Number of requests woken after sleep on busy objhdr
MAIN.sess_queued                           311         0.00 Sessions queued for thread
MAIN.sess_dropped                             0         0.00 Sessions dropped for thread
ACCG.std.total.client_req_count                         18906         0.01 Total number of client requests processed
ACCG.std.total.client_req_hdrbytes                       3757602         2.40 Client request header bytes total
ACCG.std.total.client_req_bodybytes                             0         0.00 Client request body bytes total
ACCG.std.sub.client_req_count                             0         0.00 Total number of client requests processed
ACCG.std.sub.client_req_hdrbytes                             0         0.00 Client request header bytes total
ACCG.std.sub.client_req_bodybytes                             0         0.00 Client request body bytes total
ACCG.private.total.client_req_count                         18906         0.01 Total number of client requests processed
ACCG.private.total.client_req_hdrbytes                       3757602         2.40 Client request header bytes total
ACCG.private.total.client_req_bodybytes                             0         0.00 Client request body bytes total
ACCG.private.sub.client_req_count                             0         0.00 Total number of client requests processed
ACCG.private.sub.client_req_hdrbytes                             0         0.00 Client request header bytes total
ACCG.private.sub.client_req_bodybytes                             0         0.00 Client request body bytes total
ACCG.other.total.client_req_count                             0         0.00 Total number of client requests processed
ACCG.other.total.client_req_hdrbytes                             0         0.00 Client request header bytes total
ACCG.other.total.client_req_bodybytes                             0         0.00 Client request body bytes total
ACCG.other.sub.client_req_count                             0         0.00 Total number of client requests processed
ACCG.other.sub.client_req_hdrbytes                             0         0.00 Client request header bytes total
ACCG.other.sub.client_req_bodybytes                             0         0.00 Client request body bytes total
ACCG.private.oci.client_req_count                         18906         0.01 Total number of client requests processed
ACCG.private.oci.client_req_hdrbytes                       3757602         2.40 Client request header bytes total
ACCG.private.oci.client_req_bodybytes                             0         0.00 Client request body bytes total
--- 13:40:50 ---
MAIN.client_req_400                             0         0.00 Client requests received, subject to 400 errors
MAIN.client_req_417                             0         0.00 Client requests received, subject to 417 errors
MAIN.client_req                         18906         0.01 Good client requests received
MAIN.threads_limited                             0         0.00 Threads hit max
MAIN.threads_created                          1201         0.00 Threads created
MAIN.threads_destroyed                          1001         0.00 Threads destroyed
MAIN.thread_queue_len                             0          .   Length of session queue
MAIN.busy_sleep                           354         0.00 Number of requests sent to sleep on busy objhdr
MAIN.busy_wakeup                           354         0.00 Number of requests woken after sleep on busy objhdr
MAIN.sess_queued                           311         0.00 Sessions queued for thread
MAIN.sess_dropped                             0         0.00 Sessions dropped for thread
ACCG.std.total.client_req_count                         18906         0.01 Total number of client requests processed
ACCG.std.total.client_req_hdrbytes                       3757602         2.40 Client request header bytes total
ACCG.std.total.client_req_bodybytes                             0         0.00 Client request body bytes total
ACCG.std.sub.client_req_count                             0         0.00 Total number of client requests processed
ACCG.std.sub.client_req_hdrbytes                             0         0.00 Client request header bytes total
ACCG.std.sub.client_req_bodybytes                             0         0.00 Client request body bytes total
ACCG.private.total.client_req_count                         18906         0.01 Total number of client requests processed
ACCG.private.total.client_req_hdrbytes                       3757602         2.40 Client request header bytes total
ACCG.private.total.client_req_bodybytes                             0         0.00 Client request body bytes total
ACCG.private.sub.client_req_count                             0         0.00 Total number of client requests processed
ACCG.private.sub.client_req_hdrbytes                             0         0.00 Client request header bytes total
ACCG.private.sub.client_req_bodybytes                             0         0.00 Client request body bytes total
ACCG.other.total.client_req_count                             0         0.00 Total number of client requests processed
ACCG.other.total.client_req_hdrbytes                             0         0.00 Client request header bytes total
ACCG.other.total.client_req_bodybytes                             0         0.00 Client request body bytes total
ACCG.other.sub.client_req_count                             0         0.00 Total number of client requests processed
ACCG.other.sub.client_req_hdrbytes                             0         0.00 Client request header bytes total
ACCG.other.sub.client_req_bodybytes                             0         0.00 Client request body bytes total
ACCG.private.oci.client_req_count                         18906         0.01 Total number of client requests processed
ACCG.private.oci.client_req_hdrbytes                       3757602         2.40 Client request header bytes total
ACCG.private.oci.client_req_bodybytes                             0         0.00 Client request body bytes total
--- 13:40:51 ---
MAIN.client_req_400                             0         0.00 Client requests received, subject to 400 errors
MAIN.client_req_417                             0         0.00 Client requests received, subject to 417 errors
MAIN.client_req                         18906         0.01 Good client requests received
MAIN.threads_limited                             0         0.00 Threads hit max
MAIN.threads_created                          1201         0.00 Threads created
MAIN.threads_destroyed                          1001         0.00 Threads destroyed
MAIN.thread_queue_len                             0          .   Length of session queue
MAIN.busy_sleep                           354         0.00 Number of requests sent to sleep on busy objhdr
MAIN.busy_wakeup                           354         0.00 Number of requests woken after sleep on busy objhdr
MAIN.sess_queued                           311         0.00 Sessions queued for thread
MAIN.sess_dropped                             0         0.00 Sessions dropped for thread
ACCG.std.total.client_req_count                         18906         0.01 Total number of client requests processed
ACCG.std.total.client_req_hdrbytes                       3757602         2.40 Client request header bytes total
ACCG.std.total.client_req_bodybytes                             0         0.00 Client request body bytes total
ACCG.std.sub.client_req_count                             0         0.00 Total number of client requests processed
ACCG.std.sub.client_req_hdrbytes                             0         0.00 Client request header bytes total
ACCG.std.sub.client_req_bodybytes                             0         0.00 Client request body bytes total
ACCG.private.total.client_req_count                         18906         0.01 Total number of client requests processed
ACCG.private.total.client_req_hdrbytes                       3757602         2.40 Client request header bytes total
ACCG.private.total.client_req_bodybytes                             0         0.00 Client request body bytes total
ACCG.private.sub.client_req_count                             0         0.00 Total number of client requests processed
ACCG.private.sub.client_req_hdrbytes                             0         0.00 Client request header bytes total
ACCG.private.sub.client_req_bodybytes                             0         0.00 Client request body bytes total
ACCG.other.total.client_req_count                             0         0.00 Total number of client requests processed
ACCG.other.total.client_req_hdrbytes                             0         0.00 Client request header bytes total
ACCG.other.total.client_req_bodybytes                             0         0.00 Client request body bytes total
ACCG.other.sub.client_req_count                             0         0.00 Total number of client requests processed
ACCG.other.sub.client_req_hdrbytes                             0         0.00 Client request header bytes total
ACCG.other.sub.client_req_bodybytes                             0         0.00 Client request body bytes total
ACCG.private.oci.client_req_count                         18906         0.01 Total number of client requests processed
ACCG.private.oci.client_req_hdrbytes                       3757602         2.40 Client request header bytes total
ACCG.private.oci.client_req_bodybytes                             0         0.00 Client request body bytes total
--- 13:40:52 ---
MAIN.client_req_400                             0         0.00 Client requests received, subject to 400 errors
MAIN.client_req_417                             0         0.00 Client requests received, subject to 417 errors
MAIN.client_req                         18906         0.01 Good client requests received
MAIN.threads_limited                             0         0.00 Threads hit max
MAIN.threads_created                          1201         0.00 Threads created
MAIN.threads_destroyed                          1001         0.00 Threads destroyed
MAIN.thread_queue_len                             0          .   Length of session queue
MAIN.busy_sleep                           354         0.00 Number of requests sent to sleep on busy objhdr
MAIN.busy_wakeup                           354         0.00 Number of requests woken after sleep on busy objhdr
MAIN.sess_queued                           311         0.00 Sessions queued for thread
MAIN.sess_dropped                             0         0.00 Sessions dropped for thread
ACCG.std.total.client_req_count                         18906         0.01 Total number of client requests processed
ACCG.std.total.client_req_hdrbytes                       3757602         2.40 Client request header bytes total
ACCG.std.total.client_req_bodybytes                             0         0.00 Client request body bytes total
ACCG.std.sub.client_req_count                             0         0.00 Total number of client requests processed
ACCG.std.sub.client_req_hdrbytes                             0         0.00 Client request header bytes total
ACCG.std.sub.client_req_bodybytes                             0         0.00 Client request body bytes total
ACCG.private.total.client_req_count                         18906         0.01 Total number of client requests processed
ACCG.private.total.client_req_hdrbytes                       3757602         2.40 Client request header bytes total
ACCG.private.total.client_req_bodybytes                             0         0.00 Client request body bytes total
ACCG.private.sub.client_req_count                             0         0.00 Total number of client requests processed
ACCG.private.sub.client_req_hdrbytes                             0         0.00 Client request header bytes total
ACCG.private.sub.client_req_bodybytes                             0         0.00 Client request body bytes total
ACCG.other.total.client_req_count                             0         0.00 Total number of client requests processed
ACCG.other.total.client_req_hdrbytes                             0         0.00 Client request header bytes total
ACCG.other.total.client_req_bodybytes                             0         0.00 Client request body bytes total
ACCG.other.sub.client_req_count                             0         0.00 Total number of client requests processed
ACCG.other.sub.client_req_hdrbytes                             0         0.00 Client request header bytes total
ACCG.other.sub.client_req_bodybytes                             0         0.00 Client request body bytes total
ACCG.private.oci.client_req_count                         18906         0.01 Total number of client requests processed
ACCG.private.oci.client_req_hdrbytes                       3757602         2.40 Client request header bytes total
ACCG.private.oci.client_req_bodybytes                             0         0.00 Client request body bytes total
--- 13:40:53 ---
MAIN.client_req_400                             0         0.00 Client requests received, subject to 400 errors
MAIN.client_req_417                             0         0.00 Client requests received, subject to 417 errors
MAIN.client_req                         18906         0.01 Good client requests received
MAIN.threads_limited                             0         0.00 Threads hit max
MAIN.threads_created                          1201         0.00 Threads created
MAIN.threads_destroyed                          1001         0.00 Threads destroyed
MAIN.thread_queue_len                             0          .   Length of session queue
MAIN.busy_sleep                           354         0.00 Number of requests sent to sleep on busy objhdr
MAIN.busy_wakeup                           354         0.00 Number of requests woken after sleep on busy objhdr
MAIN.sess_queued                           311         0.00 Sessions queued for thread
MAIN.sess_dropped                             0         0.00 Sessions dropped for thread
ACCG.std.total.client_req_count                         18908         0.01 Total number of client requests processed
ACCG.std.total.client_req_hdrbytes                       3758042         2.40 Client request header bytes total
ACCG.std.total.client_req_bodybytes                             0         0.00 Client request body bytes total
ACCG.std.sub.client_req_count                             0         0.00 Total number of client requests processed
ACCG.std.sub.client_req_hdrbytes                             0         0.00 Client request header bytes total
ACCG.std.sub.client_req_bodybytes                             0         0.00 Client request body bytes total
ACCG.private.total.client_req_count                         18909         0.01 Total number of client requests processed
ACCG.private.total.client_req_hdrbytes                       3758262         2.40 Client request header bytes total
ACCG.private.total.client_req_bodybytes                             0         0.00 Client request body bytes total
ACCG.private.sub.client_req_count                             0         0.00 Total number of client requests processed
ACCG.private.sub.client_req_hdrbytes                             0         0.00 Client request header bytes total
ACCG.private.sub.client_req_bodybytes                             0         0.00 Client request body bytes total
ACCG.other.total.client_req_count                             0         0.00 Total number of client requests processed
ACCG.other.total.client_req_hdrbytes                             0         0.00 Client request header bytes total
ACCG.other.total.client_req_bodybytes                             0         0.00 Client request body bytes total
ACCG.other.sub.client_req_count                             0         0.00 Total number of client requests processed
ACCG.other.sub.client_req_hdrbytes                             0         0.00 Client request header bytes total
ACCG.other.sub.client_req_bodybytes                             0         0.00 Client request body bytes total
ACCG.private.oci.client_req_count                         18909         0.01 Total number of client requests processed
ACCG.private.oci.client_req_hdrbytes                       3758262         2.40 Client request header bytes total
ACCG.private.oci.client_req_bodybytes                             0         0.00 Client request body bytes total
--- 13:40:54 ---
MAIN.client_req_400                             0         0.00 Client requests received, subject to 400 errors
MAIN.client_req_417                             0         0.00 Client requests received, subject to 417 errors
MAIN.client_req                         18914         0.01 Good client requests received
MAIN.threads_limited                             0         0.00 Threads hit max
MAIN.threads_created                          1201         0.00 Threads created
MAIN.threads_destroyed                          1001         0.00 Threads destroyed
MAIN.thread_queue_len                             0          .   Length of session queue
MAIN.busy_sleep                           354         0.00 Number of requests sent to sleep on busy objhdr
MAIN.busy_wakeup                           354         0.00 Number of requests woken after sleep on busy objhdr
MAIN.sess_queued                           311         0.00 Sessions queued for thread
MAIN.sess_dropped                             0         0.00 Sessions dropped for thread
ACCG.std.total.client_req_count                         18914         0.01 Total number of client requests processed
ACCG.std.total.client_req_hdrbytes                       3759362         2.41 Client request header bytes total
ACCG.std.total.client_req_bodybytes                             0         0.00 Client request body bytes total
ACCG.std.sub.client_req_count                             0         0.00 Total number of client requests processed
ACCG.std.sub.client_req_hdrbytes                             0         0.00 Client request header bytes total
ACCG.std.sub.client_req_bodybytes                             0         0.00 Client request body bytes total
ACCG.private.total.client_req_count                         18914         0.01 Total number of client requests processed
ACCG.private.total.client_req_hdrbytes                       3759362         2.41 Client request header bytes total
ACCG.private.total.client_req_bodybytes                             0         0.00 Client request body bytes total
ACCG.private.sub.client_req_count                             0         0.00 Total number of client requests processed
ACCG.private.sub.client_req_hdrbytes                             0         0.00 Client request header bytes total
ACCG.private.sub.client_req_bodybytes                             0         0.00 Client request body bytes total
ACCG.other.total.client_req_count                             0         0.00 Total number of client requests processed
ACCG.other.total.client_req_hdrbytes                             0         0.00 Client request header bytes total
ACCG.other.total.client_req_bodybytes                             0         0.00 Client request body bytes total
ACCG.other.sub.client_req_count                             0         0.00 Total number of client requests processed
ACCG.other.sub.client_req_hdrbytes                             0         0.00 Client request header bytes total
ACCG.other.sub.client_req_bodybytes                             0         0.00 Client request body bytes total
ACCG.private.oci.client_req_count                         18914         0.01 Total number of client requests processed
ACCG.private.oci.client_req_hdrbytes                       3759362         2.41 Client request header bytes total
ACCG.private.oci.client_req_bodybytes                             0         0.00 Client request body bytes total
--- 13:40:55 ---
MAIN.client_req_400                             0         0.00 Client requests received, subject to 400 errors
MAIN.client_req_417                             0         0.00 Client requests received, subject to 417 errors
MAIN.client_req                         18914         0.01 Good client requests received
MAIN.threads_limited                             0         0.00 Threads hit max
MAIN.threads_created                          1201         0.00 Threads created
MAIN.threads_destroyed                          1001         0.00 Threads destroyed
MAIN.thread_queue_len                             0          .   Length of session queue
MAIN.busy_sleep                           354         0.00 Number of requests sent to sleep on busy objhdr
MAIN.busy_wakeup                           354         0.00 Number of requests woken after sleep on busy objhdr
MAIN.sess_queued                           311         0.00 Sessions queued for thread
MAIN.sess_dropped                             0         0.00 Sessions dropped for thread
ACCG.std.total.client_req_count                         18914         0.01 Total number of client requests processed
ACCG.std.total.client_req_hdrbytes                       3759362         2.41 Client request header bytes total
ACCG.std.total.client_req_bodybytes                             0         0.00 Client request body bytes total
ACCG.std.sub.client_req_count                             0         0.00 Total number of client requests processed
ACCG.std.sub.client_req_hdrbytes                             0         0.00 Client request header bytes total
ACCG.std.sub.client_req_bodybytes                             0         0.00 Client request body bytes total
ACCG.private.total.client_req_count                         18914         0.01 Total number of client requests processed
ACCG.private.total.client_req_hdrbytes                       3759362         2.41 Client request header bytes total
ACCG.private.total.client_req_bodybytes                             0         0.00 Client request body bytes total
ACCG.private.sub.client_req_count                             0         0.00 Total number of client requests processed
ACCG.private.sub.client_req_hdrbytes                             0         0.00 Client request header bytes total
ACCG.private.sub.client_req_bodybytes                             0         0.00 Client request body bytes total
ACCG.other.total.client_req_count                             0         0.00 Total number of client requests processed
ACCG.other.total.client_req_hdrbytes                             0         0.00 Client request header bytes total
ACCG.other.total.client_req_bodybytes                             0         0.00 Client request body bytes total
ACCG.other.sub.client_req_count                             0         0.00 Total number of client requests processed
ACCG.other.sub.client_req_hdrbytes                             0         0.00 Client request header bytes total
ACCG.other.sub.client_req_bodybytes                             0         0.00 Client request body bytes total
ACCG.private.oci.client_req_count                         18914         0.01 Total number of client requests processed
ACCG.private.oci.client_req_hdrbytes                       3759362         2.41 Client request header bytes total
ACCG.private.oci.client_req_bodybytes                             0         0.00 Client request body bytes total
--- 13:40:57 ---
MAIN.client_req_400                             0         0.00 Client requests received, subject to 400 errors
MAIN.client_req_417                             0         0.00 Client requests received, subject to 417 errors
MAIN.client_req                         18914         0.01 Good client requests received
MAIN.threads_limited                             0         0.00 Threads hit max
MAIN.threads_created                          1201         0.00 Threads created
MAIN.threads_destroyed                          1001         0.00 Threads destroyed
MAIN.thread_queue_len                             0          .   Length of session queue
MAIN.busy_sleep                           354         0.00 Number of requests sent to sleep on busy objhdr
MAIN.busy_wakeup                           354         0.00 Number of requests woken after sleep on busy objhdr
MAIN.sess_queued                           311         0.00 Sessions queued for thread
MAIN.sess_dropped                             0         0.00 Sessions dropped for thread
ACCG.std.total.client_req_count                         18914         0.01 Total number of client requests processed
ACCG.std.total.client_req_hdrbytes                       3759362         2.41 Client request header bytes total
ACCG.std.total.client_req_bodybytes                             0         0.00 Client request body bytes total
ACCG.std.sub.client_req_count                             0         0.00 Total number of client requests processed
ACCG.std.sub.client_req_hdrbytes                             0         0.00 Client request header bytes total
ACCG.std.sub.client_req_bodybytes                             0         0.00 Client request body bytes total
ACCG.private.total.client_req_count                         18914         0.01 Total number of client requests processed
ACCG.private.total.client_req_hdrbytes                       3759362         2.41 Client request header bytes total
ACCG.private.total.client_req_bodybytes                             0         0.00 Client request body bytes total
ACCG.private.sub.client_req_count                             0         0.00 Total number of client requests processed
ACCG.private.sub.client_req_hdrbytes                             0         0.00 Client request header bytes total
ACCG.private.sub.client_req_bodybytes                             0         0.00 Client request body bytes total
ACCG.other.total.client_req_count                             0         0.00 Total number of client requests processed
ACCG.other.total.client_req_hdrbytes                             0         0.00 Client request header bytes total
ACCG.other.total.client_req_bodybytes                             0         0.00 Client request body bytes total
ACCG.other.sub.client_req_count                             0         0.00 Total number of client requests processed
ACCG.other.sub.client_req_hdrbytes                             0         0.00 Client request header bytes total
ACCG.other.sub.client_req_bodybytes                             0         0.00 Client request body bytes total
ACCG.private.oci.client_req_count                         18914         0.01 Total number of client requests processed
ACCG.private.oci.client_req_hdrbytes                       3759362         2.41 Client request header bytes total
ACCG.private.oci.client_req_bodybytes                             0         0.00 Client request body bytes total
--- 13:40:58 ---
MAIN.client_req_400                             0         0.00 Client requests received, subject to 400 errors
MAIN.client_req_417                             0         0.00 Client requests received, subject to 417 errors
MAIN.client_req                         18914         0.01 Good client requests received
MAIN.threads_limited                             0         0.00 Threads hit max
MAIN.threads_created                          1201         0.00 Threads created
MAIN.threads_destroyed                          1001         0.00 Threads destroyed
MAIN.thread_queue_len                             0          .   Length of session queue
MAIN.busy_sleep                           354         0.00 Number of requests sent to sleep on busy objhdr
MAIN.busy_wakeup                           354         0.00 Number of requests woken after sleep on busy objhdr
MAIN.sess_queued                           311         0.00 Sessions queued for thread
MAIN.sess_dropped                             0         0.00 Sessions dropped for thread
ACCG.std.total.client_req_count                         18914         0.01 Total number of client requests processed
ACCG.std.total.client_req_hdrbytes                       3759362         2.41 Client request header bytes total
ACCG.std.total.client_req_bodybytes                             0         0.00 Client request body bytes total
ACCG.std.sub.client_req_count                             0         0.00 Total number of client requests processed
ACCG.std.sub.client_req_hdrbytes                             0         0.00 Client request header bytes total
ACCG.std.sub.client_req_bodybytes                             0         0.00 Client request body bytes total
ACCG.private.total.client_req_count                         18914         0.01 Total number of client requests processed
ACCG.private.total.client_req_hdrbytes                       3759362         2.41 Client request header bytes total
ACCG.private.total.client_req_bodybytes                             0         0.00 Client request body bytes total
ACCG.private.sub.client_req_count                             0         0.00 Total number of client requests processed
ACCG.private.sub.client_req_hdrbytes                             0         0.00 Client request header bytes total
ACCG.private.sub.client_req_bodybytes                             0         0.00 Client request body bytes total
ACCG.other.total.client_req_count                             0         0.00 Total number of client requests processed
ACCG.other.total.client_req_hdrbytes                             0         0.00 Client request header bytes total
ACCG.other.total.client_req_bodybytes                             0         0.00 Client request body bytes total
ACCG.other.sub.client_req_count                             0         0.00 Total number of client requests processed
ACCG.other.sub.client_req_hdrbytes                             0         0.00 Client request header bytes total
ACCG.other.sub.client_req_bodybytes                             0         0.00 Client request body bytes total
ACCG.private.oci.client_req_count                         18914         0.01 Total number of client requests processed
ACCG.private.oci.client_req_hdrbytes                       3759362         2.41 Client request header bytes total
ACCG.private.oci.client_req_bodybytes                             0         0.00 Client request body bytes total
--- 13:40:59 ---
MAIN.client_req_400                             0         0.00 Client requests received, subject to 400 errors
MAIN.client_req_417                             0         0.00 Client requests received, subject to 417 errors
MAIN.client_req                         18914         0.01 Good client requests received
MAIN.threads_limited                             0         0.00 Threads hit max
MAIN.threads_created                          1201         0.00 Threads created
MAIN.threads_destroyed                          1001         0.00 Threads destroyed
MAIN.thread_queue_len                             0          .   Length of session queue
MAIN.busy_sleep                           354         0.00 Number of requests sent to sleep on busy objhdr
MAIN.busy_wakeup                           354         0.00 Number of requests woken after sleep on busy objhdr
MAIN.sess_queued                           311         0.00 Sessions queued for thread
MAIN.sess_dropped                             0         0.00 Sessions dropped for thread
ACCG.std.total.client_req_count                         18914         0.01 Total number of client requests processed
ACCG.std.total.client_req_hdrbytes                       3759362         2.41 Client request header bytes total
ACCG.std.total.client_req_bodybytes                             0         0.00 Client request body bytes total
ACCG.std.sub.client_req_count                             0         0.00 Total number of client requests processed
ACCG.std.sub.client_req_hdrbytes                             0         0.00 Client request header bytes total
ACCG.std.sub.client_req_bodybytes                             0         0.00 Client request body bytes total
ACCG.private.total.client_req_count                         18914         0.01 Total number of client requests processed
ACCG.private.total.client_req_hdrbytes                       3759362         2.41 Client request header bytes total
ACCG.private.total.client_req_bodybytes                             0         0.00 Client request body bytes total
ACCG.private.sub.client_req_count                             0         0.00 Total number of client requests processed
ACCG.private.sub.client_req_hdrbytes                             0         0.00 Client request header bytes total
ACCG.private.sub.client_req_bodybytes                             0         0.00 Client request body bytes total
ACCG.other.total.client_req_count                             0         0.00 Total number of client requests processed
ACCG.other.total.client_req_hdrbytes                             0         0.00 Client request header bytes total
ACCG.other.total.client_req_bodybytes                             0         0.00 Client request body bytes total
ACCG.other.sub.client_req_count                             0         0.00 Total number of client requests processed
ACCG.other.sub.client_req_hdrbytes                             0         0.00 Client request header bytes total
ACCG.other.sub.client_req_bodybytes                             0         0.00 Client request body bytes total
ACCG.private.oci.client_req_count                         18914         0.01 Total number of client requests processed
ACCG.private.oci.client_req_hdrbytes                       3759362         2.41 Client request header bytes total
ACCG.private.oci.client_req_bodybytes                             0         0.00 Client request body bytes total
--- 13:41:00 ---
MAIN.client_req_400                             0         0.00 Client requests received, subject to 400 errors
MAIN.client_req_417                             0         0.00 Client requests received, subject to 417 errors
MAIN.client_req                         18914         0.01 Good client requests received
MAIN.threads_limited                             0         0.00 Threads hit max
MAIN.threads_created                          1201         0.00 Threads created
MAIN.threads_destroyed                          1001         0.00 Threads destroyed
MAIN.thread_queue_len                             0          .   Length of session queue
MAIN.busy_sleep                           354         0.00 Number of requests sent to sleep on busy objhdr
MAIN.busy_wakeup                           354         0.00 Number of requests woken after sleep on busy objhdr
MAIN.sess_queued                           311         0.00 Sessions queued for thread
MAIN.sess_dropped                             0         0.00 Sessions dropped for thread
ACCG.std.total.client_req_count                         18914         0.01 Total number of client requests processed
ACCG.std.total.client_req_hdrbytes                       3759362         2.41 Client request header bytes total
ACCG.std.total.client_req_bodybytes                             0         0.00 Client request body bytes total
ACCG.std.sub.client_req_count                             0         0.00 Total number of client requests processed
ACCG.std.sub.client_req_hdrbytes                             0         0.00 Client request header bytes total
ACCG.std.sub.client_req_bodybytes                             0         0.00 Client request body bytes total
ACCG.private.total.client_req_count                         18914         0.01 Total number of client requests processed
ACCG.private.total.client_req_hdrbytes                       3759362         2.41 Client request header bytes total
ACCG.private.total.client_req_bodybytes                             0         0.00 Client request body bytes total
ACCG.private.sub.client_req_count                             0         0.00 Total number of client requests processed
ACCG.private.sub.client_req_hdrbytes                             0         0.00 Client request header bytes total
ACCG.private.sub.client_req_bodybytes                             0         0.00 Client request body bytes total
ACCG.other.total.client_req_count                             0         0.00 Total number of client requests processed
ACCG.other.total.client_req_hdrbytes                             0         0.00 Client request header bytes total
ACCG.other.total.client_req_bodybytes                             0         0.00 Client request body bytes total
ACCG.other.sub.client_req_count                             0         0.00 Total number of client requests processed
ACCG.other.sub.client_req_hdrbytes                             0         0.00 Client request header bytes total
ACCG.other.sub.client_req_bodybytes                             0         0.00 Client request body bytes total
ACCG.private.oci.client_req_count                         18914         0.01 Total number of client requests processed
ACCG.private.oci.client_req_hdrbytes                       3759362         2.41 Client request header bytes total
ACCG.private.oci.client_req_bodybytes                             0         0.00 Client request body bytes total
--- 13:41:01 ---
MAIN.client_req_400                             0         0.00 Client requests received, subject to 400 errors
MAIN.client_req_417                             0         0.00 Client requests received, subject to 417 errors
MAIN.client_req                         18914         0.01 Good client requests received
MAIN.threads_limited                             0         0.00 Threads hit max
MAIN.threads_created                          1201         0.00 Threads created
MAIN.threads_destroyed                          1001         0.00 Threads destroyed
MAIN.thread_queue_len                             0          .   Length of session queue
MAIN.busy_sleep                           354         0.00 Number of requests sent to sleep on busy objhdr
MAIN.busy_wakeup                           354         0.00 Number of requests woken after sleep on busy objhdr
MAIN.sess_queued                           311         0.00 Sessions queued for thread
MAIN.sess_dropped                             0         0.00 Sessions dropped for thread
ACCG.std.total.client_req_count                         18914         0.01 Total number of client requests processed
ACCG.std.total.client_req_hdrbytes                       3759362         2.41 Client request header bytes total
ACCG.std.total.client_req_bodybytes                             0         0.00 Client request body bytes total
ACCG.std.sub.client_req_count                             0         0.00 Total number of client requests processed
ACCG.std.sub.client_req_hdrbytes                             0         0.00 Client request header bytes total
ACCG.std.sub.client_req_bodybytes                             0         0.00 Client request body bytes total
ACCG.private.total.client_req_count                         18914         0.01 Total number of client requests processed
ACCG.private.total.client_req_hdrbytes                       3759362         2.41 Client request header bytes total
ACCG.private.total.client_req_bodybytes                             0         0.00 Client request body bytes total
ACCG.private.sub.client_req_count                             0         0.00 Total number of client requests processed
ACCG.private.sub.client_req_hdrbytes                             0         0.00 Client request header bytes total
ACCG.private.sub.client_req_bodybytes                             0         0.00 Client request body bytes total
ACCG.other.total.client_req_count                             0         0.00 Total number of client requests processed
ACCG.other.total.client_req_hdrbytes                             0         0.00 Client request header bytes total
ACCG.other.total.client_req_bodybytes                             0         0.00 Client request body bytes total
ACCG.other.sub.client_req_count                             0         0.00 Total number of client requests processed
ACCG.other.sub.client_req_hdrbytes                             0         0.00 Client request header bytes total
ACCG.other.sub.client_req_bodybytes                             0         0.00 Client request body bytes total
ACCG.private.oci.client_req_count                         18914         0.01 Total number of client requests processed
ACCG.private.oci.client_req_hdrbytes                       3759362         2.41 Client request header bytes total
ACCG.private.oci.client_req_bodybytes                             0         0.00 Client request body bytes total
--- 13:41:02 ---
MAIN.client_req_400                             0         0.00 Client requests received, subject to 400 errors
MAIN.client_req_417                             0         0.00 Client requests received, subject to 417 errors
MAIN.client_req                         18914         0.01 Good client requests received
MAIN.threads_limited                             0         0.00 Threads hit max
MAIN.threads_created                          1201         0.00 Threads created
MAIN.threads_destroyed                          1001         0.00 Threads destroyed
MAIN.thread_queue_len                             0          .   Length of session queue
MAIN.busy_sleep                           354         0.00 Number of requests sent to sleep on busy objhdr
MAIN.busy_wakeup                           354         0.00 Number of requests woken after sleep on busy objhdr
MAIN.sess_queued                           311         0.00 Sessions queued for thread
MAIN.sess_dropped                             0         0.00 Sessions dropped for thread
ACCG.std.total.client_req_count                         18914         0.01 Total number of client requests processed
ACCG.std.total.client_req_hdrbytes                       3759362         2.41 Client request header bytes total
ACCG.std.total.client_req_bodybytes                             0         0.00 Client request body bytes total
ACCG.std.sub.client_req_count                             0         0.00 Total number of client requests processed
ACCG.std.sub.client_req_hdrbytes                             0         0.00 Client request header bytes total
ACCG.std.sub.client_req_bodybytes                             0         0.00 Client request body bytes total
ACCG.private.total.client_req_count                         18914         0.01 Total number of client requests processed
ACCG.private.total.client_req_hdrbytes                       3759362         2.41 Client request header bytes total
ACCG.private.total.client_req_bodybytes                             0         0.00 Client request body bytes total
ACCG.private.sub.client_req_count                             0         0.00 Total number of client requests processed
ACCG.private.sub.client_req_hdrbytes                             0         0.00 Client request header bytes total
ACCG.private.sub.client_req_bodybytes                             0         0.00 Client request body bytes total
ACCG.other.total.client_req_count                             0         0.00 Total number of client requests processed
ACCG.other.total.client_req_hdrbytes                             0         0.00 Client request header bytes total
ACCG.other.total.client_req_bodybytes                             0         0.00 Client request body bytes total
ACCG.other.sub.client_req_count                             0         0.00 Total number of client requests processed
ACCG.other.sub.client_req_hdrbytes                             0         0.00 Client request header bytes total
ACCG.other.sub.client_req_bodybytes                             0         0.00 Client request body bytes total
ACCG.private.oci.client_req_count                         18914         0.01 Total number of client requests processed
ACCG.private.oci.client_req_hdrbytes                       3759362         2.41 Client request header bytes total
ACCG.private.oci.client_req_bodybytes                             0         0.00 Client request body bytes total
--- 13:41:03 ---
MAIN.client_req_400                             0         0.00 Client requests received, subject to 400 errors
MAIN.client_req_417                             0         0.00 Client requests received, subject to 417 errors
MAIN.client_req                         18914         0.01 Good client requests received
MAIN.threads_limited                             0         0.00 Threads hit max
MAIN.threads_created                          1201         0.00 Threads created
MAIN.threads_destroyed                          1001         0.00 Threads destroyed
MAIN.thread_queue_len                             0          .   Length of session queue
MAIN.busy_sleep                           354         0.00 Number of requests sent to sleep on busy objhdr
MAIN.busy_wakeup                           354         0.00 Number of requests woken after sleep on busy objhdr
MAIN.sess_queued                           311         0.00 Sessions queued for thread
MAIN.sess_dropped                             0         0.00 Sessions dropped for thread
ACCG.std.total.client_req_count                         18914         0.01 Total number of client requests processed
ACCG.std.total.client_req_hdrbytes                       3759362         2.41 Client request header bytes total
ACCG.std.total.client_req_bodybytes                             0         0.00 Client request body bytes total
ACCG.std.sub.client_req_count                             0         0.00 Total number of client requests processed
ACCG.std.sub.client_req_hdrbytes                             0         0.00 Client request header bytes total
ACCG.std.sub.client_req_bodybytes                             0         0.00 Client request body bytes total
ACCG.private.total.client_req_count                         18914         0.01 Total number of client requests processed
ACCG.private.total.client_req_hdrbytes                       3759362         2.41 Client request header bytes total
ACCG.private.total.client_req_bodybytes                             0         0.00 Client request body bytes total
ACCG.private.sub.client_req_count                             0         0.00 Total number of client requests processed
ACCG.private.sub.client_req_hdrbytes                             0         0.00 Client request header bytes total
ACCG.private.sub.client_req_bodybytes                             0         0.00 Client request body bytes total
ACCG.other.total.client_req_count                             0         0.00 Total number of client requests processed
ACCG.other.total.client_req_hdrbytes                             0         0.00 Client request header bytes total
ACCG.other.total.client_req_bodybytes                             0         0.00 Client request body bytes total
ACCG.other.sub.client_req_count                             0         0.00 Total number of client requests processed
ACCG.other.sub.client_req_hdrbytes                             0         0.00 Client request header bytes total
ACCG.other.sub.client_req_bodybytes                             0         0.00 Client request body bytes total
ACCG.private.oci.client_req_count                         18914         0.01 Total number of client requests processed
ACCG.private.oci.client_req_hdrbytes                       3759362         2.41 Client request header bytes total
ACCG.private.oci.client_req_bodybytes                             0         0.00 Client request body bytes total
--- 13:41:04 ---
MAIN.client_req_400                             0         0.00 Client requests received, subject to 400 errors
MAIN.client_req_417                             0         0.00 Client requests received, subject to 417 errors
MAIN.client_req                         18914         0.01 Good client requests received
MAIN.threads_limited                             0         0.00 Threads hit max
MAIN.threads_created                          1201         0.00 Threads created
MAIN.threads_destroyed                          1001         0.00 Threads destroyed
MAIN.thread_queue_len                             0          .   Length of session queue
MAIN.busy_sleep                           354         0.00 Number of requests sent to sleep on busy objhdr
MAIN.busy_wakeup                           354         0.00 Number of requests woken after sleep on busy objhdr
MAIN.sess_queued                           311         0.00 Sessions queued for thread
MAIN.sess_dropped                             0         0.00 Sessions dropped for thread
ACCG.std.total.client_req_count                         18964         0.01 Total number of client requests processed
ACCG.std.total.client_req_hdrbytes                       3770362         2.41 Client request header bytes total
ACCG.std.total.client_req_bodybytes                             0         0.00 Client request body bytes total
ACCG.std.sub.client_req_count                             0         0.00 Total number of client requests processed
ACCG.std.sub.client_req_hdrbytes                             0         0.00 Client request header bytes total
ACCG.std.sub.client_req_bodybytes                             0         0.00 Client request body bytes total
ACCG.private.total.client_req_count                         18964         0.01 Total number of client requests processed
ACCG.private.total.client_req_hdrbytes                       3770362         2.41 Client request header bytes total
ACCG.private.total.client_req_bodybytes                             0         0.00 Client request body bytes total
ACCG.private.sub.client_req_count                             0         0.00 Total number of client requests processed
ACCG.private.sub.client_req_hdrbytes                             0         0.00 Client request header bytes total
ACCG.private.sub.client_req_bodybytes                             0         0.00 Client request body bytes total
ACCG.other.total.client_req_count                             0         0.00 Total number of client requests processed
ACCG.other.total.client_req_hdrbytes                             0         0.00 Client request header bytes total
ACCG.other.total.client_req_bodybytes                             0         0.00 Client request body bytes total
ACCG.other.sub.client_req_count                             0         0.00 Total number of client requests processed
ACCG.other.sub.client_req_hdrbytes                             0         0.00 Client request header bytes total
ACCG.other.sub.client_req_bodybytes                             0         0.00 Client request body bytes total
ACCG.private.oci.client_req_count                         18964         0.01 Total number of client requests processed
ACCG.private.oci.client_req_hdrbytes                       3770362         2.41 Client request header bytes total
ACCG.private.oci.client_req_bodybytes                             0         0.00 Client request body bytes total
--- 13:41:05 ---
MAIN.client_req_400                             0         0.00 Client requests received, subject to 400 errors
MAIN.client_req_417                             0         0.00 Client requests received, subject to 417 errors
MAIN.client_req                         18914         0.01 Good client requests received
MAIN.threads_limited                             0         0.00 Threads hit max
MAIN.threads_created                          1201         0.00 Threads created
MAIN.threads_destroyed                          1001         0.00 Threads destroyed
MAIN.thread_queue_len                             0          .   Length of session queue
MAIN.busy_sleep                           354         0.00 Number of requests sent to sleep on busy objhdr
MAIN.busy_wakeup                           354         0.00 Number of requests woken after sleep on busy objhdr
MAIN.sess_queued                           311         0.00 Sessions queued for thread
MAIN.sess_dropped                             0         0.00 Sessions dropped for thread
ACCG.std.total.client_req_count                         18984         0.01 Total number of client requests processed
ACCG.std.total.client_req_hdrbytes                       3774762         2.42 Client request header bytes total
ACCG.std.total.client_req_bodybytes                             0         0.00 Client request body bytes total
ACCG.std.sub.client_req_count                             0         0.00 Total number of client requests processed
ACCG.std.sub.client_req_hdrbytes                             0         0.00 Client request header bytes total
ACCG.std.sub.client_req_bodybytes                             0         0.00 Client request body bytes total
ACCG.private.total.client_req_count                         18984         0.01 Total number of client requests processed
ACCG.private.total.client_req_hdrbytes                       3774762         2.42 Client request header bytes total
ACCG.private.total.client_req_bodybytes                             0         0.00 Client request body bytes total
ACCG.private.sub.client_req_count                             0         0.00 Total number of client requests processed
ACCG.private.sub.client_req_hdrbytes                             0         0.00 Client request header bytes total
ACCG.private.sub.client_req_bodybytes                             0         0.00 Client request body bytes total
ACCG.other.total.client_req_count                             0         0.00 Total number of client requests processed
ACCG.other.total.client_req_hdrbytes                             0         0.00 Client request header bytes total
ACCG.other.total.client_req_bodybytes                             0         0.00 Client request body bytes total
ACCG.other.sub.client_req_count                             0         0.00 Total number of client requests processed
ACCG.other.sub.client_req_hdrbytes                             0         0.00 Client request header bytes total
ACCG.other.sub.client_req_bodybytes                             0         0.00 Client request body bytes total
ACCG.private.oci.client_req_count                         18984         0.01 Total number of client requests processed
ACCG.private.oci.client_req_hdrbytes                       3774762         2.42 Client request header bytes total
ACCG.private.oci.client_req_bodybytes                             0         0.00 Client request body bytes total
--- 13:41:07 ---
MAIN.client_req_400                             0         0.00 Client requests received, subject to 400 errors
MAIN.client_req_417                             0         0.00 Client requests received, subject to 417 errors
MAIN.client_req                         19014         0.01 Good client requests received
MAIN.threads_limited                             0         0.00 Threads hit max
MAIN.threads_created                          1201         0.00 Threads created
MAIN.threads_destroyed                          1001         0.00 Threads destroyed
MAIN.thread_queue_len                             0          .   Length of session queue
MAIN.busy_sleep                           354         0.00 Number of requests sent to sleep on busy objhdr
MAIN.busy_wakeup                           354         0.00 Number of requests woken after sleep on busy objhdr
MAIN.sess_queued                           311         0.00 Sessions queued for thread
MAIN.sess_dropped                             0         0.00 Sessions dropped for thread
ACCG.std.total.client_req_count                         19017         0.01 Total number of client requests processed
ACCG.std.total.client_req_hdrbytes                       3782022         2.42 Client request header bytes total
ACCG.std.total.client_req_bodybytes                             0         0.00 Client request body bytes total
ACCG.std.sub.client_req_count                             0         0.00 Total number of client requests processed
ACCG.std.sub.client_req_hdrbytes                             0         0.00 Client request header bytes total
ACCG.std.sub.client_req_bodybytes                             0         0.00 Client request body bytes total
ACCG.private.total.client_req_count                         19017         0.01 Total number of client requests processed
ACCG.private.total.client_req_hdrbytes                       3782022         2.42 Client request header bytes total
ACCG.private.total.client_req_bodybytes                             0         0.00 Client request body bytes total
ACCG.private.sub.client_req_count                             0         0.00 Total number of client requests processed
ACCG.private.sub.client_req_hdrbytes                             0         0.00 Client request header bytes total
ACCG.private.sub.client_req_bodybytes                             0         0.00 Client request body bytes total
ACCG.other.total.client_req_count                             0         0.00 Total number of client requests processed
ACCG.other.total.client_req_hdrbytes                             0         0.00 Client request header bytes total
ACCG.other.total.client_req_bodybytes                             0         0.00 Client request body bytes total
ACCG.other.sub.client_req_count                             0         0.00 Total number of client requests processed
ACCG.other.sub.client_req_hdrbytes                             0         0.00 Client request header bytes total
ACCG.other.sub.client_req_bodybytes                             0         0.00 Client request body bytes total
ACCG.private.oci.client_req_count                         19017         0.01 Total number of client requests processed
ACCG.private.oci.client_req_hdrbytes                       3782022         2.42 Client request header bytes total
ACCG.private.oci.client_req_bodybytes                             0         0.00 Client request body bytes total
--- 13:41:08 ---
MAIN.client_req_400                             0         0.00 Client requests received, subject to 400 errors
MAIN.client_req_417                             0         0.00 Client requests received, subject to 417 errors
MAIN.client_req                         19064         0.01 Good client requests received
MAIN.threads_limited                             0         0.00 Threads hit max
MAIN.threads_created                          1201         0.00 Threads created
MAIN.threads_destroyed                          1001         0.00 Threads destroyed
MAIN.thread_queue_len                             0          .   Length of session queue
MAIN.busy_sleep                           354         0.00 Number of requests sent to sleep on busy objhdr
MAIN.busy_wakeup                           354         0.00 Number of requests woken after sleep on busy objhdr
MAIN.sess_queued                           311         0.00 Sessions queued for thread
MAIN.sess_dropped                             0         0.00 Sessions dropped for thread
ACCG.std.total.client_req_count                         19064         0.01 Total number of client requests processed
ACCG.std.total.client_req_hdrbytes                       3792362         2.43 Client request header bytes total
ACCG.std.total.client_req_bodybytes                             0         0.00 Client request body bytes total
ACCG.std.sub.client_req_count                             0         0.00 Total number of client requests processed
ACCG.std.sub.client_req_hdrbytes                             0         0.00 Client request header bytes total
ACCG.std.sub.client_req_bodybytes                             0         0.00 Client request body bytes total
ACCG.private.total.client_req_count                         19064         0.01 Total number of client requests processed
ACCG.private.total.client_req_hdrbytes                       3792362         2.43 Client request header bytes total
ACCG.private.total.client_req_bodybytes                             0         0.00 Client request body bytes total
ACCG.private.sub.client_req_count                             0         0.00 Total number of client requests processed
ACCG.private.sub.client_req_hdrbytes                             0         0.00 Client request header bytes total
ACCG.private.sub.client_req_bodybytes                             0         0.00 Client request body bytes total
ACCG.other.total.client_req_count                             0         0.00 Total number of client requests processed
ACCG.other.total.client_req_hdrbytes                             0         0.00 Client request header bytes total
ACCG.other.total.client_req_bodybytes                             0         0.00 Client request body bytes total
ACCG.other.sub.client_req_count                             0         0.00 Total number of client requests processed
ACCG.other.sub.client_req_hdrbytes                             0         0.00 Client request header bytes total
ACCG.other.sub.client_req_bodybytes                             0         0.00 Client request body bytes total
ACCG.private.oci.client_req_count                         19064         0.01 Total number of client requests processed
ACCG.private.oci.client_req_hdrbytes                       3792362         2.43 Client request header bytes total
ACCG.private.oci.client_req_bodybytes                             0         0.00 Client request body bytes total
--- 13:41:09 ---
MAIN.client_req_400                             0         0.00 Client requests received, subject to 400 errors
MAIN.client_req_417                             0         0.00 Client requests received, subject to 417 errors
MAIN.client_req                         19064         0.01 Good client requests received
MAIN.threads_limited                             0         0.00 Threads hit max
MAIN.threads_created                          1201         0.00 Threads created
MAIN.threads_destroyed                          1001         0.00 Threads destroyed
MAIN.thread_queue_len                             0          .   Length of session queue
MAIN.busy_sleep                           354         0.00 Number of requests sent to sleep on busy objhdr
MAIN.busy_wakeup                           354         0.00 Number of requests woken after sleep on busy objhdr
MAIN.sess_queued                           311         0.00 Sessions queued for thread
MAIN.sess_dropped                             0         0.00 Sessions dropped for thread
ACCG.std.total.client_req_count                         19064         0.01 Total number of client requests processed
ACCG.std.total.client_req_hdrbytes                       3792362         2.43 Client request header bytes total
ACCG.std.total.client_req_bodybytes                             0         0.00 Client request body bytes total
ACCG.std.sub.client_req_count                             0         0.00 Total number of client requests processed
ACCG.std.sub.client_req_hdrbytes                             0         0.00 Client request header bytes total
ACCG.std.sub.client_req_bodybytes                             0         0.00 Client request body bytes total
ACCG.private.total.client_req_count                         19064         0.01 Total number of client requests processed
ACCG.private.total.client_req_hdrbytes                       3792362         2.43 Client request header bytes total
ACCG.private.total.client_req_bodybytes                             0         0.00 Client request body bytes total
ACCG.private.sub.client_req_count                             0         0.00 Total number of client requests processed
ACCG.private.sub.client_req_hdrbytes                             0         0.00 Client request header bytes total
ACCG.private.sub.client_req_bodybytes                             0         0.00 Client request body bytes total
ACCG.other.total.client_req_count                             0         0.00 Total number of client requests processed
ACCG.other.total.client_req_hdrbytes                             0         0.00 Client request header bytes total
ACCG.other.total.client_req_bodybytes                             0         0.00 Client request body bytes total
ACCG.other.sub.client_req_count                             0         0.00 Total number of client requests processed
ACCG.other.sub.client_req_hdrbytes                             0         0.00 Client request header bytes total
ACCG.other.sub.client_req_bodybytes                             0         0.00 Client request body bytes total
ACCG.private.oci.client_req_count                         19064         0.01 Total number of client requests processed
ACCG.private.oci.client_req_hdrbytes                       3792362         2.43 Client request header bytes total
ACCG.private.oci.client_req_bodybytes                             0         0.00 Client request body bytes total
--- 13:41:10 ---
MAIN.client_req_400                             0         0.00 Client requests received, subject to 400 errors
MAIN.client_req_417                             0         0.00 Client requests received, subject to 417 errors
MAIN.client_req                         19114         0.01 Good client requests received
MAIN.threads_limited                             0         0.00 Threads hit max
MAIN.threads_created                          1201         0.00 Threads created
MAIN.threads_destroyed                          1001         0.00 Threads destroyed
MAIN.thread_queue_len                             0          .   Length of session queue
MAIN.busy_sleep                           354         0.00 Number of requests sent to sleep on busy objhdr
MAIN.busy_wakeup                           354         0.00 Number of requests woken after sleep on busy objhdr
MAIN.sess_queued                           311         0.00 Sessions queued for thread
MAIN.sess_dropped                             0         0.00 Sessions dropped for thread
ACCG.std.total.client_req_count                         19114         0.01 Total number of client requests processed
ACCG.std.total.client_req_hdrbytes                       3803362         2.43 Client request header bytes total
ACCG.std.total.client_req_bodybytes                             0         0.00 Client request body bytes total
ACCG.std.sub.client_req_count                             0         0.00 Total number of client requests processed
ACCG.std.sub.client_req_hdrbytes                             0         0.00 Client request header bytes total
ACCG.std.sub.client_req_bodybytes                             0         0.00 Client request body bytes total
ACCG.private.total.client_req_count                         19114         0.01 Total number of client requests processed
ACCG.private.total.client_req_hdrbytes                       3803362         2.43 Client request header bytes total
ACCG.private.total.client_req_bodybytes                             0         0.00 Client request body bytes total
ACCG.private.sub.client_req_count                             0         0.00 Total number of client requests processed
ACCG.private.sub.client_req_hdrbytes                             0         0.00 Client request header bytes total
ACCG.private.sub.client_req_bodybytes                             0         0.00 Client request body bytes total
ACCG.other.total.client_req_count                             0         0.00 Total number of client requests processed
ACCG.other.total.client_req_hdrbytes                             0         0.00 Client request header bytes total
ACCG.other.total.client_req_bodybytes                             0         0.00 Client request body bytes total
ACCG.other.sub.client_req_count                             0         0.00 Total number of client requests processed
ACCG.other.sub.client_req_hdrbytes                             0         0.00 Client request header bytes total
ACCG.other.sub.client_req_bodybytes                             0         0.00 Client request body bytes total
ACCG.private.oci.client_req_count                         19114         0.01 Total number of client requests processed
ACCG.private.oci.client_req_hdrbytes                       3803362         2.43 Client request header bytes total
ACCG.private.oci.client_req_bodybytes                             0         0.00 Client request body bytes total
--- 13:41:11 ---
MAIN.client_req_400                             0         0.00 Client requests received, subject to 400 errors
MAIN.client_req_417                             0         0.00 Client requests received, subject to 417 errors
MAIN.client_req                         19114         0.01 Good client requests received
MAIN.threads_limited                             0         0.00 Threads hit max
MAIN.threads_created                          1201         0.00 Threads created
MAIN.threads_destroyed                          1001         0.00 Threads destroyed
MAIN.thread_queue_len                             0          .   Length of session queue
MAIN.busy_sleep                           354         0.00 Number of requests sent to sleep on busy objhdr
MAIN.busy_wakeup                           354         0.00 Number of requests woken after sleep on busy objhdr
MAIN.sess_queued                           311         0.00 Sessions queued for thread
MAIN.sess_dropped                             0         0.00 Sessions dropped for thread
ACCG.std.total.client_req_count                         19114         0.01 Total number of client requests processed
ACCG.std.total.client_req_hdrbytes                       3803362         2.43 Client request header bytes total
ACCG.std.total.client_req_bodybytes                             0         0.00 Client request body bytes total
ACCG.std.sub.client_req_count                             0         0.00 Total number of client requests processed
ACCG.std.sub.client_req_hdrbytes                             0         0.00 Client request header bytes total
ACCG.std.sub.client_req_bodybytes                             0         0.00 Client request body bytes total
ACCG.private.total.client_req_count                         19114         0.01 Total number of client requests processed
ACCG.private.total.client_req_hdrbytes                       3803362         2.43 Client request header bytes total
ACCG.private.total.client_req_bodybytes                             0         0.00 Client request body bytes total
ACCG.private.sub.client_req_count                             0         0.00 Total number of client requests processed
ACCG.private.sub.client_req_hdrbytes                             0         0.00 Client request header bytes total
ACCG.private.sub.client_req_bodybytes                             0         0.00 Client request body bytes total
ACCG.other.total.client_req_count                             0         0.00 Total number of client requests processed
ACCG.other.total.client_req_hdrbytes                             0         0.00 Client request header bytes total
ACCG.other.total.client_req_bodybytes                             0         0.00 Client request body bytes total
ACCG.other.sub.client_req_count                             0         0.00 Total number of client requests processed
ACCG.other.sub.client_req_hdrbytes                             0         0.00 Client request header bytes total
ACCG.other.sub.client_req_bodybytes                             0         0.00 Client request body bytes total
ACCG.private.oci.client_req_count                         19114         0.01 Total number of client requests processed
ACCG.private.oci.client_req_hdrbytes                       3803362         2.43 Client request header bytes total
ACCG.private.oci.client_req_bodybytes                             0         0.00 Client request body bytes total
--- 13:41:12 ---
MAIN.client_req_400                             0         0.00 Client requests received, subject to 400 errors
MAIN.client_req_417                             0         0.00 Client requests received, subject to 417 errors
MAIN.client_req                         19114         0.01 Good client requests received
MAIN.threads_limited                             0         0.00 Threads hit max
MAIN.threads_created                          1201         0.00 Threads created
MAIN.threads_destroyed                          1001         0.00 Threads destroyed
MAIN.thread_queue_len                             0          .   Length of session queue
MAIN.busy_sleep                           354         0.00 Number of requests sent to sleep on busy objhdr
MAIN.busy_wakeup                           354         0.00 Number of requests woken after sleep on busy objhdr
MAIN.sess_queued                           311         0.00 Sessions queued for thread
MAIN.sess_dropped                             0         0.00 Sessions dropped for thread
ACCG.std.total.client_req_count                         19114         0.01 Total number of client requests processed
ACCG.std.total.client_req_hdrbytes                       3803362         2.43 Client request header bytes total
ACCG.std.total.client_req_bodybytes                             0         0.00 Client request body bytes total
ACCG.std.sub.client_req_count                             0         0.00 Total number of client requests processed
ACCG.std.sub.client_req_hdrbytes                             0         0.00 Client request header bytes total
ACCG.std.sub.client_req_bodybytes                             0         0.00 Client request body bytes total
ACCG.private.total.client_req_count                         19114         0.01 Total number of client requests processed
ACCG.private.total.client_req_hdrbytes                       3803362         2.43 Client request header bytes total
ACCG.private.total.client_req_bodybytes                             0         0.00 Client request body bytes total
ACCG.private.sub.client_req_count                             0         0.00 Total number of client requests processed
ACCG.private.sub.client_req_hdrbytes                             0         0.00 Client request header bytes total
ACCG.private.sub.client_req_bodybytes                             0         0.00 Client request body bytes total
ACCG.other.total.client_req_count                             0         0.00 Total number of client requests processed
ACCG.other.total.client_req_hdrbytes                             0         0.00 Client request header bytes total
ACCG.other.total.client_req_bodybytes                             0         0.00 Client request body bytes total
ACCG.other.sub.client_req_count                             0         0.00 Total number of client requests processed
ACCG.other.sub.client_req_hdrbytes                             0         0.00 Client request header bytes total
ACCG.other.sub.client_req_bodybytes                             0         0.00 Client request body bytes total
ACCG.private.oci.client_req_count                         19114         0.01 Total number of client requests processed
ACCG.private.oci.client_req_hdrbytes                       3803362         2.43 Client request header bytes total
ACCG.private.oci.client_req_bodybytes                             0         0.00 Client request body bytes total
--- 13:41:13 ---
MAIN.client_req_400                             0         0.00 Client requests received, subject to 400 errors
MAIN.client_req_417                             0         0.00 Client requests received, subject to 417 errors
MAIN.client_req                         19114         0.01 Good client requests received
MAIN.threads_limited                             0         0.00 Threads hit max
MAIN.threads_created                          1201         0.00 Threads created
MAIN.threads_destroyed                          1001         0.00 Threads destroyed
MAIN.thread_queue_len                             0          .   Length of session queue
MAIN.busy_sleep                           354         0.00 Number of requests sent to sleep on busy objhdr
MAIN.busy_wakeup                           354         0.00 Number of requests woken after sleep on busy objhdr
MAIN.sess_queued                           311         0.00 Sessions queued for thread
MAIN.sess_dropped                             0         0.00 Sessions dropped for thread
ACCG.std.total.client_req_count                         19114         0.01 Total number of client requests processed
ACCG.std.total.client_req_hdrbytes                       3803362         2.43 Client request header bytes total
ACCG.std.total.client_req_bodybytes                             0         0.00 Client request body bytes total
ACCG.std.sub.client_req_count                             0         0.00 Total number of client requests processed
ACCG.std.sub.client_req_hdrbytes                             0         0.00 Client request header bytes total
ACCG.std.sub.client_req_bodybytes                             0         0.00 Client request body bytes total
ACCG.private.total.client_req_count                         19114         0.01 Total number of client requests processed
ACCG.private.total.client_req_hdrbytes                       3803362         2.43 Client request header bytes total
ACCG.private.total.client_req_bodybytes                             0         0.00 Client request body bytes total
ACCG.private.sub.client_req_count                             0         0.00 Total number of client requests processed
ACCG.private.sub.client_req_hdrbytes                             0         0.00 Client request header bytes total
ACCG.private.sub.client_req_bodybytes                             0         0.00 Client request body bytes total
ACCG.other.total.client_req_count                             0         0.00 Total number of client requests processed
ACCG.other.total.client_req_hdrbytes                             0         0.00 Client request header bytes total
ACCG.other.total.client_req_bodybytes                             0         0.00 Client request body bytes total
ACCG.other.sub.client_req_count                             0         0.00 Total number of client requests processed
ACCG.other.sub.client_req_hdrbytes                             0         0.00 Client request header bytes total
ACCG.other.sub.client_req_bodybytes                             0         0.00 Client request body bytes total
ACCG.private.oci.client_req_count                         19114         0.01 Total number of client requests processed
ACCG.private.oci.client_req_hdrbytes                       3803362         2.43 Client request header bytes total
ACCG.private.oci.client_req_bodybytes                             0         0.00 Client request body bytes total
--- 13:41:14 ---
MAIN.client_req_400                             0         0.00 Client requests received, subject to 400 errors
MAIN.client_req_417                             0         0.00 Client requests received, subject to 417 errors
MAIN.client_req                         19114         0.01 Good client requests received
MAIN.threads_limited                             0         0.00 Threads hit max
MAIN.threads_created                          1201         0.00 Threads created
MAIN.threads_destroyed                          1001         0.00 Threads destroyed
MAIN.thread_queue_len                             0          .   Length of session queue
MAIN.busy_sleep                           354         0.00 Number of requests sent to sleep on busy objhdr
MAIN.busy_wakeup                           354         0.00 Number of requests woken after sleep on busy objhdr
MAIN.sess_queued                           311         0.00 Sessions queued for thread
MAIN.sess_dropped                             0         0.00 Sessions dropped for thread
ACCG.std.total.client_req_count                         19114         0.01 Total number of client requests processed
ACCG.std.total.client_req_hdrbytes                       3803362         2.43 Client request header bytes total
ACCG.std.total.client_req_bodybytes                             0         0.00 Client request body bytes total
ACCG.std.sub.client_req_count                             0         0.00 Total number of client requests processed
ACCG.std.sub.client_req_hdrbytes                             0         0.00 Client request header bytes total
ACCG.std.sub.client_req_bodybytes                             0         0.00 Client request body bytes total
ACCG.private.total.client_req_count                         19114         0.01 Total number of client requests processed
ACCG.private.total.client_req_hdrbytes                       3803362         2.43 Client request header bytes total
ACCG.private.total.client_req_bodybytes                             0         0.00 Client request body bytes total
ACCG.private.sub.client_req_count                             0         0.00 Total number of client requests processed
ACCG.private.sub.client_req_hdrbytes                             0         0.00 Client request header bytes total
ACCG.private.sub.client_req_bodybytes                             0         0.00 Client request body bytes total
ACCG.other.total.client_req_count                             0         0.00 Total number of client requests processed
ACCG.other.total.client_req_hdrbytes                             0         0.00 Client request header bytes total
ACCG.other.total.client_req_bodybytes                             0         0.00 Client request body bytes total
ACCG.other.sub.client_req_count                             0         0.00 Total number of client requests processed
ACCG.other.sub.client_req_hdrbytes                             0         0.00 Client request header bytes total
ACCG.other.sub.client_req_bodybytes                             0         0.00 Client request body bytes total
ACCG.private.oci.client_req_count                         19114         0.01 Total number of client requests processed
ACCG.private.oci.client_req_hdrbytes                       3803362         2.43 Client request header bytes total
ACCG.private.oci.client_req_bodybytes                             0         0.00 Client request body bytes total
--- 13:41:15 ---
MAIN.client_req_400                             0         0.00 Client requests received, subject to 400 errors
MAIN.client_req_417                             0         0.00 Client requests received, subject to 417 errors
MAIN.client_req                         19114         0.01 Good client requests received
MAIN.threads_limited                             0         0.00 Threads hit max
MAIN.threads_created                          1201         0.00 Threads created
MAIN.threads_destroyed                          1001         0.00 Threads destroyed
MAIN.thread_queue_len                             0          .   Length of session queue
MAIN.busy_sleep                           354         0.00 Number of requests sent to sleep on busy objhdr
MAIN.busy_wakeup                           354         0.00 Number of requests woken after sleep on busy objhdr
MAIN.sess_queued                           311         0.00 Sessions queued for thread
MAIN.sess_dropped                             0         0.00 Sessions dropped for thread
ACCG.std.total.client_req_count                         19114         0.01 Total number of client requests processed
ACCG.std.total.client_req_hdrbytes                       3803362         2.43 Client request header bytes total
ACCG.std.total.client_req_bodybytes                             0         0.00 Client request body bytes total
ACCG.std.sub.client_req_count                             0         0.00 Total number of client requests processed
ACCG.std.sub.client_req_hdrbytes                             0         0.00 Client request header bytes total
ACCG.std.sub.client_req_bodybytes                             0         0.00 Client request body bytes total
ACCG.private.total.client_req_count                         19114         0.01 Total number of client requests processed
ACCG.private.total.client_req_hdrbytes                       3803362         2.43 Client request header bytes total
ACCG.private.total.client_req_bodybytes                             0         0.00 Client request body bytes total
ACCG.private.sub.client_req_count                             0         0.00 Total number of client requests processed
ACCG.private.sub.client_req_hdrbytes                             0         0.00 Client request header bytes total
ACCG.private.sub.client_req_bodybytes                             0         0.00 Client request body bytes total
ACCG.other.total.client_req_count                             0         0.00 Total number of client requests processed
ACCG.other.total.client_req_hdrbytes                             0         0.00 Client request header bytes total
ACCG.other.total.client_req_bodybytes                             0         0.00 Client request body bytes total
ACCG.other.sub.client_req_count                             0         0.00 Total number of client requests processed
ACCG.other.sub.client_req_hdrbytes                             0         0.00 Client request header bytes total
ACCG.other.sub.client_req_bodybytes                             0         0.00 Client request body bytes total
ACCG.private.oci.client_req_count                         19114         0.01 Total number of client requests processed
ACCG.private.oci.client_req_hdrbytes                       3803362         2.43 Client request header bytes total
ACCG.private.oci.client_req_bodybytes                             0         0.00 Client request body bytes total
--- 13:41:16 ---
MAIN.client_req_400                             0         0.00 Client requests received, subject to 400 errors
MAIN.client_req_417                             0         0.00 Client requests received, subject to 417 errors
MAIN.client_req                         19114         0.01 Good client requests received
MAIN.threads_limited                             0         0.00 Threads hit max
MAIN.threads_created                          1201         0.00 Threads created
MAIN.threads_destroyed                          1001         0.00 Threads destroyed
MAIN.thread_queue_len                             0          .   Length of session queue
MAIN.busy_sleep                           354         0.00 Number of requests sent to sleep on busy objhdr
MAIN.busy_wakeup                           354         0.00 Number of requests woken after sleep on busy objhdr
MAIN.sess_queued                           311         0.00 Sessions queued for thread
MAIN.sess_dropped                             0         0.00 Sessions dropped for thread
ACCG.std.total.client_req_count                         19114         0.01 Total number of client requests processed
ACCG.std.total.client_req_hdrbytes                       3803362         2.43 Client request header bytes total
ACCG.std.total.client_req_bodybytes                             0         0.00 Client request body bytes total
ACCG.std.sub.client_req_count                             0         0.00 Total number of client requests processed
ACCG.std.sub.client_req_hdrbytes                             0         0.00 Client request header bytes total
ACCG.std.sub.client_req_bodybytes                             0         0.00 Client request body bytes total
ACCG.private.total.client_req_count                         19114         0.01 Total number of client requests processed
ACCG.private.total.client_req_hdrbytes                       3803362         2.43 Client request header bytes total
ACCG.private.total.client_req_bodybytes                             0         0.00 Client request body bytes total
ACCG.private.sub.client_req_count                             0         0.00 Total number of client requests processed
ACCG.private.sub.client_req_hdrbytes                             0         0.00 Client request header bytes total
ACCG.private.sub.client_req_bodybytes                             0         0.00 Client request body bytes total
ACCG.other.total.client_req_count                             0         0.00 Total number of client requests processed
ACCG.other.total.client_req_hdrbytes                             0         0.00 Client request header bytes total
ACCG.other.total.client_req_bodybytes                             0         0.00 Client request body bytes total
ACCG.other.sub.client_req_count                             0         0.00 Total number of client requests processed
ACCG.other.sub.client_req_hdrbytes                             0         0.00 Client request header bytes total
ACCG.other.sub.client_req_bodybytes                             0         0.00 Client request body bytes total
ACCG.private.oci.client_req_count                         19114         0.01 Total number of client requests processed
ACCG.private.oci.client_req_hdrbytes                       3803362         2.43 Client request header bytes total
ACCG.private.oci.client_req_bodybytes                             0         0.00 Client request body bytes total
--- 13:41:18 ---
MAIN.client_req_400                             0         0.00 Client requests received, subject to 400 errors
MAIN.client_req_417                             0         0.00 Client requests received, subject to 417 errors
MAIN.client_req                         19114         0.01 Good client requests received
MAIN.threads_limited                             0         0.00 Threads hit max
MAIN.threads_created                          1201         0.00 Threads created
MAIN.threads_destroyed                          1001         0.00 Threads destroyed
MAIN.thread_queue_len                             0          .   Length of session queue
MAIN.busy_sleep                           354         0.00 Number of requests sent to sleep on busy objhdr
MAIN.busy_wakeup                           354         0.00 Number of requests woken after sleep on busy objhdr
MAIN.sess_queued                           311         0.00 Sessions queued for thread
MAIN.sess_dropped                             0         0.00 Sessions dropped for thread
ACCG.std.total.client_req_count                         19114         0.01 Total number of client requests processed
ACCG.std.total.client_req_hdrbytes                       3803362         2.43 Client request header bytes total
ACCG.std.total.client_req_bodybytes                             0         0.00 Client request body bytes total
ACCG.std.sub.client_req_count                             0         0.00 Total number of client requests processed
ACCG.std.sub.client_req_hdrbytes                             0         0.00 Client request header bytes total
ACCG.std.sub.client_req_bodybytes                             0         0.00 Client request body bytes total
ACCG.private.total.client_req_count                         19114         0.01 Total number of client requests processed
ACCG.private.total.client_req_hdrbytes                       3803362         2.43 Client request header bytes total
ACCG.private.total.client_req_bodybytes                             0         0.00 Client request body bytes total
ACCG.private.sub.client_req_count                             0         0.00 Total number of client requests processed
ACCG.private.sub.client_req_hdrbytes                             0         0.00 Client request header bytes total
ACCG.private.sub.client_req_bodybytes                             0         0.00 Client request body bytes total
ACCG.other.total.client_req_count                             0         0.00 Total number of client requests processed
ACCG.other.total.client_req_hdrbytes                             0         0.00 Client request header bytes total
ACCG.other.total.client_req_bodybytes                             0         0.00 Client request body bytes total
ACCG.other.sub.client_req_count                             0         0.00 Total number of client requests processed
ACCG.other.sub.client_req_hdrbytes                             0         0.00 Client request header bytes total
ACCG.other.sub.client_req_bodybytes                             0         0.00 Client request body bytes total
ACCG.private.oci.client_req_count                         19114         0.01 Total number of client requests processed
ACCG.private.oci.client_req_hdrbytes                       3803362         2.43 Client request header bytes total
ACCG.private.oci.client_req_bodybytes                             0         0.00 Client request body bytes total
--- 13:41:19 ---
MAIN.client_req_400                             0         0.00 Client requests received, subject to 400 errors
MAIN.client_req_417                             0         0.00 Client requests received, subject to 417 errors
MAIN.client_req                         19114         0.01 Good client requests received
MAIN.threads_limited                             0         0.00 Threads hit max
MAIN.threads_created                          1201         0.00 Threads created
MAIN.threads_destroyed                          1001         0.00 Threads destroyed
MAIN.thread_queue_len                             0          .   Length of session queue
MAIN.busy_sleep                           354         0.00 Number of requests sent to sleep on busy objhdr
MAIN.busy_wakeup                           354         0.00 Number of requests woken after sleep on busy objhdr
MAIN.sess_queued                           311         0.00 Sessions queued for thread
MAIN.sess_dropped                             0         0.00 Sessions dropped for thread
ACCG.std.total.client_req_count                         19114         0.01 Total number of client requests processed
ACCG.std.total.client_req_hdrbytes                       3803362         2.43 Client request header bytes total
ACCG.std.total.client_req_bodybytes                             0         0.00 Client request body bytes total
ACCG.std.sub.client_req_count                             0         0.00 Total number of client requests processed
ACCG.std.sub.client_req_hdrbytes                             0         0.00 Client request header bytes total
ACCG.std.sub.client_req_bodybytes                             0         0.00 Client request body bytes total
ACCG.private.total.client_req_count                         19114         0.01 Total number of client requests processed
ACCG.private.total.client_req_hdrbytes                       3803362         2.43 Client request header bytes total
ACCG.private.total.client_req_bodybytes                             0         0.00 Client request body bytes total
ACCG.private.sub.client_req_count                             0         0.00 Total number of client requests processed
ACCG.private.sub.client_req_hdrbytes                             0         0.00 Client request header bytes total
ACCG.private.sub.client_req_bodybytes                             0         0.00 Client request body bytes total
ACCG.other.total.client_req_count                             0         0.00 Total number of client requests processed
ACCG.other.total.client_req_hdrbytes                             0         0.00 Client request header bytes total
ACCG.other.total.client_req_bodybytes                             0         0.00 Client request body bytes total
ACCG.other.sub.client_req_count                             0         0.00 Total number of client requests processed
ACCG.other.sub.client_req_hdrbytes                             0         0.00 Client request header bytes total
ACCG.other.sub.client_req_bodybytes                             0         0.00 Client request body bytes total
ACCG.private.oci.client_req_count                         19114         0.01 Total number of client requests processed
ACCG.private.oci.client_req_hdrbytes                       3803362         2.43 Client request header bytes total
ACCG.private.oci.client_req_bodybytes                             0         0.00 Client request body bytes total
--- 13:41:20 ---
MAIN.client_req_400                             0         0.00 Client requests received, subject to 400 errors
MAIN.client_req_417                             0         0.00 Client requests received, subject to 417 errors
MAIN.client_req                         19114         0.01 Good client requests received
MAIN.threads_limited                             0         0.00 Threads hit max
MAIN.threads_created                          1201         0.00 Threads created
MAIN.threads_destroyed                          1001         0.00 Threads destroyed
MAIN.thread_queue_len                             0          .   Length of session queue
MAIN.busy_sleep                           354         0.00 Number of requests sent to sleep on busy objhdr
MAIN.busy_wakeup                           354         0.00 Number of requests woken after sleep on busy objhdr
MAIN.sess_queued                           311         0.00 Sessions queued for thread
MAIN.sess_dropped                             0         0.00 Sessions dropped for thread
ACCG.std.total.client_req_count                         19114         0.01 Total number of client requests processed
ACCG.std.total.client_req_hdrbytes                       3803362         2.43 Client request header bytes total
ACCG.std.total.client_req_bodybytes                             0         0.00 Client request body bytes total
ACCG.std.sub.client_req_count                             0         0.00 Total number of client requests processed
ACCG.std.sub.client_req_hdrbytes                             0         0.00 Client request header bytes total
ACCG.std.sub.client_req_bodybytes                             0         0.00 Client request body bytes total
ACCG.private.total.client_req_count                         19114         0.01 Total number of client requests processed
ACCG.private.total.client_req_hdrbytes                       3803362         2.43 Client request header bytes total
ACCG.private.total.client_req_bodybytes                             0         0.00 Client request body bytes total
ACCG.private.sub.client_req_count                             0         0.00 Total number of client requests processed
ACCG.private.sub.client_req_hdrbytes                             0         0.00 Client request header bytes total
ACCG.private.sub.client_req_bodybytes                             0         0.00 Client request body bytes total
ACCG.other.total.client_req_count                             0         0.00 Total number of client requests processed
ACCG.other.total.client_req_hdrbytes                             0         0.00 Client request header bytes total
ACCG.other.total.client_req_bodybytes                             0         0.00 Client request body bytes total
ACCG.other.sub.client_req_count                             0         0.00 Total number of client requests processed
ACCG.other.sub.client_req_hdrbytes                             0         0.00 Client request header bytes total
ACCG.other.sub.client_req_bodybytes                             0         0.00 Client request body bytes total
ACCG.private.oci.client_req_count                         19114         0.01 Total number of client requests processed
ACCG.private.oci.client_req_hdrbytes                       3803362         2.43 Client request header bytes total
ACCG.private.oci.client_req_bodybytes                             0         0.00 Client request body bytes total
--- 13:41:21 ---
MAIN.client_req_400                             0         0.00 Client requests received, subject to 400 errors
MAIN.client_req_417                             0         0.00 Client requests received, subject to 417 errors
MAIN.client_req                         19114         0.01 Good client requests received
MAIN.threads_limited                             0         0.00 Threads hit max
MAIN.threads_created                          1201         0.00 Threads created
MAIN.threads_destroyed                          1001         0.00 Threads destroyed
MAIN.thread_queue_len                             0          .   Length of session queue
MAIN.busy_sleep                           354         0.00 Number of requests sent to sleep on busy objhdr
MAIN.busy_wakeup                           354         0.00 Number of requests woken after sleep on busy objhdr
MAIN.sess_queued                           311         0.00 Sessions queued for thread
MAIN.sess_dropped                             0         0.00 Sessions dropped for thread
ACCG.std.total.client_req_count                         19114         0.01 Total number of client requests processed
ACCG.std.total.client_req_hdrbytes                       3803362         2.43 Client request header bytes total
ACCG.std.total.client_req_bodybytes                             0         0.00 Client request body bytes total
ACCG.std.sub.client_req_count                             0         0.00 Total number of client requests processed
ACCG.std.sub.client_req_hdrbytes                             0         0.00 Client request header bytes total
ACCG.std.sub.client_req_bodybytes                             0         0.00 Client request body bytes total
ACCG.private.total.client_req_count                         19114         0.01 Total number of client requests processed
ACCG.private.total.client_req_hdrbytes                       3803362         2.43 Client request header bytes total
ACCG.private.total.client_req_bodybytes                             0         0.00 Client request body bytes total
ACCG.private.sub.client_req_count                             0         0.00 Total number of client requests processed
ACCG.private.sub.client_req_hdrbytes                             0         0.00 Client request header bytes total
ACCG.private.sub.client_req_bodybytes                             0         0.00 Client request body bytes total
ACCG.other.total.client_req_count                             0         0.00 Total number of client requests processed
ACCG.other.total.client_req_hdrbytes                             0         0.00 Client request header bytes total
ACCG.other.total.client_req_bodybytes                             0         0.00 Client request body bytes total
ACCG.other.sub.client_req_count                             0         0.00 Total number of client requests processed
ACCG.other.sub.client_req_hdrbytes                             0         0.00 Client request header bytes total
ACCG.other.sub.client_req_bodybytes                             0         0.00 Client request body bytes total
ACCG.private.oci.client_req_count                         19114         0.01 Total number of client requests processed
ACCG.private.oci.client_req_hdrbytes                       3803362         2.43 Client request header bytes total
ACCG.private.oci.client_req_bodybytes                             0         0.00 Client request body bytes total
--- 13:41:22 ---
MAIN.client_req_400                             0         0.00 Client requests received, subject to 400 errors
MAIN.client_req_417                             0         0.00 Client requests received, subject to 417 errors
MAIN.client_req                         19214         0.01 Good client requests received
MAIN.threads_limited                             0         0.00 Threads hit max
MAIN.threads_created                          1201         0.00 Threads created
MAIN.threads_destroyed                          1001         0.00 Threads destroyed
MAIN.thread_queue_len                             0          .   Length of session queue
MAIN.busy_sleep                           354         0.00 Number of requests sent to sleep on busy objhdr
MAIN.busy_wakeup                           354         0.00 Number of requests woken after sleep on busy objhdr
MAIN.sess_queued                           311         0.00 Sessions queued for thread
MAIN.sess_dropped                             0         0.00 Sessions dropped for thread
ACCG.std.total.client_req_count                         19214         0.01 Total number of client requests processed
ACCG.std.total.client_req_hdrbytes                       3825362         2.45 Client request header bytes total
ACCG.std.total.client_req_bodybytes                             0         0.00 Client request body bytes total
ACCG.std.sub.client_req_count                             0         0.00 Total number of client requests processed
ACCG.std.sub.client_req_hdrbytes                             0         0.00 Client request header bytes total
ACCG.std.sub.client_req_bodybytes                             0         0.00 Client request body bytes total
ACCG.private.total.client_req_count                         19214         0.01 Total number of client requests processed
ACCG.private.total.client_req_hdrbytes                       3825362         2.45 Client request header bytes total
ACCG.private.total.client_req_bodybytes                             0         0.00 Client request body bytes total
ACCG.private.sub.client_req_count                             0         0.00 Total number of client requests processed
ACCG.private.sub.client_req_hdrbytes                             0         0.00 Client request header bytes total
ACCG.private.sub.client_req_bodybytes                             0         0.00 Client request body bytes total
ACCG.other.total.client_req_count                             0         0.00 Total number of client requests processed
ACCG.other.total.client_req_hdrbytes                             0         0.00 Client request header bytes total
ACCG.other.total.client_req_bodybytes                             0         0.00 Client request body bytes total
ACCG.other.sub.client_req_count                             0         0.00 Total number of client requests processed
ACCG.other.sub.client_req_hdrbytes                             0         0.00 Client request header bytes total
ACCG.other.sub.client_req_bodybytes                             0         0.00 Client request body bytes total
ACCG.private.oci.client_req_count                         19214         0.01 Total number of client requests processed
ACCG.private.oci.client_req_hdrbytes                       3825362         2.45 Client request header bytes total
ACCG.private.oci.client_req_bodybytes                             0         0.00 Client request body bytes total
--- 13:41:23 ---
MAIN.client_req_400                             0         0.00 Client requests received, subject to 400 errors
MAIN.client_req_417                             0         0.00 Client requests received, subject to 417 errors
MAIN.client_req                         19314         0.01 Good client requests received
MAIN.threads_limited                             0         0.00 Threads hit max
MAIN.threads_created                          1201         0.00 Threads created
MAIN.threads_destroyed                          1001         0.00 Threads destroyed
MAIN.thread_queue_len                             0          .   Length of session queue
MAIN.busy_sleep                           354         0.00 Number of requests sent to sleep on busy objhdr
MAIN.busy_wakeup                           354         0.00 Number of requests woken after sleep on busy objhdr
MAIN.sess_queued                           311         0.00 Sessions queued for thread
MAIN.sess_dropped                             0         0.00 Sessions dropped for thread
ACCG.std.total.client_req_count                         19314         0.01 Total number of client requests processed
ACCG.std.total.client_req_hdrbytes                       3847362         2.46 Client request header bytes total
ACCG.std.total.client_req_bodybytes                             0         0.00 Client request body bytes total
ACCG.std.sub.client_req_count                             0         0.00 Total number of client requests processed
ACCG.std.sub.client_req_hdrbytes                             0         0.00 Client request header bytes total
ACCG.std.sub.client_req_bodybytes                             0         0.00 Client request body bytes total
ACCG.private.total.client_req_count                         19314         0.01 Total number of client requests processed
ACCG.private.total.client_req_hdrbytes                       3847362         2.46 Client request header bytes total
ACCG.private.total.client_req_bodybytes                             0         0.00 Client request body bytes total
ACCG.private.sub.client_req_count                             0         0.00 Total number of client requests processed
ACCG.private.sub.client_req_hdrbytes                             0         0.00 Client request header bytes total
ACCG.private.sub.client_req_bodybytes                             0         0.00 Client request body bytes total
ACCG.other.total.client_req_count                             0         0.00 Total number of client requests processed
ACCG.other.total.client_req_hdrbytes                             0         0.00 Client request header bytes total
ACCG.other.total.client_req_bodybytes                             0         0.00 Client request body bytes total
ACCG.other.sub.client_req_count                             0         0.00 Total number of client requests processed
ACCG.other.sub.client_req_hdrbytes                             0         0.00 Client request header bytes total
ACCG.other.sub.client_req_bodybytes                             0         0.00 Client request body bytes total
ACCG.private.oci.client_req_count                         19314         0.01 Total number of client requests processed
ACCG.private.oci.client_req_hdrbytes                       3847362         2.46 Client request header bytes total
ACCG.private.oci.client_req_bodybytes                             0         0.00 Client request body bytes total
--- 13:41:24 ---
MAIN.client_req_400                             0         0.00 Client requests received, subject to 400 errors
MAIN.client_req_417                             0         0.00 Client requests received, subject to 417 errors
MAIN.client_req                         19314         0.01 Good client requests received
MAIN.threads_limited                             0         0.00 Threads hit max
MAIN.threads_created                          1201         0.00 Threads created
MAIN.threads_destroyed                          1001         0.00 Threads destroyed
MAIN.thread_queue_len                             0          .   Length of session queue
MAIN.busy_sleep                           354         0.00 Number of requests sent to sleep on busy objhdr
MAIN.busy_wakeup                           354         0.00 Number of requests woken after sleep on busy objhdr
MAIN.sess_queued                           311         0.00 Sessions queued for thread
MAIN.sess_dropped                             0         0.00 Sessions dropped for thread
ACCG.std.total.client_req_count                         19314         0.01 Total number of client requests processed
ACCG.std.total.client_req_hdrbytes                       3847362         2.46 Client request header bytes total
ACCG.std.total.client_req_bodybytes                             0         0.00 Client request body bytes total
ACCG.std.sub.client_req_count                             0         0.00 Total number of client requests processed
ACCG.std.sub.client_req_hdrbytes                             0         0.00 Client request header bytes total
ACCG.std.sub.client_req_bodybytes                             0         0.00 Client request body bytes total
ACCG.private.total.client_req_count                         19314         0.01 Total number of client requests processed
ACCG.private.total.client_req_hdrbytes                       3847362         2.46 Client request header bytes total
ACCG.private.total.client_req_bodybytes                             0         0.00 Client request body bytes total
ACCG.private.sub.client_req_count                             0         0.00 Total number of client requests processed
ACCG.private.sub.client_req_hdrbytes                             0         0.00 Client request header bytes total
ACCG.private.sub.client_req_bodybytes                             0         0.00 Client request body bytes total
ACCG.other.total.client_req_count                             0         0.00 Total number of client requests processed
ACCG.other.total.client_req_hdrbytes                             0         0.00 Client request header bytes total
ACCG.other.total.client_req_bodybytes                             0         0.00 Client request body bytes total
ACCG.other.sub.client_req_count                             0         0.00 Total number of client requests processed
ACCG.other.sub.client_req_hdrbytes                             0         0.00 Client request header bytes total
ACCG.other.sub.client_req_bodybytes                             0         0.00 Client request body bytes total
ACCG.private.oci.client_req_count                         19314         0.01 Total number of client requests processed
ACCG.private.oci.client_req_hdrbytes                       3847362         2.46 Client request header bytes total
ACCG.private.oci.client_req_bodybytes                             0         0.00 Client request body bytes total
--- 13:41:25 ---
MAIN.client_req_400                             0         0.00 Client requests received, subject to 400 errors
MAIN.client_req_417                             0         0.00 Client requests received, subject to 417 errors
MAIN.client_req                         19314         0.01 Good client requests received
MAIN.threads_limited                             0         0.00 Threads hit max
MAIN.threads_created                          1201         0.00 Threads created
MAIN.threads_destroyed                          1001         0.00 Threads destroyed
MAIN.thread_queue_len                             0          .   Length of session queue
MAIN.busy_sleep                           354         0.00 Number of requests sent to sleep on busy objhdr
MAIN.busy_wakeup                           354         0.00 Number of requests woken after sleep on busy objhdr
MAIN.sess_queued                           311         0.00 Sessions queued for thread
MAIN.sess_dropped                             0         0.00 Sessions dropped for thread
ACCG.std.total.client_req_count                         19314         0.01 Total number of client requests processed
ACCG.std.total.client_req_hdrbytes                       3847362         2.46 Client request header bytes total
ACCG.std.total.client_req_bodybytes                             0         0.00 Client request body bytes total
ACCG.std.sub.client_req_count                             0         0.00 Total number of client requests processed
ACCG.std.sub.client_req_hdrbytes                             0         0.00 Client request header bytes total
ACCG.std.sub.client_req_bodybytes                             0         0.00 Client request body bytes total
ACCG.private.total.client_req_count                         19314         0.01 Total number of client requests processed
ACCG.private.total.client_req_hdrbytes                       3847362         2.46 Client request header bytes total
ACCG.private.total.client_req_bodybytes                             0         0.00 Client request body bytes total
ACCG.private.sub.client_req_count                             0         0.00 Total number of client requests processed
ACCG.private.sub.client_req_hdrbytes                             0         0.00 Client request header bytes total
ACCG.private.sub.client_req_bodybytes                             0         0.00 Client request body bytes total
ACCG.other.total.client_req_count                             0         0.00 Total number of client requests processed
ACCG.other.total.client_req_hdrbytes                             0         0.00 Client request header bytes total
ACCG.other.total.client_req_bodybytes                             0         0.00 Client request body bytes total
ACCG.other.sub.client_req_count                             0         0.00 Total number of client requests processed
ACCG.other.sub.client_req_hdrbytes                             0         0.00 Client request header bytes total
ACCG.other.sub.client_req_bodybytes                             0         0.00 Client request body bytes total
ACCG.private.oci.client_req_count                         19314         0.01 Total number of client requests processed
ACCG.private.oci.client_req_hdrbytes                       3847362         2.46 Client request header bytes total
ACCG.private.oci.client_req_bodybytes                             0         0.00 Client request body bytes total
--- 13:41:26 ---
MAIN.client_req_400                             0         0.00 Client requests received, subject to 400 errors
MAIN.client_req_417                             0         0.00 Client requests received, subject to 417 errors
MAIN.client_req                         19314         0.01 Good client requests received
MAIN.threads_limited                             0         0.00 Threads hit max
MAIN.threads_created                          1201         0.00 Threads created
MAIN.threads_destroyed                          1001         0.00 Threads destroyed
MAIN.thread_queue_len                             0          .   Length of session queue
MAIN.busy_sleep                           354         0.00 Number of requests sent to sleep on busy objhdr
MAIN.busy_wakeup                           354         0.00 Number of requests woken after sleep on busy objhdr
MAIN.sess_queued                           311         0.00 Sessions queued for thread
MAIN.sess_dropped                             0         0.00 Sessions dropped for thread
ACCG.std.total.client_req_count                         19314         0.01 Total number of client requests processed
ACCG.std.total.client_req_hdrbytes                       3847362         2.46 Client request header bytes total
ACCG.std.total.client_req_bodybytes                             0         0.00 Client request body bytes total
ACCG.std.sub.client_req_count                             0         0.00 Total number of client requests processed
ACCG.std.sub.client_req_hdrbytes                             0         0.00 Client request header bytes total
ACCG.std.sub.client_req_bodybytes                             0         0.00 Client request body bytes total
ACCG.private.total.client_req_count                         19314         0.01 Total number of client requests processed
ACCG.private.total.client_req_hdrbytes                       3847362         2.46 Client request header bytes total
ACCG.private.total.client_req_bodybytes                             0         0.00 Client request body bytes total
ACCG.private.sub.client_req_count                             0         0.00 Total number of client requests processed
ACCG.private.sub.client_req_hdrbytes                             0         0.00 Client request header bytes total
ACCG.private.sub.client_req_bodybytes                             0         0.00 Client request body bytes total
ACCG.other.total.client_req_count                             0         0.00 Total number of client requests processed
ACCG.other.total.client_req_hdrbytes                             0         0.00 Client request header bytes total
ACCG.other.total.client_req_bodybytes                             0         0.00 Client request body bytes total
ACCG.other.sub.client_req_count                             0         0.00 Total number of client requests processed
ACCG.other.sub.client_req_hdrbytes                             0         0.00 Client request header bytes total
ACCG.other.sub.client_req_bodybytes                             0         0.00 Client request body bytes total
ACCG.private.oci.client_req_count                         19314         0.01 Total number of client requests processed
ACCG.private.oci.client_req_hdrbytes                       3847362         2.46 Client request header bytes total
ACCG.private.oci.client_req_bodybytes                             0         0.00 Client request body bytes total
--- 13:41:28 ---
MAIN.client_req_400                             0         0.00 Client requests received, subject to 400 errors
MAIN.client_req_417                             0         0.00 Client requests received, subject to 417 errors
MAIN.client_req                         19314         0.01 Good client requests received
MAIN.threads_limited                             0         0.00 Threads hit max
MAIN.threads_created                          1201         0.00 Threads created
MAIN.threads_destroyed                          1001         0.00 Threads destroyed
MAIN.thread_queue_len                             0          .   Length of session queue
MAIN.busy_sleep                           354         0.00 Number of requests sent to sleep on busy objhdr
MAIN.busy_wakeup                           354         0.00 Number of requests woken after sleep on busy objhdr
MAIN.sess_queued                           311         0.00 Sessions queued for thread
MAIN.sess_dropped                             0         0.00 Sessions dropped for thread
ACCG.std.total.client_req_count                         19314         0.01 Total number of client requests processed
ACCG.std.total.client_req_hdrbytes                       3847362         2.46 Client request header bytes total
ACCG.std.total.client_req_bodybytes                             0         0.00 Client request body bytes total
ACCG.std.sub.client_req_count                             0         0.00 Total number of client requests processed
ACCG.std.sub.client_req_hdrbytes                             0         0.00 Client request header bytes total
ACCG.std.sub.client_req_bodybytes                             0         0.00 Client request body bytes total
ACCG.private.total.client_req_count                         19314         0.01 Total number of client requests processed
ACCG.private.total.client_req_hdrbytes                       3847362         2.46 Client request header bytes total
ACCG.private.total.client_req_bodybytes                             0         0.00 Client request body bytes total
ACCG.private.sub.client_req_count                             0         0.00 Total number of client requests processed
ACCG.private.sub.client_req_hdrbytes                             0         0.00 Client request header bytes total
ACCG.private.sub.client_req_bodybytes                             0         0.00 Client request body bytes total
ACCG.other.total.client_req_count                             0         0.00 Total number of client requests processed
ACCG.other.total.client_req_hdrbytes                             0         0.00 Client request header bytes total
ACCG.other.total.client_req_bodybytes                             0         0.00 Client request body bytes total
ACCG.other.sub.client_req_count                             0         0.00 Total number of client requests processed
ACCG.other.sub.client_req_hdrbytes                             0         0.00 Client request header bytes total
ACCG.other.sub.client_req_bodybytes                             0         0.00 Client request body bytes total
ACCG.private.oci.client_req_count                         19314         0.01 Total number of client requests processed
ACCG.private.oci.client_req_hdrbytes                       3847362         2.46 Client request header bytes total
ACCG.private.oci.client_req_bodybytes                             0         0.00 Client request body bytes total
--- 13:41:29 ---
MAIN.client_req_400                             0         0.00 Client requests received, subject to 400 errors
MAIN.client_req_417                             0         0.00 Client requests received, subject to 417 errors
MAIN.client_req                         19314         0.01 Good client requests received
MAIN.threads_limited                             0         0.00 Threads hit max
MAIN.threads_created                          1201         0.00 Threads created
MAIN.threads_destroyed                          1001         0.00 Threads destroyed
MAIN.thread_queue_len                             0          .   Length of session queue
MAIN.busy_sleep                           354         0.00 Number of requests sent to sleep on busy objhdr
MAIN.busy_wakeup                           354         0.00 Number of requests woken after sleep on busy objhdr
MAIN.sess_queued                           311         0.00 Sessions queued for thread
MAIN.sess_dropped                             0         0.00 Sessions dropped for thread
ACCG.std.total.client_req_count                         19314         0.01 Total number of client requests processed
ACCG.std.total.client_req_hdrbytes                       3847362         2.46 Client request header bytes total
ACCG.std.total.client_req_bodybytes                             0         0.00 Client request body bytes total
ACCG.std.sub.client_req_count                             0         0.00 Total number of client requests processed
ACCG.std.sub.client_req_hdrbytes                             0         0.00 Client request header bytes total
ACCG.std.sub.client_req_bodybytes                             0         0.00 Client request body bytes total
ACCG.private.total.client_req_count                         19314         0.01 Total number of client requests processed
ACCG.private.total.client_req_hdrbytes                       3847362         2.46 Client request header bytes total
ACCG.private.total.client_req_bodybytes                             0         0.00 Client request body bytes total
ACCG.private.sub.client_req_count                             0         0.00 Total number of client requests processed
ACCG.private.sub.client_req_hdrbytes                             0         0.00 Client request header bytes total
ACCG.private.sub.client_req_bodybytes                             0         0.00 Client request body bytes total
ACCG.other.total.client_req_count                             0         0.00 Total number of client requests processed
ACCG.other.total.client_req_hdrbytes                             0         0.00 Client request header bytes total
ACCG.other.total.client_req_bodybytes                             0         0.00 Client request body bytes total
ACCG.other.sub.client_req_count                             0         0.00 Total number of client requests processed
ACCG.other.sub.client_req_hdrbytes                             0         0.00 Client request header bytes total
ACCG.other.sub.client_req_bodybytes                             0         0.00 Client request body bytes total
ACCG.private.oci.client_req_count                         19314         0.01 Total number of client requests processed
ACCG.private.oci.client_req_hdrbytes                       3847362         2.46 Client request header bytes total
ACCG.private.oci.client_req_bodybytes                             0         0.00 Client request body bytes total
--- 13:41:30 ---
MAIN.client_req_400                             0         0.00 Client requests received, subject to 400 errors
MAIN.client_req_417                             0         0.00 Client requests received, subject to 417 errors
MAIN.client_req                         19314         0.01 Good client requests received
MAIN.threads_limited                             0         0.00 Threads hit max
MAIN.threads_created                          1201         0.00 Threads created
MAIN.threads_destroyed                          1001         0.00 Threads destroyed
MAIN.thread_queue_len                             0          .   Length of session queue
MAIN.busy_sleep                           354         0.00 Number of requests sent to sleep on busy objhdr
MAIN.busy_wakeup                           354         0.00 Number of requests woken after sleep on busy objhdr
MAIN.sess_queued                           311         0.00 Sessions queued for thread
MAIN.sess_dropped                             0         0.00 Sessions dropped for thread
ACCG.std.total.client_req_count                         19314         0.01 Total number of client requests processed
ACCG.std.total.client_req_hdrbytes                       3847362         2.46 Client request header bytes total
ACCG.std.total.client_req_bodybytes                             0         0.00 Client request body bytes total
ACCG.std.sub.client_req_count                             0         0.00 Total number of client requests processed
ACCG.std.sub.client_req_hdrbytes                             0         0.00 Client request header bytes total
ACCG.std.sub.client_req_bodybytes                             0         0.00 Client request body bytes total
ACCG.private.total.client_req_count                         19314         0.01 Total number of client requests processed
ACCG.private.total.client_req_hdrbytes                       3847362         2.46 Client request header bytes total
ACCG.private.total.client_req_bodybytes                             0         0.00 Client request body bytes total
ACCG.private.sub.client_req_count                             0         0.00 Total number of client requests processed
ACCG.private.sub.client_req_hdrbytes                             0         0.00 Client request header bytes total
ACCG.private.sub.client_req_bodybytes                             0         0.00 Client request body bytes total
ACCG.other.total.client_req_count                             0         0.00 Total number of client requests processed
ACCG.other.total.client_req_hdrbytes                             0         0.00 Client request header bytes total
ACCG.other.total.client_req_bodybytes                             0         0.00 Client request body bytes total
ACCG.other.sub.client_req_count                             0         0.00 Total number of client requests processed
ACCG.other.sub.client_req_hdrbytes                             0         0.00 Client request header bytes total
ACCG.other.sub.client_req_bodybytes                             0         0.00 Client request body bytes total
ACCG.private.oci.client_req_count                         19314         0.01 Total number of client requests processed
ACCG.private.oci.client_req_hdrbytes                       3847362         2.46 Client request header bytes total
ACCG.private.oci.client_req_bodybytes                             0         0.00 Client request body bytes total
--- 13:41:31 ---
MAIN.client_req_400                             0         0.00 Client requests received, subject to 400 errors
MAIN.client_req_417                             0         0.00 Client requests received, subject to 417 errors
MAIN.client_req                         19314         0.01 Good client requests received
MAIN.threads_limited                             0         0.00 Threads hit max
MAIN.threads_created                          1201         0.00 Threads created
MAIN.threads_destroyed                          1001         0.00 Threads destroyed
MAIN.thread_queue_len                             0          .   Length of session queue
MAIN.busy_sleep                           354         0.00 Number of requests sent to sleep on busy objhdr
MAIN.busy_wakeup                           354         0.00 Number of requests woken after sleep on busy objhdr
MAIN.sess_queued                           311         0.00 Sessions queued for thread
MAIN.sess_dropped                             0         0.00 Sessions dropped for thread
ACCG.std.total.client_req_count                         19314         0.01 Total number of client requests processed
ACCG.std.total.client_req_hdrbytes                       3847362         2.46 Client request header bytes total
ACCG.std.total.client_req_bodybytes                             0         0.00 Client request body bytes total
ACCG.std.sub.client_req_count                             0         0.00 Total number of client requests processed
ACCG.std.sub.client_req_hdrbytes                             0         0.00 Client request header bytes total
ACCG.std.sub.client_req_bodybytes                             0         0.00 Client request body bytes total
ACCG.private.total.client_req_count                         19314         0.01 Total number of client requests processed
ACCG.private.total.client_req_hdrbytes                       3847362         2.46 Client request header bytes total
ACCG.private.total.client_req_bodybytes                             0         0.00 Client request body bytes total
ACCG.private.sub.client_req_count                             0         0.00 Total number of client requests processed
ACCG.private.sub.client_req_hdrbytes                             0         0.00 Client request header bytes total
ACCG.private.sub.client_req_bodybytes                             0         0.00 Client request body bytes total
ACCG.other.total.client_req_count                             0         0.00 Total number of client requests processed
ACCG.other.total.client_req_hdrbytes                             0         0.00 Client request header bytes total
ACCG.other.total.client_req_bodybytes                             0         0.00 Client request body bytes total
ACCG.other.sub.client_req_count                             0         0.00 Total number of client requests processed
ACCG.other.sub.client_req_hdrbytes                             0         0.00 Client request header bytes total
ACCG.other.sub.client_req_bodybytes                             0         0.00 Client request body bytes total
ACCG.private.oci.client_req_count                         19314         0.01 Total number of client requests processed
ACCG.private.oci.client_req_hdrbytes                       3847362         2.46 Client request header bytes total
ACCG.private.oci.client_req_bodybytes                             0         0.00 Client request body bytes total
--- 13:41:32 ---
MAIN.client_req_400                             0         0.00 Client requests received, subject to 400 errors
MAIN.client_req_417                             0         0.00 Client requests received, subject to 417 errors
MAIN.client_req                         19314         0.01 Good client requests received
MAIN.threads_limited                             0         0.00 Threads hit max
MAIN.threads_created                          1201         0.00 Threads created
MAIN.threads_destroyed                          1001         0.00 Threads destroyed
MAIN.thread_queue_len                             0          .   Length of session queue
MAIN.busy_sleep                           354         0.00 Number of requests sent to sleep on busy objhdr
MAIN.busy_wakeup                           354         0.00 Number of requests woken after sleep on busy objhdr
MAIN.sess_queued                           311         0.00 Sessions queued for thread
MAIN.sess_dropped                             0         0.00 Sessions dropped for thread
ACCG.std.total.client_req_count                         19314         0.01 Total number of client requests processed
ACCG.std.total.client_req_hdrbytes                       3847362         2.46 Client request header bytes total
ACCG.std.total.client_req_bodybytes                             0         0.00 Client request body bytes total
ACCG.std.sub.client_req_count                             0         0.00 Total number of client requests processed
ACCG.std.sub.client_req_hdrbytes                             0         0.00 Client request header bytes total
ACCG.std.sub.client_req_bodybytes                             0         0.00 Client request body bytes total
ACCG.private.total.client_req_count                         19314         0.01 Total number of client requests processed
ACCG.private.total.client_req_hdrbytes                       3847362         2.46 Client request header bytes total
ACCG.private.total.client_req_bodybytes                             0         0.00 Client request body bytes total
ACCG.private.sub.client_req_count                             0         0.00 Total number of client requests processed
ACCG.private.sub.client_req_hdrbytes                             0         0.00 Client request header bytes total
ACCG.private.sub.client_req_bodybytes                             0         0.00 Client request body bytes total
ACCG.other.total.client_req_count                             0         0.00 Total number of client requests processed
ACCG.other.total.client_req_hdrbytes                             0         0.00 Client request header bytes total
ACCG.other.total.client_req_bodybytes                             0         0.00 Client request body bytes total
ACCG.other.sub.client_req_count                             0         0.00 Total number of client requests processed
ACCG.other.sub.client_req_hdrbytes                             0         0.00 Client request header bytes total
ACCG.other.sub.client_req_bodybytes                             0         0.00 Client request body bytes total
ACCG.private.oci.client_req_count                         19314         0.01 Total number of client requests processed
ACCG.private.oci.client_req_hdrbytes                       3847362         2.46 Client request header bytes total
ACCG.private.oci.client_req_bodybytes                             0         0.00 Client request body bytes total
--- 13:41:33 ---
MAIN.client_req_400                             0         0.00 Client requests received, subject to 400 errors
MAIN.client_req_417                             0         0.00 Client requests received, subject to 417 errors
MAIN.client_req                         19314         0.01 Good client requests received
MAIN.threads_limited                             0         0.00 Threads hit max
MAIN.threads_created                          1216         0.00 Threads created
MAIN.threads_destroyed                          1004         0.00 Threads destroyed
MAIN.thread_queue_len                             0          .   Length of session queue
MAIN.busy_sleep                           354         0.00 Number of requests sent to sleep on busy objhdr
MAIN.busy_wakeup                           354         0.00 Number of requests woken after sleep on busy objhdr
MAIN.sess_queued                           315         0.00 Sessions queued for thread
MAIN.sess_dropped                             0         0.00 Sessions dropped for thread
ACCG.std.total.client_req_count                         19514         0.01 Total number of client requests processed
ACCG.std.total.client_req_hdrbytes                       3891362         2.49 Client request header bytes total
ACCG.std.total.client_req_bodybytes                             0         0.00 Client request body bytes total
ACCG.std.sub.client_req_count                             0         0.00 Total number of client requests processed
ACCG.std.sub.client_req_hdrbytes                             0         0.00 Client request header bytes total
ACCG.std.sub.client_req_bodybytes                             0         0.00 Client request body bytes total
ACCG.private.total.client_req_count                         19514         0.01 Total number of client requests processed
ACCG.private.total.client_req_hdrbytes                       3891362         2.49 Client request header bytes total
ACCG.private.total.client_req_bodybytes                             0         0.00 Client request body bytes total
ACCG.private.sub.client_req_count                             0         0.00 Total number of client requests processed
ACCG.private.sub.client_req_hdrbytes                             0         0.00 Client request header bytes total
ACCG.private.sub.client_req_bodybytes                             0         0.00 Client request body bytes total
ACCG.other.total.client_req_count                             0         0.00 Total number of client requests processed
ACCG.other.total.client_req_hdrbytes                             0         0.00 Client request header bytes total
ACCG.other.total.client_req_bodybytes                             0         0.00 Client request body bytes total
ACCG.other.sub.client_req_count                             0         0.00 Total number of client requests processed
ACCG.other.sub.client_req_hdrbytes                             0         0.00 Client request header bytes total
ACCG.other.sub.client_req_bodybytes                             0         0.00 Client request body bytes total
ACCG.private.oci.client_req_count                         19514         0.01 Total number of client requests processed
ACCG.private.oci.client_req_hdrbytes                       3891362         2.49 Client request header bytes total
ACCG.private.oci.client_req_bodybytes                             0         0.00 Client request body bytes total
--- 13:41:34 ---
MAIN.client_req_400                             0         0.00 Client requests received, subject to 400 errors
MAIN.client_req_417                             0         0.00 Client requests received, subject to 417 errors
MAIN.client_req                         19314         0.01 Good client requests received
MAIN.threads_limited                             0         0.00 Threads hit max
MAIN.threads_created                          1216         0.00 Threads created
MAIN.threads_destroyed                          1005         0.00 Threads destroyed
MAIN.thread_queue_len                             0          .   Length of session queue
MAIN.busy_sleep                           354         0.00 Number of requests sent to sleep on busy objhdr
MAIN.busy_wakeup                           354         0.00 Number of requests woken after sleep on busy objhdr
MAIN.sess_queued                           315         0.00 Sessions queued for thread
MAIN.sess_dropped                             0         0.00 Sessions dropped for thread
ACCG.std.total.client_req_count                         19514         0.01 Total number of client requests processed
ACCG.std.total.client_req_hdrbytes                       3891362         2.49 Client request header bytes total
ACCG.std.total.client_req_bodybytes                             0         0.00 Client request body bytes total
ACCG.std.sub.client_req_count                             0         0.00 Total number of client requests processed
ACCG.std.sub.client_req_hdrbytes                             0         0.00 Client request header bytes total
ACCG.std.sub.client_req_bodybytes                             0         0.00 Client request body bytes total
ACCG.private.total.client_req_count                         19514         0.01 Total number of client requests processed
ACCG.private.total.client_req_hdrbytes                       3891362         2.49 Client request header bytes total
ACCG.private.total.client_req_bodybytes                             0         0.00 Client request body bytes total
ACCG.private.sub.client_req_count                             0         0.00 Total number of client requests processed
ACCG.private.sub.client_req_hdrbytes                             0         0.00 Client request header bytes total
ACCG.private.sub.client_req_bodybytes                             0         0.00 Client request body bytes total
ACCG.other.total.client_req_count                             0         0.00 Total number of client requests processed
ACCG.other.total.client_req_hdrbytes                             0         0.00 Client request header bytes total
ACCG.other.total.client_req_bodybytes                             0         0.00 Client request body bytes total
ACCG.other.sub.client_req_count                             0         0.00 Total number of client requests processed
ACCG.other.sub.client_req_hdrbytes                             0         0.00 Client request header bytes total
ACCG.other.sub.client_req_bodybytes                             0         0.00 Client request body bytes total
ACCG.private.oci.client_req_count                         19514         0.01 Total number of client requests processed
ACCG.private.oci.client_req_hdrbytes                       3891362         2.49 Client request header bytes total
ACCG.private.oci.client_req_bodybytes                             0         0.00 Client request body bytes total
--- 13:41:35 ---
MAIN.client_req_400                             0         0.00 Client requests received, subject to 400 errors
MAIN.client_req_417                             0         0.00 Client requests received, subject to 417 errors
MAIN.client_req                         19314         0.01 Good client requests received
MAIN.threads_limited                             0         0.00 Threads hit max
MAIN.threads_created                          1216         0.00 Threads created
MAIN.threads_destroyed                          1005         0.00 Threads destroyed
MAIN.thread_queue_len                             0          .   Length of session queue
MAIN.busy_sleep                           354         0.00 Number of requests sent to sleep on busy objhdr
MAIN.busy_wakeup                           354         0.00 Number of requests woken after sleep on busy objhdr
MAIN.sess_queued                           315         0.00 Sessions queued for thread
MAIN.sess_dropped                             0         0.00 Sessions dropped for thread
ACCG.std.total.client_req_count                         19514         0.01 Total number of client requests processed
ACCG.std.total.client_req_hdrbytes                       3891362         2.49 Client request header bytes total
ACCG.std.total.client_req_bodybytes                             0         0.00 Client request body bytes total
ACCG.std.sub.client_req_count                             0         0.00 Total number of client requests processed
ACCG.std.sub.client_req_hdrbytes                             0         0.00 Client request header bytes total
ACCG.std.sub.client_req_bodybytes                             0         0.00 Client request body bytes total
ACCG.private.total.client_req_count                         19514         0.01 Total number of client requests processed
ACCG.private.total.client_req_hdrbytes                       3891362         2.49 Client request header bytes total
ACCG.private.total.client_req_bodybytes                             0         0.00 Client request body bytes total
ACCG.private.sub.client_req_count                             0         0.00 Total number of client requests processed
ACCG.private.sub.client_req_hdrbytes                             0         0.00 Client request header bytes total
ACCG.private.sub.client_req_bodybytes                             0         0.00 Client request body bytes total
ACCG.other.total.client_req_count                             0         0.00 Total number of client requests processed
ACCG.other.total.client_req_hdrbytes                             0         0.00 Client request header bytes total
ACCG.other.total.client_req_bodybytes                             0         0.00 Client request body bytes total
ACCG.other.sub.client_req_count                             0         0.00 Total number of client requests processed
ACCG.other.sub.client_req_hdrbytes                             0         0.00 Client request header bytes total
ACCG.other.sub.client_req_bodybytes                             0         0.00 Client request body bytes total
ACCG.private.oci.client_req_count                         19514         0.01 Total number of client requests processed
ACCG.private.oci.client_req_hdrbytes                       3891362         2.49 Client request header bytes total
ACCG.private.oci.client_req_bodybytes                             0         0.00 Client request body bytes total
--- 13:41:36 ---
MAIN.client_req_400                             0         0.00 Client requests received, subject to 400 errors
MAIN.client_req_417                             0         0.00 Client requests received, subject to 417 errors
MAIN.client_req                         19314         0.01 Good client requests received
MAIN.threads_limited                             0         0.00 Threads hit max
MAIN.threads_created                          1216         0.00 Threads created
MAIN.threads_destroyed                          1005         0.00 Threads destroyed
MAIN.thread_queue_len                             0          .   Length of session queue
MAIN.busy_sleep                           354         0.00 Number of requests sent to sleep on busy objhdr
MAIN.busy_wakeup                           354         0.00 Number of requests woken after sleep on busy objhdr
MAIN.sess_queued                           315         0.00 Sessions queued for thread
MAIN.sess_dropped                             0         0.00 Sessions dropped for thread
ACCG.std.total.client_req_count                         19514         0.01 Total number of client requests processed
ACCG.std.total.client_req_hdrbytes                       3891362         2.49 Client request header bytes total
ACCG.std.total.client_req_bodybytes                             0         0.00 Client request body bytes total
ACCG.std.sub.client_req_count                             0         0.00 Total number of client requests processed
ACCG.std.sub.client_req_hdrbytes                             0         0.00 Client request header bytes total
ACCG.std.sub.client_req_bodybytes                             0         0.00 Client request body bytes total
ACCG.private.total.client_req_count                         19514         0.01 Total number of client requests processed
ACCG.private.total.client_req_hdrbytes                       3891362         2.49 Client request header bytes total
ACCG.private.total.client_req_bodybytes                             0         0.00 Client request body bytes total
ACCG.private.sub.client_req_count                             0         0.00 Total number of client requests processed
ACCG.private.sub.client_req_hdrbytes                             0         0.00 Client request header bytes total
ACCG.private.sub.client_req_bodybytes                             0         0.00 Client request body bytes total
ACCG.other.total.client_req_count                             0         0.00 Total number of client requests processed
ACCG.other.total.client_req_hdrbytes                             0         0.00 Client request header bytes total
ACCG.other.total.client_req_bodybytes                             0         0.00 Client request body bytes total
ACCG.other.sub.client_req_count                             0         0.00 Total number of client requests processed
ACCG.other.sub.client_req_hdrbytes                             0         0.00 Client request header bytes total
ACCG.other.sub.client_req_bodybytes                             0         0.00 Client request body bytes total
ACCG.private.oci.client_req_count                         19514         0.01 Total number of client requests processed
ACCG.private.oci.client_req_hdrbytes                       3891362         2.49 Client request header bytes total
ACCG.private.oci.client_req_bodybytes                             0         0.00 Client request body bytes total
--- 13:41:37 ---
MAIN.client_req_400                             0         0.00 Client requests received, subject to 400 errors
MAIN.client_req_417                             0         0.00 Client requests received, subject to 417 errors
MAIN.client_req                         19314         0.01 Good client requests received
MAIN.threads_limited                             0         0.00 Threads hit max
MAIN.threads_created                          1216         0.00 Threads created
MAIN.threads_destroyed                          1005         0.00 Threads destroyed
MAIN.thread_queue_len                             0          .   Length of session queue
MAIN.busy_sleep                           354         0.00 Number of requests sent to sleep on busy objhdr
MAIN.busy_wakeup                           354         0.00 Number of requests woken after sleep on busy objhdr
MAIN.sess_queued                           315         0.00 Sessions queued for thread
MAIN.sess_dropped                             0         0.00 Sessions dropped for thread
ACCG.std.total.client_req_count                         19514         0.01 Total number of client requests processed
ACCG.std.total.client_req_hdrbytes                       3891362         2.49 Client request header bytes total
ACCG.std.total.client_req_bodybytes                             0         0.00 Client request body bytes total
ACCG.std.sub.client_req_count                             0         0.00 Total number of client requests processed
ACCG.std.sub.client_req_hdrbytes                             0         0.00 Client request header bytes total
ACCG.std.sub.client_req_bodybytes                             0         0.00 Client request body bytes total
ACCG.private.total.client_req_count                         19514         0.01 Total number of client requests processed
ACCG.private.total.client_req_hdrbytes                       3891362         2.49 Client request header bytes total
ACCG.private.total.client_req_bodybytes                             0         0.00 Client request body bytes total
ACCG.private.sub.client_req_count                             0         0.00 Total number of client requests processed
ACCG.private.sub.client_req_hdrbytes                             0         0.00 Client request header bytes total
ACCG.private.sub.client_req_bodybytes                             0         0.00 Client request body bytes total
ACCG.other.total.client_req_count                             0         0.00 Total number of client requests processed
ACCG.other.total.client_req_hdrbytes                             0         0.00 Client request header bytes total
ACCG.other.total.client_req_bodybytes                             0         0.00 Client request body bytes total
ACCG.other.sub.client_req_count                             0         0.00 Total number of client requests processed
ACCG.other.sub.client_req_hdrbytes                             0         0.00 Client request header bytes total
ACCG.other.sub.client_req_bodybytes                             0         0.00 Client request body bytes total
ACCG.private.oci.client_req_count                         19514         0.01 Total number of client requests processed
ACCG.private.oci.client_req_hdrbytes                       3891362         2.49 Client request header bytes total
ACCG.private.oci.client_req_bodybytes                             0         0.00 Client request body bytes total
--- 13:41:39 ---
MAIN.client_req_400                             0         0.00 Client requests received, subject to 400 errors
MAIN.client_req_417                             0         0.00 Client requests received, subject to 417 errors
MAIN.client_req                         19314         0.01 Good client requests received
MAIN.threads_limited                             0         0.00 Threads hit max
MAIN.threads_created                          1216         0.00 Threads created
MAIN.threads_destroyed                          1005         0.00 Threads destroyed
MAIN.thread_queue_len                             0          .   Length of session queue
MAIN.busy_sleep                           354         0.00 Number of requests sent to sleep on busy objhdr
MAIN.busy_wakeup                           354         0.00 Number of requests woken after sleep on busy objhdr
MAIN.sess_queued                           315         0.00 Sessions queued for thread
MAIN.sess_dropped                             0         0.00 Sessions dropped for thread
ACCG.std.total.client_req_count                         19514         0.01 Total number of client requests processed
ACCG.std.total.client_req_hdrbytes                       3891362         2.49 Client request header bytes total
ACCG.std.total.client_req_bodybytes                             0         0.00 Client request body bytes total
ACCG.std.sub.client_req_count                             0         0.00 Total number of client requests processed
ACCG.std.sub.client_req_hdrbytes                             0         0.00 Client request header bytes total
ACCG.std.sub.client_req_bodybytes                             0         0.00 Client request body bytes total
ACCG.private.total.client_req_count                         19514         0.01 Total number of client requests processed
ACCG.private.total.client_req_hdrbytes                       3891362         2.49 Client request header bytes total
ACCG.private.total.client_req_bodybytes                             0         0.00 Client request body bytes total
ACCG.private.sub.client_req_count                             0         0.00 Total number of client requests processed
ACCG.private.sub.client_req_hdrbytes                             0         0.00 Client request header bytes total
ACCG.private.sub.client_req_bodybytes                             0         0.00 Client request body bytes total
ACCG.other.total.client_req_count                             0         0.00 Total number of client requests processed
ACCG.other.total.client_req_hdrbytes                             0         0.00 Client request header bytes total
ACCG.other.total.client_req_bodybytes                             0         0.00 Client request body bytes total
ACCG.other.sub.client_req_count                             0         0.00 Total number of client requests processed
ACCG.other.sub.client_req_hdrbytes                             0         0.00 Client request header bytes total
ACCG.other.sub.client_req_bodybytes                             0         0.00 Client request body bytes total
ACCG.private.oci.client_req_count                         19514         0.01 Total number of client requests processed
ACCG.private.oci.client_req_hdrbytes                       3891362         2.49 Client request header bytes total
ACCG.private.oci.client_req_bodybytes                             0         0.00 Client request body bytes total
--- 13:41:40 ---
MAIN.client_req_400                             0         0.00 Client requests received, subject to 400 errors
MAIN.client_req_417                             0         0.00 Client requests received, subject to 417 errors
MAIN.client_req                         19314         0.01 Good client requests received
MAIN.threads_limited                             0         0.00 Threads hit max
MAIN.threads_created                          1216         0.00 Threads created
MAIN.threads_destroyed                          1005         0.00 Threads destroyed
MAIN.thread_queue_len                             0          .   Length of session queue
MAIN.busy_sleep                           354         0.00 Number of requests sent to sleep on busy objhdr
MAIN.busy_wakeup                           354         0.00 Number of requests woken after sleep on busy objhdr
MAIN.sess_queued                           315         0.00 Sessions queued for thread
MAIN.sess_dropped                             0         0.00 Sessions dropped for thread
ACCG.std.total.client_req_count                         19514         0.01 Total number of client requests processed
ACCG.std.total.client_req_hdrbytes                       3891362         2.49 Client request header bytes total
ACCG.std.total.client_req_bodybytes                             0         0.00 Client request body bytes total
ACCG.std.sub.client_req_count                             0         0.00 Total number of client requests processed
ACCG.std.sub.client_req_hdrbytes                             0         0.00 Client request header bytes total
ACCG.std.sub.client_req_bodybytes                             0         0.00 Client request body bytes total
ACCG.private.total.client_req_count                         19514         0.01 Total number of client requests processed
ACCG.private.total.client_req_hdrbytes                       3891362         2.49 Client request header bytes total
ACCG.private.total.client_req_bodybytes                             0         0.00 Client request body bytes total
ACCG.private.sub.client_req_count                             0         0.00 Total number of client requests processed
ACCG.private.sub.client_req_hdrbytes                             0         0.00 Client request header bytes total
ACCG.private.sub.client_req_bodybytes                             0         0.00 Client request body bytes total
ACCG.other.total.client_req_count                             0         0.00 Total number of client requests processed
ACCG.other.total.client_req_hdrbytes                             0         0.00 Client request header bytes total
ACCG.other.total.client_req_bodybytes                             0         0.00 Client request body bytes total
ACCG.other.sub.client_req_count                             0         0.00 Total number of client requests processed
ACCG.other.sub.client_req_hdrbytes                             0         0.00 Client request header bytes total
ACCG.other.sub.client_req_bodybytes                             0         0.00 Client request body bytes total
ACCG.private.oci.client_req_count                         19514         0.01 Total number of client requests processed
ACCG.private.oci.client_req_hdrbytes                       3891362         2.49 Client request header bytes total
ACCG.private.oci.client_req_bodybytes                             0         0.00 Client request body bytes total
--- 13:41:41 ---
MAIN.client_req_400                             0         0.00 Client requests received, subject to 400 errors
MAIN.client_req_417                             0         0.00 Client requests received, subject to 417 errors
MAIN.client_req                         19314         0.01 Good client requests received
MAIN.threads_limited                             0         0.00 Threads hit max
MAIN.threads_created                          1216         0.00 Threads created
MAIN.threads_destroyed                          1005         0.00 Threads destroyed
MAIN.thread_queue_len                             0          .   Length of session queue
MAIN.busy_sleep                           354         0.00 Number of requests sent to sleep on busy objhdr
MAIN.busy_wakeup                           354         0.00 Number of requests woken after sleep on busy objhdr
MAIN.sess_queued                           315         0.00 Sessions queued for thread
MAIN.sess_dropped                             0         0.00 Sessions dropped for thread
ACCG.std.total.client_req_count                         19514         0.01 Total number of client requests processed
ACCG.std.total.client_req_hdrbytes                       3891362         2.49 Client request header bytes total
ACCG.std.total.client_req_bodybytes                             0         0.00 Client request body bytes total
ACCG.std.sub.client_req_count                             0         0.00 Total number of client requests processed
ACCG.std.sub.client_req_hdrbytes                             0         0.00 Client request header bytes total
ACCG.std.sub.client_req_bodybytes                             0         0.00 Client request body bytes total
ACCG.private.total.client_req_count                         19514         0.01 Total number of client requests processed
ACCG.private.total.client_req_hdrbytes                       3891362         2.49 Client request header bytes total
ACCG.private.total.client_req_bodybytes                             0         0.00 Client request body bytes total
ACCG.private.sub.client_req_count                             0         0.00 Total number of client requests processed
ACCG.private.sub.client_req_hdrbytes                             0         0.00 Client request header bytes total
ACCG.private.sub.client_req_bodybytes                             0         0.00 Client request body bytes total
ACCG.other.total.client_req_count                             0         0.00 Total number of client requests processed
ACCG.other.total.client_req_hdrbytes                             0         0.00 Client request header bytes total
ACCG.other.total.client_req_bodybytes                             0         0.00 Client request body bytes total
ACCG.other.sub.client_req_count                             0         0.00 Total number of client requests processed
ACCG.other.sub.client_req_hdrbytes                             0         0.00 Client request header bytes total
ACCG.other.sub.client_req_bodybytes                             0         0.00 Client request body bytes total
ACCG.private.oci.client_req_count                         19514         0.01 Total number of client requests processed
ACCG.private.oci.client_req_hdrbytes                       3891362         2.49 Client request header bytes total
ACCG.private.oci.client_req_bodybytes                             0         0.00 Client request body bytes total
--- 13:41:42 ---
MAIN.client_req_400                             0         0.00 Client requests received, subject to 400 errors
MAIN.client_req_417                             0         0.00 Client requests received, subject to 417 errors
MAIN.client_req                         19368         0.01 Good client requests received
MAIN.threads_limited                             0         0.00 Threads hit max
MAIN.threads_created                          1216         0.00 Threads created
MAIN.threads_destroyed                          1005         0.00 Threads destroyed
MAIN.thread_queue_len                             0          .   Length of session queue
MAIN.busy_sleep                           354         0.00 Number of requests sent to sleep on busy objhdr
MAIN.busy_wakeup                           354         0.00 Number of requests woken after sleep on busy objhdr
MAIN.sess_queued                           315         0.00 Sessions queued for thread
MAIN.sess_dropped                             0         0.00 Sessions dropped for thread
ACCG.std.total.client_req_count                         19542         0.01 Total number of client requests processed
ACCG.std.total.client_req_hdrbytes                       3897522         2.49 Client request header bytes total
ACCG.std.total.client_req_bodybytes                             0         0.00 Client request body bytes total
ACCG.std.sub.client_req_count                             0         0.00 Total number of client requests processed
ACCG.std.sub.client_req_hdrbytes                             0         0.00 Client request header bytes total
ACCG.std.sub.client_req_bodybytes                             0         0.00 Client request body bytes total
ACCG.private.total.client_req_count                         19542         0.01 Total number of client requests processed
ACCG.private.total.client_req_hdrbytes                       3897522         2.49 Client request header bytes total
ACCG.private.total.client_req_bodybytes                             0         0.00 Client request body bytes total
ACCG.private.sub.client_req_count                             0         0.00 Total number of client requests processed
ACCG.private.sub.client_req_hdrbytes                             0         0.00 Client request header bytes total
ACCG.private.sub.client_req_bodybytes                             0         0.00 Client request body bytes total
ACCG.other.total.client_req_count                             0         0.00 Total number of client requests processed
ACCG.other.total.client_req_hdrbytes                             0         0.00 Client request header bytes total
ACCG.other.total.client_req_bodybytes                             0         0.00 Client request body bytes total
ACCG.other.sub.client_req_count                             0         0.00 Total number of client requests processed
ACCG.other.sub.client_req_hdrbytes                             0         0.00 Client request header bytes total
ACCG.other.sub.client_req_bodybytes                             0         0.00 Client request body bytes total
ACCG.private.oci.client_req_count                         19542         0.01 Total number of client requests processed
ACCG.private.oci.client_req_hdrbytes                       3897522         2.49 Client request header bytes total
ACCG.private.oci.client_req_bodybytes                             0         0.00 Client request body bytes total
--- 13:41:43 ---
MAIN.client_req_400                             0         0.00 Client requests received, subject to 400 errors
MAIN.client_req_417                             0         0.00 Client requests received, subject to 417 errors
MAIN.client_req                         19474         0.01 Good client requests received
MAIN.threads_limited                             0         0.00 Threads hit max
MAIN.threads_created                          1216         0.00 Threads created
MAIN.threads_destroyed                          1005         0.00 Threads destroyed
MAIN.thread_queue_len                             0          .   Length of session queue
MAIN.busy_sleep                           354         0.00 Number of requests sent to sleep on busy objhdr
MAIN.busy_wakeup                           354         0.00 Number of requests woken after sleep on busy objhdr
MAIN.sess_queued                           315         0.00 Sessions queued for thread
MAIN.sess_dropped                             0         0.00 Sessions dropped for thread
ACCG.std.total.client_req_count                         19596         0.01 Total number of client requests processed
ACCG.std.total.client_req_hdrbytes                       3909402         2.50 Client request header bytes total
ACCG.std.total.client_req_bodybytes                             0         0.00 Client request body bytes total
ACCG.std.sub.client_req_count                             0         0.00 Total number of client requests processed
ACCG.std.sub.client_req_hdrbytes                             0         0.00 Client request header bytes total
ACCG.std.sub.client_req_bodybytes                             0         0.00 Client request body bytes total
ACCG.private.total.client_req_count                         19596         0.01 Total number of client requests processed
ACCG.private.total.client_req_hdrbytes                       3909402         2.50 Client request header bytes total
ACCG.private.total.client_req_bodybytes                             0         0.00 Client request body bytes total
ACCG.private.sub.client_req_count                             0         0.00 Total number of client requests processed
ACCG.private.sub.client_req_hdrbytes                             0         0.00 Client request header bytes total
ACCG.private.sub.client_req_bodybytes                             0         0.00 Client request body bytes total
ACCG.other.total.client_req_count                             0         0.00 Total number of client requests processed
ACCG.other.total.client_req_hdrbytes                             0         0.00 Client request header bytes total
ACCG.other.total.client_req_bodybytes                             0         0.00 Client request body bytes total
ACCG.other.sub.client_req_count                             0         0.00 Total number of client requests processed
ACCG.other.sub.client_req_hdrbytes                             0         0.00 Client request header bytes total
ACCG.other.sub.client_req_bodybytes                             0         0.00 Client request body bytes total
ACCG.private.oci.client_req_count                         19596         0.01 Total number of client requests processed
ACCG.private.oci.client_req_hdrbytes                       3909402         2.50 Client request header bytes total
ACCG.private.oci.client_req_bodybytes                             0         0.00 Client request body bytes total
--- 13:41:44 ---
MAIN.client_req_400                             0         0.00 Client requests received, subject to 400 errors
MAIN.client_req_417                             0         0.00 Client requests received, subject to 417 errors
MAIN.client_req                         19574         0.01 Good client requests received
MAIN.threads_limited                             0         0.00 Threads hit max
MAIN.threads_created                          1216         0.00 Threads created
MAIN.threads_destroyed                          1005         0.00 Threads destroyed
MAIN.thread_queue_len                             0          .   Length of session queue
MAIN.busy_sleep                           354         0.00 Number of requests sent to sleep on busy objhdr
MAIN.busy_wakeup                           354         0.00 Number of requests woken after sleep on busy objhdr
MAIN.sess_queued                           315         0.00 Sessions queued for thread
MAIN.sess_dropped                             0         0.00 Sessions dropped for thread
ACCG.std.total.client_req_count                         19645         0.01 Total number of client requests processed
ACCG.std.total.client_req_hdrbytes                       3920182         2.51 Client request header bytes total
ACCG.std.total.client_req_bodybytes                             0         0.00 Client request body bytes total
ACCG.std.sub.client_req_count                             0         0.00 Total number of client requests processed
ACCG.std.sub.client_req_hdrbytes                             0         0.00 Client request header bytes total
ACCG.std.sub.client_req_bodybytes                             0         0.00 Client request body bytes total
ACCG.private.total.client_req_count                         19645         0.01 Total number of client requests processed
ACCG.private.total.client_req_hdrbytes                       3920182         2.51 Client request header bytes total
ACCG.private.total.client_req_bodybytes                             0         0.00 Client request body bytes total
ACCG.private.sub.client_req_count                             0         0.00 Total number of client requests processed
ACCG.private.sub.client_req_hdrbytes                             0         0.00 Client request header bytes total
ACCG.private.sub.client_req_bodybytes                             0         0.00 Client request body bytes total
ACCG.other.total.client_req_count                             0         0.00 Total number of client requests processed
ACCG.other.total.client_req_hdrbytes                             0         0.00 Client request header bytes total
ACCG.other.total.client_req_bodybytes                             0         0.00 Client request body bytes total
ACCG.other.sub.client_req_count                             0         0.00 Total number of client requests processed
ACCG.other.sub.client_req_hdrbytes                             0         0.00 Client request header bytes total
ACCG.other.sub.client_req_bodybytes                             0         0.00 Client request body bytes total
ACCG.private.oci.client_req_count                         19645         0.01 Total number of client requests processed
ACCG.private.oci.client_req_hdrbytes                       3920182         2.51 Client request header bytes total
ACCG.private.oci.client_req_bodybytes                             0         0.00 Client request body bytes total
--- 13:41:45 ---
MAIN.client_req_400                             0         0.00 Client requests received, subject to 400 errors
MAIN.client_req_417                             0         0.00 Client requests received, subject to 417 errors
MAIN.client_req                         19600         0.01 Good client requests received
MAIN.threads_limited                             0         0.00 Threads hit max
MAIN.threads_created                          1216         0.00 Threads created
MAIN.threads_destroyed                          1005         0.00 Threads destroyed
MAIN.thread_queue_len                             0          .   Length of session queue
MAIN.busy_sleep                           354         0.00 Number of requests sent to sleep on busy objhdr
MAIN.busy_wakeup                           354         0.00 Number of requests woken after sleep on busy objhdr
MAIN.sess_queued                           315         0.00 Sessions queued for thread
MAIN.sess_dropped                             0         0.00 Sessions dropped for thread
ACCG.std.total.client_req_count                         19657         0.01 Total number of client requests processed
ACCG.std.total.client_req_hdrbytes                       3922822         2.51 Client request header bytes total
ACCG.std.total.client_req_bodybytes                             0         0.00 Client request body bytes total
ACCG.std.sub.client_req_count                             0         0.00 Total number of client requests processed
ACCG.std.sub.client_req_hdrbytes                             0         0.00 Client request header bytes total
ACCG.std.sub.client_req_bodybytes                             0         0.00 Client request body bytes total
ACCG.private.total.client_req_count                         19657         0.01 Total number of client requests processed
ACCG.private.total.client_req_hdrbytes                       3922822         2.51 Client request header bytes total
ACCG.private.total.client_req_bodybytes                             0         0.00 Client request body bytes total
ACCG.private.sub.client_req_count                             0         0.00 Total number of client requests processed
ACCG.private.sub.client_req_hdrbytes                             0         0.00 Client request header bytes total
ACCG.private.sub.client_req_bodybytes                             0         0.00 Client request body bytes total
ACCG.other.total.client_req_count                             0         0.00 Total number of client requests processed
ACCG.other.total.client_req_hdrbytes                             0         0.00 Client request header bytes total
ACCG.other.total.client_req_bodybytes                             0         0.00 Client request body bytes total
ACCG.other.sub.client_req_count                             0         0.00 Total number of client requests processed
ACCG.other.sub.client_req_hdrbytes                             0         0.00 Client request header bytes total
ACCG.other.sub.client_req_bodybytes                             0         0.00 Client request body bytes total
ACCG.private.oci.client_req_count                         19657         0.01 Total number of client requests processed
ACCG.private.oci.client_req_hdrbytes                       3922822         2.51 Client request header bytes total
ACCG.private.oci.client_req_bodybytes                             0         0.00 Client request body bytes total
--- 13:41:46 ---
MAIN.client_req_400                             0         0.00 Client requests received, subject to 400 errors
MAIN.client_req_417                             0         0.00 Client requests received, subject to 417 errors
MAIN.client_req                         19614         0.01 Good client requests received
MAIN.threads_limited                             0         0.00 Threads hit max
MAIN.threads_created                          1216         0.00 Threads created
MAIN.threads_destroyed                          1005         0.00 Threads destroyed
MAIN.thread_queue_len                             0          .   Length of session queue
MAIN.busy_sleep                           354         0.00 Number of requests sent to sleep on busy objhdr
MAIN.busy_wakeup                           354         0.00 Number of requests woken after sleep on busy objhdr
MAIN.sess_queued                           315         0.00 Sessions queued for thread
MAIN.sess_dropped                             0         0.00 Sessions dropped for thread
ACCG.std.total.client_req_count                         19664         0.01 Total number of client requests processed
ACCG.std.total.client_req_hdrbytes                       3924362         2.51 Client request header bytes total
ACCG.std.total.client_req_bodybytes                             0         0.00 Client request body bytes total
ACCG.std.sub.client_req_count                             0         0.00 Total number of client requests processed
ACCG.std.sub.client_req_hdrbytes                             0         0.00 Client request header bytes total
ACCG.std.sub.client_req_bodybytes                             0         0.00 Client request body bytes total
ACCG.private.total.client_req_count                         19664         0.01 Total number of client requests processed
ACCG.private.total.client_req_hdrbytes                       3924362         2.51 Client request header bytes total
ACCG.private.total.client_req_bodybytes                             0         0.00 Client request body bytes total
ACCG.private.sub.client_req_count                             0         0.00 Total number of client requests processed
ACCG.private.sub.client_req_hdrbytes                             0         0.00 Client request header bytes total
ACCG.private.sub.client_req_bodybytes                             0         0.00 Client request body bytes total
ACCG.other.total.client_req_count                             0         0.00 Total number of client requests processed
ACCG.other.total.client_req_hdrbytes                             0         0.00 Client request header bytes total
ACCG.other.total.client_req_bodybytes                             0         0.00 Client request body bytes total
ACCG.other.sub.client_req_count                             0         0.00 Total number of client requests processed
ACCG.other.sub.client_req_hdrbytes                             0         0.00 Client request header bytes total
ACCG.other.sub.client_req_bodybytes                             0         0.00 Client request body bytes total
ACCG.private.oci.client_req_count                         19664         0.01 Total number of client requests processed
ACCG.private.oci.client_req_hdrbytes                       3924362         2.51 Client request header bytes total
ACCG.private.oci.client_req_bodybytes                             0         0.00 Client request body bytes total
--- 13:41:47 ---
MAIN.client_req_400                             0         0.00 Client requests received, subject to 400 errors
MAIN.client_req_417                             0         0.00 Client requests received, subject to 417 errors
MAIN.client_req                         19637         0.01 Good client requests received
MAIN.threads_limited                             0         0.00 Threads hit max
MAIN.threads_created                          1216         0.00 Threads created
MAIN.threads_destroyed                          1005         0.00 Threads destroyed
MAIN.thread_queue_len                             0          .   Length of session queue
MAIN.busy_sleep                           354         0.00 Number of requests sent to sleep on busy objhdr
MAIN.busy_wakeup                           354         0.00 Number of requests woken after sleep on busy objhdr
MAIN.sess_queued                           315         0.00 Sessions queued for thread
MAIN.sess_dropped                             0         0.00 Sessions dropped for thread
ACCG.std.total.client_req_count                         19683         0.01 Total number of client requests processed
ACCG.std.total.client_req_hdrbytes                       3928542         2.51 Client request header bytes total
ACCG.std.total.client_req_bodybytes                             0         0.00 Client request body bytes total
ACCG.std.sub.client_req_count                             0         0.00 Total number of client requests processed
ACCG.std.sub.client_req_hdrbytes                             0         0.00 Client request header bytes total
ACCG.std.sub.client_req_bodybytes                             0         0.00 Client request body bytes total
ACCG.private.total.client_req_count                         19683         0.01 Total number of client requests processed
ACCG.private.total.client_req_hdrbytes                       3928542         2.51 Client request header bytes total
ACCG.private.total.client_req_bodybytes                             0         0.00 Client request body bytes total
ACCG.private.sub.client_req_count                             0         0.00 Total number of client requests processed
ACCG.private.sub.client_req_hdrbytes                             0         0.00 Client request header bytes total
ACCG.private.sub.client_req_bodybytes                             0         0.00 Client request body bytes total
ACCG.other.total.client_req_count                             0         0.00 Total number of client requests processed
ACCG.other.total.client_req_hdrbytes                             0         0.00 Client request header bytes total
ACCG.other.total.client_req_bodybytes                             0         0.00 Client request body bytes total
ACCG.other.sub.client_req_count                             0         0.00 Total number of client requests processed
ACCG.other.sub.client_req_hdrbytes                             0         0.00 Client request header bytes total
ACCG.other.sub.client_req_bodybytes                             0         0.00 Client request body bytes total
ACCG.private.oci.client_req_count                         19683         0.01 Total number of client requests processed
ACCG.private.oci.client_req_hdrbytes                       3928542         2.51 Client request header bytes total
ACCG.private.oci.client_req_bodybytes                             0         0.00 Client request body bytes total
--- 13:41:49 ---
MAIN.client_req_400                             0         0.00 Client requests received, subject to 400 errors
MAIN.client_req_417                             0         0.00 Client requests received, subject to 417 errors
MAIN.client_req                         19695         0.01 Good client requests received
MAIN.threads_limited                             0         0.00 Threads hit max
MAIN.threads_created                          1216         0.00 Threads created
MAIN.threads_destroyed                          1005         0.00 Threads destroyed
MAIN.thread_queue_len                             0          .   Length of session queue
MAIN.busy_sleep                           354         0.00 Number of requests sent to sleep on busy objhdr
MAIN.busy_wakeup                           354         0.00 Number of requests woken after sleep on busy objhdr
MAIN.sess_queued                           315         0.00 Sessions queued for thread
MAIN.sess_dropped                             0         0.00 Sessions dropped for thread
ACCG.std.total.client_req_count                         19738         0.01 Total number of client requests processed
ACCG.std.total.client_req_hdrbytes                       3940642         2.52 Client request header bytes total
ACCG.std.total.client_req_bodybytes                             0         0.00 Client request body bytes total
ACCG.std.sub.client_req_count                             0         0.00 Total number of client requests processed
ACCG.std.sub.client_req_hdrbytes                             0         0.00 Client request header bytes total
ACCG.std.sub.client_req_bodybytes                             0         0.00 Client request body bytes total
ACCG.private.total.client_req_count                         19738         0.01 Total number of client requests processed
ACCG.private.total.client_req_hdrbytes                       3940642         2.52 Client request header bytes total
ACCG.private.total.client_req_bodybytes                             0         0.00 Client request body bytes total
ACCG.private.sub.client_req_count                             0         0.00 Total number of client requests processed
ACCG.private.sub.client_req_hdrbytes                             0         0.00 Client request header bytes total
ACCG.private.sub.client_req_bodybytes                             0         0.00 Client request body bytes total
ACCG.other.total.client_req_count                             0         0.00 Total number of client requests processed
ACCG.other.total.client_req_hdrbytes                             0         0.00 Client request header bytes total
ACCG.other.total.client_req_bodybytes                             0         0.00 Client request body bytes total
ACCG.other.sub.client_req_count                             0         0.00 Total number of client requests processed
ACCG.other.sub.client_req_hdrbytes                             0         0.00 Client request header bytes total
ACCG.other.sub.client_req_bodybytes                             0         0.00 Client request body bytes total
ACCG.private.oci.client_req_count                         19738         0.01 Total number of client requests processed
ACCG.private.oci.client_req_hdrbytes                       3940642         2.52 Client request header bytes total
ACCG.private.oci.client_req_bodybytes                             0         0.00 Client request body bytes total
--- 13:41:50 ---
MAIN.client_req_400                             0         0.00 Client requests received, subject to 400 errors
MAIN.client_req_417                             0         0.00 Client requests received, subject to 417 errors
MAIN.client_req                         19776         0.01 Good client requests received
MAIN.threads_limited                             0         0.00 Threads hit max
MAIN.threads_created                          1216         0.00 Threads created
MAIN.threads_destroyed                          1005         0.00 Threads destroyed
MAIN.thread_queue_len                             0          .   Length of session queue
MAIN.busy_sleep                           354         0.00 Number of requests sent to sleep on busy objhdr
MAIN.busy_wakeup                           354         0.00 Number of requests woken after sleep on busy objhdr
MAIN.sess_queued                           315         0.00 Sessions queued for thread
MAIN.sess_dropped                             0         0.00 Sessions dropped for thread
ACCG.std.total.client_req_count                         19813         0.01 Total number of client requests processed
ACCG.std.total.client_req_hdrbytes                       3957142         2.53 Client request header bytes total
ACCG.std.total.client_req_bodybytes                             0         0.00 Client request body bytes total
ACCG.std.sub.client_req_count                             0         0.00 Total number of client requests processed
ACCG.std.sub.client_req_hdrbytes                             0         0.00 Client request header bytes total
ACCG.std.sub.client_req_bodybytes                             0         0.00 Client request body bytes total
ACCG.private.total.client_req_count                         19813         0.01 Total number of client requests processed
ACCG.private.total.client_req_hdrbytes                       3957142         2.53 Client request header bytes total
ACCG.private.total.client_req_bodybytes                             0         0.00 Client request body bytes total
ACCG.private.sub.client_req_count                             0         0.00 Total number of client requests processed
ACCG.private.sub.client_req_hdrbytes                             0         0.00 Client request header bytes total
ACCG.private.sub.client_req_bodybytes                             0         0.00 Client request body bytes total
ACCG.other.total.client_req_count                             0         0.00 Total number of client requests processed
ACCG.other.total.client_req_hdrbytes                             0         0.00 Client request header bytes total
ACCG.other.total.client_req_bodybytes                             0         0.00 Client request body bytes total
ACCG.other.sub.client_req_count                             0         0.00 Total number of client requests processed
ACCG.other.sub.client_req_hdrbytes                             0         0.00 Client request header bytes total
ACCG.other.sub.client_req_bodybytes                             0         0.00 Client request body bytes total
ACCG.private.oci.client_req_count                         19813         0.01 Total number of client requests processed
ACCG.private.oci.client_req_hdrbytes                       3957142         2.53 Client request header bytes total
ACCG.private.oci.client_req_bodybytes                             0         0.00 Client request body bytes total
--- 13:41:51 ---
MAIN.client_req_400                             0         0.00 Client requests received, subject to 400 errors
MAIN.client_req_417                             0         0.00 Client requests received, subject to 417 errors
MAIN.client_req                         19809         0.01 Good client requests received
MAIN.threads_limited                             0         0.00 Threads hit max
MAIN.threads_created                          1216         0.00 Threads created
MAIN.threads_destroyed                          1005         0.00 Threads destroyed
MAIN.thread_queue_len                             0          .   Length of session queue
MAIN.busy_sleep                           354         0.00 Number of requests sent to sleep on busy objhdr
MAIN.busy_wakeup                           354         0.00 Number of requests woken after sleep on busy objhdr
MAIN.sess_queued                           315         0.00 Sessions queued for thread
MAIN.sess_dropped                             0         0.00 Sessions dropped for thread
ACCG.std.total.client_req_count                         19840         0.01 Total number of client requests processed
ACCG.std.total.client_req_hdrbytes                       3963082         2.54 Client request header bytes total
ACCG.std.total.client_req_bodybytes                             0         0.00 Client request body bytes total
ACCG.std.sub.client_req_count                             0         0.00 Total number of client requests processed
ACCG.std.sub.client_req_hdrbytes                             0         0.00 Client request header bytes total
ACCG.std.sub.client_req_bodybytes                             0         0.00 Client request body bytes total
ACCG.private.total.client_req_count                         19840         0.01 Total number of client requests processed
ACCG.private.total.client_req_hdrbytes                       3963082         2.54 Client request header bytes total
ACCG.private.total.client_req_bodybytes                             0         0.00 Client request body bytes total
ACCG.private.sub.client_req_count                             0         0.00 Total number of client requests processed
ACCG.private.sub.client_req_hdrbytes                             0         0.00 Client request header bytes total
ACCG.private.sub.client_req_bodybytes                             0         0.00 Client request body bytes total
ACCG.other.total.client_req_count                             0         0.00 Total number of client requests processed
ACCG.other.total.client_req_hdrbytes                             0         0.00 Client request header bytes total
ACCG.other.total.client_req_bodybytes                             0         0.00 Client request body bytes total
ACCG.other.sub.client_req_count                             0         0.00 Total number of client requests processed
ACCG.other.sub.client_req_hdrbytes                             0         0.00 Client request header bytes total
ACCG.other.sub.client_req_bodybytes                             0         0.00 Client request body bytes total
ACCG.private.oci.client_req_count                         19840         0.01 Total number of client requests processed
ACCG.private.oci.client_req_hdrbytes                       3963082         2.54 Client request header bytes total
ACCG.private.oci.client_req_bodybytes                             0         0.00 Client request body bytes total
--- 13:41:52 ---
MAIN.client_req_400                             0         0.00 Client requests received, subject to 400 errors
MAIN.client_req_417                             0         0.00 Client requests received, subject to 417 errors
MAIN.client_req                         19822         0.01 Good client requests received
MAIN.threads_limited                             0         0.00 Threads hit max
MAIN.threads_created                          1216         0.00 Threads created
MAIN.threads_destroyed                          1005         0.00 Threads destroyed
MAIN.thread_queue_len                             0          .   Length of session queue
MAIN.busy_sleep                           354         0.00 Number of requests sent to sleep on busy objhdr
MAIN.busy_wakeup                           354         0.00 Number of requests woken after sleep on busy objhdr
MAIN.sess_queued                           315         0.00 Sessions queued for thread
MAIN.sess_dropped                             0         0.00 Sessions dropped for thread
ACCG.std.total.client_req_count                         19845         0.01 Total number of client requests processed
ACCG.std.total.client_req_hdrbytes                       3964182         2.54 Client request header bytes total
ACCG.std.total.client_req_bodybytes                             0         0.00 Client request body bytes total
ACCG.std.sub.client_req_count                             0         0.00 Total number of client requests processed
ACCG.std.sub.client_req_hdrbytes                             0         0.00 Client request header bytes total
ACCG.std.sub.client_req_bodybytes                             0         0.00 Client request body bytes total
ACCG.private.total.client_req_count                         19845         0.01 Total number of client requests processed
ACCG.private.total.client_req_hdrbytes                       3964182         2.54 Client request header bytes total
ACCG.private.total.client_req_bodybytes                             0         0.00 Client request body bytes total
ACCG.private.sub.client_req_count                             0         0.00 Total number of client requests processed
ACCG.private.sub.client_req_hdrbytes                             0         0.00 Client request header bytes total
ACCG.private.sub.client_req_bodybytes                             0         0.00 Client request body bytes total
ACCG.other.total.client_req_count                             0         0.00 Total number of client requests processed
ACCG.other.total.client_req_hdrbytes                             0         0.00 Client request header bytes total
ACCG.other.total.client_req_bodybytes                             0         0.00 Client request body bytes total
ACCG.other.sub.client_req_count                             0         0.00 Total number of client requests processed
ACCG.other.sub.client_req_hdrbytes                             0         0.00 Client request header bytes total
ACCG.other.sub.client_req_bodybytes                             0         0.00 Client request body bytes total
ACCG.private.oci.client_req_count                         19845         0.01 Total number of client requests processed
ACCG.private.oci.client_req_hdrbytes                       3964182         2.54 Client request header bytes total
ACCG.private.oci.client_req_bodybytes                             0         0.00 Client request body bytes total
--- 13:41:53 ---
MAIN.client_req_400                             0         0.00 Client requests received, subject to 400 errors
MAIN.client_req_417                             0         0.00 Client requests received, subject to 417 errors
MAIN.client_req                         19826         0.01 Good client requests received
MAIN.threads_limited                             0         0.00 Threads hit max
MAIN.threads_created                          1216         0.00 Threads created
MAIN.threads_destroyed                          1005         0.00 Threads destroyed
MAIN.thread_queue_len                             0          .   Length of session queue
MAIN.busy_sleep                           354         0.00 Number of requests sent to sleep on busy objhdr
MAIN.busy_wakeup                           354         0.00 Number of requests woken after sleep on busy objhdr
MAIN.sess_queued                           315         0.00 Sessions queued for thread
MAIN.sess_dropped                             0         0.00 Sessions dropped for thread
ACCG.std.total.client_req_count                         19849         0.01 Total number of client requests processed
ACCG.std.total.client_req_hdrbytes                       3965062         2.54 Client request header bytes total
ACCG.std.total.client_req_bodybytes                             0         0.00 Client request body bytes total
ACCG.std.sub.client_req_count                             0         0.00 Total number of client requests processed
ACCG.std.sub.client_req_hdrbytes                             0         0.00 Client request header bytes total
ACCG.std.sub.client_req_bodybytes                             0         0.00 Client request body bytes total
ACCG.private.total.client_req_count                         19849         0.01 Total number of client requests processed
ACCG.private.total.client_req_hdrbytes                       3965062         2.54 Client request header bytes total
ACCG.private.total.client_req_bodybytes                             0         0.00 Client request body bytes total
ACCG.private.sub.client_req_count                             0         0.00 Total number of client requests processed
ACCG.private.sub.client_req_hdrbytes                             0         0.00 Client request header bytes total
ACCG.private.sub.client_req_bodybytes                             0         0.00 Client request body bytes total
ACCG.other.total.client_req_count                             0         0.00 Total number of client requests processed
ACCG.other.total.client_req_hdrbytes                             0         0.00 Client request header bytes total
ACCG.other.total.client_req_bodybytes                             0         0.00 Client request body bytes total
ACCG.other.sub.client_req_count                             0         0.00 Total number of client requests processed
ACCG.other.sub.client_req_hdrbytes                             0         0.00 Client request header bytes total
ACCG.other.sub.client_req_bodybytes                             0         0.00 Client request body bytes total
ACCG.private.oci.client_req_count                         19849         0.01 Total number of client requests processed
ACCG.private.oci.client_req_hdrbytes                       3965062         2.54 Client request header bytes total
ACCG.private.oci.client_req_bodybytes                             0         0.00 Client request body bytes total
--- 13:41:54 ---
MAIN.client_req_400                             0         0.00 Client requests received, subject to 400 errors
MAIN.client_req_417                             0         0.00 Client requests received, subject to 417 errors
MAIN.client_req                         19838         0.01 Good client requests received
MAIN.threads_limited                             0         0.00 Threads hit max
MAIN.threads_created                          1216         0.00 Threads created
MAIN.threads_destroyed                          1005         0.00 Threads destroyed
MAIN.thread_queue_len                             0          .   Length of session queue
MAIN.busy_sleep                           354         0.00 Number of requests sent to sleep on busy objhdr
MAIN.busy_wakeup                           354         0.00 Number of requests woken after sleep on busy objhdr
MAIN.sess_queued                           315         0.00 Sessions queued for thread
MAIN.sess_dropped                             0         0.00 Sessions dropped for thread
ACCG.std.total.client_req_count                         19855         0.01 Total number of client requests processed
ACCG.std.total.client_req_hdrbytes                       3966382         2.54 Client request header bytes total
ACCG.std.total.client_req_bodybytes                             0         0.00 Client request body bytes total
ACCG.std.sub.client_req_count                             0         0.00 Total number of client requests processed
ACCG.std.sub.client_req_hdrbytes                             0         0.00 Client request header bytes total
ACCG.std.sub.client_req_bodybytes                             0         0.00 Client request body bytes total
ACCG.private.total.client_req_count                         19855         0.01 Total number of client requests processed
ACCG.private.total.client_req_hdrbytes                       3966382         2.54 Client request header bytes total
ACCG.private.total.client_req_bodybytes                             0         0.00 Client request body bytes total
ACCG.private.sub.client_req_count                             0         0.00 Total number of client requests processed
ACCG.private.sub.client_req_hdrbytes                             0         0.00 Client request header bytes total
ACCG.private.sub.client_req_bodybytes                             0         0.00 Client request body bytes total
ACCG.other.total.client_req_count                             0         0.00 Total number of client requests processed
ACCG.other.total.client_req_hdrbytes                             0         0.00 Client request header bytes total
ACCG.other.total.client_req_bodybytes                             0         0.00 Client request body bytes total
ACCG.other.sub.client_req_count                             0         0.00 Total number of client requests processed
ACCG.other.sub.client_req_hdrbytes                             0         0.00 Client request header bytes total
ACCG.other.sub.client_req_bodybytes                             0         0.00 Client request body bytes total
ACCG.private.oci.client_req_count                         19855         0.01 Total number of client requests processed
ACCG.private.oci.client_req_hdrbytes                       3966382         2.54 Client request header bytes total
ACCG.private.oci.client_req_bodybytes                             0         0.00 Client request body bytes total
--- 13:41:55 ---
MAIN.client_req_400                             0         0.00 Client requests received, subject to 400 errors
MAIN.client_req_417                             0         0.00 Client requests received, subject to 417 errors
MAIN.client_req                         19843         0.01 Good client requests received
MAIN.threads_limited                             0         0.00 Threads hit max
MAIN.threads_created                          1216         0.00 Threads created
MAIN.threads_destroyed                          1005         0.00 Threads destroyed
MAIN.thread_queue_len                             0          .   Length of session queue
MAIN.busy_sleep                           354         0.00 Number of requests sent to sleep on busy objhdr
MAIN.busy_wakeup                           354         0.00 Number of requests woken after sleep on busy objhdr
MAIN.sess_queued                           315         0.00 Sessions queued for thread
MAIN.sess_dropped                             0         0.00 Sessions dropped for thread
ACCG.std.total.client_req_count                         19859         0.01 Total number of client requests processed
ACCG.std.total.client_req_hdrbytes                       3967262         2.54 Client request header bytes total
ACCG.std.total.client_req_bodybytes                             0         0.00 Client request body bytes total
ACCG.std.sub.client_req_count                             0         0.00 Total number of client requests processed
ACCG.std.sub.client_req_hdrbytes                             0         0.00 Client request header bytes total
ACCG.std.sub.client_req_bodybytes                             0         0.00 Client request body bytes total
ACCG.private.total.client_req_count                         19859         0.01 Total number of client requests processed
ACCG.private.total.client_req_hdrbytes                       3967262         2.54 Client request header bytes total
ACCG.private.total.client_req_bodybytes                             0         0.00 Client request body bytes total
ACCG.private.sub.client_req_count                             0         0.00 Total number of client requests processed
ACCG.private.sub.client_req_hdrbytes                             0         0.00 Client request header bytes total
ACCG.private.sub.client_req_bodybytes                             0         0.00 Client request body bytes total
ACCG.other.total.client_req_count                             0         0.00 Total number of client requests processed
ACCG.other.total.client_req_hdrbytes                             0         0.00 Client request header bytes total
ACCG.other.total.client_req_bodybytes                             0         0.00 Client request body bytes total
ACCG.other.sub.client_req_count                             0         0.00 Total number of client requests processed
ACCG.other.sub.client_req_hdrbytes                             0         0.00 Client request header bytes total
ACCG.other.sub.client_req_bodybytes                             0         0.00 Client request body bytes total
ACCG.private.oci.client_req_count                         19859         0.01 Total number of client requests processed
ACCG.private.oci.client_req_hdrbytes                       3967262         2.54 Client request header bytes total
ACCG.private.oci.client_req_bodybytes                             0         0.00 Client request body bytes total
--- 13:41:56 ---
MAIN.client_req_400                             0         0.00 Client requests received, subject to 400 errors
MAIN.client_req_417                             0         0.00 Client requests received, subject to 417 errors
MAIN.client_req                         19847         0.01 Good client requests received
MAIN.threads_limited                             0         0.00 Threads hit max
MAIN.threads_created                          1216         0.00 Threads created
MAIN.threads_destroyed                          1005         0.00 Threads destroyed
MAIN.thread_queue_len                             0          .   Length of session queue
MAIN.busy_sleep                           354         0.00 Number of requests sent to sleep on busy objhdr
MAIN.busy_wakeup                           354         0.00 Number of requests woken after sleep on busy objhdr
MAIN.sess_queued                           315         0.00 Sessions queued for thread
MAIN.sess_dropped                             0         0.00 Sessions dropped for thread
ACCG.std.total.client_req_count                         19863         0.01 Total number of client requests processed
ACCG.std.total.client_req_hdrbytes                       3968142         2.54 Client request header bytes total
ACCG.std.total.client_req_bodybytes                             0         0.00 Client request body bytes total
ACCG.std.sub.client_req_count                             0         0.00 Total number of client requests processed
ACCG.std.sub.client_req_hdrbytes                             0         0.00 Client request header bytes total
ACCG.std.sub.client_req_bodybytes                             0         0.00 Client request body bytes total
ACCG.private.total.client_req_count                         19863         0.01 Total number of client requests processed
ACCG.private.total.client_req_hdrbytes                       3968142         2.54 Client request header bytes total
ACCG.private.total.client_req_bodybytes                             0         0.00 Client request body bytes total
ACCG.private.sub.client_req_count                             0         0.00 Total number of client requests processed
ACCG.private.sub.client_req_hdrbytes                             0         0.00 Client request header bytes total
ACCG.private.sub.client_req_bodybytes                             0         0.00 Client request body bytes total
ACCG.other.total.client_req_count                             0         0.00 Total number of client requests processed
ACCG.other.total.client_req_hdrbytes                             0         0.00 Client request header bytes total
ACCG.other.total.client_req_bodybytes                             0         0.00 Client request body bytes total
ACCG.other.sub.client_req_count                             0         0.00 Total number of client requests processed
ACCG.other.sub.client_req_hdrbytes                             0         0.00 Client request header bytes total
ACCG.other.sub.client_req_bodybytes                             0         0.00 Client request body bytes total
ACCG.private.oci.client_req_count                         19863         0.01 Total number of client requests processed
ACCG.private.oci.client_req_hdrbytes                       3968142         2.54 Client request header bytes total
ACCG.private.oci.client_req_bodybytes                             0         0.00 Client request body bytes total
--- 13:41:57 ---
MAIN.client_req_400                             0         0.00 Client requests received, subject to 400 errors
MAIN.client_req_417                             0         0.00 Client requests received, subject to 417 errors
MAIN.client_req                         19851         0.01 Good client requests received
MAIN.threads_limited                             0         0.00 Threads hit max
MAIN.threads_created                          1216         0.00 Threads created
MAIN.threads_destroyed                          1005         0.00 Threads destroyed
MAIN.thread_queue_len                             0          .   Length of session queue
MAIN.busy_sleep                           354         0.00 Number of requests sent to sleep on busy objhdr
MAIN.busy_wakeup                           354         0.00 Number of requests woken after sleep on busy objhdr
MAIN.sess_queued                           315         0.00 Sessions queued for thread
MAIN.sess_dropped                             0         0.00 Sessions dropped for thread
ACCG.std.total.client_req_count                         19866         0.01 Total number of client requests processed
ACCG.std.total.client_req_hdrbytes                       3968802         2.54 Client request header bytes total
ACCG.std.total.client_req_bodybytes                             0         0.00 Client request body bytes total
ACCG.std.sub.client_req_count                             0         0.00 Total number of client requests processed
ACCG.std.sub.client_req_hdrbytes                             0         0.00 Client request header bytes total
ACCG.std.sub.client_req_bodybytes                             0         0.00 Client request body bytes total
ACCG.private.total.client_req_count                         19866         0.01 Total number of client requests processed
ACCG.private.total.client_req_hdrbytes                       3968802         2.54 Client request header bytes total
ACCG.private.total.client_req_bodybytes                             0         0.00 Client request body bytes total
ACCG.private.sub.client_req_count                             0         0.00 Total number of client requests processed
ACCG.private.sub.client_req_hdrbytes                             0         0.00 Client request header bytes total
ACCG.private.sub.client_req_bodybytes                             0         0.00 Client request body bytes total
ACCG.other.total.client_req_count                             0         0.00 Total number of client requests processed
ACCG.other.total.client_req_hdrbytes                             0         0.00 Client request header bytes total
ACCG.other.total.client_req_bodybytes                             0         0.00 Client request body bytes total
ACCG.other.sub.client_req_count                             0         0.00 Total number of client requests processed
ACCG.other.sub.client_req_hdrbytes                             0         0.00 Client request header bytes total
ACCG.other.sub.client_req_bodybytes                             0         0.00 Client request body bytes total
ACCG.private.oci.client_req_count                         19866         0.01 Total number of client requests processed
ACCG.private.oci.client_req_hdrbytes                       3968802         2.54 Client request header bytes total
ACCG.private.oci.client_req_bodybytes                             0         0.00 Client request body bytes total
--- 13:41:59 ---
MAIN.client_req_400                             0         0.00 Client requests received, subject to 400 errors
MAIN.client_req_417                             0         0.00 Client requests received, subject to 417 errors
MAIN.client_req                         19856         0.01 Good client requests received
MAIN.threads_limited                             0         0.00 Threads hit max
MAIN.threads_created                          1216         0.00 Threads created
MAIN.threads_destroyed                          1005         0.00 Threads destroyed
MAIN.thread_queue_len                             0          .   Length of session queue
MAIN.busy_sleep                           354         0.00 Number of requests sent to sleep on busy objhdr
MAIN.busy_wakeup                           354         0.00 Number of requests woken after sleep on busy objhdr
MAIN.sess_queued                           315         0.00 Sessions queued for thread
MAIN.sess_dropped                             0         0.00 Sessions dropped for thread
ACCG.std.total.client_req_count                         19870         0.01 Total number of client requests processed
ACCG.std.total.client_req_hdrbytes                       3969682         2.54 Client request header bytes total
ACCG.std.total.client_req_bodybytes                             0         0.00 Client request body bytes total
ACCG.std.sub.client_req_count                             0         0.00 Total number of client requests processed
ACCG.std.sub.client_req_hdrbytes                             0         0.00 Client request header bytes total
ACCG.std.sub.client_req_bodybytes                             0         0.00 Client request body bytes total
ACCG.private.total.client_req_count                         19870         0.01 Total number of client requests processed
ACCG.private.total.client_req_hdrbytes                       3969682         2.54 Client request header bytes total
ACCG.private.total.client_req_bodybytes                             0         0.00 Client request body bytes total
ACCG.private.sub.client_req_count                             0         0.00 Total number of client requests processed
ACCG.private.sub.client_req_hdrbytes                             0         0.00 Client request header bytes total
ACCG.private.sub.client_req_bodybytes                             0         0.00 Client request body bytes total
ACCG.other.total.client_req_count                             0         0.00 Total number of client requests processed
ACCG.other.total.client_req_hdrbytes                             0         0.00 Client request header bytes total
ACCG.other.total.client_req_bodybytes                             0         0.00 Client request body bytes total
ACCG.other.sub.client_req_count                             0         0.00 Total number of client requests processed
ACCG.other.sub.client_req_hdrbytes                             0         0.00 Client request header bytes total
ACCG.other.sub.client_req_bodybytes                             0         0.00 Client request body bytes total
ACCG.private.oci.client_req_count                         19870         0.01 Total number of client requests processed
ACCG.private.oci.client_req_hdrbytes                       3969682         2.54 Client request header bytes total
ACCG.private.oci.client_req_bodybytes                             0         0.00 Client request body bytes total
--- 13:42:00 ---
MAIN.client_req_400                             0         0.00 Client requests received, subject to 400 errors
MAIN.client_req_417                             0         0.00 Client requests received, subject to 417 errors
MAIN.client_req                         19863         0.01 Good client requests received
MAIN.threads_limited                             0         0.00 Threads hit max
MAIN.threads_created                          1216         0.00 Threads created
MAIN.threads_destroyed                          1005         0.00 Threads destroyed
MAIN.thread_queue_len                             0          .   Length of session queue
MAIN.busy_sleep                           354         0.00 Number of requests sent to sleep on busy objhdr
MAIN.busy_wakeup                           354         0.00 Number of requests woken after sleep on busy objhdr
MAIN.sess_queued                           315         0.00 Sessions queued for thread
MAIN.sess_dropped                             0         0.00 Sessions dropped for thread
ACCG.std.total.client_req_count                         19875         0.01 Total number of client requests processed
ACCG.std.total.client_req_hdrbytes                       3970782         2.54 Client request header bytes total
ACCG.std.total.client_req_bodybytes                             0         0.00 Client request body bytes total
ACCG.std.sub.client_req_count                             0         0.00 Total number of client requests processed
ACCG.std.sub.client_req_hdrbytes                             0         0.00 Client request header bytes total
ACCG.std.sub.client_req_bodybytes                             0         0.00 Client request body bytes total
ACCG.private.total.client_req_count                         19875         0.01 Total number of client requests processed
ACCG.private.total.client_req_hdrbytes                       3970782         2.54 Client request header bytes total
ACCG.private.total.client_req_bodybytes                             0         0.00 Client request body bytes total
ACCG.private.sub.client_req_count                             0         0.00 Total number of client requests processed
ACCG.private.sub.client_req_hdrbytes                             0         0.00 Client request header bytes total
ACCG.private.sub.client_req_bodybytes                             0         0.00 Client request body bytes total
ACCG.other.total.client_req_count                             0         0.00 Total number of client requests processed
ACCG.other.total.client_req_hdrbytes                             0         0.00 Client request header bytes total
ACCG.other.total.client_req_bodybytes                             0         0.00 Client request body bytes total
ACCG.other.sub.client_req_count                             0         0.00 Total number of client requests processed
ACCG.other.sub.client_req_hdrbytes                             0         0.00 Client request header bytes total
ACCG.other.sub.client_req_bodybytes                             0         0.00 Client request body bytes total
ACCG.private.oci.client_req_count                         19875         0.01 Total number of client requests processed
ACCG.private.oci.client_req_hdrbytes                       3970782         2.54 Client request header bytes total
ACCG.private.oci.client_req_bodybytes                             0         0.00 Client request body bytes total
--- 13:42:01 ---
MAIN.client_req_400                             0         0.00 Client requests received, subject to 400 errors
MAIN.client_req_417                             0         0.00 Client requests received, subject to 417 errors
MAIN.client_req                         19869         0.01 Good client requests received
MAIN.threads_limited                             0         0.00 Threads hit max
MAIN.threads_created                          1216         0.00 Threads created
MAIN.threads_destroyed                          1005         0.00 Threads destroyed
MAIN.thread_queue_len                             0          .   Length of session queue
MAIN.busy_sleep                           354         0.00 Number of requests sent to sleep on busy objhdr
MAIN.busy_wakeup                           354         0.00 Number of requests woken after sleep on busy objhdr
MAIN.sess_queued                           315         0.00 Sessions queued for thread
MAIN.sess_dropped                             0         0.00 Sessions dropped for thread
ACCG.std.total.client_req_count                         19880         0.01 Total number of client requests processed
ACCG.std.total.client_req_hdrbytes                       3971882         2.54 Client request header bytes total
ACCG.std.total.client_req_bodybytes                             0         0.00 Client request body bytes total
ACCG.std.sub.client_req_count                             0         0.00 Total number of client requests processed
ACCG.std.sub.client_req_hdrbytes                             0         0.00 Client request header bytes total
ACCG.std.sub.client_req_bodybytes                             0         0.00 Client request body bytes total
ACCG.private.total.client_req_count                         19880         0.01 Total number of client requests processed
ACCG.private.total.client_req_hdrbytes                       3971882         2.54 Client request header bytes total
ACCG.private.total.client_req_bodybytes                             0         0.00 Client request body bytes total
ACCG.private.sub.client_req_count                             0         0.00 Total number of client requests processed
ACCG.private.sub.client_req_hdrbytes                             0         0.00 Client request header bytes total
ACCG.private.sub.client_req_bodybytes                             0         0.00 Client request body bytes total
ACCG.other.total.client_req_count                             0         0.00 Total number of client requests processed
ACCG.other.total.client_req_hdrbytes                             0         0.00 Client request header bytes total
ACCG.other.total.client_req_bodybytes                             0         0.00 Client request body bytes total
ACCG.other.sub.client_req_count                             0         0.00 Total number of client requests processed
ACCG.other.sub.client_req_hdrbytes                             0         0.00 Client request header bytes total
ACCG.other.sub.client_req_bodybytes                             0         0.00 Client request body bytes total
ACCG.private.oci.client_req_count                         19880         0.01 Total number of client requests processed
ACCG.private.oci.client_req_hdrbytes                       3971882         2.54 Client request header bytes total
ACCG.private.oci.client_req_bodybytes                             0         0.00 Client request body bytes total
--- 13:42:02 ---
MAIN.client_req_400                             0         0.00 Client requests received, subject to 400 errors
MAIN.client_req_417                             0         0.00 Client requests received, subject to 417 errors
MAIN.client_req                         19885         0.01 Good client requests received
MAIN.threads_limited                             0         0.00 Threads hit max
MAIN.threads_created                          1216         0.00 Threads created
MAIN.threads_destroyed                          1005         0.00 Threads destroyed
MAIN.thread_queue_len                             0          .   Length of session queue
MAIN.busy_sleep                           354         0.00 Number of requests sent to sleep on busy objhdr
MAIN.busy_wakeup                           354         0.00 Number of requests woken after sleep on busy objhdr
MAIN.sess_queued                           315         0.00 Sessions queued for thread
MAIN.sess_dropped                             0         0.00 Sessions dropped for thread
ACCG.std.total.client_req_count                         19892         0.01 Total number of client requests processed
ACCG.std.total.client_req_hdrbytes                       3974522         2.54 Client request header bytes total
ACCG.std.total.client_req_bodybytes                             0         0.00 Client request body bytes total
ACCG.std.sub.client_req_count                             0         0.00 Total number of client requests processed
ACCG.std.sub.client_req_hdrbytes                             0         0.00 Client request header bytes total
ACCG.std.sub.client_req_bodybytes                             0         0.00 Client request body bytes total
ACCG.private.total.client_req_count                         19892         0.01 Total number of client requests processed
ACCG.private.total.client_req_hdrbytes                       3974522         2.54 Client request header bytes total
ACCG.private.total.client_req_bodybytes                             0         0.00 Client request body bytes total
ACCG.private.sub.client_req_count                             0         0.00 Total number of client requests processed
ACCG.private.sub.client_req_hdrbytes                             0         0.00 Client request header bytes total
ACCG.private.sub.client_req_bodybytes                             0         0.00 Client request body bytes total
ACCG.other.total.client_req_count                             0         0.00 Total number of client requests processed
ACCG.other.total.client_req_hdrbytes                             0         0.00 Client request header bytes total
ACCG.other.total.client_req_bodybytes                             0         0.00 Client request body bytes total
ACCG.other.sub.client_req_count                             0         0.00 Total number of client requests processed
ACCG.other.sub.client_req_hdrbytes                             0         0.00 Client request header bytes total
ACCG.other.sub.client_req_bodybytes                             0         0.00 Client request body bytes total
ACCG.private.oci.client_req_count                         19892         0.01 Total number of client requests processed
ACCG.private.oci.client_req_hdrbytes                       3974522         2.54 Client request header bytes total
ACCG.private.oci.client_req_bodybytes                             0         0.00 Client request body bytes total
--- 13:42:03 ---
MAIN.client_req_400                             0         0.00 Client requests received, subject to 400 errors
MAIN.client_req_417                             0         0.00 Client requests received, subject to 417 errors
MAIN.client_req                         19925         0.01 Good client requests received
MAIN.threads_limited                             0         0.00 Threads hit max
MAIN.threads_created                          1216         0.00 Threads created
MAIN.threads_destroyed                          1005         0.00 Threads destroyed
MAIN.thread_queue_len                             0          .   Length of session queue
MAIN.busy_sleep                           354         0.00 Number of requests sent to sleep on busy objhdr
MAIN.busy_wakeup                           354         0.00 Number of requests woken after sleep on busy objhdr
MAIN.sess_queued                           315         0.00 Sessions queued for thread
MAIN.sess_dropped                             0         0.00 Sessions dropped for thread
ACCG.std.total.client_req_count                         19928         0.01 Total number of client requests processed
ACCG.std.total.client_req_hdrbytes                       3982442         2.55 Client request header bytes total
ACCG.std.total.client_req_bodybytes                             0         0.00 Client request body bytes total
ACCG.std.sub.client_req_count                             0         0.00 Total number of client requests processed
ACCG.std.sub.client_req_hdrbytes                             0         0.00 Client request header bytes total
ACCG.std.sub.client_req_bodybytes                             0         0.00 Client request body bytes total
ACCG.private.total.client_req_count                         19928         0.01 Total number of client requests processed
ACCG.private.total.client_req_hdrbytes                       3982442         2.55 Client request header bytes total
ACCG.private.total.client_req_bodybytes                             0         0.00 Client request body bytes total
ACCG.private.sub.client_req_count                             0         0.00 Total number of client requests processed
ACCG.private.sub.client_req_hdrbytes                             0         0.00 Client request header bytes total
ACCG.private.sub.client_req_bodybytes                             0         0.00 Client request body bytes total
ACCG.other.total.client_req_count                             0         0.00 Total number of client requests processed
ACCG.other.total.client_req_hdrbytes                             0         0.00 Client request header bytes total
ACCG.other.total.client_req_bodybytes                             0         0.00 Client request body bytes total
ACCG.other.sub.client_req_count                             0         0.00 Total number of client requests processed
ACCG.other.sub.client_req_hdrbytes                             0         0.00 Client request header bytes total
ACCG.other.sub.client_req_bodybytes                             0         0.00 Client request body bytes total
ACCG.private.oci.client_req_count                         19928         0.01 Total number of client requests processed
ACCG.private.oci.client_req_hdrbytes                       3982442         2.55 Client request header bytes total
ACCG.private.oci.client_req_bodybytes                             0         0.00 Client request body bytes total
--- 13:42:04 ---
MAIN.client_req_400                             0         0.00 Client requests received, subject to 400 errors
MAIN.client_req_417                             0         0.00 Client requests received, subject to 417 errors
MAIN.client_req                         19988         0.01 Good client requests received
MAIN.threads_limited                             0         0.00 Threads hit max
MAIN.threads_created                          1216         0.00 Threads created
MAIN.threads_destroyed                          1005         0.00 Threads destroyed
MAIN.thread_queue_len                             0          .   Length of session queue
MAIN.busy_sleep                           354         0.00 Number of requests sent to sleep on busy objhdr
MAIN.busy_wakeup                           354         0.00 Number of requests woken after sleep on busy objhdr
MAIN.sess_queued                           315         0.00 Sessions queued for thread
MAIN.sess_dropped                             0         0.00 Sessions dropped for thread
ACCG.std.total.client_req_count                         19993         0.01 Total number of client requests processed
ACCG.std.total.client_req_hdrbytes                       3996742         2.56 Client request header bytes total
ACCG.std.total.client_req_bodybytes                             0         0.00 Client request body bytes total
ACCG.std.sub.client_req_count                             0         0.00 Total number of client requests processed
ACCG.std.sub.client_req_hdrbytes                             0         0.00 Client request header bytes total
ACCG.std.sub.client_req_bodybytes                             0         0.00 Client request body bytes total
ACCG.private.total.client_req_count                         19993         0.01 Total number of client requests processed
ACCG.private.total.client_req_hdrbytes                       3996742         2.56 Client request header bytes total
ACCG.private.total.client_req_bodybytes                             0         0.00 Client request body bytes total
ACCG.private.sub.client_req_count                             0         0.00 Total number of client requests processed
ACCG.private.sub.client_req_hdrbytes                             0         0.00 Client request header bytes total
ACCG.private.sub.client_req_bodybytes                             0         0.00 Client request body bytes total
ACCG.other.total.client_req_count                             0         0.00 Total number of client requests processed
ACCG.other.total.client_req_hdrbytes                             0         0.00 Client request header bytes total
ACCG.other.total.client_req_bodybytes                             0         0.00 Client request body bytes total
ACCG.other.sub.client_req_count                             0         0.00 Total number of client requests processed
ACCG.other.sub.client_req_hdrbytes                             0         0.00 Client request header bytes total
ACCG.other.sub.client_req_bodybytes                             0         0.00 Client request body bytes total
ACCG.private.oci.client_req_count                         19993         0.01 Total number of client requests processed
ACCG.private.oci.client_req_hdrbytes                       3996742         2.56 Client request header bytes total
ACCG.private.oci.client_req_bodybytes                             0         0.00 Client request body bytes total
--- 13:42:05 ---
MAIN.client_req_400                             0         0.00 Client requests received, subject to 400 errors
MAIN.client_req_417                             0         0.00 Client requests received, subject to 417 errors
MAIN.client_req                         20038         0.01 Good client requests received
MAIN.threads_limited                             0         0.00 Threads hit max
MAIN.threads_created                          1216         0.00 Threads created
MAIN.threads_destroyed                          1005         0.00 Threads destroyed
MAIN.thread_queue_len                             0          .   Length of session queue
MAIN.busy_sleep                           354         0.00 Number of requests sent to sleep on busy objhdr
MAIN.busy_wakeup                           354         0.00 Number of requests woken after sleep on busy objhdr
MAIN.sess_queued                           315         0.00 Sessions queued for thread
MAIN.sess_dropped                             0         0.00 Sessions dropped for thread
ACCG.std.total.client_req_count                         20040         0.01 Total number of client requests processed
ACCG.std.total.client_req_hdrbytes                       4007082         2.56 Client request header bytes total
ACCG.std.total.client_req_bodybytes                             0         0.00 Client request body bytes total
ACCG.std.sub.client_req_count                             0         0.00 Total number of client requests processed
ACCG.std.sub.client_req_hdrbytes                             0         0.00 Client request header bytes total
ACCG.std.sub.client_req_bodybytes                             0         0.00 Client request body bytes total
ACCG.private.total.client_req_count                         20040         0.01 Total number of client requests processed
ACCG.private.total.client_req_hdrbytes                       4007082         2.56 Client request header bytes total
ACCG.private.total.client_req_bodybytes                             0         0.00 Client request body bytes total
ACCG.private.sub.client_req_count                             0         0.00 Total number of client requests processed
ACCG.private.sub.client_req_hdrbytes                             0         0.00 Client request header bytes total
ACCG.private.sub.client_req_bodybytes                             0         0.00 Client request body bytes total
ACCG.other.total.client_req_count                             0         0.00 Total number of client requests processed
ACCG.other.total.client_req_hdrbytes                             0         0.00 Client request header bytes total
ACCG.other.total.client_req_bodybytes                             0         0.00 Client request body bytes total
ACCG.other.sub.client_req_count                             0         0.00 Total number of client requests processed
ACCG.other.sub.client_req_hdrbytes                             0         0.00 Client request header bytes total
ACCG.other.sub.client_req_bodybytes                             0         0.00 Client request body bytes total
ACCG.private.oci.client_req_count                         20040         0.01 Total number of client requests processed
ACCG.private.oci.client_req_hdrbytes                       4007082         2.56 Client request header bytes total
ACCG.private.oci.client_req_bodybytes                             0         0.00 Client request body bytes total
--- 13:42:06 ---
MAIN.client_req_400                             0         0.00 Client requests received, subject to 400 errors
MAIN.client_req_417                             0         0.00 Client requests received, subject to 417 errors
MAIN.client_req                         20051         0.01 Good client requests received
MAIN.threads_limited                             0         0.00 Threads hit max
MAIN.threads_created                          1216         0.00 Threads created
MAIN.threads_destroyed                          1005         0.00 Threads destroyed
MAIN.thread_queue_len                             0          .   Length of session queue
MAIN.busy_sleep                           354         0.00 Number of requests sent to sleep on busy objhdr
MAIN.busy_wakeup                           354         0.00 Number of requests woken after sleep on busy objhdr
MAIN.sess_queued                           315         0.00 Sessions queued for thread
MAIN.sess_dropped                             0         0.00 Sessions dropped for thread
ACCG.std.total.client_req_count                         20052         0.01 Total number of client requests processed
ACCG.std.total.client_req_hdrbytes                       4009722         2.57 Client request header bytes total
ACCG.std.total.client_req_bodybytes                             0         0.00 Client request body bytes total
ACCG.std.sub.client_req_count                             0         0.00 Total number of client requests processed
ACCG.std.sub.client_req_hdrbytes                             0         0.00 Client request header bytes total
ACCG.std.sub.client_req_bodybytes                             0         0.00 Client request body bytes total
ACCG.private.total.client_req_count                         20052         0.01 Total number of client requests processed
ACCG.private.total.client_req_hdrbytes                       4009722         2.57 Client request header bytes total
ACCG.private.total.client_req_bodybytes                             0         0.00 Client request body bytes total
ACCG.private.sub.client_req_count                             0         0.00 Total number of client requests processed
ACCG.private.sub.client_req_hdrbytes                             0         0.00 Client request header bytes total
ACCG.private.sub.client_req_bodybytes                             0         0.00 Client request body bytes total
ACCG.other.total.client_req_count                             0         0.00 Total number of client requests processed
ACCG.other.total.client_req_hdrbytes                             0         0.00 Client request header bytes total
ACCG.other.total.client_req_bodybytes                             0         0.00 Client request body bytes total
ACCG.other.sub.client_req_count                             0         0.00 Total number of client requests processed
ACCG.other.sub.client_req_hdrbytes                             0         0.00 Client request header bytes total
ACCG.other.sub.client_req_bodybytes                             0         0.00 Client request body bytes total
ACCG.private.oci.client_req_count                         20052         0.01 Total number of client requests processed
ACCG.private.oci.client_req_hdrbytes                       4009722         2.57 Client request header bytes total
ACCG.private.oci.client_req_bodybytes                             0         0.00 Client request body bytes total
--- 13:42:07 ---
MAIN.client_req_400                             0         0.00 Client requests received, subject to 400 errors
MAIN.client_req_417                             0         0.00 Client requests received, subject to 417 errors
MAIN.client_req                         20055         0.01 Good client requests received
MAIN.threads_limited                             0         0.00 Threads hit max
MAIN.threads_created                          1216         0.00 Threads created
MAIN.threads_destroyed                          1005         0.00 Threads destroyed
MAIN.thread_queue_len                             0          .   Length of session queue
MAIN.busy_sleep                           354         0.00 Number of requests sent to sleep on busy objhdr
MAIN.busy_wakeup                           354         0.00 Number of requests woken after sleep on busy objhdr
MAIN.sess_queued                           315         0.00 Sessions queued for thread
MAIN.sess_dropped                             0         0.00 Sessions dropped for thread
ACCG.std.total.client_req_count                         20057         0.01 Total number of client requests processed
ACCG.std.total.client_req_hdrbytes                       4010822         2.57 Client request header bytes total
ACCG.std.total.client_req_bodybytes                             0         0.00 Client request body bytes total
ACCG.std.sub.client_req_count                             0         0.00 Total number of client requests processed
ACCG.std.sub.client_req_hdrbytes                             0         0.00 Client request header bytes total
ACCG.std.sub.client_req_bodybytes                             0         0.00 Client request body bytes total
ACCG.private.total.client_req_count                         20057         0.01 Total number of client requests processed
ACCG.private.total.client_req_hdrbytes                       4010822         2.57 Client request header bytes total
ACCG.private.total.client_req_bodybytes                             0         0.00 Client request body bytes total
ACCG.private.sub.client_req_count                             0         0.00 Total number of client requests processed
ACCG.private.sub.client_req_hdrbytes                             0         0.00 Client request header bytes total
ACCG.private.sub.client_req_bodybytes                             0         0.00 Client request body bytes total
ACCG.other.total.client_req_count                             0         0.00 Total number of client requests processed
ACCG.other.total.client_req_hdrbytes                             0         0.00 Client request header bytes total
ACCG.other.total.client_req_bodybytes                             0         0.00 Client request body bytes total
ACCG.other.sub.client_req_count                             0         0.00 Total number of client requests processed
ACCG.other.sub.client_req_hdrbytes                             0         0.00 Client request header bytes total
ACCG.other.sub.client_req_bodybytes                             0         0.00 Client request body bytes total
ACCG.private.oci.client_req_count                         20057         0.01 Total number of client requests processed
ACCG.private.oci.client_req_hdrbytes                       4010822         2.57 Client request header bytes total
ACCG.private.oci.client_req_bodybytes                             0         0.00 Client request body bytes total
--- 13:42:08 ---
MAIN.client_req_400                             0         0.00 Client requests received, subject to 400 errors
MAIN.client_req_417                             0         0.00 Client requests received, subject to 417 errors
MAIN.client_req                         20060         0.01 Good client requests received
MAIN.threads_limited                             0         0.00 Threads hit max
MAIN.threads_created                          1216         0.00 Threads created
MAIN.threads_destroyed                          1005         0.00 Threads destroyed
MAIN.thread_queue_len                             0          .   Length of session queue
MAIN.busy_sleep                           354         0.00 Number of requests sent to sleep on busy objhdr
MAIN.busy_wakeup                           354         0.00 Number of requests woken after sleep on busy objhdr
MAIN.sess_queued                           315         0.00 Sessions queued for thread
MAIN.sess_dropped                             0         0.00 Sessions dropped for thread
ACCG.std.total.client_req_count                         20061         0.01 Total number of client requests processed
ACCG.std.total.client_req_hdrbytes                       4011702         2.57 Client request header bytes total
ACCG.std.total.client_req_bodybytes                             0         0.00 Client request body bytes total
ACCG.std.sub.client_req_count                             0         0.00 Total number of client requests processed
ACCG.std.sub.client_req_hdrbytes                             0         0.00 Client request header bytes total
ACCG.std.sub.client_req_bodybytes                             0         0.00 Client request body bytes total
ACCG.private.total.client_req_count                         20061         0.01 Total number of client requests processed
ACCG.private.total.client_req_hdrbytes                       4011702         2.57 Client request header bytes total
ACCG.private.total.client_req_bodybytes                             0         0.00 Client request body bytes total
ACCG.private.sub.client_req_count                             0         0.00 Total number of client requests processed
ACCG.private.sub.client_req_hdrbytes                             0         0.00 Client request header bytes total
ACCG.private.sub.client_req_bodybytes                             0         0.00 Client request body bytes total
ACCG.other.total.client_req_count                             0         0.00 Total number of client requests processed
ACCG.other.total.client_req_hdrbytes                             0         0.00 Client request header bytes total
ACCG.other.total.client_req_bodybytes                             0         0.00 Client request body bytes total
ACCG.other.sub.client_req_count                             0         0.00 Total number of client requests processed
ACCG.other.sub.client_req_hdrbytes                             0         0.00 Client request header bytes total
ACCG.other.sub.client_req_bodybytes                             0         0.00 Client request body bytes total
ACCG.private.oci.client_req_count                         20061         0.01 Total number of client requests processed
ACCG.private.oci.client_req_hdrbytes                       4011702         2.57 Client request header bytes total
ACCG.private.oci.client_req_bodybytes                             0         0.00 Client request body bytes total
--- 13:42:09 ---
MAIN.client_req_400                             0         0.00 Client requests received, subject to 400 errors
MAIN.client_req_417                             0         0.00 Client requests received, subject to 417 errors
MAIN.client_req                         20064         0.01 Good client requests received
MAIN.threads_limited                             0         0.00 Threads hit max
MAIN.threads_created                          1216         0.00 Threads created
MAIN.threads_destroyed                          1005         0.00 Threads destroyed
MAIN.thread_queue_len                             0          .   Length of session queue
MAIN.busy_sleep                           354         0.00 Number of requests sent to sleep on busy objhdr
MAIN.busy_wakeup                           354         0.00 Number of requests woken after sleep on busy objhdr
MAIN.sess_queued                           315         0.00 Sessions queued for thread
MAIN.sess_dropped                             0         0.00 Sessions dropped for thread
ACCG.std.total.client_req_count                         20066         0.01 Total number of client requests processed
ACCG.std.total.client_req_hdrbytes                       4012802         2.57 Client request header bytes total
ACCG.std.total.client_req_bodybytes                             0         0.00 Client request body bytes total
ACCG.std.sub.client_req_count                             0         0.00 Total number of client requests processed
ACCG.std.sub.client_req_hdrbytes                             0         0.00 Client request header bytes total
ACCG.std.sub.client_req_bodybytes                             0         0.00 Client request body bytes total
ACCG.private.total.client_req_count                         20066         0.01 Total number of client requests processed
ACCG.private.total.client_req_hdrbytes                       4012802         2.57 Client request header bytes total
ACCG.private.total.client_req_bodybytes                             0         0.00 Client request body bytes total
ACCG.private.sub.client_req_count                             0         0.00 Total number of client requests processed
ACCG.private.sub.client_req_hdrbytes                             0         0.00 Client request header bytes total
ACCG.private.sub.client_req_bodybytes                             0         0.00 Client request body bytes total
ACCG.other.total.client_req_count                             0         0.00 Total number of client requests processed
ACCG.other.total.client_req_hdrbytes                             0         0.00 Client request header bytes total
ACCG.other.total.client_req_bodybytes                             0         0.00 Client request body bytes total
ACCG.other.sub.client_req_count                             0         0.00 Total number of client requests processed
ACCG.other.sub.client_req_hdrbytes                             0         0.00 Client request header bytes total
ACCG.other.sub.client_req_bodybytes                             0         0.00 Client request body bytes total
ACCG.private.oci.client_req_count                         20066         0.01 Total number of client requests processed
ACCG.private.oci.client_req_hdrbytes                       4012802         2.57 Client request header bytes total
ACCG.private.oci.client_req_bodybytes                             0         0.00 Client request body bytes total
--- 13:42:11 ---
MAIN.client_req_400                             0         0.00 Client requests received, subject to 400 errors
MAIN.client_req_417                             0         0.00 Client requests received, subject to 417 errors
MAIN.client_req                         20069         0.01 Good client requests received
MAIN.threads_limited                             0         0.00 Threads hit max
MAIN.threads_created                          1216         0.00 Threads created
MAIN.threads_destroyed                          1005         0.00 Threads destroyed
MAIN.thread_queue_len                             0          .   Length of session queue
MAIN.busy_sleep                           354         0.00 Number of requests sent to sleep on busy objhdr
MAIN.busy_wakeup                           354         0.00 Number of requests woken after sleep on busy objhdr
MAIN.sess_queued                           315         0.00 Sessions queued for thread
MAIN.sess_dropped                             0         0.00 Sessions dropped for thread
ACCG.std.total.client_req_count                         20070         0.01 Total number of client requests processed
ACCG.std.total.client_req_hdrbytes                       4013682         2.57 Client request header bytes total
ACCG.std.total.client_req_bodybytes                             0         0.00 Client request body bytes total
ACCG.std.sub.client_req_count                             0         0.00 Total number of client requests processed
ACCG.std.sub.client_req_hdrbytes                             0         0.00 Client request header bytes total
ACCG.std.sub.client_req_bodybytes                             0         0.00 Client request body bytes total
ACCG.private.total.client_req_count                         20070         0.01 Total number of client requests processed
ACCG.private.total.client_req_hdrbytes                       4013682         2.57 Client request header bytes total
ACCG.private.total.client_req_bodybytes                             0         0.00 Client request body bytes total
ACCG.private.sub.client_req_count                             0         0.00 Total number of client requests processed
ACCG.private.sub.client_req_hdrbytes                             0         0.00 Client request header bytes total
ACCG.private.sub.client_req_bodybytes                             0         0.00 Client request body bytes total
ACCG.other.total.client_req_count                             0         0.00 Total number of client requests processed
ACCG.other.total.client_req_hdrbytes                             0         0.00 Client request header bytes total
ACCG.other.total.client_req_bodybytes                             0         0.00 Client request body bytes total
ACCG.other.sub.client_req_count                             0         0.00 Total number of client requests processed
ACCG.other.sub.client_req_hdrbytes                             0         0.00 Client request header bytes total
ACCG.other.sub.client_req_bodybytes                             0         0.00 Client request body bytes total
ACCG.private.oci.client_req_count                         20070         0.01 Total number of client requests processed
ACCG.private.oci.client_req_hdrbytes                       4013682         2.57 Client request header bytes total
ACCG.private.oci.client_req_bodybytes                             0         0.00 Client request body bytes total
--- 13:42:12 ---
MAIN.client_req_400                             0         0.00 Client requests received, subject to 400 errors
MAIN.client_req_417                             0         0.00 Client requests received, subject to 417 errors
MAIN.client_req                         20070         0.01 Good client requests received
MAIN.threads_limited                             0         0.00 Threads hit max
MAIN.threads_created                          1216         0.00 Threads created
MAIN.threads_destroyed                          1005         0.00 Threads destroyed
MAIN.thread_queue_len                             0          .   Length of session queue
MAIN.busy_sleep                           354         0.00 Number of requests sent to sleep on busy objhdr
MAIN.busy_wakeup                           354         0.00 Number of requests woken after sleep on busy objhdr
MAIN.sess_queued                           315         0.00 Sessions queued for thread
MAIN.sess_dropped                             0         0.00 Sessions dropped for thread
ACCG.std.total.client_req_count                         20071         0.01 Total number of client requests processed
ACCG.std.total.client_req_hdrbytes                       4013902         2.57 Client request header bytes total
ACCG.std.total.client_req_bodybytes                             0         0.00 Client request body bytes total
ACCG.std.sub.client_req_count                             0         0.00 Total number of client requests processed
ACCG.std.sub.client_req_hdrbytes                             0         0.00 Client request header bytes total
ACCG.std.sub.client_req_bodybytes                             0         0.00 Client request body bytes total
ACCG.private.total.client_req_count                         20071         0.01 Total number of client requests processed
ACCG.private.total.client_req_hdrbytes                       4013902         2.57 Client request header bytes total
ACCG.private.total.client_req_bodybytes                             0         0.00 Client request body bytes total
ACCG.private.sub.client_req_count                             0         0.00 Total number of client requests processed
ACCG.private.sub.client_req_hdrbytes                             0         0.00 Client request header bytes total
ACCG.private.sub.client_req_bodybytes                             0         0.00 Client request body bytes total
ACCG.other.total.client_req_count                             0         0.00 Total number of client requests processed
ACCG.other.total.client_req_hdrbytes                             0         0.00 Client request header bytes total
ACCG.other.total.client_req_bodybytes                             0         0.00 Client request body bytes total
ACCG.other.sub.client_req_count                             0         0.00 Total number of client requests processed
ACCG.other.sub.client_req_hdrbytes                             0         0.00 Client request header bytes total
ACCG.other.sub.client_req_bodybytes                             0         0.00 Client request body bytes total
ACCG.private.oci.client_req_count                         20071         0.01 Total number of client requests processed
ACCG.private.oci.client_req_hdrbytes                       4013902         2.57 Client request header bytes total
ACCG.private.oci.client_req_bodybytes                             0         0.00 Client request body bytes total
--- 13:42:13 ---
MAIN.client_req_400                             0         0.00 Client requests received, subject to 400 errors
MAIN.client_req_417                             0         0.00 Client requests received, subject to 417 errors
MAIN.client_req                         20072         0.01 Good client requests received
MAIN.threads_limited                             0         0.00 Threads hit max
MAIN.threads_created                          1216         0.00 Threads created
MAIN.threads_destroyed                          1005         0.00 Threads destroyed
MAIN.thread_queue_len                             0          .   Length of session queue
MAIN.busy_sleep                           354         0.00 Number of requests sent to sleep on busy objhdr
MAIN.busy_wakeup                           354         0.00 Number of requests woken after sleep on busy objhdr
MAIN.sess_queued                           315         0.00 Sessions queued for thread
MAIN.sess_dropped                             0         0.00 Sessions dropped for thread
ACCG.std.total.client_req_count                         20073         0.01 Total number of client requests processed
ACCG.std.total.client_req_hdrbytes                       4014342         2.57 Client request header bytes total
ACCG.std.total.client_req_bodybytes                             0         0.00 Client request body bytes total
ACCG.std.sub.client_req_count                             0         0.00 Total number of client requests processed
ACCG.std.sub.client_req_hdrbytes                             0         0.00 Client request header bytes total
ACCG.std.sub.client_req_bodybytes                             0         0.00 Client request body bytes total
ACCG.private.total.client_req_count                         20073         0.01 Total number of client requests processed
ACCG.private.total.client_req_hdrbytes                       4014342         2.57 Client request header bytes total
ACCG.private.total.client_req_bodybytes                             0         0.00 Client request body bytes total
ACCG.private.sub.client_req_count                             0         0.00 Total number of client requests processed
ACCG.private.sub.client_req_hdrbytes                             0         0.00 Client request header bytes total
ACCG.private.sub.client_req_bodybytes                             0         0.00 Client request body bytes total
ACCG.other.total.client_req_count                             0         0.00 Total number of client requests processed
ACCG.other.total.client_req_hdrbytes                             0         0.00 Client request header bytes total
ACCG.other.total.client_req_bodybytes                             0         0.00 Client request body bytes total
ACCG.other.sub.client_req_count                             0         0.00 Total number of client requests processed
ACCG.other.sub.client_req_hdrbytes                             0         0.00 Client request header bytes total
ACCG.other.sub.client_req_bodybytes                             0         0.00 Client request body bytes total
ACCG.private.oci.client_req_count                         20073         0.01 Total number of client requests processed
ACCG.private.oci.client_req_hdrbytes                       4014342         2.57 Client request header bytes total
ACCG.private.oci.client_req_bodybytes                             0         0.00 Client request body bytes total
--- 13:42:14 ---
MAIN.client_req_400                             0         0.00 Client requests received, subject to 400 errors
MAIN.client_req_417                             0         0.00 Client requests received, subject to 417 errors
MAIN.client_req                         20075         0.01 Good client requests received
MAIN.threads_limited                             0         0.00 Threads hit max
MAIN.threads_created                          1216         0.00 Threads created
MAIN.threads_destroyed                          1005         0.00 Threads destroyed
MAIN.thread_queue_len                             0          .   Length of session queue
MAIN.busy_sleep                           354         0.00 Number of requests sent to sleep on busy objhdr
MAIN.busy_wakeup                           354         0.00 Number of requests woken after sleep on busy objhdr
MAIN.sess_queued                           315         0.00 Sessions queued for thread
MAIN.sess_dropped                             0         0.00 Sessions dropped for thread
ACCG.std.total.client_req_count                         20076         0.01 Total number of client requests processed
ACCG.std.total.client_req_hdrbytes                       4015002         2.57 Client request header bytes total
ACCG.std.total.client_req_bodybytes                             0         0.00 Client request body bytes total
ACCG.std.sub.client_req_count                             0         0.00 Total number of client requests processed
ACCG.std.sub.client_req_hdrbytes                             0         0.00 Client request header bytes total
ACCG.std.sub.client_req_bodybytes                             0         0.00 Client request body bytes total
ACCG.private.total.client_req_count                         20076         0.01 Total number of client requests processed
ACCG.private.total.client_req_hdrbytes                       4015002         2.57 Client request header bytes total
ACCG.private.total.client_req_bodybytes                             0         0.00 Client request body bytes total
ACCG.private.sub.client_req_count                             0         0.00 Total number of client requests processed
ACCG.private.sub.client_req_hdrbytes                             0         0.00 Client request header bytes total
ACCG.private.sub.client_req_bodybytes                             0         0.00 Client request body bytes total
ACCG.other.total.client_req_count                             0         0.00 Total number of client requests processed
ACCG.other.total.client_req_hdrbytes                             0         0.00 Client request header bytes total
ACCG.other.total.client_req_bodybytes                             0         0.00 Client request body bytes total
ACCG.other.sub.client_req_count                             0         0.00 Total number of client requests processed
ACCG.other.sub.client_req_hdrbytes                             0         0.00 Client request header bytes total
ACCG.other.sub.client_req_bodybytes                             0         0.00 Client request body bytes total
ACCG.private.oci.client_req_count                         20076         0.01 Total number of client requests processed
ACCG.private.oci.client_req_hdrbytes                       4015002         2.57 Client request header bytes total
ACCG.private.oci.client_req_bodybytes                             0         0.00 Client request body bytes total
--- 13:42:15 ---
MAIN.client_req_400                             0         0.00 Client requests received, subject to 400 errors
MAIN.client_req_417                             0         0.00 Client requests received, subject to 417 errors
MAIN.client_req                         20076         0.01 Good client requests received
MAIN.threads_limited                             0         0.00 Threads hit max
MAIN.threads_created                          1216         0.00 Threads created
MAIN.threads_destroyed                          1005         0.00 Threads destroyed
MAIN.thread_queue_len                             0          .   Length of session queue
MAIN.busy_sleep                           354         0.00 Number of requests sent to sleep on busy objhdr
MAIN.busy_wakeup                           354         0.00 Number of requests woken after sleep on busy objhdr
MAIN.sess_queued                           315         0.00 Sessions queued for thread
MAIN.sess_dropped                             0         0.00 Sessions dropped for thread
ACCG.std.total.client_req_count                         20077         0.01 Total number of client requests processed
ACCG.std.total.client_req_hdrbytes                       4015222         2.57 Client request header bytes total
ACCG.std.total.client_req_bodybytes                             0         0.00 Client request body bytes total
ACCG.std.sub.client_req_count                             0         0.00 Total number of client requests processed
ACCG.std.sub.client_req_hdrbytes                             0         0.00 Client request header bytes total
ACCG.std.sub.client_req_bodybytes                             0         0.00 Client request body bytes total
ACCG.private.total.client_req_count                         20077         0.01 Total number of client requests processed
ACCG.private.total.client_req_hdrbytes                       4015222         2.57 Client request header bytes total
ACCG.private.total.client_req_bodybytes                             0         0.00 Client request body bytes total
ACCG.private.sub.client_req_count                             0         0.00 Total number of client requests processed
ACCG.private.sub.client_req_hdrbytes                             0         0.00 Client request header bytes total
ACCG.private.sub.client_req_bodybytes                             0         0.00 Client request body bytes total
ACCG.other.total.client_req_count                             0         0.00 Total number of client requests processed
ACCG.other.total.client_req_hdrbytes                             0         0.00 Client request header bytes total
ACCG.other.total.client_req_bodybytes                             0         0.00 Client request body bytes total
ACCG.other.sub.client_req_count                             0         0.00 Total number of client requests processed
ACCG.other.sub.client_req_hdrbytes                             0         0.00 Client request header bytes total
ACCG.other.sub.client_req_bodybytes                             0         0.00 Client request body bytes total
ACCG.private.oci.client_req_count                         20077         0.01 Total number of client requests processed
ACCG.private.oci.client_req_hdrbytes                       4015222         2.57 Client request header bytes total
ACCG.private.oci.client_req_bodybytes                             0         0.00 Client request body bytes total
--- 13:42:16 ---
MAIN.client_req_400                             0         0.00 Client requests received, subject to 400 errors
MAIN.client_req_417                             0         0.00 Client requests received, subject to 417 errors
MAIN.client_req                         20080         0.01 Good client requests received
MAIN.threads_limited                             0         0.00 Threads hit max
MAIN.threads_created                          1216         0.00 Threads created
MAIN.threads_destroyed                          1005         0.00 Threads destroyed
MAIN.thread_queue_len                             0          .   Length of session queue
MAIN.busy_sleep                           354         0.00 Number of requests sent to sleep on busy objhdr
MAIN.busy_wakeup                           354         0.00 Number of requests woken after sleep on busy objhdr
MAIN.sess_queued                           315         0.00 Sessions queued for thread
MAIN.sess_dropped                             0         0.00 Sessions dropped for thread
ACCG.std.total.client_req_count                         20081         0.01 Total number of client requests processed
ACCG.std.total.client_req_hdrbytes                       4016102         2.57 Client request header bytes total
ACCG.std.total.client_req_bodybytes                             0         0.00 Client request body bytes total
ACCG.std.sub.client_req_count                             0         0.00 Total number of client requests processed
ACCG.std.sub.client_req_hdrbytes                             0         0.00 Client request header bytes total
ACCG.std.sub.client_req_bodybytes                             0         0.00 Client request body bytes total
ACCG.private.total.client_req_count                         20081         0.01 Total number of client requests processed
ACCG.private.total.client_req_hdrbytes                       4016102         2.57 Client request header bytes total
ACCG.private.total.client_req_bodybytes                             0         0.00 Client request body bytes total
ACCG.private.sub.client_req_count                             0         0.00 Total number of client requests processed
ACCG.private.sub.client_req_hdrbytes                             0         0.00 Client request header bytes total
ACCG.private.sub.client_req_bodybytes                             0         0.00 Client request body bytes total
ACCG.other.total.client_req_count                             0         0.00 Total number of client requests processed
ACCG.other.total.client_req_hdrbytes                             0         0.00 Client request header bytes total
ACCG.other.total.client_req_bodybytes                             0         0.00 Client request body bytes total
ACCG.other.sub.client_req_count                             0         0.00 Total number of client requests processed
ACCG.other.sub.client_req_hdrbytes                             0         0.00 Client request header bytes total
ACCG.other.sub.client_req_bodybytes                             0         0.00 Client request body bytes total
ACCG.private.oci.client_req_count                         20081         0.01 Total number of client requests processed
ACCG.private.oci.client_req_hdrbytes                       4016102         2.57 Client request header bytes total
ACCG.private.oci.client_req_bodybytes                             0         0.00 Client request body bytes total
--- 13:42:17 ---
MAIN.client_req_400                             0         0.00 Client requests received, subject to 400 errors
MAIN.client_req_417                             0         0.00 Client requests received, subject to 417 errors
MAIN.client_req                         20083         0.01 Good client requests received
MAIN.threads_limited                             0         0.00 Threads hit max
MAIN.threads_created                          1216         0.00 Threads created
MAIN.threads_destroyed                          1005         0.00 Threads destroyed
MAIN.thread_queue_len                             0          .   Length of session queue
MAIN.busy_sleep                           354         0.00 Number of requests sent to sleep on busy objhdr
MAIN.busy_wakeup                           354         0.00 Number of requests woken after sleep on busy objhdr
MAIN.sess_queued                           315         0.00 Sessions queued for thread
MAIN.sess_dropped                             0         0.00 Sessions dropped for thread
ACCG.std.total.client_req_count                         20084         0.01 Total number of client requests processed
ACCG.std.total.client_req_hdrbytes                       4016762         2.57 Client request header bytes total
ACCG.std.total.client_req_bodybytes                             0         0.00 Client request body bytes total
ACCG.std.sub.client_req_count                             0         0.00 Total number of client requests processed
ACCG.std.sub.client_req_hdrbytes                             0         0.00 Client request header bytes total
ACCG.std.sub.client_req_bodybytes                             0         0.00 Client request body bytes total
ACCG.private.total.client_req_count                         20084         0.01 Total number of client requests processed
ACCG.private.total.client_req_hdrbytes                       4016762         2.57 Client request header bytes total
ACCG.private.total.client_req_bodybytes                             0         0.00 Client request body bytes total
ACCG.private.sub.client_req_count                             0         0.00 Total number of client requests processed
ACCG.private.sub.client_req_hdrbytes                             0         0.00 Client request header bytes total
ACCG.private.sub.client_req_bodybytes                             0         0.00 Client request body bytes total
ACCG.other.total.client_req_count                             0         0.00 Total number of client requests processed
ACCG.other.total.client_req_hdrbytes                             0         0.00 Client request header bytes total
ACCG.other.total.client_req_bodybytes                             0         0.00 Client request body bytes total
ACCG.other.sub.client_req_count                             0         0.00 Total number of client requests processed
ACCG.other.sub.client_req_hdrbytes                             0         0.00 Client request header bytes total
ACCG.other.sub.client_req_bodybytes                             0         0.00 Client request body bytes total
ACCG.private.oci.client_req_count                         20084         0.01 Total number of client requests processed
ACCG.private.oci.client_req_hdrbytes                       4016762         2.57 Client request header bytes total
ACCG.private.oci.client_req_bodybytes                             0         0.00 Client request body bytes total
--- 13:42:18 ---
MAIN.client_req_400                             0         0.00 Client requests received, subject to 400 errors
MAIN.client_req_417                             0         0.00 Client requests received, subject to 417 errors
MAIN.client_req                         20085         0.01 Good client requests received
MAIN.threads_limited                             0         0.00 Threads hit max
MAIN.threads_created                          1216         0.00 Threads created
MAIN.threads_destroyed                          1005         0.00 Threads destroyed
MAIN.thread_queue_len                             0          .   Length of session queue
MAIN.busy_sleep                           354         0.00 Number of requests sent to sleep on busy objhdr
MAIN.busy_wakeup                           354         0.00 Number of requests woken after sleep on busy objhdr
MAIN.sess_queued                           315         0.00 Sessions queued for thread
MAIN.sess_dropped                             0         0.00 Sessions dropped for thread
ACCG.std.total.client_req_count                         20086         0.01 Total number of client requests processed
ACCG.std.total.client_req_hdrbytes                       4017202         2.57 Client request header bytes total
ACCG.std.total.client_req_bodybytes                             0         0.00 Client request body bytes total
ACCG.std.sub.client_req_count                             0         0.00 Total number of client requests processed
ACCG.std.sub.client_req_hdrbytes                             0         0.00 Client request header bytes total
ACCG.std.sub.client_req_bodybytes                             0         0.00 Client request body bytes total
ACCG.private.total.client_req_count                         20086         0.01 Total number of client requests processed
ACCG.private.total.client_req_hdrbytes                       4017202         2.57 Client request header bytes total
ACCG.private.total.client_req_bodybytes                             0         0.00 Client request body bytes total
ACCG.private.sub.client_req_count                             0         0.00 Total number of client requests processed
ACCG.private.sub.client_req_hdrbytes                             0         0.00 Client request header bytes total
ACCG.private.sub.client_req_bodybytes                             0         0.00 Client request body bytes total
ACCG.other.total.client_req_count                             0         0.00 Total number of client requests processed
ACCG.other.total.client_req_hdrbytes                             0         0.00 Client request header bytes total
ACCG.other.total.client_req_bodybytes                             0         0.00 Client request body bytes total
ACCG.other.sub.client_req_count                             0         0.00 Total number of client requests processed
ACCG.other.sub.client_req_hdrbytes                             0         0.00 Client request header bytes total
ACCG.other.sub.client_req_bodybytes                             0         0.00 Client request body bytes total
ACCG.private.oci.client_req_count                         20086         0.01 Total number of client requests processed
ACCG.private.oci.client_req_hdrbytes                       4017202         2.57 Client request header bytes total
ACCG.private.oci.client_req_bodybytes                             0         0.00 Client request body bytes total
--- 13:42:19 ---
MAIN.client_req_400                             0         0.00 Client requests received, subject to 400 errors
MAIN.client_req_417                             0         0.00 Client requests received, subject to 417 errors
MAIN.client_req                         20086         0.01 Good client requests received
MAIN.threads_limited                             0         0.00 Threads hit max
MAIN.threads_created                          1216         0.00 Threads created
MAIN.threads_destroyed                          1005         0.00 Threads destroyed
MAIN.thread_queue_len                             0          .   Length of session queue
MAIN.busy_sleep                           354         0.00 Number of requests sent to sleep on busy objhdr
MAIN.busy_wakeup                           354         0.00 Number of requests woken after sleep on busy objhdr
MAIN.sess_queued                           315         0.00 Sessions queued for thread
MAIN.sess_dropped                             0         0.00 Sessions dropped for thread
ACCG.std.total.client_req_count                         20087         0.01 Total number of client requests processed
ACCG.std.total.client_req_hdrbytes                       4017422         2.57 Client request header bytes total
ACCG.std.total.client_req_bodybytes                             0         0.00 Client request body bytes total
ACCG.std.sub.client_req_count                             0         0.00 Total number of client requests processed
ACCG.std.sub.client_req_hdrbytes                             0         0.00 Client request header bytes total
ACCG.std.sub.client_req_bodybytes                             0         0.00 Client request body bytes total
ACCG.private.total.client_req_count                         20087         0.01 Total number of client requests processed
ACCG.private.total.client_req_hdrbytes                       4017422         2.57 Client request header bytes total
ACCG.private.total.client_req_bodybytes                             0         0.00 Client request body bytes total
ACCG.private.sub.client_req_count                             0         0.00 Total number of client requests processed
ACCG.private.sub.client_req_hdrbytes                             0         0.00 Client request header bytes total
ACCG.private.sub.client_req_bodybytes                             0         0.00 Client request body bytes total
ACCG.other.total.client_req_count                             0         0.00 Total number of client requests processed
ACCG.other.total.client_req_hdrbytes                             0         0.00 Client request header bytes total
ACCG.other.total.client_req_bodybytes                             0         0.00 Client request body bytes total
ACCG.other.sub.client_req_count                             0         0.00 Total number of client requests processed
ACCG.other.sub.client_req_hdrbytes                             0         0.00 Client request header bytes total
ACCG.other.sub.client_req_bodybytes                             0         0.00 Client request body bytes total
ACCG.private.oci.client_req_count                         20087         0.01 Total number of client requests processed
ACCG.private.oci.client_req_hdrbytes                       4017422         2.57 Client request header bytes total
ACCG.private.oci.client_req_bodybytes                             0         0.00 Client request body bytes total
--- 13:42:20 ---
MAIN.client_req_400                             0         0.00 Client requests received, subject to 400 errors
MAIN.client_req_417                             0         0.00 Client requests received, subject to 417 errors
MAIN.client_req                         20087         0.01 Good client requests received
MAIN.threads_limited                             0         0.00 Threads hit max
MAIN.threads_created                          1216         0.00 Threads created
MAIN.threads_destroyed                          1005         0.00 Threads destroyed
MAIN.thread_queue_len                             0          .   Length of session queue
MAIN.busy_sleep                           354         0.00 Number of requests sent to sleep on busy objhdr
MAIN.busy_wakeup                           354         0.00 Number of requests woken after sleep on busy objhdr
MAIN.sess_queued                           315         0.00 Sessions queued for thread
MAIN.sess_dropped                             0         0.00 Sessions dropped for thread
ACCG.std.total.client_req_count                         20088         0.01 Total number of client requests processed
ACCG.std.total.client_req_hdrbytes                       4017642         2.57 Client request header bytes total
ACCG.std.total.client_req_bodybytes                             0         0.00 Client request body bytes total
ACCG.std.sub.client_req_count                             0         0.00 Total number of client requests processed
ACCG.std.sub.client_req_hdrbytes                             0         0.00 Client request header bytes total
ACCG.std.sub.client_req_bodybytes                             0         0.00 Client request body bytes total
ACCG.private.total.client_req_count                         20088         0.01 Total number of client requests processed
ACCG.private.total.client_req_hdrbytes                       4017642         2.57 Client request header bytes total
ACCG.private.total.client_req_bodybytes                             0         0.00 Client request body bytes total
ACCG.private.sub.client_req_count                             0         0.00 Total number of client requests processed
ACCG.private.sub.client_req_hdrbytes                             0         0.00 Client request header bytes total
ACCG.private.sub.client_req_bodybytes                             0         0.00 Client request body bytes total
ACCG.other.total.client_req_count                             0         0.00 Total number of client requests processed
ACCG.other.total.client_req_hdrbytes                             0         0.00 Client request header bytes total
ACCG.other.total.client_req_bodybytes                             0         0.00 Client request body bytes total
ACCG.other.sub.client_req_count                             0         0.00 Total number of client requests processed
ACCG.other.sub.client_req_hdrbytes                             0         0.00 Client request header bytes total
ACCG.other.sub.client_req_bodybytes                             0         0.00 Client request body bytes total
ACCG.private.oci.client_req_count                         20088         0.01 Total number of client requests processed
ACCG.private.oci.client_req_hdrbytes                       4017642         2.57 Client request header bytes total
ACCG.private.oci.client_req_bodybytes                             0         0.00 Client request body bytes total
--- 13:42:21 ---
MAIN.client_req_400                             0         0.00 Client requests received, subject to 400 errors
MAIN.client_req_417                             0         0.00 Client requests received, subject to 417 errors
MAIN.client_req                         20089         0.01 Good client requests received
MAIN.threads_limited                             0         0.00 Threads hit max
MAIN.threads_created                          1216         0.00 Threads created
MAIN.threads_destroyed                          1005         0.00 Threads destroyed
MAIN.thread_queue_len                             0          .   Length of session queue
MAIN.busy_sleep                           354         0.00 Number of requests sent to sleep on busy objhdr
MAIN.busy_wakeup                           354         0.00 Number of requests woken after sleep on busy objhdr
MAIN.sess_queued                           315         0.00 Sessions queued for thread
MAIN.sess_dropped                             0         0.00 Sessions dropped for thread
ACCG.std.total.client_req_count                         20090         0.01 Total number of client requests processed
ACCG.std.total.client_req_hdrbytes                       4018082         2.57 Client request header bytes total
ACCG.std.total.client_req_bodybytes                             0         0.00 Client request body bytes total
ACCG.std.sub.client_req_count                             0         0.00 Total number of client requests processed
ACCG.std.sub.client_req_hdrbytes                             0         0.00 Client request header bytes total
ACCG.std.sub.client_req_bodybytes                             0         0.00 Client request body bytes total
ACCG.private.total.client_req_count                         20090         0.01 Total number of client requests processed
ACCG.private.total.client_req_hdrbytes                       4018082         2.57 Client request header bytes total
ACCG.private.total.client_req_bodybytes                             0         0.00 Client request body bytes total
ACCG.private.sub.client_req_count                             0         0.00 Total number of client requests processed
ACCG.private.sub.client_req_hdrbytes                             0         0.00 Client request header bytes total
ACCG.private.sub.client_req_bodybytes                             0         0.00 Client request body bytes total
ACCG.other.total.client_req_count                             0         0.00 Total number of client requests processed
ACCG.other.total.client_req_hdrbytes                             0         0.00 Client request header bytes total
ACCG.other.total.client_req_bodybytes                             0         0.00 Client request body bytes total
ACCG.other.sub.client_req_count                             0         0.00 Total number of client requests processed
ACCG.other.sub.client_req_hdrbytes                             0         0.00 Client request header bytes total
ACCG.other.sub.client_req_bodybytes                             0         0.00 Client request body bytes total
ACCG.private.oci.client_req_count                         20090         0.01 Total number of client requests processed
ACCG.private.oci.client_req_hdrbytes                       4018082         2.57 Client request header bytes total
ACCG.private.oci.client_req_bodybytes                             0         0.00 Client request body bytes total
--- 13:42:23 ---
MAIN.client_req_400                             0         0.00 Client requests received, subject to 400 errors
MAIN.client_req_417                             0         0.00 Client requests received, subject to 417 errors
MAIN.client_req                         20090         0.01 Good client requests received
MAIN.threads_limited                             0         0.00 Threads hit max
MAIN.threads_created                          1216         0.00 Threads created
MAIN.threads_destroyed                          1005         0.00 Threads destroyed
MAIN.thread_queue_len                             0          .   Length of session queue
MAIN.busy_sleep                           354         0.00 Number of requests sent to sleep on busy objhdr
MAIN.busy_wakeup                           354         0.00 Number of requests woken after sleep on busy objhdr
MAIN.sess_queued                           315         0.00 Sessions queued for thread
MAIN.sess_dropped                             0         0.00 Sessions dropped for thread
ACCG.std.total.client_req_count                         20091         0.01 Total number of client requests processed
ACCG.std.total.client_req_hdrbytes                       4018302         2.57 Client request header bytes total
ACCG.std.total.client_req_bodybytes                             0         0.00 Client request body bytes total
ACCG.std.sub.client_req_count                             0         0.00 Total number of client requests processed
ACCG.std.sub.client_req_hdrbytes                             0         0.00 Client request header bytes total
ACCG.std.sub.client_req_bodybytes                             0         0.00 Client request body bytes total
ACCG.private.total.client_req_count                         20091         0.01 Total number of client requests processed
ACCG.private.total.client_req_hdrbytes                       4018302         2.57 Client request header bytes total
ACCG.private.total.client_req_bodybytes                             0         0.00 Client request body bytes total
ACCG.private.sub.client_req_count                             0         0.00 Total number of client requests processed
ACCG.private.sub.client_req_hdrbytes                             0         0.00 Client request header bytes total
ACCG.private.sub.client_req_bodybytes                             0         0.00 Client request body bytes total
ACCG.other.total.client_req_count                             0         0.00 Total number of client requests processed
ACCG.other.total.client_req_hdrbytes                             0         0.00 Client request header bytes total
ACCG.other.total.client_req_bodybytes                             0         0.00 Client request body bytes total
ACCG.other.sub.client_req_count                             0         0.00 Total number of client requests processed
ACCG.other.sub.client_req_hdrbytes                             0         0.00 Client request header bytes total
ACCG.other.sub.client_req_bodybytes                             0         0.00 Client request body bytes total
ACCG.private.oci.client_req_count                         20091         0.01 Total number of client requests processed
ACCG.private.oci.client_req_hdrbytes                       4018302         2.57 Client request header bytes total
ACCG.private.oci.client_req_bodybytes                             0         0.00 Client request body bytes total
--- 13:42:24 ---
MAIN.client_req_400                             0         0.00 Client requests received, subject to 400 errors
MAIN.client_req_417                             0         0.00 Client requests received, subject to 417 errors
MAIN.client_req                         20090         0.01 Good client requests received
MAIN.threads_limited                             0         0.00 Threads hit max
MAIN.threads_created                          1216         0.00 Threads created
MAIN.threads_destroyed                          1005         0.00 Threads destroyed
MAIN.thread_queue_len                             0          .   Length of session queue
MAIN.busy_sleep                           354         0.00 Number of requests sent to sleep on busy objhdr
MAIN.busy_wakeup                           354         0.00 Number of requests woken after sleep on busy objhdr
MAIN.sess_queued                           315         0.00 Sessions queued for thread
MAIN.sess_dropped                             0         0.00 Sessions dropped for thread
ACCG.std.total.client_req_count                         20091         0.01 Total number of client requests processed
ACCG.std.total.client_req_hdrbytes                       4018302         2.57 Client request header bytes total
ACCG.std.total.client_req_bodybytes                             0         0.00 Client request body bytes total
ACCG.std.sub.client_req_count                             0         0.00 Total number of client requests processed
ACCG.std.sub.client_req_hdrbytes                             0         0.00 Client request header bytes total
ACCG.std.sub.client_req_bodybytes                             0         0.00 Client request body bytes total
ACCG.private.total.client_req_count                         20091         0.01 Total number of client requests processed
ACCG.private.total.client_req_hdrbytes                       4018302         2.57 Client request header bytes total
ACCG.private.total.client_req_bodybytes                             0         0.00 Client request body bytes total
ACCG.private.sub.client_req_count                             0         0.00 Total number of client requests processed
ACCG.private.sub.client_req_hdrbytes                             0         0.00 Client request header bytes total
ACCG.private.sub.client_req_bodybytes                             0         0.00 Client request body bytes total
ACCG.other.total.client_req_count                             0         0.00 Total number of client requests processed
ACCG.other.total.client_req_hdrbytes                             0         0.00 Client request header bytes total
ACCG.other.total.client_req_bodybytes                             0         0.00 Client request body bytes total
ACCG.other.sub.client_req_count                             0         0.00 Total number of client requests processed
ACCG.other.sub.client_req_hdrbytes                             0         0.00 Client request header bytes total
ACCG.other.sub.client_req_bodybytes                             0         0.00 Client request body bytes total
ACCG.private.oci.client_req_count                         20091         0.01 Total number of client requests processed
ACCG.private.oci.client_req_hdrbytes                       4018302         2.57 Client request header bytes total
ACCG.private.oci.client_req_bodybytes                             0         0.00 Client request body bytes total
--- 13:42:25 ---
MAIN.client_req_400                             0         0.00 Client requests received, subject to 400 errors
MAIN.client_req_417                             0         0.00 Client requests received, subject to 417 errors
MAIN.client_req                         20092         0.01 Good client requests received
MAIN.threads_limited                             0         0.00 Threads hit max
MAIN.threads_created                          1216         0.00 Threads created
MAIN.threads_destroyed                          1005         0.00 Threads destroyed
MAIN.thread_queue_len                             0          .   Length of session queue
MAIN.busy_sleep                           354         0.00 Number of requests sent to sleep on busy objhdr
MAIN.busy_wakeup                           354         0.00 Number of requests woken after sleep on busy objhdr
MAIN.sess_queued                           315         0.00 Sessions queued for thread
MAIN.sess_dropped                             0         0.00 Sessions dropped for thread
ACCG.std.total.client_req_count                         20093         0.01 Total number of client requests processed
ACCG.std.total.client_req_hdrbytes                       4018742         2.57 Client request header bytes total
ACCG.std.total.client_req_bodybytes                             0         0.00 Client request body bytes total
ACCG.std.sub.client_req_count                             0         0.00 Total number of client requests processed
ACCG.std.sub.client_req_hdrbytes                             0         0.00 Client request header bytes total
ACCG.std.sub.client_req_bodybytes                             0         0.00 Client request body bytes total
ACCG.private.total.client_req_count                         20093         0.01 Total number of client requests processed
ACCG.private.total.client_req_hdrbytes                       4018742         2.57 Client request header bytes total
ACCG.private.total.client_req_bodybytes                             0         0.00 Client request body bytes total
ACCG.private.sub.client_req_count                             0         0.00 Total number of client requests processed
ACCG.private.sub.client_req_hdrbytes                             0         0.00 Client request header bytes total
ACCG.private.sub.client_req_bodybytes                             0         0.00 Client request body bytes total
ACCG.other.total.client_req_count                             0         0.00 Total number of client requests processed
ACCG.other.total.client_req_hdrbytes                             0         0.00 Client request header bytes total
ACCG.other.total.client_req_bodybytes                             0         0.00 Client request body bytes total
ACCG.other.sub.client_req_count                             0         0.00 Total number of client requests processed
ACCG.other.sub.client_req_hdrbytes                             0         0.00 Client request header bytes total
ACCG.other.sub.client_req_bodybytes                             0         0.00 Client request body bytes total
ACCG.private.oci.client_req_count                         20093         0.01 Total number of client requests processed
ACCG.private.oci.client_req_hdrbytes                       4018742         2.57 Client request header bytes total
ACCG.private.oci.client_req_bodybytes                             0         0.00 Client request body bytes total
--- 13:42:26 ---
MAIN.client_req_400                             0         0.00 Client requests received, subject to 400 errors
MAIN.client_req_417                             0         0.00 Client requests received, subject to 417 errors
MAIN.client_req                         20092         0.01 Good client requests received
MAIN.threads_limited                             0         0.00 Threads hit max
MAIN.threads_created                          1216         0.00 Threads created
MAIN.threads_destroyed                          1005         0.00 Threads destroyed
MAIN.thread_queue_len                             0          .   Length of session queue
MAIN.busy_sleep                           354         0.00 Number of requests sent to sleep on busy objhdr
MAIN.busy_wakeup                           354         0.00 Number of requests woken after sleep on busy objhdr
MAIN.sess_queued                           315         0.00 Sessions queued for thread
MAIN.sess_dropped                             0         0.00 Sessions dropped for thread
ACCG.std.total.client_req_count                         20093         0.01 Total number of client requests processed
ACCG.std.total.client_req_hdrbytes                       4018742         2.57 Client request header bytes total
ACCG.std.total.client_req_bodybytes                             0         0.00 Client request body bytes total
ACCG.std.sub.client_req_count                             0         0.00 Total number of client requests processed
ACCG.std.sub.client_req_hdrbytes                             0         0.00 Client request header bytes total
ACCG.std.sub.client_req_bodybytes                             0         0.00 Client request body bytes total
ACCG.private.total.client_req_count                         20093         0.01 Total number of client requests processed
ACCG.private.total.client_req_hdrbytes                       4018742         2.57 Client request header bytes total
ACCG.private.total.client_req_bodybytes                             0         0.00 Client request body bytes total
ACCG.private.sub.client_req_count                             0         0.00 Total number of client requests processed
ACCG.private.sub.client_req_hdrbytes                             0         0.00 Client request header bytes total
ACCG.private.sub.client_req_bodybytes                             0         0.00 Client request body bytes total
ACCG.other.total.client_req_count                             0         0.00 Total number of client requests processed
ACCG.other.total.client_req_hdrbytes                             0         0.00 Client request header bytes total
ACCG.other.total.client_req_bodybytes                             0         0.00 Client request body bytes total
ACCG.other.sub.client_req_count                             0         0.00 Total number of client requests processed
ACCG.other.sub.client_req_hdrbytes                             0         0.00 Client request header bytes total
ACCG.other.sub.client_req_bodybytes                             0         0.00 Client request body bytes total
ACCG.private.oci.client_req_count                         20093         0.01 Total number of client requests processed
ACCG.private.oci.client_req_hdrbytes                       4018742         2.57 Client request header bytes total
ACCG.private.oci.client_req_bodybytes                             0         0.00 Client request body bytes total
--- 13:42:27 ---
MAIN.client_req_400                             0         0.00 Client requests received, subject to 400 errors
MAIN.client_req_417                             0         0.00 Client requests received, subject to 417 errors
MAIN.client_req                         20092         0.01 Good client requests received
MAIN.threads_limited                             0         0.00 Threads hit max
MAIN.threads_created                          1216         0.00 Threads created
MAIN.threads_destroyed                          1005         0.00 Threads destroyed
MAIN.thread_queue_len                             0          .   Length of session queue
MAIN.busy_sleep                           354         0.00 Number of requests sent to sleep on busy objhdr
MAIN.busy_wakeup                           354         0.00 Number of requests woken after sleep on busy objhdr
MAIN.sess_queued                           315         0.00 Sessions queued for thread
MAIN.sess_dropped                             0         0.00 Sessions dropped for thread
ACCG.std.total.client_req_count                         20093         0.01 Total number of client requests processed
ACCG.std.total.client_req_hdrbytes                       4018742         2.57 Client request header bytes total
ACCG.std.total.client_req_bodybytes                             0         0.00 Client request body bytes total
ACCG.std.sub.client_req_count                             0         0.00 Total number of client requests processed
ACCG.std.sub.client_req_hdrbytes                             0         0.00 Client request header bytes total
ACCG.std.sub.client_req_bodybytes                             0         0.00 Client request body bytes total
ACCG.private.total.client_req_count                         20093         0.01 Total number of client requests processed
ACCG.private.total.client_req_hdrbytes                       4018742         2.57 Client request header bytes total
ACCG.private.total.client_req_bodybytes                             0         0.00 Client request body bytes total
ACCG.private.sub.client_req_count                             0         0.00 Total number of client requests processed
ACCG.private.sub.client_req_hdrbytes                             0         0.00 Client request header bytes total
ACCG.private.sub.client_req_bodybytes                             0         0.00 Client request body bytes total
ACCG.other.total.client_req_count                             0         0.00 Total number of client requests processed
ACCG.other.total.client_req_hdrbytes                             0         0.00 Client request header bytes total
ACCG.other.total.client_req_bodybytes                             0         0.00 Client request body bytes total
ACCG.other.sub.client_req_count                             0         0.00 Total number of client requests processed
ACCG.other.sub.client_req_hdrbytes                             0         0.00 Client request header bytes total
ACCG.other.sub.client_req_bodybytes                             0         0.00 Client request body bytes total
ACCG.private.oci.client_req_count                         20093         0.01 Total number of client requests processed
ACCG.private.oci.client_req_hdrbytes                       4018742         2.57 Client request header bytes total
ACCG.private.oci.client_req_bodybytes                             0         0.00 Client request body bytes total
--- 13:42:28 ---
MAIN.client_req_400                             0         0.00 Client requests received, subject to 400 errors
MAIN.client_req_417                             0         0.00 Client requests received, subject to 417 errors
MAIN.client_req                         20094         0.01 Good client requests received
MAIN.threads_limited                             0         0.00 Threads hit max
MAIN.threads_created                          1216         0.00 Threads created
MAIN.threads_destroyed                          1005         0.00 Threads destroyed
MAIN.thread_queue_len                             0          .   Length of session queue
MAIN.busy_sleep                           354         0.00 Number of requests sent to sleep on busy objhdr
MAIN.busy_wakeup                           354         0.00 Number of requests woken after sleep on busy objhdr
MAIN.sess_queued                           315         0.00 Sessions queued for thread
MAIN.sess_dropped                             0         0.00 Sessions dropped for thread
ACCG.std.total.client_req_count                         20095         0.01 Total number of client requests processed
ACCG.std.total.client_req_hdrbytes                       4019182         2.57 Client request header bytes total
ACCG.std.total.client_req_bodybytes                             0         0.00 Client request body bytes total
ACCG.std.sub.client_req_count                             0         0.00 Total number of client requests processed
ACCG.std.sub.client_req_hdrbytes                             0         0.00 Client request header bytes total
ACCG.std.sub.client_req_bodybytes                             0         0.00 Client request body bytes total
ACCG.private.total.client_req_count                         20095         0.01 Total number of client requests processed
ACCG.private.total.client_req_hdrbytes                       4019182         2.57 Client request header bytes total
ACCG.private.total.client_req_bodybytes                             0         0.00 Client request body bytes total
ACCG.private.sub.client_req_count                             0         0.00 Total number of client requests processed
ACCG.private.sub.client_req_hdrbytes                             0         0.00 Client request header bytes total
ACCG.private.sub.client_req_bodybytes                             0         0.00 Client request body bytes total
ACCG.other.total.client_req_count                             0         0.00 Total number of client requests processed
ACCG.other.total.client_req_hdrbytes                             0         0.00 Client request header bytes total
ACCG.other.total.client_req_bodybytes                             0         0.00 Client request body bytes total
ACCG.other.sub.client_req_count                             0         0.00 Total number of client requests processed
ACCG.other.sub.client_req_hdrbytes                             0         0.00 Client request header bytes total
ACCG.other.sub.client_req_bodybytes                             0         0.00 Client request body bytes total
ACCG.private.oci.client_req_count                         20095         0.01 Total number of client requests processed
ACCG.private.oci.client_req_hdrbytes                       4019182         2.57 Client request header bytes total
ACCG.private.oci.client_req_bodybytes                             0         0.00 Client request body bytes total
--- 13:42:29 ---
MAIN.client_req_400                             0         0.00 Client requests received, subject to 400 errors
MAIN.client_req_417                             0         0.00 Client requests received, subject to 417 errors
MAIN.client_req                         20095         0.01 Good client requests received
MAIN.threads_limited                             0         0.00 Threads hit max
MAIN.threads_created                          1216         0.00 Threads created
MAIN.threads_destroyed                          1005         0.00 Threads destroyed
MAIN.thread_queue_len                             0          .   Length of session queue
MAIN.busy_sleep                           354         0.00 Number of requests sent to sleep on busy objhdr
MAIN.busy_wakeup                           354         0.00 Number of requests woken after sleep on busy objhdr
MAIN.sess_queued                           315         0.00 Sessions queued for thread
MAIN.sess_dropped                             0         0.00 Sessions dropped for thread
ACCG.std.total.client_req_count                         20096         0.01 Total number of client requests processed
ACCG.std.total.client_req_hdrbytes                       4019402         2.57 Client request header bytes total
ACCG.std.total.client_req_bodybytes                             0         0.00 Client request body bytes total
ACCG.std.sub.client_req_count                             0         0.00 Total number of client requests processed
ACCG.std.sub.client_req_hdrbytes                             0         0.00 Client request header bytes total
ACCG.std.sub.client_req_bodybytes                             0         0.00 Client request body bytes total
ACCG.private.total.client_req_count                         20096         0.01 Total number of client requests processed
ACCG.private.total.client_req_hdrbytes                       4019402         2.57 Client request header bytes total
ACCG.private.total.client_req_bodybytes                             0         0.00 Client request body bytes total
ACCG.private.sub.client_req_count                             0         0.00 Total number of client requests processed
ACCG.private.sub.client_req_hdrbytes                             0         0.00 Client request header bytes total
ACCG.private.sub.client_req_bodybytes                             0         0.00 Client request body bytes total
ACCG.other.total.client_req_count                             0         0.00 Total number of client requests processed
ACCG.other.total.client_req_hdrbytes                             0         0.00 Client request header bytes total
ACCG.other.total.client_req_bodybytes                             0         0.00 Client request body bytes total
ACCG.other.sub.client_req_count                             0         0.00 Total number of client requests processed
ACCG.other.sub.client_req_hdrbytes                             0         0.00 Client request header bytes total
ACCG.other.sub.client_req_bodybytes                             0         0.00 Client request body bytes total
ACCG.private.oci.client_req_count                         20096         0.01 Total number of client requests processed
ACCG.private.oci.client_req_hdrbytes                       4019402         2.57 Client request header bytes total
ACCG.private.oci.client_req_bodybytes                             0         0.00 Client request body bytes total
--- 13:42:30 ---
MAIN.client_req_400                             0         0.00 Client requests received, subject to 400 errors
MAIN.client_req_417                             0         0.00 Client requests received, subject to 417 errors
MAIN.client_req                         20095         0.01 Good client requests received
MAIN.threads_limited                             0         0.00 Threads hit max
MAIN.threads_created                          1216         0.00 Threads created
MAIN.threads_destroyed                          1005         0.00 Threads destroyed
MAIN.thread_queue_len                             0          .   Length of session queue
MAIN.busy_sleep                           354         0.00 Number of requests sent to sleep on busy objhdr
MAIN.busy_wakeup                           354         0.00 Number of requests woken after sleep on busy objhdr
MAIN.sess_queued                           315         0.00 Sessions queued for thread
MAIN.sess_dropped                             0         0.00 Sessions dropped for thread
ACCG.std.total.client_req_count                         20096         0.01 Total number of client requests processed
ACCG.std.total.client_req_hdrbytes                       4019402         2.57 Client request header bytes total
ACCG.std.total.client_req_bodybytes                             0         0.00 Client request body bytes total
ACCG.std.sub.client_req_count                             0         0.00 Total number of client requests processed
ACCG.std.sub.client_req_hdrbytes                             0         0.00 Client request header bytes total
ACCG.std.sub.client_req_bodybytes                             0         0.00 Client request body bytes total
ACCG.private.total.client_req_count                         20096         0.01 Total number of client requests processed
ACCG.private.total.client_req_hdrbytes                       4019402         2.57 Client request header bytes total
ACCG.private.total.client_req_bodybytes                             0         0.00 Client request body bytes total
ACCG.private.sub.client_req_count                             0         0.00 Total number of client requests processed
ACCG.private.sub.client_req_hdrbytes                             0         0.00 Client request header bytes total
ACCG.private.sub.client_req_bodybytes                             0         0.00 Client request body bytes total
ACCG.other.total.client_req_count                             0         0.00 Total number of client requests processed
ACCG.other.total.client_req_hdrbytes                             0         0.00 Client request header bytes total
ACCG.other.total.client_req_bodybytes                             0         0.00 Client request body bytes total
ACCG.other.sub.client_req_count                             0         0.00 Total number of client requests processed
ACCG.other.sub.client_req_hdrbytes                             0         0.00 Client request header bytes total
ACCG.other.sub.client_req_bodybytes                             0         0.00 Client request body bytes total
ACCG.private.oci.client_req_count                         20096         0.01 Total number of client requests processed
ACCG.private.oci.client_req_hdrbytes                       4019402         2.57 Client request header bytes total
ACCG.private.oci.client_req_bodybytes                             0         0.00 Client request body bytes total
--- 13:42:31 ---
MAIN.client_req_400                             0         0.00 Client requests received, subject to 400 errors
MAIN.client_req_417                             0         0.00 Client requests received, subject to 417 errors
MAIN.client_req                         20097         0.01 Good client requests received
MAIN.threads_limited                             0         0.00 Threads hit max
MAIN.threads_created                          1216         0.00 Threads created
MAIN.threads_destroyed                          1005         0.00 Threads destroyed
MAIN.thread_queue_len                             0          .   Length of session queue
MAIN.busy_sleep                           354         0.00 Number of requests sent to sleep on busy objhdr
MAIN.busy_wakeup                           354         0.00 Number of requests woken after sleep on busy objhdr
MAIN.sess_queued                           315         0.00 Sessions queued for thread
MAIN.sess_dropped                             0         0.00 Sessions dropped for thread
ACCG.std.total.client_req_count                         20098         0.01 Total number of client requests processed
ACCG.std.total.client_req_hdrbytes                       4019842         2.57 Client request header bytes total
ACCG.std.total.client_req_bodybytes                             0         0.00 Client request body bytes total
ACCG.std.sub.client_req_count                             0         0.00 Total number of client requests processed
ACCG.std.sub.client_req_hdrbytes                             0         0.00 Client request header bytes total
ACCG.std.sub.client_req_bodybytes                             0         0.00 Client request body bytes total
ACCG.private.total.client_req_count                         20098         0.01 Total number of client requests processed
ACCG.private.total.client_req_hdrbytes                       4019842         2.57 Client request header bytes total
ACCG.private.total.client_req_bodybytes                             0         0.00 Client request body bytes total
ACCG.private.sub.client_req_count                             0         0.00 Total number of client requests processed
ACCG.private.sub.client_req_hdrbytes                             0         0.00 Client request header bytes total
ACCG.private.sub.client_req_bodybytes                             0         0.00 Client request body bytes total
ACCG.other.total.client_req_count                             0         0.00 Total number of client requests processed
ACCG.other.total.client_req_hdrbytes                             0         0.00 Client request header bytes total
ACCG.other.total.client_req_bodybytes                             0         0.00 Client request body bytes total
ACCG.other.sub.client_req_count                             0         0.00 Total number of client requests processed
ACCG.other.sub.client_req_hdrbytes                             0         0.00 Client request header bytes total
ACCG.other.sub.client_req_bodybytes                             0         0.00 Client request body bytes total
ACCG.private.oci.client_req_count                         20098         0.01 Total number of client requests processed
ACCG.private.oci.client_req_hdrbytes                       4019842         2.57 Client request header bytes total
ACCG.private.oci.client_req_bodybytes                             0         0.00 Client request body bytes total
--- 13:42:32 ---
MAIN.client_req_400                             0         0.00 Client requests received, subject to 400 errors
MAIN.client_req_417                             0         0.00 Client requests received, subject to 417 errors
MAIN.client_req                         20097         0.01 Good client requests received
MAIN.threads_limited                             0         0.00 Threads hit max
MAIN.threads_created                          1216         0.00 Threads created
MAIN.threads_destroyed                          1005         0.00 Threads destroyed
MAIN.thread_queue_len                             0          .   Length of session queue
MAIN.busy_sleep                           354         0.00 Number of requests sent to sleep on busy objhdr
MAIN.busy_wakeup                           354         0.00 Number of requests woken after sleep on busy objhdr
MAIN.sess_queued                           315         0.00 Sessions queued for thread
MAIN.sess_dropped                             0         0.00 Sessions dropped for thread
ACCG.std.total.client_req_count                         20098         0.01 Total number of client requests processed
ACCG.std.total.client_req_hdrbytes                       4019842         2.57 Client request header bytes total
ACCG.std.total.client_req_bodybytes                             0         0.00 Client request body bytes total
ACCG.std.sub.client_req_count                             0         0.00 Total number of client requests processed
ACCG.std.sub.client_req_hdrbytes                             0         0.00 Client request header bytes total
ACCG.std.sub.client_req_bodybytes                             0         0.00 Client request body bytes total
ACCG.private.total.client_req_count                         20098         0.01 Total number of client requests processed
ACCG.private.total.client_req_hdrbytes                       4019842         2.57 Client request header bytes total
ACCG.private.total.client_req_bodybytes                             0         0.00 Client request body bytes total
ACCG.private.sub.client_req_count                             0         0.00 Total number of client requests processed
ACCG.private.sub.client_req_hdrbytes                             0         0.00 Client request header bytes total
ACCG.private.sub.client_req_bodybytes                             0         0.00 Client request body bytes total
ACCG.other.total.client_req_count                             0         0.00 Total number of client requests processed
ACCG.other.total.client_req_hdrbytes                             0         0.00 Client request header bytes total
ACCG.other.total.client_req_bodybytes                             0         0.00 Client request body bytes total
ACCG.other.sub.client_req_count                             0         0.00 Total number of client requests processed
ACCG.other.sub.client_req_hdrbytes                             0         0.00 Client request header bytes total
ACCG.other.sub.client_req_bodybytes                             0         0.00 Client request body bytes total
ACCG.private.oci.client_req_count                         20098         0.01 Total number of client requests processed
ACCG.private.oci.client_req_hdrbytes                       4019842         2.57 Client request header bytes total
ACCG.private.oci.client_req_bodybytes                             0         0.00 Client request body bytes total
--- 13:42:33 ---
MAIN.client_req_400                             0         0.00 Client requests received, subject to 400 errors
MAIN.client_req_417                             0         0.00 Client requests received, subject to 417 errors
MAIN.client_req                         20098         0.01 Good client requests received
MAIN.threads_limited                             0         0.00 Threads hit max
MAIN.threads_created                          1216         0.00 Threads created
MAIN.threads_destroyed                          1005         0.00 Threads destroyed
MAIN.thread_queue_len                             0          .   Length of session queue
MAIN.busy_sleep                           354         0.00 Number of requests sent to sleep on busy objhdr
MAIN.busy_wakeup                           354         0.00 Number of requests woken after sleep on busy objhdr
MAIN.sess_queued                           315         0.00 Sessions queued for thread
MAIN.sess_dropped                             0         0.00 Sessions dropped for thread
ACCG.std.total.client_req_count                         20099         0.01 Total number of client requests processed
ACCG.std.total.client_req_hdrbytes                       4020062         2.57 Client request header bytes total
ACCG.std.total.client_req_bodybytes                             0         0.00 Client request body bytes total
ACCG.std.sub.client_req_count                             0         0.00 Total number of client requests processed
ACCG.std.sub.client_req_hdrbytes                             0         0.00 Client request header bytes total
ACCG.std.sub.client_req_bodybytes                             0         0.00 Client request body bytes total
ACCG.private.total.client_req_count                         20099         0.01 Total number of client requests processed
ACCG.private.total.client_req_hdrbytes                       4020062         2.57 Client request header bytes total
ACCG.private.total.client_req_bodybytes                             0         0.00 Client request body bytes total
ACCG.private.sub.client_req_count                             0         0.00 Total number of client requests processed
ACCG.private.sub.client_req_hdrbytes                             0         0.00 Client request header bytes total
ACCG.private.sub.client_req_bodybytes                             0         0.00 Client request body bytes total
ACCG.other.total.client_req_count                             0         0.00 Total number of client requests processed
ACCG.other.total.client_req_hdrbytes                             0         0.00 Client request header bytes total
ACCG.other.total.client_req_bodybytes                             0         0.00 Client request body bytes total
ACCG.other.sub.client_req_count                             0         0.00 Total number of client requests processed
ACCG.other.sub.client_req_hdrbytes                             0         0.00 Client request header bytes total
ACCG.other.sub.client_req_bodybytes                             0         0.00 Client request body bytes total
ACCG.private.oci.client_req_count                         20099         0.01 Total number of client requests processed
ACCG.private.oci.client_req_hdrbytes                       4020062         2.57 Client request header bytes total
ACCG.private.oci.client_req_bodybytes                             0         0.00 Client request body bytes total
--- 13:42:35 ---
MAIN.client_req_400                             0         0.00 Client requests received, subject to 400 errors
MAIN.client_req_417                             0         0.00 Client requests received, subject to 417 errors
MAIN.client_req                         20099         0.01 Good client requests received
MAIN.threads_limited                             0         0.00 Threads hit max
MAIN.threads_created                          1216         0.00 Threads created
MAIN.threads_destroyed                          1005         0.00 Threads destroyed
MAIN.thread_queue_len                             0          .   Length of session queue
MAIN.busy_sleep                           354         0.00 Number of requests sent to sleep on busy objhdr
MAIN.busy_wakeup                           354         0.00 Number of requests woken after sleep on busy objhdr
MAIN.sess_queued                           315         0.00 Sessions queued for thread
MAIN.sess_dropped                             0         0.00 Sessions dropped for thread
ACCG.std.total.client_req_count                         20100         0.01 Total number of client requests processed
ACCG.std.total.client_req_hdrbytes                       4020282         2.57 Client request header bytes total
ACCG.std.total.client_req_bodybytes                             0         0.00 Client request body bytes total
ACCG.std.sub.client_req_count                             0         0.00 Total number of client requests processed
ACCG.std.sub.client_req_hdrbytes                             0         0.00 Client request header bytes total
ACCG.std.sub.client_req_bodybytes                             0         0.00 Client request body bytes total
ACCG.private.total.client_req_count                         20100         0.01 Total number of client requests processed
ACCG.private.total.client_req_hdrbytes                       4020282         2.57 Client request header bytes total
ACCG.private.total.client_req_bodybytes                             0         0.00 Client request body bytes total
ACCG.private.sub.client_req_count                             0         0.00 Total number of client requests processed
ACCG.private.sub.client_req_hdrbytes                             0         0.00 Client request header bytes total
ACCG.private.sub.client_req_bodybytes                             0         0.00 Client request body bytes total
ACCG.other.total.client_req_count                             0         0.00 Total number of client requests processed
ACCG.other.total.client_req_hdrbytes                             0         0.00 Client request header bytes total
ACCG.other.total.client_req_bodybytes                             0         0.00 Client request body bytes total
ACCG.other.sub.client_req_count                             0         0.00 Total number of client requests processed
ACCG.other.sub.client_req_hdrbytes                             0         0.00 Client request header bytes total
ACCG.other.sub.client_req_bodybytes                             0         0.00 Client request body bytes total
ACCG.private.oci.client_req_count                         20100         0.01 Total number of client requests processed
ACCG.private.oci.client_req_hdrbytes                       4020282         2.57 Client request header bytes total
ACCG.private.oci.client_req_bodybytes                             0         0.00 Client request body bytes total
--- 13:42:36 ---
MAIN.client_req_400                             0         0.00 Client requests received, subject to 400 errors
MAIN.client_req_417                             0         0.00 Client requests received, subject to 417 errors
MAIN.client_req                         20104         0.01 Good client requests received
MAIN.threads_limited                             0         0.00 Threads hit max
MAIN.threads_created                          1216         0.00 Threads created
MAIN.threads_destroyed                          1005         0.00 Threads destroyed
MAIN.thread_queue_len                             0          .   Length of session queue
MAIN.busy_sleep                           354         0.00 Number of requests sent to sleep on busy objhdr
MAIN.busy_wakeup                           354         0.00 Number of requests woken after sleep on busy objhdr
MAIN.sess_queued                           315         0.00 Sessions queued for thread
MAIN.sess_dropped                             0         0.00 Sessions dropped for thread
ACCG.std.total.client_req_count                         20105         0.01 Total number of client requests processed
ACCG.std.total.client_req_hdrbytes                       4021382         2.57 Client request header bytes total
ACCG.std.total.client_req_bodybytes                             0         0.00 Client request body bytes total
ACCG.std.sub.client_req_count                             0         0.00 Total number of client requests processed
ACCG.std.sub.client_req_hdrbytes                             0         0.00 Client request header bytes total
ACCG.std.sub.client_req_bodybytes                             0         0.00 Client request body bytes total
ACCG.private.total.client_req_count                         20105         0.01 Total number of client requests processed
ACCG.private.total.client_req_hdrbytes                       4021382         2.57 Client request header bytes total
ACCG.private.total.client_req_bodybytes                             0         0.00 Client request body bytes total
ACCG.private.sub.client_req_count                             0         0.00 Total number of client requests processed
ACCG.private.sub.client_req_hdrbytes                             0         0.00 Client request header bytes total
ACCG.private.sub.client_req_bodybytes                             0         0.00 Client request body bytes total
ACCG.other.total.client_req_count                             0         0.00 Total number of client requests processed
ACCG.other.total.client_req_hdrbytes                             0         0.00 Client request header bytes total
ACCG.other.total.client_req_bodybytes                             0         0.00 Client request body bytes total
ACCG.other.sub.client_req_count                             0         0.00 Total number of client requests processed
ACCG.other.sub.client_req_hdrbytes                             0         0.00 Client request header bytes total
ACCG.other.sub.client_req_bodybytes                             0         0.00 Client request body bytes total
ACCG.private.oci.client_req_count                         20105         0.01 Total number of client requests processed
ACCG.private.oci.client_req_hdrbytes                       4021382         2.57 Client request header bytes total
ACCG.private.oci.client_req_bodybytes                             0         0.00 Client request body bytes total
--- 13:42:37 ---
MAIN.client_req_400                             0         0.00 Client requests received, subject to 400 errors
MAIN.client_req_417                             0         0.00 Client requests received, subject to 417 errors
MAIN.client_req                         20105         0.01 Good client requests received
MAIN.threads_limited                             0         0.00 Threads hit max
MAIN.threads_created                          1216         0.00 Threads created
MAIN.threads_destroyed                          1005         0.00 Threads destroyed
MAIN.thread_queue_len                             0          .   Length of session queue
MAIN.busy_sleep                           354         0.00 Number of requests sent to sleep on busy objhdr
MAIN.busy_wakeup                           354         0.00 Number of requests woken after sleep on busy objhdr
MAIN.sess_queued                           315         0.00 Sessions queued for thread
MAIN.sess_dropped                             0         0.00 Sessions dropped for thread
ACCG.std.total.client_req_count                         20106         0.01 Total number of client requests processed
ACCG.std.total.client_req_hdrbytes                       4021602         2.57 Client request header bytes total
ACCG.std.total.client_req_bodybytes                             0         0.00 Client request body bytes total
ACCG.std.sub.client_req_count                             0         0.00 Total number of client requests processed
ACCG.std.sub.client_req_hdrbytes                             0         0.00 Client request header bytes total
ACCG.std.sub.client_req_bodybytes                             0         0.00 Client request body bytes total
ACCG.private.total.client_req_count                         20106         0.01 Total number of client requests processed
ACCG.private.total.client_req_hdrbytes                       4021602         2.57 Client request header bytes total
ACCG.private.total.client_req_bodybytes                             0         0.00 Client request body bytes total
ACCG.private.sub.client_req_count                             0         0.00 Total number of client requests processed
ACCG.private.sub.client_req_hdrbytes                             0         0.00 Client request header bytes total
ACCG.private.sub.client_req_bodybytes                             0         0.00 Client request body bytes total
ACCG.other.total.client_req_count                             0         0.00 Total number of client requests processed
ACCG.other.total.client_req_hdrbytes                             0         0.00 Client request header bytes total
ACCG.other.total.client_req_bodybytes                             0         0.00 Client request body bytes total
ACCG.other.sub.client_req_count                             0         0.00 Total number of client requests processed
ACCG.other.sub.client_req_hdrbytes                             0         0.00 Client request header bytes total
ACCG.other.sub.client_req_bodybytes                             0         0.00 Client request body bytes total
ACCG.private.oci.client_req_count                         20106         0.01 Total number of client requests processed
ACCG.private.oci.client_req_hdrbytes                       4021602         2.57 Client request header bytes total
ACCG.private.oci.client_req_bodybytes                             0         0.00 Client request body bytes total
--- 13:42:38 ---
MAIN.client_req_400                             0         0.00 Client requests received, subject to 400 errors
MAIN.client_req_417                             0         0.00 Client requests received, subject to 417 errors
MAIN.client_req                         20105         0.01 Good client requests received
MAIN.threads_limited                             0         0.00 Threads hit max
MAIN.threads_created                          1216         0.00 Threads created
MAIN.threads_destroyed                          1005         0.00 Threads destroyed
MAIN.thread_queue_len                             0          .   Length of session queue
MAIN.busy_sleep                           354         0.00 Number of requests sent to sleep on busy objhdr
MAIN.busy_wakeup                           354         0.00 Number of requests woken after sleep on busy objhdr
MAIN.sess_queued                           315         0.00 Sessions queued for thread
MAIN.sess_dropped                             0         0.00 Sessions dropped for thread
ACCG.std.total.client_req_count                         20106         0.01 Total number of client requests processed
ACCG.std.total.client_req_hdrbytes                       4021602         2.57 Client request header bytes total
ACCG.std.total.client_req_bodybytes                             0         0.00 Client request body bytes total
ACCG.std.sub.client_req_count                             0         0.00 Total number of client requests processed
ACCG.std.sub.client_req_hdrbytes                             0         0.00 Client request header bytes total
ACCG.std.sub.client_req_bodybytes                             0         0.00 Client request body bytes total
ACCG.private.total.client_req_count                         20106         0.01 Total number of client requests processed
ACCG.private.total.client_req_hdrbytes                       4021602         2.57 Client request header bytes total
ACCG.private.total.client_req_bodybytes                             0         0.00 Client request body bytes total
ACCG.private.sub.client_req_count                             0         0.00 Total number of client requests processed
ACCG.private.sub.client_req_hdrbytes                             0         0.00 Client request header bytes total
ACCG.private.sub.client_req_bodybytes                             0         0.00 Client request body bytes total
ACCG.other.total.client_req_count                             0         0.00 Total number of client requests processed
ACCG.other.total.client_req_hdrbytes                             0         0.00 Client request header bytes total
ACCG.other.total.client_req_bodybytes                             0         0.00 Client request body bytes total
ACCG.other.sub.client_req_count                             0         0.00 Total number of client requests processed
ACCG.other.sub.client_req_hdrbytes                             0         0.00 Client request header bytes total
ACCG.other.sub.client_req_bodybytes                             0         0.00 Client request body bytes total
ACCG.private.oci.client_req_count                         20106         0.01 Total number of client requests processed
ACCG.private.oci.client_req_hdrbytes                       4021602         2.57 Client request header bytes total
ACCG.private.oci.client_req_bodybytes                             0         0.00 Client request body bytes total
--- 13:42:39 ---
MAIN.client_req_400                             0         0.00 Client requests received, subject to 400 errors
MAIN.client_req_417                             0         0.00 Client requests received, subject to 417 errors
MAIN.client_req                         20105         0.01 Good client requests received
MAIN.threads_limited                             0         0.00 Threads hit max
MAIN.threads_created                          1216         0.00 Threads created
MAIN.threads_destroyed                          1005         0.00 Threads destroyed
MAIN.thread_queue_len                             0          .   Length of session queue
MAIN.busy_sleep                           354         0.00 Number of requests sent to sleep on busy objhdr
MAIN.busy_wakeup                           354         0.00 Number of requests woken after sleep on busy objhdr
MAIN.sess_queued                           315         0.00 Sessions queued for thread
MAIN.sess_dropped                             0         0.00 Sessions dropped for thread
ACCG.std.total.client_req_count                         20106         0.01 Total number of client requests processed
ACCG.std.total.client_req_hdrbytes                       4021602         2.57 Client request header bytes total
ACCG.std.total.client_req_bodybytes                             0         0.00 Client request body bytes total
ACCG.std.sub.client_req_count                             0         0.00 Total number of client requests processed
ACCG.std.sub.client_req_hdrbytes                             0         0.00 Client request header bytes total
ACCG.std.sub.client_req_bodybytes                             0         0.00 Client request body bytes total
ACCG.private.total.client_req_count                         20106         0.01 Total number of client requests processed
ACCG.private.total.client_req_hdrbytes                       4021602         2.57 Client request header bytes total
ACCG.private.total.client_req_bodybytes                             0         0.00 Client request body bytes total
ACCG.private.sub.client_req_count                             0         0.00 Total number of client requests processed
ACCG.private.sub.client_req_hdrbytes                             0         0.00 Client request header bytes total
ACCG.private.sub.client_req_bodybytes                             0         0.00 Client request body bytes total
ACCG.other.total.client_req_count                             0         0.00 Total number of client requests processed
ACCG.other.total.client_req_hdrbytes                             0         0.00 Client request header bytes total
ACCG.other.total.client_req_bodybytes                             0         0.00 Client request body bytes total
ACCG.other.sub.client_req_count                             0         0.00 Total number of client requests processed
ACCG.other.sub.client_req_hdrbytes                             0         0.00 Client request header bytes total
ACCG.other.sub.client_req_bodybytes                             0         0.00 Client request body bytes total
ACCG.private.oci.client_req_count                         20106         0.01 Total number of client requests processed
ACCG.private.oci.client_req_hdrbytes                       4021602         2.57 Client request header bytes total
ACCG.private.oci.client_req_bodybytes                             0         0.00 Client request body bytes total
--- 13:42:40 ---
MAIN.client_req_400                             0         0.00 Client requests received, subject to 400 errors
MAIN.client_req_417                             0         0.00 Client requests received, subject to 417 errors
MAIN.client_req                         20107         0.01 Good client requests received
MAIN.threads_limited                             0         0.00 Threads hit max
MAIN.threads_created                          1216         0.00 Threads created
MAIN.threads_destroyed                          1005         0.00 Threads destroyed
MAIN.thread_queue_len                             0          .   Length of session queue
MAIN.busy_sleep                           354         0.00 Number of requests sent to sleep on busy objhdr
MAIN.busy_wakeup                           354         0.00 Number of requests woken after sleep on busy objhdr
MAIN.sess_queued                           315         0.00 Sessions queued for thread
MAIN.sess_dropped                             0         0.00 Sessions dropped for thread
ACCG.std.total.client_req_count                         20108         0.01 Total number of client requests processed
ACCG.std.total.client_req_hdrbytes                       4022042         2.57 Client request header bytes total
ACCG.std.total.client_req_bodybytes                             0         0.00 Client request body bytes total
ACCG.std.sub.client_req_count                             0         0.00 Total number of client requests processed
ACCG.std.sub.client_req_hdrbytes                             0         0.00 Client request header bytes total
ACCG.std.sub.client_req_bodybytes                             0         0.00 Client request body bytes total
ACCG.private.total.client_req_count                         20108         0.01 Total number of client requests processed
ACCG.private.total.client_req_hdrbytes                       4022042         2.57 Client request header bytes total
ACCG.private.total.client_req_bodybytes                             0         0.00 Client request body bytes total
ACCG.private.sub.client_req_count                             0         0.00 Total number of client requests processed
ACCG.private.sub.client_req_hdrbytes                             0         0.00 Client request header bytes total
ACCG.private.sub.client_req_bodybytes                             0         0.00 Client request body bytes total
ACCG.other.total.client_req_count                             0         0.00 Total number of client requests processed
ACCG.other.total.client_req_hdrbytes                             0         0.00 Client request header bytes total
ACCG.other.total.client_req_bodybytes                             0         0.00 Client request body bytes total
ACCG.other.sub.client_req_count                             0         0.00 Total number of client requests processed
ACCG.other.sub.client_req_hdrbytes                             0         0.00 Client request header bytes total
ACCG.other.sub.client_req_bodybytes                             0         0.00 Client request body bytes total
ACCG.private.oci.client_req_count                         20108         0.01 Total number of client requests processed
ACCG.private.oci.client_req_hdrbytes                       4022042         2.57 Client request header bytes total
ACCG.private.oci.client_req_bodybytes                             0         0.00 Client request body bytes total
--- 13:42:41 ---
MAIN.client_req_400                             0         0.00 Client requests received, subject to 400 errors
MAIN.client_req_417                             0         0.00 Client requests received, subject to 417 errors
MAIN.client_req                         20107         0.01 Good client requests received
MAIN.threads_limited                             0         0.00 Threads hit max
MAIN.threads_created                          1216         0.00 Threads created
MAIN.threads_destroyed                          1005         0.00 Threads destroyed
MAIN.thread_queue_len                             0          .   Length of session queue
MAIN.busy_sleep                           354         0.00 Number of requests sent to sleep on busy objhdr
MAIN.busy_wakeup                           354         0.00 Number of requests woken after sleep on busy objhdr
MAIN.sess_queued                           315         0.00 Sessions queued for thread
MAIN.sess_dropped                             0         0.00 Sessions dropped for thread
ACCG.std.total.client_req_count                         20108         0.01 Total number of client requests processed
ACCG.std.total.client_req_hdrbytes                       4022042         2.57 Client request header bytes total
ACCG.std.total.client_req_bodybytes                             0         0.00 Client request body bytes total
ACCG.std.sub.client_req_count                             0         0.00 Total number of client requests processed
ACCG.std.sub.client_req_hdrbytes                             0         0.00 Client request header bytes total
ACCG.std.sub.client_req_bodybytes                             0         0.00 Client request body bytes total
ACCG.private.total.client_req_count                         20108         0.01 Total number of client requests processed
ACCG.private.total.client_req_hdrbytes                       4022042         2.57 Client request header bytes total
ACCG.private.total.client_req_bodybytes                             0         0.00 Client request body bytes total
ACCG.private.sub.client_req_count                             0         0.00 Total number of client requests processed
ACCG.private.sub.client_req_hdrbytes                             0         0.00 Client request header bytes total
ACCG.private.sub.client_req_bodybytes                             0         0.00 Client request body bytes total
ACCG.other.total.client_req_count                             0         0.00 Total number of client requests processed
ACCG.other.total.client_req_hdrbytes                             0         0.00 Client request header bytes total
ACCG.other.total.client_req_bodybytes                             0         0.00 Client request body bytes total
ACCG.other.sub.client_req_count                             0         0.00 Total number of client requests processed
ACCG.other.sub.client_req_hdrbytes                             0         0.00 Client request header bytes total
ACCG.other.sub.client_req_bodybytes                             0         0.00 Client request body bytes total
ACCG.private.oci.client_req_count                         20108         0.01 Total number of client requests processed
ACCG.private.oci.client_req_hdrbytes                       4022042         2.57 Client request header bytes total
ACCG.private.oci.client_req_bodybytes                             0         0.00 Client request body bytes total
--- 13:42:42 ---
MAIN.client_req_400                             0         0.00 Client requests received, subject to 400 errors
MAIN.client_req_417                             0         0.00 Client requests received, subject to 417 errors
MAIN.client_req                         20108         0.01 Good client requests received
MAIN.threads_limited                             0         0.00 Threads hit max
MAIN.threads_created                          1216         0.00 Threads created
MAIN.threads_destroyed                          1005         0.00 Threads destroyed
MAIN.thread_queue_len                             0          .   Length of session queue
MAIN.busy_sleep                           354         0.00 Number of requests sent to sleep on busy objhdr
MAIN.busy_wakeup                           354         0.00 Number of requests woken after sleep on busy objhdr
MAIN.sess_queued                           315         0.00 Sessions queued for thread
MAIN.sess_dropped                             0         0.00 Sessions dropped for thread
ACCG.std.total.client_req_count                         20109         0.01 Total number of client requests processed
ACCG.std.total.client_req_hdrbytes                       4022262         2.57 Client request header bytes total
ACCG.std.total.client_req_bodybytes                             0         0.00 Client request body bytes total
ACCG.std.sub.client_req_count                             0         0.00 Total number of client requests processed
ACCG.std.sub.client_req_hdrbytes                             0         0.00 Client request header bytes total
ACCG.std.sub.client_req_bodybytes                             0         0.00 Client request body bytes total
ACCG.private.total.client_req_count                         20109         0.01 Total number of client requests processed
ACCG.private.total.client_req_hdrbytes                       4022262         2.57 Client request header bytes total
ACCG.private.total.client_req_bodybytes                             0         0.00 Client request body bytes total
ACCG.private.sub.client_req_count                             0         0.00 Total number of client requests processed
ACCG.private.sub.client_req_hdrbytes                             0         0.00 Client request header bytes total
ACCG.private.sub.client_req_bodybytes                             0         0.00 Client request body bytes total
ACCG.other.total.client_req_count                             0         0.00 Total number of client requests processed
ACCG.other.total.client_req_hdrbytes                             0         0.00 Client request header bytes total
ACCG.other.total.client_req_bodybytes                             0         0.00 Client request body bytes total
ACCG.other.sub.client_req_count                             0         0.00 Total number of client requests processed
ACCG.other.sub.client_req_hdrbytes                             0         0.00 Client request header bytes total
ACCG.other.sub.client_req_bodybytes                             0         0.00 Client request body bytes total
ACCG.private.oci.client_req_count                         20109         0.01 Total number of client requests processed
ACCG.private.oci.client_req_hdrbytes                       4022262         2.57 Client request header bytes total
ACCG.private.oci.client_req_bodybytes                             0         0.00 Client request body bytes total
--- 13:42:43 ---
MAIN.client_req_400                             0         0.00 Client requests received, subject to 400 errors
MAIN.client_req_417                             0         0.00 Client requests received, subject to 417 errors
MAIN.client_req                         20108         0.01 Good client requests received
MAIN.threads_limited                             0         0.00 Threads hit max
MAIN.threads_created                          1216         0.00 Threads created
MAIN.threads_destroyed                          1005         0.00 Threads destroyed
MAIN.thread_queue_len                             0          .   Length of session queue
MAIN.busy_sleep                           354         0.00 Number of requests sent to sleep on busy objhdr
MAIN.busy_wakeup                           354         0.00 Number of requests woken after sleep on busy objhdr
MAIN.sess_queued                           315         0.00 Sessions queued for thread
MAIN.sess_dropped                             0         0.00 Sessions dropped for thread
ACCG.std.total.client_req_count                         20110         0.01 Total number of client requests processed
ACCG.std.total.client_req_hdrbytes                       4022482         2.57 Client request header bytes total
ACCG.std.total.client_req_bodybytes                             0         0.00 Client request body bytes total
ACCG.std.sub.client_req_count                             0         0.00 Total number of client requests processed
ACCG.std.sub.client_req_hdrbytes                             0         0.00 Client request header bytes total
ACCG.std.sub.client_req_bodybytes                             0         0.00 Client request body bytes total
ACCG.private.total.client_req_count                         20110         0.01 Total number of client requests processed
ACCG.private.total.client_req_hdrbytes                       4022482         2.57 Client request header bytes total
ACCG.private.total.client_req_bodybytes                             0         0.00 Client request body bytes total
ACCG.private.sub.client_req_count                             0         0.00 Total number of client requests processed
ACCG.private.sub.client_req_hdrbytes                             0         0.00 Client request header bytes total
ACCG.private.sub.client_req_bodybytes                             0         0.00 Client request body bytes total
ACCG.other.total.client_req_count                             0         0.00 Total number of client requests processed
ACCG.other.total.client_req_hdrbytes                             0         0.00 Client request header bytes total
ACCG.other.total.client_req_bodybytes                             0         0.00 Client request body bytes total
ACCG.other.sub.client_req_count                             0         0.00 Total number of client requests processed
ACCG.other.sub.client_req_hdrbytes                             0         0.00 Client request header bytes total
ACCG.other.sub.client_req_bodybytes                             0         0.00 Client request body bytes total
ACCG.private.oci.client_req_count                         20110         0.01 Total number of client requests processed
ACCG.private.oci.client_req_hdrbytes                       4022482         2.57 Client request header bytes total
ACCG.private.oci.client_req_bodybytes                             0         0.00 Client request body bytes total
--- 13:42:44 ---
MAIN.client_req_400                             0         0.00 Client requests received, subject to 400 errors
MAIN.client_req_417                             0         0.00 Client requests received, subject to 417 errors
MAIN.client_req                         20110         0.01 Good client requests received
MAIN.threads_limited                             0         0.00 Threads hit max
MAIN.threads_created                          1216         0.00 Threads created
MAIN.threads_destroyed                          1005         0.00 Threads destroyed
MAIN.thread_queue_len                             0          .   Length of session queue
MAIN.busy_sleep                           354         0.00 Number of requests sent to sleep on busy objhdr
MAIN.busy_wakeup                           354         0.00 Number of requests woken after sleep on busy objhdr
MAIN.sess_queued                           315         0.00 Sessions queued for thread
MAIN.sess_dropped                             0         0.00 Sessions dropped for thread
ACCG.std.total.client_req_count                         20111         0.01 Total number of client requests processed
ACCG.std.total.client_req_hdrbytes                       4022702         2.57 Client request header bytes total
ACCG.std.total.client_req_bodybytes                             0         0.00 Client request body bytes total
ACCG.std.sub.client_req_count                             0         0.00 Total number of client requests processed
ACCG.std.sub.client_req_hdrbytes                             0         0.00 Client request header bytes total
ACCG.std.sub.client_req_bodybytes                             0         0.00 Client request body bytes total
ACCG.private.total.client_req_count                         20111         0.01 Total number of client requests processed
ACCG.private.total.client_req_hdrbytes                       4022702         2.57 Client request header bytes total
ACCG.private.total.client_req_bodybytes                             0         0.00 Client request body bytes total
ACCG.private.sub.client_req_count                             0         0.00 Total number of client requests processed
ACCG.private.sub.client_req_hdrbytes                             0         0.00 Client request header bytes total
ACCG.private.sub.client_req_bodybytes                             0         0.00 Client request body bytes total
ACCG.other.total.client_req_count                             0         0.00 Total number of client requests processed
ACCG.other.total.client_req_hdrbytes                             0         0.00 Client request header bytes total
ACCG.other.total.client_req_bodybytes                             0         0.00 Client request body bytes total
ACCG.other.sub.client_req_count                             0         0.00 Total number of client requests processed
ACCG.other.sub.client_req_hdrbytes                             0         0.00 Client request header bytes total
ACCG.other.sub.client_req_bodybytes                             0         0.00 Client request body bytes total
ACCG.private.oci.client_req_count                         20111         0.01 Total number of client requests processed
ACCG.private.oci.client_req_hdrbytes                       4022702         2.57 Client request header bytes total
ACCG.private.oci.client_req_bodybytes                             0         0.00 Client request body bytes total
--- 13:42:46 ---
MAIN.client_req_400                             0         0.00 Client requests received, subject to 400 errors
MAIN.client_req_417                             0         0.00 Client requests received, subject to 417 errors
MAIN.client_req                         20116         0.01 Good client requests received
MAIN.threads_limited                             0         0.00 Threads hit max
MAIN.threads_created                          1216         0.00 Threads created
MAIN.threads_destroyed                          1005         0.00 Threads destroyed
MAIN.thread_queue_len                             0          .   Length of session queue
MAIN.busy_sleep                           354         0.00 Number of requests sent to sleep on busy objhdr
MAIN.busy_wakeup                           354         0.00 Number of requests woken after sleep on busy objhdr
MAIN.sess_queued                           315         0.00 Sessions queued for thread
MAIN.sess_dropped                             0         0.00 Sessions dropped for thread
ACCG.std.total.client_req_count                         20116         0.01 Total number of client requests processed
ACCG.std.total.client_req_hdrbytes                       4023802         2.57 Client request header bytes total
ACCG.std.total.client_req_bodybytes                             0         0.00 Client request body bytes total
ACCG.std.sub.client_req_count                             0         0.00 Total number of client requests processed
ACCG.std.sub.client_req_hdrbytes                             0         0.00 Client request header bytes total
ACCG.std.sub.client_req_bodybytes                             0         0.00 Client request body bytes total
ACCG.private.total.client_req_count                         20116         0.01 Total number of client requests processed
ACCG.private.total.client_req_hdrbytes                       4023802         2.57 Client request header bytes total
ACCG.private.total.client_req_bodybytes                             0         0.00 Client request body bytes total
ACCG.private.sub.client_req_count                             0         0.00 Total number of client requests processed
ACCG.private.sub.client_req_hdrbytes                             0         0.00 Client request header bytes total
ACCG.private.sub.client_req_bodybytes                             0         0.00 Client request body bytes total
ACCG.other.total.client_req_count                             0         0.00 Total number of client requests processed
ACCG.other.total.client_req_hdrbytes                             0         0.00 Client request header bytes total
ACCG.other.total.client_req_bodybytes                             0         0.00 Client request body bytes total
ACCG.other.sub.client_req_count                             0         0.00 Total number of client requests processed
ACCG.other.sub.client_req_hdrbytes                             0         0.00 Client request header bytes total
ACCG.other.sub.client_req_bodybytes                             0         0.00 Client request body bytes total
ACCG.private.oci.client_req_count                         20116         0.01 Total number of client requests processed
ACCG.private.oci.client_req_hdrbytes                       4023802         2.57 Client request header bytes total
ACCG.private.oci.client_req_bodybytes                             0         0.00 Client request body bytes total
--- 13:42:47 ---
MAIN.client_req_400                             0         0.00 Client requests received, subject to 400 errors
MAIN.client_req_417                             0         0.00 Client requests received, subject to 417 errors
MAIN.client_req                         20116         0.01 Good client requests received
MAIN.threads_limited                             0         0.00 Threads hit max
MAIN.threads_created                          1216         0.00 Threads created
MAIN.threads_destroyed                          1005         0.00 Threads destroyed
MAIN.thread_queue_len                             0          .   Length of session queue
MAIN.busy_sleep                           354         0.00 Number of requests sent to sleep on busy objhdr
MAIN.busy_wakeup                           354         0.00 Number of requests woken after sleep on busy objhdr
MAIN.sess_queued                           315         0.00 Sessions queued for thread
MAIN.sess_dropped                             0         0.00 Sessions dropped for thread
ACCG.std.total.client_req_count                         20116         0.01 Total number of client requests processed
ACCG.std.total.client_req_hdrbytes                       4023802         2.57 Client request header bytes total
ACCG.std.total.client_req_bodybytes                             0         0.00 Client request body bytes total
ACCG.std.sub.client_req_count                             0         0.00 Total number of client requests processed
ACCG.std.sub.client_req_hdrbytes                             0         0.00 Client request header bytes total
ACCG.std.sub.client_req_bodybytes                             0         0.00 Client request body bytes total
ACCG.private.total.client_req_count                         20116         0.01 Total number of client requests processed
ACCG.private.total.client_req_hdrbytes                       4023802         2.57 Client request header bytes total
ACCG.private.total.client_req_bodybytes                             0         0.00 Client request body bytes total
ACCG.private.sub.client_req_count                             0         0.00 Total number of client requests processed
ACCG.private.sub.client_req_hdrbytes                             0         0.00 Client request header bytes total
ACCG.private.sub.client_req_bodybytes                             0         0.00 Client request body bytes total
ACCG.other.total.client_req_count                             0         0.00 Total number of client requests processed
ACCG.other.total.client_req_hdrbytes                             0         0.00 Client request header bytes total
ACCG.other.total.client_req_bodybytes                             0         0.00 Client request body bytes total
ACCG.other.sub.client_req_count                             0         0.00 Total number of client requests processed
ACCG.other.sub.client_req_hdrbytes                             0         0.00 Client request header bytes total
ACCG.other.sub.client_req_bodybytes                             0         0.00 Client request body bytes total
ACCG.private.oci.client_req_count                         20116         0.01 Total number of client requests processed
ACCG.private.oci.client_req_hdrbytes                       4023802         2.57 Client request header bytes total
ACCG.private.oci.client_req_bodybytes                             0         0.00 Client request body bytes total
--- 13:42:48 ---
MAIN.client_req_400                             0         0.00 Client requests received, subject to 400 errors
MAIN.client_req_417                             0         0.00 Client requests received, subject to 417 errors
MAIN.client_req                         20121         0.01 Good client requests received
MAIN.threads_limited                             0         0.00 Threads hit max
MAIN.threads_created                          1216         0.00 Threads created
MAIN.threads_destroyed                          1005         0.00 Threads destroyed
MAIN.thread_queue_len                             0          .   Length of session queue
MAIN.busy_sleep                           354         0.00 Number of requests sent to sleep on busy objhdr
MAIN.busy_wakeup                           354         0.00 Number of requests woken after sleep on busy objhdr
MAIN.sess_queued                           315         0.00 Sessions queued for thread
MAIN.sess_dropped                             0         0.00 Sessions dropped for thread
ACCG.std.total.client_req_count                         20122         0.01 Total number of client requests processed
ACCG.std.total.client_req_hdrbytes                       4025122         2.58 Client request header bytes total
ACCG.std.total.client_req_bodybytes                             0         0.00 Client request body bytes total
ACCG.std.sub.client_req_count                             0         0.00 Total number of client requests processed
ACCG.std.sub.client_req_hdrbytes                             0         0.00 Client request header bytes total
ACCG.std.sub.client_req_bodybytes                             0         0.00 Client request body bytes total
ACCG.private.total.client_req_count                         20122         0.01 Total number of client requests processed
ACCG.private.total.client_req_hdrbytes                       4025122         2.58 Client request header bytes total
ACCG.private.total.client_req_bodybytes                             0         0.00 Client request body bytes total
ACCG.private.sub.client_req_count                             0         0.00 Total number of client requests processed
ACCG.private.sub.client_req_hdrbytes                             0         0.00 Client request header bytes total
ACCG.private.sub.client_req_bodybytes                             0         0.00 Client request body bytes total
ACCG.other.total.client_req_count                             0         0.00 Total number of client requests processed
ACCG.other.total.client_req_hdrbytes                             0         0.00 Client request header bytes total
ACCG.other.total.client_req_bodybytes                             0         0.00 Client request body bytes total
ACCG.other.sub.client_req_count                             0         0.00 Total number of client requests processed
ACCG.other.sub.client_req_hdrbytes                             0         0.00 Client request header bytes total
ACCG.other.sub.client_req_bodybytes                             0         0.00 Client request body bytes total
ACCG.private.oci.client_req_count                         20122         0.01 Total number of client requests processed
ACCG.private.oci.client_req_hdrbytes                       4025122         2.58 Client request header bytes total
ACCG.private.oci.client_req_bodybytes                             0         0.00 Client request body bytes total
--- 13:42:49 ---
MAIN.client_req_400                             0         0.00 Client requests received, subject to 400 errors
MAIN.client_req_417                             0         0.00 Client requests received, subject to 417 errors
MAIN.client_req                         20127         0.01 Good client requests received
MAIN.threads_limited                             0         0.00 Threads hit max
MAIN.threads_created                          1216         0.00 Threads created
MAIN.threads_destroyed                          1005         0.00 Threads destroyed
MAIN.thread_queue_len                             0          .   Length of session queue
MAIN.busy_sleep                           354         0.00 Number of requests sent to sleep on busy objhdr
MAIN.busy_wakeup                           354         0.00 Number of requests woken after sleep on busy objhdr
MAIN.sess_queued                           315         0.00 Sessions queued for thread
MAIN.sess_dropped                             0         0.00 Sessions dropped for thread
ACCG.std.total.client_req_count                         20127         0.01 Total number of client requests processed
ACCG.std.total.client_req_hdrbytes                       4026222         2.58 Client request header bytes total
ACCG.std.total.client_req_bodybytes                             0         0.00 Client request body bytes total
ACCG.std.sub.client_req_count                             0         0.00 Total number of client requests processed
ACCG.std.sub.client_req_hdrbytes                             0         0.00 Client request header bytes total
ACCG.std.sub.client_req_bodybytes                             0         0.00 Client request body bytes total
ACCG.private.total.client_req_count                         20127         0.01 Total number of client requests processed
ACCG.private.total.client_req_hdrbytes                       4026222         2.58 Client request header bytes total
ACCG.private.total.client_req_bodybytes                             0         0.00 Client request body bytes total
ACCG.private.sub.client_req_count                             0         0.00 Total number of client requests processed
ACCG.private.sub.client_req_hdrbytes                             0         0.00 Client request header bytes total
ACCG.private.sub.client_req_bodybytes                             0         0.00 Client request body bytes total
ACCG.other.total.client_req_count                             0         0.00 Total number of client requests processed
ACCG.other.total.client_req_hdrbytes                             0         0.00 Client request header bytes total
ACCG.other.total.client_req_bodybytes                             0         0.00 Client request body bytes total
ACCG.other.sub.client_req_count                             0         0.00 Total number of client requests processed
ACCG.other.sub.client_req_hdrbytes                             0         0.00 Client request header bytes total
ACCG.other.sub.client_req_bodybytes                             0         0.00 Client request body bytes total
ACCG.private.oci.client_req_count                         20127         0.01 Total number of client requests processed
ACCG.private.oci.client_req_hdrbytes                       4026222         2.58 Client request header bytes total
ACCG.private.oci.client_req_bodybytes                             0         0.00 Client request body bytes total
--- 13:42:50 ---
MAIN.client_req_400                             0         0.00 Client requests received, subject to 400 errors
MAIN.client_req_417                             0         0.00 Client requests received, subject to 417 errors
MAIN.client_req                         20138         0.01 Good client requests received
MAIN.threads_limited                             0         0.00 Threads hit max
MAIN.threads_created                          1216         0.00 Threads created
MAIN.threads_destroyed                          1005         0.00 Threads destroyed
MAIN.thread_queue_len                             0          .   Length of session queue
MAIN.busy_sleep                           354         0.00 Number of requests sent to sleep on busy objhdr
MAIN.busy_wakeup                           354         0.00 Number of requests woken after sleep on busy objhdr
MAIN.sess_queued                           315         0.00 Sessions queued for thread
MAIN.sess_dropped                             0         0.00 Sessions dropped for thread
ACCG.std.total.client_req_count                         20138         0.01 Total number of client requests processed
ACCG.std.total.client_req_hdrbytes                       4028642         2.58 Client request header bytes total
ACCG.std.total.client_req_bodybytes                             0         0.00 Client request body bytes total
ACCG.std.sub.client_req_count                             0         0.00 Total number of client requests processed
ACCG.std.sub.client_req_hdrbytes                             0         0.00 Client request header bytes total
ACCG.std.sub.client_req_bodybytes                             0         0.00 Client request body bytes total
ACCG.private.total.client_req_count                         20138         0.01 Total number of client requests processed
ACCG.private.total.client_req_hdrbytes                       4028642         2.58 Client request header bytes total
ACCG.private.total.client_req_bodybytes                             0         0.00 Client request body bytes total
ACCG.private.sub.client_req_count                             0         0.00 Total number of client requests processed
ACCG.private.sub.client_req_hdrbytes                             0         0.00 Client request header bytes total
ACCG.private.sub.client_req_bodybytes                             0         0.00 Client request body bytes total
ACCG.other.total.client_req_count                             0         0.00 Total number of client requests processed
ACCG.other.total.client_req_hdrbytes                             0         0.00 Client request header bytes total
ACCG.other.total.client_req_bodybytes                             0         0.00 Client request body bytes total
ACCG.other.sub.client_req_count                             0         0.00 Total number of client requests processed
ACCG.other.sub.client_req_hdrbytes                             0         0.00 Client request header bytes total
ACCG.other.sub.client_req_bodybytes                             0         0.00 Client request body bytes total
ACCG.private.oci.client_req_count                         20139         0.01 Total number of client requests processed
ACCG.private.oci.client_req_hdrbytes                       4028862         2.58 Client request header bytes total
ACCG.private.oci.client_req_bodybytes                             0         0.00 Client request body bytes total
--- 13:42:51 ---
MAIN.client_req_400                             0         0.00 Client requests received, subject to 400 errors
MAIN.client_req_417                             0         0.00 Client requests received, subject to 417 errors
MAIN.client_req                         20157         0.01 Good client requests received
MAIN.threads_limited                             0         0.00 Threads hit max
MAIN.threads_created                          1216         0.00 Threads created
MAIN.threads_destroyed                          1005         0.00 Threads destroyed
MAIN.thread_queue_len                             0          .   Length of session queue
MAIN.busy_sleep                           354         0.00 Number of requests sent to sleep on busy objhdr
MAIN.busy_wakeup                           354         0.00 Number of requests woken after sleep on busy objhdr
MAIN.sess_queued                           315         0.00 Sessions queued for thread
MAIN.sess_dropped                             0         0.00 Sessions dropped for thread
ACCG.std.total.client_req_count                         20161         0.01 Total number of client requests processed
ACCG.std.total.client_req_hdrbytes                       4033702         2.58 Client request header bytes total
ACCG.std.total.client_req_bodybytes                             0         0.00 Client request body bytes total
ACCG.std.sub.client_req_count                             0         0.00 Total number of client requests processed
ACCG.std.sub.client_req_hdrbytes                             0         0.00 Client request header bytes total
ACCG.std.sub.client_req_bodybytes                             0         0.00 Client request body bytes total
ACCG.private.total.client_req_count                         20161         0.01 Total number of client requests processed
ACCG.private.total.client_req_hdrbytes                       4033702         2.58 Client request header bytes total
ACCG.private.total.client_req_bodybytes                             0         0.00 Client request body bytes total
ACCG.private.sub.client_req_count                             0         0.00 Total number of client requests processed
ACCG.private.sub.client_req_hdrbytes                             0         0.00 Client request header bytes total
ACCG.private.sub.client_req_bodybytes                             0         0.00 Client request body bytes total
ACCG.other.total.client_req_count                             0         0.00 Total number of client requests processed
ACCG.other.total.client_req_hdrbytes                             0         0.00 Client request header bytes total
ACCG.other.total.client_req_bodybytes                             0         0.00 Client request body bytes total
ACCG.other.sub.client_req_count                             0         0.00 Total number of client requests processed
ACCG.other.sub.client_req_hdrbytes                             0         0.00 Client request header bytes total
ACCG.other.sub.client_req_bodybytes                             0         0.00 Client request body bytes total
ACCG.private.oci.client_req_count                         20161         0.01 Total number of client requests processed
ACCG.private.oci.client_req_hdrbytes                       4033702         2.58 Client request header bytes total
ACCG.private.oci.client_req_bodybytes                             0         0.00 Client request body bytes total
--- 13:42:52 ---
MAIN.client_req_400                             0         0.00 Client requests received, subject to 400 errors
MAIN.client_req_417                             0         0.00 Client requests received, subject to 417 errors
MAIN.client_req                         20191         0.01 Good client requests received
MAIN.threads_limited                             0         0.00 Threads hit max
MAIN.threads_created                          1216         0.00 Threads created
MAIN.threads_destroyed                          1005         0.00 Threads destroyed
MAIN.thread_queue_len                             0          .   Length of session queue
MAIN.busy_sleep                           354         0.00 Number of requests sent to sleep on busy objhdr
MAIN.busy_wakeup                           354         0.00 Number of requests woken after sleep on busy objhdr
MAIN.sess_queued                           315         0.00 Sessions queued for thread
MAIN.sess_dropped                             0         0.00 Sessions dropped for thread
ACCG.std.total.client_req_count                         20194         0.01 Total number of client requests processed
ACCG.std.total.client_req_hdrbytes                       4040962         2.59 Client request header bytes total
ACCG.std.total.client_req_bodybytes                             0         0.00 Client request body bytes total
ACCG.std.sub.client_req_count                             0         0.00 Total number of client requests processed
ACCG.std.sub.client_req_hdrbytes                             0         0.00 Client request header bytes total
ACCG.std.sub.client_req_bodybytes                             0         0.00 Client request body bytes total
ACCG.private.total.client_req_count                         20194         0.01 Total number of client requests processed
ACCG.private.total.client_req_hdrbytes                       4040962         2.59 Client request header bytes total
ACCG.private.total.client_req_bodybytes                             0         0.00 Client request body bytes total
ACCG.private.sub.client_req_count                             0         0.00 Total number of client requests processed
ACCG.private.sub.client_req_hdrbytes                             0         0.00 Client request header bytes total
ACCG.private.sub.client_req_bodybytes                             0         0.00 Client request body bytes total
ACCG.other.total.client_req_count                             0         0.00 Total number of client requests processed
ACCG.other.total.client_req_hdrbytes                             0         0.00 Client request header bytes total
ACCG.other.total.client_req_bodybytes                             0         0.00 Client request body bytes total
ACCG.other.sub.client_req_count                             0         0.00 Total number of client requests processed
ACCG.other.sub.client_req_hdrbytes                             0         0.00 Client request header bytes total
ACCG.other.sub.client_req_bodybytes                             0         0.00 Client request body bytes total
ACCG.private.oci.client_req_count                         20194         0.01 Total number of client requests processed
ACCG.private.oci.client_req_hdrbytes                       4040962         2.59 Client request header bytes total
ACCG.private.oci.client_req_bodybytes                             0         0.00 Client request body bytes total
--- 13:42:53 ---
MAIN.client_req_400                             0         0.00 Client requests received, subject to 400 errors
MAIN.client_req_417                             0         0.00 Client requests received, subject to 417 errors
MAIN.client_req                         20228         0.01 Good client requests received
MAIN.threads_limited                             0         0.00 Threads hit max
MAIN.threads_created                          1216         0.00 Threads created
MAIN.threads_destroyed                          1005         0.00 Threads destroyed
MAIN.thread_queue_len                             0          .   Length of session queue
MAIN.busy_sleep                           354         0.00 Number of requests sent to sleep on busy objhdr
MAIN.busy_wakeup                           354         0.00 Number of requests woken after sleep on busy objhdr
MAIN.sess_queued                           315         0.00 Sessions queued for thread
MAIN.sess_dropped                             0         0.00 Sessions dropped for thread
ACCG.std.total.client_req_count                         20230         0.01 Total number of client requests processed
ACCG.std.total.client_req_hdrbytes                       4048882         2.59 Client request header bytes total
ACCG.std.total.client_req_bodybytes                             0         0.00 Client request body bytes total
ACCG.std.sub.client_req_count                             0         0.00 Total number of client requests processed
ACCG.std.sub.client_req_hdrbytes                             0         0.00 Client request header bytes total
ACCG.std.sub.client_req_bodybytes                             0         0.00 Client request body bytes total
ACCG.private.total.client_req_count                         20230         0.01 Total number of client requests processed
ACCG.private.total.client_req_hdrbytes                       4048882         2.59 Client request header bytes total
ACCG.private.total.client_req_bodybytes                             0         0.00 Client request body bytes total
ACCG.private.sub.client_req_count                             0         0.00 Total number of client requests processed
ACCG.private.sub.client_req_hdrbytes                             0         0.00 Client request header bytes total
ACCG.private.sub.client_req_bodybytes                             0         0.00 Client request body bytes total
ACCG.other.total.client_req_count                             0         0.00 Total number of client requests processed
ACCG.other.total.client_req_hdrbytes                             0         0.00 Client request header bytes total
ACCG.other.total.client_req_bodybytes                             0         0.00 Client request body bytes total
ACCG.other.sub.client_req_count                             0         0.00 Total number of client requests processed
ACCG.other.sub.client_req_hdrbytes                             0         0.00 Client request header bytes total
ACCG.other.sub.client_req_bodybytes                             0         0.00 Client request body bytes total
ACCG.private.oci.client_req_count                         20230         0.01 Total number of client requests processed
ACCG.private.oci.client_req_hdrbytes                       4048882         2.59 Client request header bytes total
ACCG.private.oci.client_req_bodybytes                             0         0.00 Client request body bytes total
--- 13:42:54 ---
MAIN.client_req_400                             0         0.00 Client requests received, subject to 400 errors
MAIN.client_req_417                             0         0.00 Client requests received, subject to 417 errors
MAIN.client_req                         20278         0.01 Good client requests received
MAIN.threads_limited                             0         0.00 Threads hit max
MAIN.threads_created                          1216         0.00 Threads created
MAIN.threads_destroyed                          1005         0.00 Threads destroyed
MAIN.thread_queue_len                             0          .   Length of session queue
MAIN.busy_sleep                           354         0.00 Number of requests sent to sleep on busy objhdr
MAIN.busy_wakeup                           354         0.00 Number of requests woken after sleep on busy objhdr
MAIN.sess_queued                           315         0.00 Sessions queued for thread
MAIN.sess_dropped                             0         0.00 Sessions dropped for thread
ACCG.std.total.client_req_count                         20278         0.01 Total number of client requests processed
ACCG.std.total.client_req_hdrbytes                       4059442         2.60 Client request header bytes total
ACCG.std.total.client_req_bodybytes                             0         0.00 Client request body bytes total
ACCG.std.sub.client_req_count                             0         0.00 Total number of client requests processed
ACCG.std.sub.client_req_hdrbytes                             0         0.00 Client request header bytes total
ACCG.std.sub.client_req_bodybytes                             0         0.00 Client request body bytes total
ACCG.private.total.client_req_count                         20278         0.01 Total number of client requests processed
ACCG.private.total.client_req_hdrbytes                       4059442         2.60 Client request header bytes total
ACCG.private.total.client_req_bodybytes                             0         0.00 Client request body bytes total
ACCG.private.sub.client_req_count                             0         0.00 Total number of client requests processed
ACCG.private.sub.client_req_hdrbytes                             0         0.00 Client request header bytes total
ACCG.private.sub.client_req_bodybytes                             0         0.00 Client request body bytes total
ACCG.other.total.client_req_count                             0         0.00 Total number of client requests processed
ACCG.other.total.client_req_hdrbytes                             0         0.00 Client request header bytes total
ACCG.other.total.client_req_bodybytes                             0         0.00 Client request body bytes total
ACCG.other.sub.client_req_count                             0         0.00 Total number of client requests processed
ACCG.other.sub.client_req_hdrbytes                             0         0.00 Client request header bytes total
ACCG.other.sub.client_req_bodybytes                             0         0.00 Client request body bytes total
ACCG.private.oci.client_req_count                         20279         0.01 Total number of client requests processed
ACCG.private.oci.client_req_hdrbytes                       4059662         2.60 Client request header bytes total
ACCG.private.oci.client_req_bodybytes                             0         0.00 Client request body bytes total
--- 13:42:55 ---
MAIN.client_req_400                             0         0.00 Client requests received, subject to 400 errors
MAIN.client_req_417                             0         0.00 Client requests received, subject to 417 errors
MAIN.client_req                         20330         0.01 Good client requests received
MAIN.threads_limited                             0         0.00 Threads hit max
MAIN.threads_created                          1216         0.00 Threads created
MAIN.threads_destroyed                          1005         0.00 Threads destroyed
MAIN.thread_queue_len                             0          .   Length of session queue
MAIN.busy_sleep                           354         0.00 Number of requests sent to sleep on busy objhdr
MAIN.busy_wakeup                           354         0.00 Number of requests woken after sleep on busy objhdr
MAIN.sess_queued                           315         0.00 Sessions queued for thread
MAIN.sess_dropped                             0         0.00 Sessions dropped for thread
ACCG.std.total.client_req_count                         20333         0.01 Total number of client requests processed
ACCG.std.total.client_req_hdrbytes                       4071542         2.60 Client request header bytes total
ACCG.std.total.client_req_bodybytes                             0         0.00 Client request body bytes total
ACCG.std.sub.client_req_count                             0         0.00 Total number of client requests processed
ACCG.std.sub.client_req_hdrbytes                             0         0.00 Client request header bytes total
ACCG.std.sub.client_req_bodybytes                             0         0.00 Client request body bytes total
ACCG.private.total.client_req_count                         20333         0.01 Total number of client requests processed
ACCG.private.total.client_req_hdrbytes                       4071542         2.60 Client request header bytes total
ACCG.private.total.client_req_bodybytes                             0         0.00 Client request body bytes total
ACCG.private.sub.client_req_count                             0         0.00 Total number of client requests processed
ACCG.private.sub.client_req_hdrbytes                             0         0.00 Client request header bytes total
ACCG.private.sub.client_req_bodybytes                             0         0.00 Client request body bytes total
ACCG.other.total.client_req_count                             0         0.00 Total number of client requests processed
ACCG.other.total.client_req_hdrbytes                             0         0.00 Client request header bytes total
ACCG.other.total.client_req_bodybytes                             0         0.00 Client request body bytes total
ACCG.other.sub.client_req_count                             0         0.00 Total number of client requests processed
ACCG.other.sub.client_req_hdrbytes                             0         0.00 Client request header bytes total
ACCG.other.sub.client_req_bodybytes                             0         0.00 Client request body bytes total
ACCG.private.oci.client_req_count                         20333         0.01 Total number of client requests processed
ACCG.private.oci.client_req_hdrbytes                       4071542         2.60 Client request header bytes total
ACCG.private.oci.client_req_bodybytes                             0         0.00 Client request body bytes total
--- 13:42:57 ---
MAIN.client_req_400                             0         0.00 Client requests received, subject to 400 errors
MAIN.client_req_417                             0         0.00 Client requests received, subject to 417 errors
MAIN.client_req                         20385         0.01 Good client requests received
MAIN.threads_limited                             0         0.00 Threads hit max
MAIN.threads_created                          1216         0.00 Threads created
MAIN.threads_destroyed                          1005         0.00 Threads destroyed
MAIN.thread_queue_len                             0          .   Length of session queue
MAIN.busy_sleep                           354         0.00 Number of requests sent to sleep on busy objhdr
MAIN.busy_wakeup                           354         0.00 Number of requests woken after sleep on busy objhdr
MAIN.sess_queued                           315         0.00 Sessions queued for thread
MAIN.sess_dropped                             0         0.00 Sessions dropped for thread
ACCG.std.total.client_req_count                         20389         0.01 Total number of client requests processed
ACCG.std.total.client_req_hdrbytes                       4083862         2.61 Client request header bytes total
ACCG.std.total.client_req_bodybytes                             0         0.00 Client request body bytes total
ACCG.std.sub.client_req_count                             0         0.00 Total number of client requests processed
ACCG.std.sub.client_req_hdrbytes                             0         0.00 Client request header bytes total
ACCG.std.sub.client_req_bodybytes                             0         0.00 Client request body bytes total
ACCG.private.total.client_req_count                         20389         0.01 Total number of client requests processed
ACCG.private.total.client_req_hdrbytes                       4083862         2.61 Client request header bytes total
ACCG.private.total.client_req_bodybytes                             0         0.00 Client request body bytes total
ACCG.private.sub.client_req_count                             0         0.00 Total number of client requests processed
ACCG.private.sub.client_req_hdrbytes                             0         0.00 Client request header bytes total
ACCG.private.sub.client_req_bodybytes                             0         0.00 Client request body bytes total
ACCG.other.total.client_req_count                             0         0.00 Total number of client requests processed
ACCG.other.total.client_req_hdrbytes                             0         0.00 Client request header bytes total
ACCG.other.total.client_req_bodybytes                             0         0.00 Client request body bytes total
ACCG.other.sub.client_req_count                             0         0.00 Total number of client requests processed
ACCG.other.sub.client_req_hdrbytes                             0         0.00 Client request header bytes total
ACCG.other.sub.client_req_bodybytes                             0         0.00 Client request body bytes total
ACCG.private.oci.client_req_count                         20389         0.01 Total number of client requests processed
ACCG.private.oci.client_req_hdrbytes                       4083862         2.61 Client request header bytes total
ACCG.private.oci.client_req_bodybytes                             0         0.00 Client request body bytes total
--- 13:42:58 ---
MAIN.client_req_400                             0         0.00 Client requests received, subject to 400 errors
MAIN.client_req_417                             0         0.00 Client requests received, subject to 417 errors
MAIN.client_req                         20429         0.01 Good client requests received
MAIN.threads_limited                             0         0.00 Threads hit max
MAIN.threads_created                          1216         0.00 Threads created
MAIN.threads_destroyed                          1005         0.00 Threads destroyed
MAIN.thread_queue_len                             0          .   Length of session queue
MAIN.busy_sleep                           354         0.00 Number of requests sent to sleep on busy objhdr
MAIN.busy_wakeup                           354         0.00 Number of requests woken after sleep on busy objhdr
MAIN.sess_queued                           315         0.00 Sessions queued for thread
MAIN.sess_dropped                             0         0.00 Sessions dropped for thread
ACCG.std.total.client_req_count                         20438         0.01 Total number of client requests processed
ACCG.std.total.client_req_hdrbytes                       4094642         2.62 Client request header bytes total
ACCG.std.total.client_req_bodybytes                             0         0.00 Client request body bytes total
ACCG.std.sub.client_req_count                             0         0.00 Total number of client requests processed
ACCG.std.sub.client_req_hdrbytes                             0         0.00 Client request header bytes total
ACCG.std.sub.client_req_bodybytes                             0         0.00 Client request body bytes total
ACCG.private.total.client_req_count                         20438         0.01 Total number of client requests processed
ACCG.private.total.client_req_hdrbytes                       4094642         2.62 Client request header bytes total
ACCG.private.total.client_req_bodybytes                             0         0.00 Client request body bytes total
ACCG.private.sub.client_req_count                             0         0.00 Total number of client requests processed
ACCG.private.sub.client_req_hdrbytes                             0         0.00 Client request header bytes total
ACCG.private.sub.client_req_bodybytes                             0         0.00 Client request body bytes total
ACCG.other.total.client_req_count                             0         0.00 Total number of client requests processed
ACCG.other.total.client_req_hdrbytes                             0         0.00 Client request header bytes total
ACCG.other.total.client_req_bodybytes                             0         0.00 Client request body bytes total
ACCG.other.sub.client_req_count                             0         0.00 Total number of client requests processed
ACCG.other.sub.client_req_hdrbytes                             0         0.00 Client request header bytes total
ACCG.other.sub.client_req_bodybytes                             0         0.00 Client request body bytes total
ACCG.private.oci.client_req_count                         20438         0.01 Total number of client requests processed
ACCG.private.oci.client_req_hdrbytes                       4094642         2.62 Client request header bytes total
ACCG.private.oci.client_req_bodybytes                             0         0.00 Client request body bytes total
--- 13:42:59 ---
MAIN.client_req_400                             0         0.00 Client requests received, subject to 400 errors
MAIN.client_req_417                             0         0.00 Client requests received, subject to 417 errors
MAIN.client_req                         20481         0.01 Good client requests received
MAIN.threads_limited                             0         0.00 Threads hit max
MAIN.threads_created                          1216         0.00 Threads created
MAIN.threads_destroyed                          1005         0.00 Threads destroyed
MAIN.thread_queue_len                             0          .   Length of session queue
MAIN.busy_sleep                           354         0.00 Number of requests sent to sleep on busy objhdr
MAIN.busy_wakeup                           354         0.00 Number of requests woken after sleep on busy objhdr
MAIN.sess_queued                           315         0.00 Sessions queued for thread
MAIN.sess_dropped                             0         0.00 Sessions dropped for thread
ACCG.std.total.client_req_count                         20483         0.01 Total number of client requests processed
ACCG.std.total.client_req_hdrbytes                       4104542         2.63 Client request header bytes total
ACCG.std.total.client_req_bodybytes                             0         0.00 Client request body bytes total
ACCG.std.sub.client_req_count                             0         0.00 Total number of client requests processed
ACCG.std.sub.client_req_hdrbytes                             0         0.00 Client request header bytes total
ACCG.std.sub.client_req_bodybytes                             0         0.00 Client request body bytes total
ACCG.private.total.client_req_count                         20483         0.01 Total number of client requests processed
ACCG.private.total.client_req_hdrbytes                       4104542         2.63 Client request header bytes total
ACCG.private.total.client_req_bodybytes                             0         0.00 Client request body bytes total
ACCG.private.sub.client_req_count                             0         0.00 Total number of client requests processed
ACCG.private.sub.client_req_hdrbytes                             0         0.00 Client request header bytes total
ACCG.private.sub.client_req_bodybytes                             0         0.00 Client request body bytes total
ACCG.other.total.client_req_count                             0         0.00 Total number of client requests processed
ACCG.other.total.client_req_hdrbytes                             0         0.00 Client request header bytes total
ACCG.other.total.client_req_bodybytes                             0         0.00 Client request body bytes total
ACCG.other.sub.client_req_count                             0         0.00 Total number of client requests processed
ACCG.other.sub.client_req_hdrbytes                             0         0.00 Client request header bytes total
ACCG.other.sub.client_req_bodybytes                             0         0.00 Client request body bytes total
ACCG.private.oci.client_req_count                         20483         0.01 Total number of client requests processed
ACCG.private.oci.client_req_hdrbytes                       4104542         2.63 Client request header bytes total
ACCG.private.oci.client_req_bodybytes                             0         0.00 Client request body bytes total
--- 13:43:00 ---
MAIN.client_req_400                             0         0.00 Client requests received, subject to 400 errors
MAIN.client_req_417                             0         0.00 Client requests received, subject to 417 errors
MAIN.client_req                         20534         0.01 Good client requests received
MAIN.threads_limited                             0         0.00 Threads hit max
MAIN.threads_created                          1216         0.00 Threads created
MAIN.threads_destroyed                          1005         0.00 Threads destroyed
MAIN.thread_queue_len                             0          .   Length of session queue
MAIN.busy_sleep                           354         0.00 Number of requests sent to sleep on busy objhdr
MAIN.busy_wakeup                           354         0.00 Number of requests woken after sleep on busy objhdr
MAIN.sess_queued                           315         0.00 Sessions queued for thread
MAIN.sess_dropped                             0         0.00 Sessions dropped for thread
ACCG.std.total.client_req_count                         20540         0.01 Total number of client requests processed
ACCG.std.total.client_req_hdrbytes                       4117082         2.63 Client request header bytes total
ACCG.std.total.client_req_bodybytes                             0         0.00 Client request body bytes total
ACCG.std.sub.client_req_count                             0         0.00 Total number of client requests processed
ACCG.std.sub.client_req_hdrbytes                             0         0.00 Client request header bytes total
ACCG.std.sub.client_req_bodybytes                             0         0.00 Client request body bytes total
ACCG.private.total.client_req_count                         20540         0.01 Total number of client requests processed
ACCG.private.total.client_req_hdrbytes                       4117082         2.63 Client request header bytes total
ACCG.private.total.client_req_bodybytes                             0         0.00 Client request body bytes total
ACCG.private.sub.client_req_count                             0         0.00 Total number of client requests processed
ACCG.private.sub.client_req_hdrbytes                             0         0.00 Client request header bytes total
ACCG.private.sub.client_req_bodybytes                             0         0.00 Client request body bytes total
ACCG.other.total.client_req_count                             0         0.00 Total number of client requests processed
ACCG.other.total.client_req_hdrbytes                             0         0.00 Client request header bytes total
ACCG.other.total.client_req_bodybytes                             0         0.00 Client request body bytes total
ACCG.other.sub.client_req_count                             0         0.00 Total number of client requests processed
ACCG.other.sub.client_req_hdrbytes                             0         0.00 Client request header bytes total
ACCG.other.sub.client_req_bodybytes                             0         0.00 Client request body bytes total
ACCG.private.oci.client_req_count                         20540         0.01 Total number of client requests processed
ACCG.private.oci.client_req_hdrbytes                       4117082         2.63 Client request header bytes total
ACCG.private.oci.client_req_bodybytes                             0         0.00 Client request body bytes total
--- 13:43:01 ---
MAIN.client_req_400                             0         0.00 Client requests received, subject to 400 errors
MAIN.client_req_417                             0         0.00 Client requests received, subject to 417 errors
MAIN.client_req                         20635         0.01 Good client requests received
MAIN.threads_limited                             0         0.00 Threads hit max
MAIN.threads_created                          1216         0.00 Threads created
MAIN.threads_destroyed                          1005         0.00 Threads destroyed
MAIN.thread_queue_len                             0          .   Length of session queue
MAIN.busy_sleep                           354         0.00 Number of requests sent to sleep on busy objhdr
MAIN.busy_wakeup                           354         0.00 Number of requests woken after sleep on busy objhdr
MAIN.sess_queued                           315         0.00 Sessions queued for thread
MAIN.sess_dropped                             0         0.00 Sessions dropped for thread
ACCG.std.total.client_req_count                         20641         0.01 Total number of client requests processed
ACCG.std.total.client_req_hdrbytes                       4139302         2.65 Client request header bytes total
ACCG.std.total.client_req_bodybytes                             0         0.00 Client request body bytes total
ACCG.std.sub.client_req_count                             0         0.00 Total number of client requests processed
ACCG.std.sub.client_req_hdrbytes                             0         0.00 Client request header bytes total
ACCG.std.sub.client_req_bodybytes                             0         0.00 Client request body bytes total
ACCG.private.total.client_req_count                         20642         0.01 Total number of client requests processed
ACCG.private.total.client_req_hdrbytes                       4139522         2.65 Client request header bytes total
ACCG.private.total.client_req_bodybytes                             0         0.00 Client request body bytes total
ACCG.private.sub.client_req_count                             0         0.00 Total number of client requests processed
ACCG.private.sub.client_req_hdrbytes                             0         0.00 Client request header bytes total
ACCG.private.sub.client_req_bodybytes                             0         0.00 Client request body bytes total
ACCG.other.total.client_req_count                             0         0.00 Total number of client requests processed
ACCG.other.total.client_req_hdrbytes                             0         0.00 Client request header bytes total
ACCG.other.total.client_req_bodybytes                             0         0.00 Client request body bytes total
ACCG.other.sub.client_req_count                             0         0.00 Total number of client requests processed
ACCG.other.sub.client_req_hdrbytes                             0         0.00 Client request header bytes total
ACCG.other.sub.client_req_bodybytes                             0         0.00 Client request body bytes total
ACCG.private.oci.client_req_count                         20643         0.01 Total number of client requests processed
ACCG.private.oci.client_req_hdrbytes                       4139742         2.65 Client request header bytes total
ACCG.private.oci.client_req_bodybytes                             0         0.00 Client request body bytes total
--- 13:43:02 ---
MAIN.client_req_400                             0         0.00 Client requests received, subject to 400 errors
MAIN.client_req_417                             0         0.00 Client requests received, subject to 417 errors
MAIN.client_req                         20758         0.01 Good client requests received
MAIN.threads_limited                             0         0.00 Threads hit max
MAIN.threads_created                          1216         0.00 Threads created
MAIN.threads_destroyed                          1005         0.00 Threads destroyed
MAIN.thread_queue_len                             0          .   Length of session queue
MAIN.busy_sleep                           354         0.00 Number of requests sent to sleep on busy objhdr
MAIN.busy_wakeup                           354         0.00 Number of requests woken after sleep on busy objhdr
MAIN.sess_queued                           315         0.00 Sessions queued for thread
MAIN.sess_dropped                             0         0.00 Sessions dropped for thread
ACCG.std.total.client_req_count                         20759         0.01 Total number of client requests processed
ACCG.std.total.client_req_hdrbytes                       4165262         2.66 Client request header bytes total
ACCG.std.total.client_req_bodybytes                             0         0.00 Client request body bytes total
ACCG.std.sub.client_req_count                             0         0.00 Total number of client requests processed
ACCG.std.sub.client_req_hdrbytes                             0         0.00 Client request header bytes total
ACCG.std.sub.client_req_bodybytes                             0         0.00 Client request body bytes total
ACCG.private.total.client_req_count                         20759         0.01 Total number of client requests processed
ACCG.private.total.client_req_hdrbytes                       4165262         2.66 Client request header bytes total
ACCG.private.total.client_req_bodybytes                             0         0.00 Client request body bytes total
ACCG.private.sub.client_req_count                             0         0.00 Total number of client requests processed
ACCG.private.sub.client_req_hdrbytes                             0         0.00 Client request header bytes total
ACCG.private.sub.client_req_bodybytes                             0         0.00 Client request body bytes total
ACCG.other.total.client_req_count                             0         0.00 Total number of client requests processed
ACCG.other.total.client_req_hdrbytes                             0         0.00 Client request header bytes total
ACCG.other.total.client_req_bodybytes                             0         0.00 Client request body bytes total
ACCG.other.sub.client_req_count                             0         0.00 Total number of client requests processed
ACCG.other.sub.client_req_hdrbytes                             0         0.00 Client request header bytes total
ACCG.other.sub.client_req_bodybytes                             0         0.00 Client request body bytes total
ACCG.private.oci.client_req_count                         20759         0.01 Total number of client requests processed
ACCG.private.oci.client_req_hdrbytes                       4165262         2.66 Client request header bytes total
ACCG.private.oci.client_req_bodybytes                             0         0.00 Client request body bytes total
--- 13:43:03 ---
MAIN.client_req_400                             0         0.00 Client requests received, subject to 400 errors
MAIN.client_req_417                             0         0.00 Client requests received, subject to 417 errors
MAIN.client_req                         20766         0.01 Good client requests received
MAIN.threads_limited                             0         0.00 Threads hit max
MAIN.threads_created                          1216         0.00 Threads created
MAIN.threads_destroyed                          1005         0.00 Threads destroyed
MAIN.thread_queue_len                             0          .   Length of session queue
MAIN.busy_sleep                           354         0.00 Number of requests sent to sleep on busy objhdr
MAIN.busy_wakeup                           354         0.00 Number of requests woken after sleep on busy objhdr
MAIN.sess_queued                           315         0.00 Sessions queued for thread
MAIN.sess_dropped                             0         0.00 Sessions dropped for thread
ACCG.std.total.client_req_count                         20766         0.01 Total number of client requests processed
ACCG.std.total.client_req_hdrbytes                       4166802         2.67 Client request header bytes total
ACCG.std.total.client_req_bodybytes                             0         0.00 Client request body bytes total
ACCG.std.sub.client_req_count                             0         0.00 Total number of client requests processed
ACCG.std.sub.client_req_hdrbytes                             0         0.00 Client request header bytes total
ACCG.std.sub.client_req_bodybytes                             0         0.00 Client request body bytes total
ACCG.private.total.client_req_count                         20766         0.01 Total number of client requests processed
ACCG.private.total.client_req_hdrbytes                       4166802         2.67 Client request header bytes total
ACCG.private.total.client_req_bodybytes                             0         0.00 Client request body bytes total
ACCG.private.sub.client_req_count                             0         0.00 Total number of client requests processed
ACCG.private.sub.client_req_hdrbytes                             0         0.00 Client request header bytes total
ACCG.private.sub.client_req_bodybytes                             0         0.00 Client request body bytes total
ACCG.other.total.client_req_count                             0         0.00 Total number of client requests processed
ACCG.other.total.client_req_hdrbytes                             0         0.00 Client request header bytes total
ACCG.other.total.client_req_bodybytes                             0         0.00 Client request body bytes total
ACCG.other.sub.client_req_count                             0         0.00 Total number of client requests processed
ACCG.other.sub.client_req_hdrbytes                             0         0.00 Client request header bytes total
ACCG.other.sub.client_req_bodybytes                             0         0.00 Client request body bytes total
ACCG.private.oci.client_req_count                         20766         0.01 Total number of client requests processed
ACCG.private.oci.client_req_hdrbytes                       4166802         2.67 Client request header bytes total
ACCG.private.oci.client_req_bodybytes                             0         0.00 Client request body bytes total
--- 13:43:04 ---
MAIN.client_req_400                             0         0.00 Client requests received, subject to 400 errors
MAIN.client_req_417                             0         0.00 Client requests received, subject to 417 errors
MAIN.client_req                         20791         0.01 Good client requests received
MAIN.threads_limited                             0         0.00 Threads hit max
MAIN.threads_created                          1216         0.00 Threads created
MAIN.threads_destroyed                          1005         0.00 Threads destroyed
MAIN.thread_queue_len                             0          .   Length of session queue
MAIN.busy_sleep                           354         0.00 Number of requests sent to sleep on busy objhdr
MAIN.busy_wakeup                           354         0.00 Number of requests woken after sleep on busy objhdr
MAIN.sess_queued                           315         0.00 Sessions queued for thread
MAIN.sess_dropped                             0         0.00 Sessions dropped for thread
ACCG.std.total.client_req_count                         20793         0.01 Total number of client requests processed
ACCG.std.total.client_req_hdrbytes                       4172742         2.67 Client request header bytes total
ACCG.std.total.client_req_bodybytes                             0         0.00 Client request body bytes total
ACCG.std.sub.client_req_count                             0         0.00 Total number of client requests processed
ACCG.std.sub.client_req_hdrbytes                             0         0.00 Client request header bytes total
ACCG.std.sub.client_req_bodybytes                             0         0.00 Client request body bytes total
ACCG.private.total.client_req_count                         20793         0.01 Total number of client requests processed
ACCG.private.total.client_req_hdrbytes                       4172742         2.67 Client request header bytes total
ACCG.private.total.client_req_bodybytes                             0         0.00 Client request body bytes total
ACCG.private.sub.client_req_count                             0         0.00 Total number of client requests processed
ACCG.private.sub.client_req_hdrbytes                             0         0.00 Client request header bytes total
ACCG.private.sub.client_req_bodybytes                             0         0.00 Client request body bytes total
ACCG.other.total.client_req_count                             0         0.00 Total number of client requests processed
ACCG.other.total.client_req_hdrbytes                             0         0.00 Client request header bytes total
ACCG.other.total.client_req_bodybytes                             0         0.00 Client request body bytes total
ACCG.other.sub.client_req_count                             0         0.00 Total number of client requests processed
ACCG.other.sub.client_req_hdrbytes                             0         0.00 Client request header bytes total
ACCG.other.sub.client_req_bodybytes                             0         0.00 Client request body bytes total
ACCG.private.oci.client_req_count                         20793         0.01 Total number of client requests processed
ACCG.private.oci.client_req_hdrbytes                       4172742         2.67 Client request header bytes total
ACCG.private.oci.client_req_bodybytes                             0         0.00 Client request body bytes total
--- 13:43:05 ---
MAIN.client_req_400                             0         0.00 Client requests received, subject to 400 errors
MAIN.client_req_417                             0         0.00 Client requests received, subject to 417 errors
MAIN.client_req                         20914         0.01 Good client requests received
MAIN.threads_limited                             0         0.00 Threads hit max
MAIN.threads_created                          1216         0.00 Threads created
MAIN.threads_destroyed                          1005         0.00 Threads destroyed
MAIN.thread_queue_len                             0          .   Length of session queue
MAIN.busy_sleep                           354         0.00 Number of requests sent to sleep on busy objhdr
MAIN.busy_wakeup                           354         0.00 Number of requests woken after sleep on busy objhdr
MAIN.sess_queued                           315         0.00 Sessions queued for thread
MAIN.sess_dropped                             0         0.00 Sessions dropped for thread
ACCG.std.total.client_req_count                         20914         0.01 Total number of client requests processed
ACCG.std.total.client_req_hdrbytes                       4199362         2.69 Client request header bytes total
ACCG.std.total.client_req_bodybytes                             0         0.00 Client request body bytes total
ACCG.std.sub.client_req_count                             0         0.00 Total number of client requests processed
ACCG.std.sub.client_req_hdrbytes                             0         0.00 Client request header bytes total
ACCG.std.sub.client_req_bodybytes                             0         0.00 Client request body bytes total
ACCG.private.total.client_req_count                         20914         0.01 Total number of client requests processed
ACCG.private.total.client_req_hdrbytes                       4199362         2.69 Client request header bytes total
ACCG.private.total.client_req_bodybytes                             0         0.00 Client request body bytes total
ACCG.private.sub.client_req_count                             0         0.00 Total number of client requests processed
ACCG.private.sub.client_req_hdrbytes                             0         0.00 Client request header bytes total
ACCG.private.sub.client_req_bodybytes                             0         0.00 Client request body bytes total
ACCG.other.total.client_req_count                             0         0.00 Total number of client requests processed
ACCG.other.total.client_req_hdrbytes                             0         0.00 Client request header bytes total
ACCG.other.total.client_req_bodybytes                             0         0.00 Client request body bytes total
ACCG.other.sub.client_req_count                             0         0.00 Total number of client requests processed
ACCG.other.sub.client_req_hdrbytes                             0         0.00 Client request header bytes total
ACCG.other.sub.client_req_bodybytes                             0         0.00 Client request body bytes total
ACCG.private.oci.client_req_count                         20914         0.01 Total number of client requests processed
ACCG.private.oci.client_req_hdrbytes                       4199362         2.69 Client request header bytes total
ACCG.private.oci.client_req_bodybytes                             0         0.00 Client request body bytes total
--- 13:43:07 ---
MAIN.client_req_400                             0         0.00 Client requests received, subject to 400 errors
MAIN.client_req_417                             0         0.00 Client requests received, subject to 417 errors
MAIN.client_req                         20914         0.01 Good client requests received
MAIN.threads_limited                             0         0.00 Threads hit max
MAIN.threads_created                          1216         0.00 Threads created
MAIN.threads_destroyed                          1005         0.00 Threads destroyed
MAIN.thread_queue_len                             0          .   Length of session queue
MAIN.busy_sleep                           354         0.00 Number of requests sent to sleep on busy objhdr
MAIN.busy_wakeup                           354         0.00 Number of requests woken after sleep on busy objhdr
MAIN.sess_queued                           315         0.00 Sessions queued for thread
MAIN.sess_dropped                             0         0.00 Sessions dropped for thread
ACCG.std.total.client_req_count                         20914         0.01 Total number of client requests processed
ACCG.std.total.client_req_hdrbytes                       4199362         2.69 Client request header bytes total
ACCG.std.total.client_req_bodybytes                             0         0.00 Client request body bytes total
ACCG.std.sub.client_req_count                             0         0.00 Total number of client requests processed
ACCG.std.sub.client_req_hdrbytes                             0         0.00 Client request header bytes total
ACCG.std.sub.client_req_bodybytes                             0         0.00 Client request body bytes total
ACCG.private.total.client_req_count                         20914         0.01 Total number of client requests processed
ACCG.private.total.client_req_hdrbytes                       4199362         2.69 Client request header bytes total
ACCG.private.total.client_req_bodybytes                             0         0.00 Client request body bytes total
ACCG.private.sub.client_req_count                             0         0.00 Total number of client requests processed
ACCG.private.sub.client_req_hdrbytes                             0         0.00 Client request header bytes total
ACCG.private.sub.client_req_bodybytes                             0         0.00 Client request body bytes total
ACCG.other.total.client_req_count                             0         0.00 Total number of client requests processed
ACCG.other.total.client_req_hdrbytes                             0         0.00 Client request header bytes total
ACCG.other.total.client_req_bodybytes                             0         0.00 Client request body bytes total
ACCG.other.sub.client_req_count                             0         0.00 Total number of client requests processed
ACCG.other.sub.client_req_hdrbytes                             0         0.00 Client request header bytes total
ACCG.other.sub.client_req_bodybytes                             0         0.00 Client request body bytes total
ACCG.private.oci.client_req_count                         20914         0.01 Total number of client requests processed
ACCG.private.oci.client_req_hdrbytes                       4199362         2.69 Client request header bytes total
ACCG.private.oci.client_req_bodybytes                             0         0.00 Client request body bytes total
--- 13:43:08 ---
MAIN.client_req_400                             0         0.00 Client requests received, subject to 400 errors
MAIN.client_req_417                             0         0.00 Client requests received, subject to 417 errors
MAIN.client_req                         20914         0.01 Good client requests received
MAIN.threads_limited                             0         0.00 Threads hit max
MAIN.threads_created                          1216         0.00 Threads created
MAIN.threads_destroyed                          1005         0.00 Threads destroyed
MAIN.thread_queue_len                             0          .   Length of session queue
MAIN.busy_sleep                           354         0.00 Number of requests sent to sleep on busy objhdr
MAIN.busy_wakeup                           354         0.00 Number of requests woken after sleep on busy objhdr
MAIN.sess_queued                           315         0.00 Sessions queued for thread
MAIN.sess_dropped                             0         0.00 Sessions dropped for thread
ACCG.std.total.client_req_count                         20914         0.01 Total number of client requests processed
ACCG.std.total.client_req_hdrbytes                       4199362         2.69 Client request header bytes total
ACCG.std.total.client_req_bodybytes                             0         0.00 Client request body bytes total
ACCG.std.sub.client_req_count                             0         0.00 Total number of client requests processed
ACCG.std.sub.client_req_hdrbytes                             0         0.00 Client request header bytes total
ACCG.std.sub.client_req_bodybytes                             0         0.00 Client request body bytes total
ACCG.private.total.client_req_count                         20914         0.01 Total number of client requests processed
ACCG.private.total.client_req_hdrbytes                       4199362         2.69 Client request header bytes total
ACCG.private.total.client_req_bodybytes                             0         0.00 Client request body bytes total
ACCG.private.sub.client_req_count                             0         0.00 Total number of client requests processed
ACCG.private.sub.client_req_hdrbytes                             0         0.00 Client request header bytes total
ACCG.private.sub.client_req_bodybytes                             0         0.00 Client request body bytes total
ACCG.other.total.client_req_count                             0         0.00 Total number of client requests processed
ACCG.other.total.client_req_hdrbytes                             0         0.00 Client request header bytes total
ACCG.other.total.client_req_bodybytes                             0         0.00 Client request body bytes total
ACCG.other.sub.client_req_count                             0         0.00 Total number of client requests processed
ACCG.other.sub.client_req_hdrbytes                             0         0.00 Client request header bytes total
ACCG.other.sub.client_req_bodybytes                             0         0.00 Client request body bytes total
ACCG.private.oci.client_req_count                         20914         0.01 Total number of client requests processed
ACCG.private.oci.client_req_hdrbytes                       4199362         2.69 Client request header bytes total
ACCG.private.oci.client_req_bodybytes                             0         0.00 Client request body bytes total
--- 13:43:09 ---
MAIN.client_req_400                             0         0.00 Client requests received, subject to 400 errors
MAIN.client_req_417                             0         0.00 Client requests received, subject to 417 errors
MAIN.client_req                         20914         0.01 Good client requests received
MAIN.threads_limited                             0         0.00 Threads hit max
MAIN.threads_created                          1216         0.00 Threads created
MAIN.threads_destroyed                          1005         0.00 Threads destroyed
MAIN.thread_queue_len                             0          .   Length of session queue
MAIN.busy_sleep                           354         0.00 Number of requests sent to sleep on busy objhdr
MAIN.busy_wakeup                           354         0.00 Number of requests woken after sleep on busy objhdr
MAIN.sess_queued                           315         0.00 Sessions queued for thread
MAIN.sess_dropped                             0         0.00 Sessions dropped for thread
ACCG.std.total.client_req_count                         20914         0.01 Total number of client requests processed
ACCG.std.total.client_req_hdrbytes                       4199362         2.69 Client request header bytes total
ACCG.std.total.client_req_bodybytes                             0         0.00 Client request body bytes total
ACCG.std.sub.client_req_count                             0         0.00 Total number of client requests processed
ACCG.std.sub.client_req_hdrbytes                             0         0.00 Client request header bytes total
ACCG.std.sub.client_req_bodybytes                             0         0.00 Client request body bytes total
ACCG.private.total.client_req_count                         20914         0.01 Total number of client requests processed
ACCG.private.total.client_req_hdrbytes                       4199362         2.69 Client request header bytes total
ACCG.private.total.client_req_bodybytes                             0         0.00 Client request body bytes total
ACCG.private.sub.client_req_count                             0         0.00 Total number of client requests processed
ACCG.private.sub.client_req_hdrbytes                             0         0.00 Client request header bytes total
ACCG.private.sub.client_req_bodybytes                             0         0.00 Client request body bytes total
ACCG.other.total.client_req_count                             0         0.00 Total number of client requests processed
ACCG.other.total.client_req_hdrbytes                             0         0.00 Client request header bytes total
ACCG.other.total.client_req_bodybytes                             0         0.00 Client request body bytes total
ACCG.other.sub.client_req_count                             0         0.00 Total number of client requests processed
ACCG.other.sub.client_req_hdrbytes                             0         0.00 Client request header bytes total
ACCG.other.sub.client_req_bodybytes                             0         0.00 Client request body bytes total
ACCG.private.oci.client_req_count                         20914         0.01 Total number of client requests processed
ACCG.private.oci.client_req_hdrbytes                       4199362         2.69 Client request header bytes total
ACCG.private.oci.client_req_bodybytes                             0         0.00 Client request body bytes total
--- 13:43:10 ---
MAIN.client_req_400                             0         0.00 Client requests received, subject to 400 errors
MAIN.client_req_417                             0         0.00 Client requests received, subject to 417 errors
MAIN.client_req                         20914         0.01 Good client requests received
MAIN.threads_limited                             0         0.00 Threads hit max
MAIN.threads_created                          1216         0.00 Threads created
MAIN.threads_destroyed                          1005         0.00 Threads destroyed
MAIN.thread_queue_len                             0          .   Length of session queue
MAIN.busy_sleep                           354         0.00 Number of requests sent to sleep on busy objhdr
MAIN.busy_wakeup                           354         0.00 Number of requests woken after sleep on busy objhdr
MAIN.sess_queued                           315         0.00 Sessions queued for thread
MAIN.sess_dropped                             0         0.00 Sessions dropped for thread
ACCG.std.total.client_req_count                         20914         0.01 Total number of client requests processed
ACCG.std.total.client_req_hdrbytes                       4199362         2.69 Client request header bytes total
ACCG.std.total.client_req_bodybytes                             0         0.00 Client request body bytes total
ACCG.std.sub.client_req_count                             0         0.00 Total number of client requests processed
ACCG.std.sub.client_req_hdrbytes                             0         0.00 Client request header bytes total
ACCG.std.sub.client_req_bodybytes                             0         0.00 Client request body bytes total
ACCG.private.total.client_req_count                         20914         0.01 Total number of client requests processed
ACCG.private.total.client_req_hdrbytes                       4199362         2.69 Client request header bytes total
ACCG.private.total.client_req_bodybytes                             0         0.00 Client request body bytes total
ACCG.private.sub.client_req_count                             0         0.00 Total number of client requests processed
ACCG.private.sub.client_req_hdrbytes                             0         0.00 Client request header bytes total
ACCG.private.sub.client_req_bodybytes                             0         0.00 Client request body bytes total
ACCG.other.total.client_req_count                             0         0.00 Total number of client requests processed
ACCG.other.total.client_req_hdrbytes                             0         0.00 Client request header bytes total
ACCG.other.total.client_req_bodybytes                             0         0.00 Client request body bytes total
ACCG.other.sub.client_req_count                             0         0.00 Total number of client requests processed
ACCG.other.sub.client_req_hdrbytes                             0         0.00 Client request header bytes total
ACCG.other.sub.client_req_bodybytes                             0         0.00 Client request body bytes total
ACCG.private.oci.client_req_count                         20914         0.01 Total number of client requests processed
ACCG.private.oci.client_req_hdrbytes                       4199362         2.69 Client request header bytes total
ACCG.private.oci.client_req_bodybytes                             0         0.00 Client request body bytes total
--- 13:43:11 ---
MAIN.client_req_400                             0         0.00 Client requests received, subject to 400 errors
MAIN.client_req_417                             0         0.00 Client requests received, subject to 417 errors
MAIN.client_req                         20914         0.01 Good client requests received
MAIN.threads_limited                             0         0.00 Threads hit max
MAIN.threads_created                          1216         0.00 Threads created
MAIN.threads_destroyed                          1005         0.00 Threads destroyed
MAIN.thread_queue_len                             0          .   Length of session queue
MAIN.busy_sleep                           354         0.00 Number of requests sent to sleep on busy objhdr
MAIN.busy_wakeup                           354         0.00 Number of requests woken after sleep on busy objhdr
MAIN.sess_queued                           315         0.00 Sessions queued for thread
MAIN.sess_dropped                             0         0.00 Sessions dropped for thread
ACCG.std.total.client_req_count                         20914         0.01 Total number of client requests processed
ACCG.std.total.client_req_hdrbytes                       4199362         2.69 Client request header bytes total
ACCG.std.total.client_req_bodybytes                             0         0.00 Client request body bytes total
ACCG.std.sub.client_req_count                             0         0.00 Total number of client requests processed
ACCG.std.sub.client_req_hdrbytes                             0         0.00 Client request header bytes total
ACCG.std.sub.client_req_bodybytes                             0         0.00 Client request body bytes total
ACCG.private.total.client_req_count                         20914         0.01 Total number of client requests processed
ACCG.private.total.client_req_hdrbytes                       4199362         2.69 Client request header bytes total
ACCG.private.total.client_req_bodybytes                             0         0.00 Client request body bytes total
ACCG.private.sub.client_req_count                             0         0.00 Total number of client requests processed
ACCG.private.sub.client_req_hdrbytes                             0         0.00 Client request header bytes total
ACCG.private.sub.client_req_bodybytes                             0         0.00 Client request body bytes total
ACCG.other.total.client_req_count                             0         0.00 Total number of client requests processed
ACCG.other.total.client_req_hdrbytes                             0         0.00 Client request header bytes total
ACCG.other.total.client_req_bodybytes                             0         0.00 Client request body bytes total
ACCG.other.sub.client_req_count                             0         0.00 Total number of client requests processed
ACCG.other.sub.client_req_hdrbytes                             0         0.00 Client request header bytes total
ACCG.other.sub.client_req_bodybytes                             0         0.00 Client request body bytes total
ACCG.private.oci.client_req_count                         20914         0.01 Total number of client requests processed
ACCG.private.oci.client_req_hdrbytes                       4199362         2.69 Client request header bytes total
ACCG.private.oci.client_req_bodybytes                             0         0.00 Client request body bytes total
--- 13:43:12 ---
MAIN.client_req_400                             0         0.00 Client requests received, subject to 400 errors
MAIN.client_req_417                             0         0.00 Client requests received, subject to 417 errors
MAIN.client_req                         20914         0.01 Good client requests received
MAIN.threads_limited                             0         0.00 Threads hit max
MAIN.threads_created                          1216         0.00 Threads created
MAIN.threads_destroyed                          1005         0.00 Threads destroyed
MAIN.thread_queue_len                             0          .   Length of session queue
MAIN.busy_sleep                           354         0.00 Number of requests sent to sleep on busy objhdr
MAIN.busy_wakeup                           354         0.00 Number of requests woken after sleep on busy objhdr
MAIN.sess_queued                           315         0.00 Sessions queued for thread
MAIN.sess_dropped                             0         0.00 Sessions dropped for thread
ACCG.std.total.client_req_count                         20914         0.01 Total number of client requests processed
ACCG.std.total.client_req_hdrbytes                       4199362         2.69 Client request header bytes total
ACCG.std.total.client_req_bodybytes                             0         0.00 Client request body bytes total
ACCG.std.sub.client_req_count                             0         0.00 Total number of client requests processed
ACCG.std.sub.client_req_hdrbytes                             0         0.00 Client request header bytes total
ACCG.std.sub.client_req_bodybytes                             0         0.00 Client request body bytes total
ACCG.private.total.client_req_count                         20914         0.01 Total number of client requests processed
ACCG.private.total.client_req_hdrbytes                       4199362         2.69 Client request header bytes total
ACCG.private.total.client_req_bodybytes                             0         0.00 Client request body bytes total
ACCG.private.sub.client_req_count                             0         0.00 Total number of client requests processed
ACCG.private.sub.client_req_hdrbytes                             0         0.00 Client request header bytes total
ACCG.private.sub.client_req_bodybytes                             0         0.00 Client request body bytes total
ACCG.other.total.client_req_count                             0         0.00 Total number of client requests processed
ACCG.other.total.client_req_hdrbytes                             0         0.00 Client request header bytes total
ACCG.other.total.client_req_bodybytes                             0         0.00 Client request body bytes total
ACCG.other.sub.client_req_count                             0         0.00 Total number of client requests processed
ACCG.other.sub.client_req_hdrbytes                             0         0.00 Client request header bytes total
ACCG.other.sub.client_req_bodybytes                             0         0.00 Client request body bytes total
ACCG.private.oci.client_req_count                         20914         0.01 Total number of client requests processed
ACCG.private.oci.client_req_hdrbytes                       4199362         2.69 Client request header bytes total
ACCG.private.oci.client_req_bodybytes                             0         0.00 Client request body bytes total
--- 13:43:13 ---
MAIN.client_req_400                             0         0.00 Client requests received, subject to 400 errors
MAIN.client_req_417                             0         0.00 Client requests received, subject to 417 errors
MAIN.client_req                         20914         0.01 Good client requests received
MAIN.threads_limited                             0         0.00 Threads hit max
MAIN.threads_created                          1216         0.00 Threads created
MAIN.threads_destroyed                          1005         0.00 Threads destroyed
MAIN.thread_queue_len                             0          .   Length of session queue
MAIN.busy_sleep                           354         0.00 Number of requests sent to sleep on busy objhdr
MAIN.busy_wakeup                           354         0.00 Number of requests woken after sleep on busy objhdr
MAIN.sess_queued                           315         0.00 Sessions queued for thread
MAIN.sess_dropped                             0         0.00 Sessions dropped for thread
ACCG.std.total.client_req_count                         20914         0.01 Total number of client requests processed
ACCG.std.total.client_req_hdrbytes                       4199362         2.69 Client request header bytes total
ACCG.std.total.client_req_bodybytes                             0         0.00 Client request body bytes total
ACCG.std.sub.client_req_count                             0         0.00 Total number of client requests processed
ACCG.std.sub.client_req_hdrbytes                             0         0.00 Client request header bytes total
ACCG.std.sub.client_req_bodybytes                             0         0.00 Client request body bytes total
ACCG.private.total.client_req_count                         20914         0.01 Total number of client requests processed
ACCG.private.total.client_req_hdrbytes                       4199362         2.69 Client request header bytes total
ACCG.private.total.client_req_bodybytes                             0         0.00 Client request body bytes total
ACCG.private.sub.client_req_count                             0         0.00 Total number of client requests processed
ACCG.private.sub.client_req_hdrbytes                             0         0.00 Client request header bytes total
ACCG.private.sub.client_req_bodybytes                             0         0.00 Client request body bytes total
ACCG.other.total.client_req_count                             0         0.00 Total number of client requests processed
ACCG.other.total.client_req_hdrbytes                             0         0.00 Client request header bytes total
ACCG.other.total.client_req_bodybytes                             0         0.00 Client request body bytes total
ACCG.other.sub.client_req_count                             0         0.00 Total number of client requests processed
ACCG.other.sub.client_req_hdrbytes                             0         0.00 Client request header bytes total
ACCG.other.sub.client_req_bodybytes                             0         0.00 Client request body bytes total
ACCG.private.oci.client_req_count                         20914         0.01 Total number of client requests processed
ACCG.private.oci.client_req_hdrbytes                       4199362         2.69 Client request header bytes total
ACCG.private.oci.client_req_bodybytes                             0         0.00 Client request body bytes total
--- 13:43:14 ---
MAIN.client_req_400                             0         0.00 Client requests received, subject to 400 errors
MAIN.client_req_417                             0         0.00 Client requests received, subject to 417 errors
MAIN.client_req                         20914         0.01 Good client requests received
MAIN.threads_limited                             0         0.00 Threads hit max
MAIN.threads_created                          1216         0.00 Threads created
MAIN.threads_destroyed                          1005         0.00 Threads destroyed
MAIN.thread_queue_len                             0          .   Length of session queue
MAIN.busy_sleep                           354         0.00 Number of requests sent to sleep on busy objhdr
MAIN.busy_wakeup                           354         0.00 Number of requests woken after sleep on busy objhdr
MAIN.sess_queued                           315         0.00 Sessions queued for thread
MAIN.sess_dropped                             0         0.00 Sessions dropped for thread
ACCG.std.total.client_req_count                         20914         0.01 Total number of client requests processed
ACCG.std.total.client_req_hdrbytes                       4199362         2.69 Client request header bytes total
ACCG.std.total.client_req_bodybytes                             0         0.00 Client request body bytes total
ACCG.std.sub.client_req_count                             0         0.00 Total number of client requests processed
ACCG.std.sub.client_req_hdrbytes                             0         0.00 Client request header bytes total
ACCG.std.sub.client_req_bodybytes                             0         0.00 Client request body bytes total
ACCG.private.total.client_req_count                         20914         0.01 Total number of client requests processed
ACCG.private.total.client_req_hdrbytes                       4199362         2.69 Client request header bytes total
ACCG.private.total.client_req_bodybytes                             0         0.00 Client request body bytes total
ACCG.private.sub.client_req_count                             0         0.00 Total number of client requests processed
ACCG.private.sub.client_req_hdrbytes                             0         0.00 Client request header bytes total
ACCG.private.sub.client_req_bodybytes                             0         0.00 Client request body bytes total
ACCG.other.total.client_req_count                             0         0.00 Total number of client requests processed
ACCG.other.total.client_req_hdrbytes                             0         0.00 Client request header bytes total
ACCG.other.total.client_req_bodybytes                             0         0.00 Client request body bytes total
ACCG.other.sub.client_req_count                             0         0.00 Total number of client requests processed
ACCG.other.sub.client_req_hdrbytes                             0         0.00 Client request header bytes total
ACCG.other.sub.client_req_bodybytes                             0         0.00 Client request body bytes total
ACCG.private.oci.client_req_count                         20914         0.01 Total number of client requests processed
ACCG.private.oci.client_req_hdrbytes                       4199362         2.69 Client request header bytes total
ACCG.private.oci.client_req_bodybytes                             0         0.00 Client request body bytes total
--- 13:43:15 ---
MAIN.client_req_400                             0         0.00 Client requests received, subject to 400 errors
MAIN.client_req_417                             0         0.00 Client requests received, subject to 417 errors
MAIN.client_req                         20914         0.01 Good client requests received
MAIN.threads_limited                             0         0.00 Threads hit max
MAIN.threads_created                          1216         0.00 Threads created
MAIN.threads_destroyed                          1005         0.00 Threads destroyed
MAIN.thread_queue_len                             0          .   Length of session queue
MAIN.busy_sleep                           354         0.00 Number of requests sent to sleep on busy objhdr
MAIN.busy_wakeup                           354         0.00 Number of requests woken after sleep on busy objhdr
MAIN.sess_queued                           315         0.00 Sessions queued for thread
MAIN.sess_dropped                             0         0.00 Sessions dropped for thread
ACCG.std.total.client_req_count                         20914         0.01 Total number of client requests processed
ACCG.std.total.client_req_hdrbytes                       4199362         2.69 Client request header bytes total
ACCG.std.total.client_req_bodybytes                             0         0.00 Client request body bytes total
ACCG.std.sub.client_req_count                             0         0.00 Total number of client requests processed
ACCG.std.sub.client_req_hdrbytes                             0         0.00 Client request header bytes total
ACCG.std.sub.client_req_bodybytes                             0         0.00 Client request body bytes total
ACCG.private.total.client_req_count                         20914         0.01 Total number of client requests processed
ACCG.private.total.client_req_hdrbytes                       4199362         2.69 Client request header bytes total
ACCG.private.total.client_req_bodybytes                             0         0.00 Client request body bytes total
ACCG.private.sub.client_req_count                             0         0.00 Total number of client requests processed
ACCG.private.sub.client_req_hdrbytes                             0         0.00 Client request header bytes total
ACCG.private.sub.client_req_bodybytes                             0         0.00 Client request body bytes total
ACCG.other.total.client_req_count                             0         0.00 Total number of client requests processed
ACCG.other.total.client_req_hdrbytes                             0         0.00 Client request header bytes total
ACCG.other.total.client_req_bodybytes                             0         0.00 Client request body bytes total
ACCG.other.sub.client_req_count                             0         0.00 Total number of client requests processed
ACCG.other.sub.client_req_hdrbytes                             0         0.00 Client request header bytes total
ACCG.other.sub.client_req_bodybytes                             0         0.00 Client request body bytes total
ACCG.private.oci.client_req_count                         20914         0.01 Total number of client requests processed
ACCG.private.oci.client_req_hdrbytes                       4199362         2.69 Client request header bytes total
ACCG.private.oci.client_req_bodybytes                             0         0.00 Client request body bytes total
--- 13:43:17 ---
MAIN.client_req_400                             0         0.00 Client requests received, subject to 400 errors
MAIN.client_req_417                             0         0.00 Client requests received, subject to 417 errors
MAIN.client_req                         20914         0.01 Good client requests received
MAIN.threads_limited                             0         0.00 Threads hit max
MAIN.threads_created                          1216         0.00 Threads created
MAIN.threads_destroyed                          1005         0.00 Threads destroyed
MAIN.thread_queue_len                             0          .   Length of session queue
MAIN.busy_sleep                           354         0.00 Number of requests sent to sleep on busy objhdr
MAIN.busy_wakeup                           354         0.00 Number of requests woken after sleep on busy objhdr
MAIN.sess_queued                           315         0.00 Sessions queued for thread
MAIN.sess_dropped                             0         0.00 Sessions dropped for thread
ACCG.std.total.client_req_count                         20914         0.01 Total number of client requests processed
ACCG.std.total.client_req_hdrbytes                       4199362         2.69 Client request header bytes total
ACCG.std.total.client_req_bodybytes                             0         0.00 Client request body bytes total
ACCG.std.sub.client_req_count                             0         0.00 Total number of client requests processed
ACCG.std.sub.client_req_hdrbytes                             0         0.00 Client request header bytes total
ACCG.std.sub.client_req_bodybytes                             0         0.00 Client request body bytes total
ACCG.private.total.client_req_count                         20914         0.01 Total number of client requests processed
ACCG.private.total.client_req_hdrbytes                       4199362         2.69 Client request header bytes total
ACCG.private.total.client_req_bodybytes                             0         0.00 Client request body bytes total
ACCG.private.sub.client_req_count                             0         0.00 Total number of client requests processed
ACCG.private.sub.client_req_hdrbytes                             0         0.00 Client request header bytes total
ACCG.private.sub.client_req_bodybytes                             0         0.00 Client request body bytes total
ACCG.other.total.client_req_count                             0         0.00 Total number of client requests processed
ACCG.other.total.client_req_hdrbytes                             0         0.00 Client request header bytes total
ACCG.other.total.client_req_bodybytes                             0         0.00 Client request body bytes total
ACCG.other.sub.client_req_count                             0         0.00 Total number of client requests processed
ACCG.other.sub.client_req_hdrbytes                             0         0.00 Client request header bytes total
ACCG.other.sub.client_req_bodybytes                             0         0.00 Client request body bytes total
ACCG.private.oci.client_req_count                         20914         0.01 Total number of client requests processed
ACCG.private.oci.client_req_hdrbytes                       4199362         2.69 Client request header bytes total
ACCG.private.oci.client_req_bodybytes                             0         0.00 Client request body bytes total
--- 13:43:18 ---
MAIN.client_req_400                             0         0.00 Client requests received, subject to 400 errors
MAIN.client_req_417                             0         0.00 Client requests received, subject to 417 errors
MAIN.client_req                         20914         0.01 Good client requests received
MAIN.threads_limited                             0         0.00 Threads hit max
MAIN.threads_created                          1216         0.00 Threads created
MAIN.threads_destroyed                          1005         0.00 Threads destroyed
MAIN.thread_queue_len                             0          .   Length of session queue
MAIN.busy_sleep                           354         0.00 Number of requests sent to sleep on busy objhdr
MAIN.busy_wakeup                           354         0.00 Number of requests woken after sleep on busy objhdr
MAIN.sess_queued                           315         0.00 Sessions queued for thread
MAIN.sess_dropped                             0         0.00 Sessions dropped for thread
ACCG.std.total.client_req_count                         20914         0.01 Total number of client requests processed
ACCG.std.total.client_req_hdrbytes                       4199362         2.69 Client request header bytes total
ACCG.std.total.client_req_bodybytes                             0         0.00 Client request body bytes total
ACCG.std.sub.client_req_count                             0         0.00 Total number of client requests processed
ACCG.std.sub.client_req_hdrbytes                             0         0.00 Client request header bytes total
ACCG.std.sub.client_req_bodybytes                             0         0.00 Client request body bytes total
ACCG.private.total.client_req_count                         20914         0.01 Total number of client requests processed
ACCG.private.total.client_req_hdrbytes                       4199362         2.69 Client request header bytes total
ACCG.private.total.client_req_bodybytes                             0         0.00 Client request body bytes total
ACCG.private.sub.client_req_count                             0         0.00 Total number of client requests processed
ACCG.private.sub.client_req_hdrbytes                             0         0.00 Client request header bytes total
ACCG.private.sub.client_req_bodybytes                             0         0.00 Client request body bytes total
ACCG.other.total.client_req_count                             0         0.00 Total number of client requests processed
ACCG.other.total.client_req_hdrbytes                             0         0.00 Client request header bytes total
ACCG.other.total.client_req_bodybytes                             0         0.00 Client request body bytes total
ACCG.other.sub.client_req_count                             0         0.00 Total number of client requests processed
ACCG.other.sub.client_req_hdrbytes                             0         0.00 Client request header bytes total
ACCG.other.sub.client_req_bodybytes                             0         0.00 Client request body bytes total
ACCG.private.oci.client_req_count                         20914         0.01 Total number of client requests processed
ACCG.private.oci.client_req_hdrbytes                       4199362         2.69 Client request header bytes total
ACCG.private.oci.client_req_bodybytes                             0         0.00 Client request body bytes total
--- 13:43:19 ---
MAIN.client_req_400                             0         0.00 Client requests received, subject to 400 errors
MAIN.client_req_417                             0         0.00 Client requests received, subject to 417 errors
MAIN.client_req                         20914         0.01 Good client requests received
MAIN.threads_limited                             0         0.00 Threads hit max
MAIN.threads_created                          1216         0.00 Threads created
MAIN.threads_destroyed                          1005         0.00 Threads destroyed
MAIN.thread_queue_len                             0          .   Length of session queue
MAIN.busy_sleep                           354         0.00 Number of requests sent to sleep on busy objhdr
MAIN.busy_wakeup                           354         0.00 Number of requests woken after sleep on busy objhdr
MAIN.sess_queued                           315         0.00 Sessions queued for thread
MAIN.sess_dropped                             0         0.00 Sessions dropped for thread
ACCG.std.total.client_req_count                         20914         0.01 Total number of client requests processed
ACCG.std.total.client_req_hdrbytes                       4199362         2.69 Client request header bytes total
ACCG.std.total.client_req_bodybytes                             0         0.00 Client request body bytes total
ACCG.std.sub.client_req_count                             0         0.00 Total number of client requests processed
ACCG.std.sub.client_req_hdrbytes                             0         0.00 Client request header bytes total
ACCG.std.sub.client_req_bodybytes                             0         0.00 Client request body bytes total
ACCG.private.total.client_req_count                         20914         0.01 Total number of client requests processed
ACCG.private.total.client_req_hdrbytes                       4199362         2.69 Client request header bytes total
ACCG.private.total.client_req_bodybytes                             0         0.00 Client request body bytes total
ACCG.private.sub.client_req_count                             0         0.00 Total number of client requests processed
ACCG.private.sub.client_req_hdrbytes                             0         0.00 Client request header bytes total
ACCG.private.sub.client_req_bodybytes                             0         0.00 Client request body bytes total
ACCG.other.total.client_req_count                             0         0.00 Total number of client requests processed
ACCG.other.total.client_req_hdrbytes                             0         0.00 Client request header bytes total
ACCG.other.total.client_req_bodybytes                             0         0.00 Client request body bytes total
ACCG.other.sub.client_req_count                             0         0.00 Total number of client requests processed
ACCG.other.sub.client_req_hdrbytes                             0         0.00 Client request header bytes total
ACCG.other.sub.client_req_bodybytes                             0         0.00 Client request body bytes total
ACCG.private.oci.client_req_count                         20914         0.01 Total number of client requests processed
ACCG.private.oci.client_req_hdrbytes                       4199362         2.69 Client request header bytes total
ACCG.private.oci.client_req_bodybytes                             0         0.00 Client request body bytes total
--- 13:43:20 ---
MAIN.client_req_400                             0         0.00 Client requests received, subject to 400 errors
MAIN.client_req_417                             0         0.00 Client requests received, subject to 417 errors
MAIN.client_req                         20914         0.01 Good client requests received
MAIN.threads_limited                             0         0.00 Threads hit max
MAIN.threads_created                          1216         0.00 Threads created
MAIN.threads_destroyed                          1005         0.00 Threads destroyed
MAIN.thread_queue_len                             0          .   Length of session queue
MAIN.busy_sleep                           354         0.00 Number of requests sent to sleep on busy objhdr
MAIN.busy_wakeup                           354         0.00 Number of requests woken after sleep on busy objhdr
MAIN.sess_queued                           315         0.00 Sessions queued for thread
MAIN.sess_dropped                             0         0.00 Sessions dropped for thread
ACCG.std.total.client_req_count                         20914         0.01 Total number of client requests processed
ACCG.std.total.client_req_hdrbytes                       4199362         2.69 Client request header bytes total
ACCG.std.total.client_req_bodybytes                             0         0.00 Client request body bytes total
ACCG.std.sub.client_req_count                             0         0.00 Total number of client requests processed
ACCG.std.sub.client_req_hdrbytes                             0         0.00 Client request header bytes total
ACCG.std.sub.client_req_bodybytes                             0         0.00 Client request body bytes total
ACCG.private.total.client_req_count                         20914         0.01 Total number of client requests processed
ACCG.private.total.client_req_hdrbytes                       4199362         2.69 Client request header bytes total
ACCG.private.total.client_req_bodybytes                             0         0.00 Client request body bytes total
ACCG.private.sub.client_req_count                             0         0.00 Total number of client requests processed
ACCG.private.sub.client_req_hdrbytes                             0         0.00 Client request header bytes total
ACCG.private.sub.client_req_bodybytes                             0         0.00 Client request body bytes total
ACCG.other.total.client_req_count                             0         0.00 Total number of client requests processed
ACCG.other.total.client_req_hdrbytes                             0         0.00 Client request header bytes total
ACCG.other.total.client_req_bodybytes                             0         0.00 Client request body bytes total
ACCG.other.sub.client_req_count                             0         0.00 Total number of client requests processed
ACCG.other.sub.client_req_hdrbytes                             0         0.00 Client request header bytes total
ACCG.other.sub.client_req_bodybytes                             0         0.00 Client request body bytes total
ACCG.private.oci.client_req_count                         20914         0.01 Total number of client requests processed
ACCG.private.oci.client_req_hdrbytes                       4199362         2.69 Client request header bytes total
ACCG.private.oci.client_req_bodybytes                             0         0.00 Client request body bytes total
--- 13:43:21 ---
MAIN.client_req_400                             0         0.00 Client requests received, subject to 400 errors
MAIN.client_req_417                             0         0.00 Client requests received, subject to 417 errors
MAIN.client_req                         20914         0.01 Good client requests received
MAIN.threads_limited                             0         0.00 Threads hit max
MAIN.threads_created                          1216         0.00 Threads created
MAIN.threads_destroyed                          1005         0.00 Threads destroyed
MAIN.thread_queue_len                             0          .   Length of session queue
MAIN.busy_sleep                           354         0.00 Number of requests sent to sleep on busy objhdr
MAIN.busy_wakeup                           354         0.00 Number of requests woken after sleep on busy objhdr
MAIN.sess_queued                           315         0.00 Sessions queued for thread
MAIN.sess_dropped                             0         0.00 Sessions dropped for thread
ACCG.std.total.client_req_count                         20914         0.01 Total number of client requests processed
ACCG.std.total.client_req_hdrbytes                       4199362         2.69 Client request header bytes total
ACCG.std.total.client_req_bodybytes                             0         0.00 Client request body bytes total
ACCG.std.sub.client_req_count                             0         0.00 Total number of client requests processed
ACCG.std.sub.client_req_hdrbytes                             0         0.00 Client request header bytes total
ACCG.std.sub.client_req_bodybytes                             0         0.00 Client request body bytes total
ACCG.private.total.client_req_count                         20914         0.01 Total number of client requests processed
ACCG.private.total.client_req_hdrbytes                       4199362         2.69 Client request header bytes total
ACCG.private.total.client_req_bodybytes                             0         0.00 Client request body bytes total
ACCG.private.sub.client_req_count                             0         0.00 Total number of client requests processed
ACCG.private.sub.client_req_hdrbytes                             0         0.00 Client request header bytes total
ACCG.private.sub.client_req_bodybytes                             0         0.00 Client request body bytes total
ACCG.other.total.client_req_count                             0         0.00 Total number of client requests processed
ACCG.other.total.client_req_hdrbytes                             0         0.00 Client request header bytes total
ACCG.other.total.client_req_bodybytes                             0         0.00 Client request body bytes total
ACCG.other.sub.client_req_count                             0         0.00 Total number of client requests processed
ACCG.other.sub.client_req_hdrbytes                             0         0.00 Client request header bytes total
ACCG.other.sub.client_req_bodybytes                             0         0.00 Client request body bytes total
ACCG.private.oci.client_req_count                         20914         0.01 Total number of client requests processed
ACCG.private.oci.client_req_hdrbytes                       4199362         2.69 Client request header bytes total
ACCG.private.oci.client_req_bodybytes                             0         0.00 Client request body bytes total
--- 13:43:22 ---
MAIN.client_req_400                             0         0.00 Client requests received, subject to 400 errors
MAIN.client_req_417                             0         0.00 Client requests received, subject to 417 errors
MAIN.client_req                         20914         0.01 Good client requests received
MAIN.threads_limited                             0         0.00 Threads hit max
MAIN.threads_created                          1216         0.00 Threads created
MAIN.threads_destroyed                          1005         0.00 Threads destroyed
MAIN.thread_queue_len                             0          .   Length of session queue
MAIN.busy_sleep                           354         0.00 Number of requests sent to sleep on busy objhdr
MAIN.busy_wakeup                           354         0.00 Number of requests woken after sleep on busy objhdr
MAIN.sess_queued                           315         0.00 Sessions queued for thread
MAIN.sess_dropped                             0         0.00 Sessions dropped for thread
ACCG.std.total.client_req_count                         20914         0.01 Total number of client requests processed
ACCG.std.total.client_req_hdrbytes                       4199362         2.69 Client request header bytes total
ACCG.std.total.client_req_bodybytes                             0         0.00 Client request body bytes total
ACCG.std.sub.client_req_count                             0         0.00 Total number of client requests processed
ACCG.std.sub.client_req_hdrbytes                             0         0.00 Client request header bytes total
ACCG.std.sub.client_req_bodybytes                             0         0.00 Client request body bytes total
ACCG.private.total.client_req_count                         20914         0.01 Total number of client requests processed
ACCG.private.total.client_req_hdrbytes                       4199362         2.69 Client request header bytes total
ACCG.private.total.client_req_bodybytes                             0         0.00 Client request body bytes total
ACCG.private.sub.client_req_count                             0         0.00 Total number of client requests processed
ACCG.private.sub.client_req_hdrbytes                             0         0.00 Client request header bytes total
ACCG.private.sub.client_req_bodybytes                             0         0.00 Client request body bytes total
ACCG.other.total.client_req_count                             0         0.00 Total number of client requests processed
ACCG.other.total.client_req_hdrbytes                             0         0.00 Client request header bytes total
ACCG.other.total.client_req_bodybytes                             0         0.00 Client request body bytes total
ACCG.other.sub.client_req_count                             0         0.00 Total number of client requests processed
ACCG.other.sub.client_req_hdrbytes                             0         0.00 Client request header bytes total
ACCG.other.sub.client_req_bodybytes                             0         0.00 Client request body bytes total
ACCG.private.oci.client_req_count                         20914         0.01 Total number of client requests processed
ACCG.private.oci.client_req_hdrbytes                       4199362         2.69 Client request header bytes total
ACCG.private.oci.client_req_bodybytes                             0         0.00 Client request body bytes total
--- 13:43:23 ---
MAIN.client_req_400                             0         0.00 Client requests received, subject to 400 errors
MAIN.client_req_417                             0         0.00 Client requests received, subject to 417 errors
MAIN.client_req                         20914         0.01 Good client requests received
MAIN.threads_limited                             0         0.00 Threads hit max
MAIN.threads_created                          1216         0.00 Threads created
MAIN.threads_destroyed                          1005         0.00 Threads destroyed
MAIN.thread_queue_len                             0          .   Length of session queue
MAIN.busy_sleep                           354         0.00 Number of requests sent to sleep on busy objhdr
MAIN.busy_wakeup                           354         0.00 Number of requests woken after sleep on busy objhdr
MAIN.sess_queued                           315         0.00 Sessions queued for thread
MAIN.sess_dropped                             0         0.00 Sessions dropped for thread
ACCG.std.total.client_req_count                         20914         0.01 Total number of client requests processed
ACCG.std.total.client_req_hdrbytes                       4199362         2.69 Client request header bytes total
ACCG.std.total.client_req_bodybytes                             0         0.00 Client request body bytes total
ACCG.std.sub.client_req_count                             0         0.00 Total number of client requests processed
ACCG.std.sub.client_req_hdrbytes                             0         0.00 Client request header bytes total
ACCG.std.sub.client_req_bodybytes                             0         0.00 Client request body bytes total
ACCG.private.total.client_req_count                         20914         0.01 Total number of client requests processed
ACCG.private.total.client_req_hdrbytes                       4199362         2.69 Client request header bytes total
ACCG.private.total.client_req_bodybytes                             0         0.00 Client request body bytes total
ACCG.private.sub.client_req_count                             0         0.00 Total number of client requests processed
ACCG.private.sub.client_req_hdrbytes                             0         0.00 Client request header bytes total
ACCG.private.sub.client_req_bodybytes                             0         0.00 Client request body bytes total
ACCG.other.total.client_req_count                             0         0.00 Total number of client requests processed
ACCG.other.total.client_req_hdrbytes                             0         0.00 Client request header bytes total
ACCG.other.total.client_req_bodybytes                             0         0.00 Client request body bytes total
ACCG.other.sub.client_req_count                             0         0.00 Total number of client requests processed
ACCG.other.sub.client_req_hdrbytes                             0         0.00 Client request header bytes total
ACCG.other.sub.client_req_bodybytes                             0         0.00 Client request body bytes total
ACCG.private.oci.client_req_count                         20914         0.01 Total number of client requests processed
ACCG.private.oci.client_req_hdrbytes                       4199362         2.69 Client request header bytes total
ACCG.private.oci.client_req_bodybytes                             0         0.00 Client request body bytes total
