--- 15:32:20 ---
MAIN.client_req_400                             0         0.00 Client requests received, subject to 400 errors
MAIN.client_req_417                             0         0.00 Client requests received, subject to 417 errors
MAIN.client_req                         20915         0.01 Good client requests received
MAIN.cache_hit                         20440         0.01 Cache hits
MAIN.cache_hit_grace                             0         0.00 Cache grace hits
MAIN.cache_hitpass                             0         0.00 Cache hits for pass.
MAIN.cache_hitmiss                             0         0.00 Cache hits for miss.
MAIN.cache_miss                           475         0.00 Cache misses
MAIN.threads_limited                             0         0.00 Threads hit max
MAIN.thread_queue_len                             0          .   Length of session queue
MAIN.busy_sleep                           354         0.00 Number of requests sent to sleep on busy objhdr
MAIN.sess_queued                           315         0.00 Sessions queued for thread
MAIN.sess_dropped                             0         0.00 Sessions dropped for thread
MAIN.n_object                            27          .   object structs made
MAIN.n_object_hitmiss                             0          .   object structs made that are hit-for-miss
MAIN.n_object_hitpass                             0          .   object structs made that are hit-for-pass
MAIN.n_objectcore                           222          .   objectcore structs made
MAIN.n_objecthead                           218          .   objecthead structs made
MAIN.goto_dns_cache_hits                             0         0.00 Cache hits within vmod_goto's DNS
SLICER.slice_cache_hit                             0         0.00 Count of slicer subrequest cache hits
SLICER.slice_cache_miss                             0         0.00 Count of slicer subrequest cache misses
SLICER.meta_cache_hit                             0         0.00 Count of cache hits for slicer top-level requests
SLICER.meta_cache_miss                             0         0.00 Count of cache misses for slicer top-level requests
MSE4_MEM.c_memcache_hit                             0         0.00 Stored objects memory cache hits
MSE4_MEM.c_memcache_miss                             0         0.00 Stored objects memory cache misses
ACCG.std.total.client_req_count                         20915         0.01 Total number of client requests processed
ACCG.std.total.client_req_hdrbytes                       4199519         2.54 Client request header bytes total
ACCG.std.total.client_req_bodybytes                             0         0.00 Client request body bytes total
ACCG.std.sub.client_req_count                             0         0.00 Total number of client requests processed
ACCG.std.sub.client_req_hdrbytes                             0         0.00 Client request header bytes total
ACCG.std.sub.client_req_bodybytes                             0         0.00 Client request body bytes total
ACCG.private.total.client_req_count                         20915         0.01 Total number of client requests processed
ACCG.private.total.client_req_hdrbytes                       4199519         2.54 Client request header bytes total
ACCG.private.total.client_req_bodybytes                             0         0.00 Client request body bytes total
ACCG.private.sub.client_req_count                             0         0.00 Total number of client requests processed
ACCG.private.sub.client_req_hdrbytes                             0         0.00 Client request header bytes total
ACCG.private.sub.client_req_bodybytes                             0         0.00 Client request body bytes total
ACCG.other.total.client_req_count                             0         0.00 Total number of client requests processed
ACCG.other.total.client_req_hdrbytes                             0         0.00 Client request header bytes total
ACCG.other.total.client_req_bodybytes                             0         0.00 Client request body bytes total
ACCG.other.sub.client_req_count                             0         0.00 Total number of client requests processed
ACCG.other.sub.client_req_hdrbytes                             0         0.00 Client request header bytes total
ACCG.other.sub.client_req_bodybytes                             0         0.00 Client request body bytes total
ACCG.private.oci.client_req_count                         20915         0.01 Total number of client requests processed
ACCG.private.oci.client_req_hdrbytes                       4199519         2.54 Client request header bytes total
ACCG.private.oci.client_req_bodybytes                             0         0.00 Client request body bytes total
--- 15:32:21 ---
MAIN.client_req_400                             0         0.00 Client requests received, subject to 400 errors
MAIN.client_req_417                             0         0.00 Client requests received, subject to 417 errors
MAIN.client_req                         20915         0.01 Good client requests received
MAIN.cache_hit                         20440         0.01 Cache hits
MAIN.cache_hit_grace                             0         0.00 Cache grace hits
MAIN.cache_hitpass                             0         0.00 Cache hits for pass.
MAIN.cache_hitmiss                             0         0.00 Cache hits for miss.
MAIN.cache_miss                           475         0.00 Cache misses
MAIN.threads_limited                             0         0.00 Threads hit max
MAIN.thread_queue_len                             0          .   Length of session queue
MAIN.busy_sleep                           354         0.00 Number of requests sent to sleep on busy objhdr
MAIN.sess_queued                           315         0.00 Sessions queued for thread
MAIN.sess_dropped                             0         0.00 Sessions dropped for thread
MAIN.n_object                            27          .   object structs made
MAIN.n_object_hitmiss                             0          .   object structs made that are hit-for-miss
MAIN.n_object_hitpass                             0          .   object structs made that are hit-for-pass
MAIN.n_objectcore                           222          .   objectcore structs made
MAIN.n_objecthead                           218          .   objecthead structs made
MAIN.goto_dns_cache_hits                             0         0.00 Cache hits within vmod_goto's DNS
SLICER.slice_cache_hit                             0         0.00 Count of slicer subrequest cache hits
SLICER.slice_cache_miss                             0         0.00 Count of slicer subrequest cache misses
SLICER.meta_cache_hit                             0         0.00 Count of cache hits for slicer top-level requests
SLICER.meta_cache_miss                             0         0.00 Count of cache misses for slicer top-level requests
MSE4_MEM.c_memcache_hit                             0         0.00 Stored objects memory cache hits
MSE4_MEM.c_memcache_miss                             0         0.00 Stored objects memory cache misses
ACCG.std.total.client_req_count                         20915         0.01 Total number of client requests processed
ACCG.std.total.client_req_hdrbytes                       4199519         2.54 Client request header bytes total
ACCG.std.total.client_req_bodybytes                             0         0.00 Client request body bytes total
ACCG.std.sub.client_req_count                             0         0.00 Total number of client requests processed
ACCG.std.sub.client_req_hdrbytes                             0         0.00 Client request header bytes total
ACCG.std.sub.client_req_bodybytes                             0         0.00 Client request body bytes total
ACCG.private.total.client_req_count                         20915         0.01 Total number of client requests processed
ACCG.private.total.client_req_hdrbytes                       4199519         2.54 Client request header bytes total
ACCG.private.total.client_req_bodybytes                             0         0.00 Client request body bytes total
ACCG.private.sub.client_req_count                             0         0.00 Total number of client requests processed
ACCG.private.sub.client_req_hdrbytes                             0         0.00 Client request header bytes total
ACCG.private.sub.client_req_bodybytes                             0         0.00 Client request body bytes total
ACCG.other.total.client_req_count                             0         0.00 Total number of client requests processed
ACCG.other.total.client_req_hdrbytes                             0         0.00 Client request header bytes total
ACCG.other.total.client_req_bodybytes                             0         0.00 Client request body bytes total
ACCG.other.sub.client_req_count                             0         0.00 Total number of client requests processed
ACCG.other.sub.client_req_hdrbytes                             0         0.00 Client request header bytes total
ACCG.other.sub.client_req_bodybytes                             0         0.00 Client request body bytes total
ACCG.private.oci.client_req_count                         20915         0.01 Total number of client requests processed
ACCG.private.oci.client_req_hdrbytes                       4199519         2.54 Client request header bytes total
ACCG.private.oci.client_req_bodybytes                             0         0.00 Client request body bytes total
--- 15:32:23 ---
MAIN.client_req_400                             0         0.00 Client requests received, subject to 400 errors
MAIN.client_req_417                             0         0.00 Client requests received, subject to 417 errors
MAIN.client_req                         20915         0.01 Good client requests received
MAIN.cache_hit                         20440         0.01 Cache hits
MAIN.cache_hit_grace                             0         0.00 Cache grace hits
MAIN.cache_hitpass                             0         0.00 Cache hits for pass.
MAIN.cache_hitmiss                             0         0.00 Cache hits for miss.
MAIN.cache_miss                           475         0.00 Cache misses
MAIN.threads_limited                             0         0.00 Threads hit max
MAIN.thread_queue_len                             0          .   Length of session queue
MAIN.busy_sleep                           354         0.00 Number of requests sent to sleep on busy objhdr
MAIN.sess_queued                           315         0.00 Sessions queued for thread
MAIN.sess_dropped                             0         0.00 Sessions dropped for thread
MAIN.n_object                            27          .   object structs made
MAIN.n_object_hitmiss                             0          .   object structs made that are hit-for-miss
MAIN.n_object_hitpass                             0          .   object structs made that are hit-for-pass
MAIN.n_objectcore                           222          .   objectcore structs made
MAIN.n_objecthead                           218          .   objecthead structs made
MAIN.goto_dns_cache_hits                             0         0.00 Cache hits within vmod_goto's DNS
SLICER.slice_cache_hit                             0         0.00 Count of slicer subrequest cache hits
SLICER.slice_cache_miss                             0         0.00 Count of slicer subrequest cache misses
SLICER.meta_cache_hit                             0         0.00 Count of cache hits for slicer top-level requests
SLICER.meta_cache_miss                             0         0.00 Count of cache misses for slicer top-level requests
MSE4_MEM.c_memcache_hit                             0         0.00 Stored objects memory cache hits
MSE4_MEM.c_memcache_miss                             0         0.00 Stored objects memory cache misses
ACCG.std.total.client_req_count                         20915         0.01 Total number of client requests processed
ACCG.std.total.client_req_hdrbytes                       4199519         2.54 Client request header bytes total
ACCG.std.total.client_req_bodybytes                             0         0.00 Client request body bytes total
ACCG.std.sub.client_req_count                             0         0.00 Total number of client requests processed
ACCG.std.sub.client_req_hdrbytes                             0         0.00 Client request header bytes total
ACCG.std.sub.client_req_bodybytes                             0         0.00 Client request body bytes total
ACCG.private.total.client_req_count                         20915         0.01 Total number of client requests processed
ACCG.private.total.client_req_hdrbytes                       4199519         2.54 Client request header bytes total
ACCG.private.total.client_req_bodybytes                             0         0.00 Client request body bytes total
ACCG.private.sub.client_req_count                             0         0.00 Total number of client requests processed
ACCG.private.sub.client_req_hdrbytes                             0         0.00 Client request header bytes total
ACCG.private.sub.client_req_bodybytes                             0         0.00 Client request body bytes total
ACCG.other.total.client_req_count                             0         0.00 Total number of client requests processed
ACCG.other.total.client_req_hdrbytes                             0         0.00 Client request header bytes total
ACCG.other.total.client_req_bodybytes                             0         0.00 Client request body bytes total
ACCG.other.sub.client_req_count                             0         0.00 Total number of client requests processed
ACCG.other.sub.client_req_hdrbytes                             0         0.00 Client request header bytes total
ACCG.other.sub.client_req_bodybytes                             0         0.00 Client request body bytes total
ACCG.private.oci.client_req_count                         20915         0.01 Total number of client requests processed
ACCG.private.oci.client_req_hdrbytes                       4199519         2.54 Client request header bytes total
ACCG.private.oci.client_req_bodybytes                             0         0.00 Client request body bytes total
--- 15:32:24 ---
MAIN.client_req_400                             0         0.00 Client requests received, subject to 400 errors
MAIN.client_req_417                             0         0.00 Client requests received, subject to 417 errors
MAIN.client_req                         20915         0.01 Good client requests received
MAIN.cache_hit                         20440         0.01 Cache hits
MAIN.cache_hit_grace                             0         0.00 Cache grace hits
MAIN.cache_hitpass                             0         0.00 Cache hits for pass.
MAIN.cache_hitmiss                             0         0.00 Cache hits for miss.
MAIN.cache_miss                           475         0.00 Cache misses
MAIN.threads_limited                             0         0.00 Threads hit max
MAIN.thread_queue_len                             0          .   Length of session queue
MAIN.busy_sleep                           354         0.00 Number of requests sent to sleep on busy objhdr
MAIN.sess_queued                           315         0.00 Sessions queued for thread
MAIN.sess_dropped                             0         0.00 Sessions dropped for thread
MAIN.n_object                            27          .   object structs made
MAIN.n_object_hitmiss                             0          .   object structs made that are hit-for-miss
MAIN.n_object_hitpass                             0          .   object structs made that are hit-for-pass
MAIN.n_objectcore                           222          .   objectcore structs made
MAIN.n_objecthead                           218          .   objecthead structs made
MAIN.goto_dns_cache_hits                             0         0.00 Cache hits within vmod_goto's DNS
SLICER.slice_cache_hit                             0         0.00 Count of slicer subrequest cache hits
SLICER.slice_cache_miss                             0         0.00 Count of slicer subrequest cache misses
SLICER.meta_cache_hit                             0         0.00 Count of cache hits for slicer top-level requests
SLICER.meta_cache_miss                             0         0.00 Count of cache misses for slicer top-level requests
MSE4_MEM.c_memcache_hit                             0         0.00 Stored objects memory cache hits
MSE4_MEM.c_memcache_miss                             0         0.00 Stored objects memory cache misses
ACCG.std.total.client_req_count                         20915         0.01 Total number of client requests processed
ACCG.std.total.client_req_hdrbytes                       4199519         2.54 Client request header bytes total
ACCG.std.total.client_req_bodybytes                             0         0.00 Client request body bytes total
ACCG.std.sub.client_req_count                             0         0.00 Total number of client requests processed
ACCG.std.sub.client_req_hdrbytes                             0         0.00 Client request header bytes total
ACCG.std.sub.client_req_bodybytes                             0         0.00 Client request body bytes total
ACCG.private.total.client_req_count                         20915         0.01 Total number of client requests processed
ACCG.private.total.client_req_hdrbytes                       4199519         2.54 Client request header bytes total
ACCG.private.total.client_req_bodybytes                             0         0.00 Client request body bytes total
ACCG.private.sub.client_req_count                             0         0.00 Total number of client requests processed
ACCG.private.sub.client_req_hdrbytes                             0         0.00 Client request header bytes total
ACCG.private.sub.client_req_bodybytes                             0         0.00 Client request body bytes total
ACCG.other.total.client_req_count                             0         0.00 Total number of client requests processed
ACCG.other.total.client_req_hdrbytes                             0         0.00 Client request header bytes total
ACCG.other.total.client_req_bodybytes                             0         0.00 Client request body bytes total
ACCG.other.sub.client_req_count                             0         0.00 Total number of client requests processed
ACCG.other.sub.client_req_hdrbytes                             0         0.00 Client request header bytes total
ACCG.other.sub.client_req_bodybytes                             0         0.00 Client request body bytes total
ACCG.private.oci.client_req_count                         20915         0.01 Total number of client requests processed
ACCG.private.oci.client_req_hdrbytes                       4199519         2.54 Client request header bytes total
ACCG.private.oci.client_req_bodybytes                             0         0.00 Client request body bytes total
--- 15:32:25 ---
MAIN.client_req_400                             0         0.00 Client requests received, subject to 400 errors
MAIN.client_req_417                             0         0.00 Client requests received, subject to 417 errors
MAIN.client_req                         20915         0.01 Good client requests received
MAIN.cache_hit                         20440         0.01 Cache hits
MAIN.cache_hit_grace                             0         0.00 Cache grace hits
MAIN.cache_hitpass                             0         0.00 Cache hits for pass.
MAIN.cache_hitmiss                             0         0.00 Cache hits for miss.
MAIN.cache_miss                           475         0.00 Cache misses
MAIN.threads_limited                             0         0.00 Threads hit max
MAIN.thread_queue_len                             0          .   Length of session queue
MAIN.busy_sleep                           354         0.00 Number of requests sent to sleep on busy objhdr
MAIN.sess_queued                           315         0.00 Sessions queued for thread
MAIN.sess_dropped                             0         0.00 Sessions dropped for thread
MAIN.n_object                            27          .   object structs made
MAIN.n_object_hitmiss                             0          .   object structs made that are hit-for-miss
MAIN.n_object_hitpass                             0          .   object structs made that are hit-for-pass
MAIN.n_objectcore                           222          .   objectcore structs made
MAIN.n_objecthead                           218          .   objecthead structs made
MAIN.goto_dns_cache_hits                             0         0.00 Cache hits within vmod_goto's DNS
SLICER.slice_cache_hit                             0         0.00 Count of slicer subrequest cache hits
SLICER.slice_cache_miss                             0         0.00 Count of slicer subrequest cache misses
SLICER.meta_cache_hit                             0         0.00 Count of cache hits for slicer top-level requests
SLICER.meta_cache_miss                             0         0.00 Count of cache misses for slicer top-level requests
MSE4_MEM.c_memcache_hit                             0         0.00 Stored objects memory cache hits
MSE4_MEM.c_memcache_miss                             0         0.00 Stored objects memory cache misses
ACCG.std.total.client_req_count                         20915         0.01 Total number of client requests processed
ACCG.std.total.client_req_hdrbytes                       4199519         2.54 Client request header bytes total
ACCG.std.total.client_req_bodybytes                             0         0.00 Client request body bytes total
ACCG.std.sub.client_req_count                             0         0.00 Total number of client requests processed
ACCG.std.sub.client_req_hdrbytes                             0         0.00 Client request header bytes total
ACCG.std.sub.client_req_bodybytes                             0         0.00 Client request body bytes total
ACCG.private.total.client_req_count                         20915         0.01 Total number of client requests processed
ACCG.private.total.client_req_hdrbytes                       4199519         2.54 Client request header bytes total
ACCG.private.total.client_req_bodybytes                             0         0.00 Client request body bytes total
ACCG.private.sub.client_req_count                             0         0.00 Total number of client requests processed
ACCG.private.sub.client_req_hdrbytes                             0         0.00 Client request header bytes total
ACCG.private.sub.client_req_bodybytes                             0         0.00 Client request body bytes total
ACCG.other.total.client_req_count                             0         0.00 Total number of client requests processed
ACCG.other.total.client_req_hdrbytes                             0         0.00 Client request header bytes total
ACCG.other.total.client_req_bodybytes                             0         0.00 Client request body bytes total
ACCG.other.sub.client_req_count                             0         0.00 Total number of client requests processed
ACCG.other.sub.client_req_hdrbytes                             0         0.00 Client request header bytes total
ACCG.other.sub.client_req_bodybytes                             0         0.00 Client request body bytes total
ACCG.private.oci.client_req_count                         20915         0.01 Total number of client requests processed
ACCG.private.oci.client_req_hdrbytes                       4199519         2.54 Client request header bytes total
ACCG.private.oci.client_req_bodybytes                             0         0.00 Client request body bytes total
--- 15:32:26 ---
MAIN.client_req_400                             0         0.00 Client requests received, subject to 400 errors
MAIN.client_req_417                             0         0.00 Client requests received, subject to 417 errors
MAIN.client_req                         20915         0.01 Good client requests received
MAIN.cache_hit                         20440         0.01 Cache hits
MAIN.cache_hit_grace                             0         0.00 Cache grace hits
MAIN.cache_hitpass                             0         0.00 Cache hits for pass.
MAIN.cache_hitmiss                             0         0.00 Cache hits for miss.
MAIN.cache_miss                           475         0.00 Cache misses
MAIN.threads_limited                             0         0.00 Threads hit max
MAIN.thread_queue_len                             0          .   Length of session queue
MAIN.busy_sleep                           354         0.00 Number of requests sent to sleep on busy objhdr
MAIN.sess_queued                           315         0.00 Sessions queued for thread
MAIN.sess_dropped                             0         0.00 Sessions dropped for thread
MAIN.n_object                            27          .   object structs made
MAIN.n_object_hitmiss                             0          .   object structs made that are hit-for-miss
MAIN.n_object_hitpass                             0          .   object structs made that are hit-for-pass
MAIN.n_objectcore                           222          .   objectcore structs made
MAIN.n_objecthead                           218          .   objecthead structs made
MAIN.goto_dns_cache_hits                             0         0.00 Cache hits within vmod_goto's DNS
SLICER.slice_cache_hit                             0         0.00 Count of slicer subrequest cache hits
SLICER.slice_cache_miss                             0         0.00 Count of slicer subrequest cache misses
SLICER.meta_cache_hit                             0         0.00 Count of cache hits for slicer top-level requests
SLICER.meta_cache_miss                             0         0.00 Count of cache misses for slicer top-level requests
MSE4_MEM.c_memcache_hit                             0         0.00 Stored objects memory cache hits
MSE4_MEM.c_memcache_miss                             0         0.00 Stored objects memory cache misses
ACCG.std.total.client_req_count                         20915         0.01 Total number of client requests processed
ACCG.std.total.client_req_hdrbytes                       4199519         2.54 Client request header bytes total
ACCG.std.total.client_req_bodybytes                             0         0.00 Client request body bytes total
ACCG.std.sub.client_req_count                             0         0.00 Total number of client requests processed
ACCG.std.sub.client_req_hdrbytes                             0         0.00 Client request header bytes total
ACCG.std.sub.client_req_bodybytes                             0         0.00 Client request body bytes total
ACCG.private.total.client_req_count                         20915         0.01 Total number of client requests processed
ACCG.private.total.client_req_hdrbytes                       4199519         2.54 Client request header bytes total
ACCG.private.total.client_req_bodybytes                             0         0.00 Client request body bytes total
ACCG.private.sub.client_req_count                             0         0.00 Total number of client requests processed
ACCG.private.sub.client_req_hdrbytes                             0         0.00 Client request header bytes total
ACCG.private.sub.client_req_bodybytes                             0         0.00 Client request body bytes total
ACCG.other.total.client_req_count                             0         0.00 Total number of client requests processed
ACCG.other.total.client_req_hdrbytes                             0         0.00 Client request header bytes total
ACCG.other.total.client_req_bodybytes                             0         0.00 Client request body bytes total
ACCG.other.sub.client_req_count                             0         0.00 Total number of client requests processed
ACCG.other.sub.client_req_hdrbytes                             0         0.00 Client request header bytes total
ACCG.other.sub.client_req_bodybytes                             0         0.00 Client request body bytes total
ACCG.private.oci.client_req_count                         20915         0.01 Total number of client requests processed
ACCG.private.oci.client_req_hdrbytes                       4199519         2.54 Client request header bytes total
ACCG.private.oci.client_req_bodybytes                             0         0.00 Client request body bytes total
--- 15:32:27 ---
MAIN.client_req_400                             0         0.00 Client requests received, subject to 400 errors
MAIN.client_req_417                             0         0.00 Client requests received, subject to 417 errors
MAIN.client_req                         20915         0.01 Good client requests received
MAIN.cache_hit                         20440         0.01 Cache hits
MAIN.cache_hit_grace                             0         0.00 Cache grace hits
MAIN.cache_hitpass                             0         0.00 Cache hits for pass.
MAIN.cache_hitmiss                             0         0.00 Cache hits for miss.
MAIN.cache_miss                           475         0.00 Cache misses
MAIN.threads_limited                             0         0.00 Threads hit max
MAIN.thread_queue_len                             0          .   Length of session queue
MAIN.busy_sleep                           354         0.00 Number of requests sent to sleep on busy objhdr
MAIN.sess_queued                           315         0.00 Sessions queued for thread
MAIN.sess_dropped                             0         0.00 Sessions dropped for thread
MAIN.n_object                            27          .   object structs made
MAIN.n_object_hitmiss                             0          .   object structs made that are hit-for-miss
MAIN.n_object_hitpass                             0          .   object structs made that are hit-for-pass
MAIN.n_objectcore                           222          .   objectcore structs made
MAIN.n_objecthead                           218          .   objecthead structs made
MAIN.goto_dns_cache_hits                             0         0.00 Cache hits within vmod_goto's DNS
SLICER.slice_cache_hit                             0         0.00 Count of slicer subrequest cache hits
SLICER.slice_cache_miss                             0         0.00 Count of slicer subrequest cache misses
SLICER.meta_cache_hit                             0         0.00 Count of cache hits for slicer top-level requests
SLICER.meta_cache_miss                             0         0.00 Count of cache misses for slicer top-level requests
MSE4_MEM.c_memcache_hit                             0         0.00 Stored objects memory cache hits
MSE4_MEM.c_memcache_miss                             0         0.00 Stored objects memory cache misses
ACCG.std.total.client_req_count                         20915         0.01 Total number of client requests processed
ACCG.std.total.client_req_hdrbytes                       4199519         2.54 Client request header bytes total
ACCG.std.total.client_req_bodybytes                             0         0.00 Client request body bytes total
ACCG.std.sub.client_req_count                             0         0.00 Total number of client requests processed
ACCG.std.sub.client_req_hdrbytes                             0         0.00 Client request header bytes total
ACCG.std.sub.client_req_bodybytes                             0         0.00 Client request body bytes total
ACCG.private.total.client_req_count                         20915         0.01 Total number of client requests processed
ACCG.private.total.client_req_hdrbytes                       4199519         2.54 Client request header bytes total
ACCG.private.total.client_req_bodybytes                             0         0.00 Client request body bytes total
ACCG.private.sub.client_req_count                             0         0.00 Total number of client requests processed
ACCG.private.sub.client_req_hdrbytes                             0         0.00 Client request header bytes total
ACCG.private.sub.client_req_bodybytes                             0         0.00 Client request body bytes total
ACCG.other.total.client_req_count                             0         0.00 Total number of client requests processed
ACCG.other.total.client_req_hdrbytes                             0         0.00 Client request header bytes total
ACCG.other.total.client_req_bodybytes                             0         0.00 Client request body bytes total
ACCG.other.sub.client_req_count                             0         0.00 Total number of client requests processed
ACCG.other.sub.client_req_hdrbytes                             0         0.00 Client request header bytes total
ACCG.other.sub.client_req_bodybytes                             0         0.00 Client request body bytes total
ACCG.private.oci.client_req_count                         20915         0.01 Total number of client requests processed
ACCG.private.oci.client_req_hdrbytes                       4199519         2.54 Client request header bytes total
ACCG.private.oci.client_req_bodybytes                             0         0.00 Client request body bytes total
--- 15:32:28 ---
MAIN.client_req_400                             0         0.00 Client requests received, subject to 400 errors
MAIN.client_req_417                             0         0.00 Client requests received, subject to 417 errors
MAIN.client_req                         20915         0.01 Good client requests received
MAIN.cache_hit                         20440         0.01 Cache hits
MAIN.cache_hit_grace                             0         0.00 Cache grace hits
MAIN.cache_hitpass                             0         0.00 Cache hits for pass.
MAIN.cache_hitmiss                             0         0.00 Cache hits for miss.
MAIN.cache_miss                           475         0.00 Cache misses
MAIN.threads_limited                             0         0.00 Threads hit max
MAIN.thread_queue_len                             0          .   Length of session queue
MAIN.busy_sleep                           354         0.00 Number of requests sent to sleep on busy objhdr
MAIN.sess_queued                           315         0.00 Sessions queued for thread
MAIN.sess_dropped                             0         0.00 Sessions dropped for thread
MAIN.n_object                            27          .   object structs made
MAIN.n_object_hitmiss                             0          .   object structs made that are hit-for-miss
MAIN.n_object_hitpass                             0          .   object structs made that are hit-for-pass
MAIN.n_objectcore                           222          .   objectcore structs made
MAIN.n_objecthead                           218          .   objecthead structs made
MAIN.goto_dns_cache_hits                             0         0.00 Cache hits within vmod_goto's DNS
SLICER.slice_cache_hit                             0         0.00 Count of slicer subrequest cache hits
SLICER.slice_cache_miss                             0         0.00 Count of slicer subrequest cache misses
SLICER.meta_cache_hit                             0         0.00 Count of cache hits for slicer top-level requests
SLICER.meta_cache_miss                             0         0.00 Count of cache misses for slicer top-level requests
MSE4_MEM.c_memcache_hit                             0         0.00 Stored objects memory cache hits
MSE4_MEM.c_memcache_miss                             0         0.00 Stored objects memory cache misses
ACCG.std.total.client_req_count                         20915         0.01 Total number of client requests processed
ACCG.std.total.client_req_hdrbytes                       4199519         2.54 Client request header bytes total
ACCG.std.total.client_req_bodybytes                             0         0.00 Client request body bytes total
ACCG.std.sub.client_req_count                             0         0.00 Total number of client requests processed
ACCG.std.sub.client_req_hdrbytes                             0         0.00 Client request header bytes total
ACCG.std.sub.client_req_bodybytes                             0         0.00 Client request body bytes total
ACCG.private.total.client_req_count                         20915         0.01 Total number of client requests processed
ACCG.private.total.client_req_hdrbytes                       4199519         2.54 Client request header bytes total
ACCG.private.total.client_req_bodybytes                             0         0.00 Client request body bytes total
ACCG.private.sub.client_req_count                             0         0.00 Total number of client requests processed
ACCG.private.sub.client_req_hdrbytes                             0         0.00 Client request header bytes total
ACCG.private.sub.client_req_bodybytes                             0         0.00 Client request body bytes total
ACCG.other.total.client_req_count                             0         0.00 Total number of client requests processed
ACCG.other.total.client_req_hdrbytes                             0         0.00 Client request header bytes total
ACCG.other.total.client_req_bodybytes                             0         0.00 Client request body bytes total
ACCG.other.sub.client_req_count                             0         0.00 Total number of client requests processed
ACCG.other.sub.client_req_hdrbytes                             0         0.00 Client request header bytes total
ACCG.other.sub.client_req_bodybytes                             0         0.00 Client request body bytes total
ACCG.private.oci.client_req_count                         20915         0.01 Total number of client requests processed
ACCG.private.oci.client_req_hdrbytes                       4199519         2.54 Client request header bytes total
ACCG.private.oci.client_req_bodybytes                             0         0.00 Client request body bytes total
--- 15:32:29 ---
MAIN.client_req_400                             0         0.00 Client requests received, subject to 400 errors
MAIN.client_req_417                             0         0.00 Client requests received, subject to 417 errors
MAIN.client_req                         20915         0.01 Good client requests received
MAIN.cache_hit                         20440         0.01 Cache hits
MAIN.cache_hit_grace                             0         0.00 Cache grace hits
MAIN.cache_hitpass                             0         0.00 Cache hits for pass.
MAIN.cache_hitmiss                             0         0.00 Cache hits for miss.
MAIN.cache_miss                           475         0.00 Cache misses
MAIN.threads_limited                             0         0.00 Threads hit max
MAIN.thread_queue_len                             0          .   Length of session queue
MAIN.busy_sleep                           354         0.00 Number of requests sent to sleep on busy objhdr
MAIN.sess_queued                           315         0.00 Sessions queued for thread
MAIN.sess_dropped                             0         0.00 Sessions dropped for thread
MAIN.n_object                            27          .   object structs made
MAIN.n_object_hitmiss                             0          .   object structs made that are hit-for-miss
MAIN.n_object_hitpass                             0          .   object structs made that are hit-for-pass
MAIN.n_objectcore                           222          .   objectcore structs made
MAIN.n_objecthead                           218          .   objecthead structs made
MAIN.goto_dns_cache_hits                             0         0.00 Cache hits within vmod_goto's DNS
SLICER.slice_cache_hit                             0         0.00 Count of slicer subrequest cache hits
SLICER.slice_cache_miss                             0         0.00 Count of slicer subrequest cache misses
SLICER.meta_cache_hit                             0         0.00 Count of cache hits for slicer top-level requests
SLICER.meta_cache_miss                             0         0.00 Count of cache misses for slicer top-level requests
MSE4_MEM.c_memcache_hit                             0         0.00 Stored objects memory cache hits
MSE4_MEM.c_memcache_miss                             0         0.00 Stored objects memory cache misses
ACCG.std.total.client_req_count                         20915         0.01 Total number of client requests processed
ACCG.std.total.client_req_hdrbytes                       4199519         2.54 Client request header bytes total
ACCG.std.total.client_req_bodybytes                             0         0.00 Client request body bytes total
ACCG.std.sub.client_req_count                             0         0.00 Total number of client requests processed
ACCG.std.sub.client_req_hdrbytes                             0         0.00 Client request header bytes total
ACCG.std.sub.client_req_bodybytes                             0         0.00 Client request body bytes total
ACCG.private.total.client_req_count                         20915         0.01 Total number of client requests processed
ACCG.private.total.client_req_hdrbytes                       4199519         2.54 Client request header bytes total
ACCG.private.total.client_req_bodybytes                             0         0.00 Client request body bytes total
ACCG.private.sub.client_req_count                             0         0.00 Total number of client requests processed
ACCG.private.sub.client_req_hdrbytes                             0         0.00 Client request header bytes total
ACCG.private.sub.client_req_bodybytes                             0         0.00 Client request body bytes total
ACCG.other.total.client_req_count                             0         0.00 Total number of client requests processed
ACCG.other.total.client_req_hdrbytes                             0         0.00 Client request header bytes total
ACCG.other.total.client_req_bodybytes                             0         0.00 Client request body bytes total
ACCG.other.sub.client_req_count                             0         0.00 Total number of client requests processed
ACCG.other.sub.client_req_hdrbytes                             0         0.00 Client request header bytes total
ACCG.other.sub.client_req_bodybytes                             0         0.00 Client request body bytes total
ACCG.private.oci.client_req_count                         20915         0.01 Total number of client requests processed
ACCG.private.oci.client_req_hdrbytes                       4199519         2.54 Client request header bytes total
ACCG.private.oci.client_req_bodybytes                             0         0.00 Client request body bytes total
--- 15:32:30 ---
MAIN.client_req_400                             0         0.00 Client requests received, subject to 400 errors
MAIN.client_req_417                             0         0.00 Client requests received, subject to 417 errors
MAIN.client_req                         20915         0.01 Good client requests received
MAIN.cache_hit                         20440         0.01 Cache hits
MAIN.cache_hit_grace                             0         0.00 Cache grace hits
MAIN.cache_hitpass                             0         0.00 Cache hits for pass.
MAIN.cache_hitmiss                             0         0.00 Cache hits for miss.
MAIN.cache_miss                           475         0.00 Cache misses
MAIN.threads_limited                             0         0.00 Threads hit max
MAIN.thread_queue_len                             0          .   Length of session queue
MAIN.busy_sleep                           354         0.00 Number of requests sent to sleep on busy objhdr
MAIN.sess_queued                           315         0.00 Sessions queued for thread
MAIN.sess_dropped                             0         0.00 Sessions dropped for thread
MAIN.n_object                            27          .   object structs made
MAIN.n_object_hitmiss                             0          .   object structs made that are hit-for-miss
MAIN.n_object_hitpass                             0          .   object structs made that are hit-for-pass
MAIN.n_objectcore                           222          .   objectcore structs made
MAIN.n_objecthead                           218          .   objecthead structs made
MAIN.goto_dns_cache_hits                             0         0.00 Cache hits within vmod_goto's DNS
SLICER.slice_cache_hit                             0         0.00 Count of slicer subrequest cache hits
SLICER.slice_cache_miss                             0         0.00 Count of slicer subrequest cache misses
SLICER.meta_cache_hit                             0         0.00 Count of cache hits for slicer top-level requests
SLICER.meta_cache_miss                             0         0.00 Count of cache misses for slicer top-level requests
MSE4_MEM.c_memcache_hit                             0         0.00 Stored objects memory cache hits
MSE4_MEM.c_memcache_miss                             0         0.00 Stored objects memory cache misses
ACCG.std.total.client_req_count                         20915         0.01 Total number of client requests processed
ACCG.std.total.client_req_hdrbytes                       4199519         2.54 Client request header bytes total
ACCG.std.total.client_req_bodybytes                             0         0.00 Client request body bytes total
ACCG.std.sub.client_req_count                             0         0.00 Total number of client requests processed
ACCG.std.sub.client_req_hdrbytes                             0         0.00 Client request header bytes total
ACCG.std.sub.client_req_bodybytes                             0         0.00 Client request body bytes total
ACCG.private.total.client_req_count                         20915         0.01 Total number of client requests processed
ACCG.private.total.client_req_hdrbytes                       4199519         2.54 Client request header bytes total
ACCG.private.total.client_req_bodybytes                             0         0.00 Client request body bytes total
ACCG.private.sub.client_req_count                             0         0.00 Total number of client requests processed
ACCG.private.sub.client_req_hdrbytes                             0         0.00 Client request header bytes total
ACCG.private.sub.client_req_bodybytes                             0         0.00 Client request body bytes total
ACCG.other.total.client_req_count                             0         0.00 Total number of client requests processed
ACCG.other.total.client_req_hdrbytes                             0         0.00 Client request header bytes total
ACCG.other.total.client_req_bodybytes                             0         0.00 Client request body bytes total
ACCG.other.sub.client_req_count                             0         0.00 Total number of client requests processed
ACCG.other.sub.client_req_hdrbytes                             0         0.00 Client request header bytes total
ACCG.other.sub.client_req_bodybytes                             0         0.00 Client request body bytes total
ACCG.private.oci.client_req_count                         20915         0.01 Total number of client requests processed
ACCG.private.oci.client_req_hdrbytes                       4199519         2.54 Client request header bytes total
ACCG.private.oci.client_req_bodybytes                             0         0.00 Client request body bytes total
--- 15:32:31 ---
MAIN.client_req_400                             0         0.00 Client requests received, subject to 400 errors
MAIN.client_req_417                             0         0.00 Client requests received, subject to 417 errors
MAIN.client_req                         20915         0.01 Good client requests received
MAIN.cache_hit                         20440         0.01 Cache hits
MAIN.cache_hit_grace                             0         0.00 Cache grace hits
MAIN.cache_hitpass                             0         0.00 Cache hits for pass.
MAIN.cache_hitmiss                             0         0.00 Cache hits for miss.
MAIN.cache_miss                           475         0.00 Cache misses
MAIN.threads_limited                             0         0.00 Threads hit max
MAIN.thread_queue_len                             0          .   Length of session queue
MAIN.busy_sleep                           354         0.00 Number of requests sent to sleep on busy objhdr
MAIN.sess_queued                           315         0.00 Sessions queued for thread
MAIN.sess_dropped                             0         0.00 Sessions dropped for thread
MAIN.n_object                            27          .   object structs made
MAIN.n_object_hitmiss                             0          .   object structs made that are hit-for-miss
MAIN.n_object_hitpass                             0          .   object structs made that are hit-for-pass
MAIN.n_objectcore                           222          .   objectcore structs made
MAIN.n_objecthead                           218          .   objecthead structs made
MAIN.goto_dns_cache_hits                             0         0.00 Cache hits within vmod_goto's DNS
SLICER.slice_cache_hit                             0         0.00 Count of slicer subrequest cache hits
SLICER.slice_cache_miss                             0         0.00 Count of slicer subrequest cache misses
SLICER.meta_cache_hit                             0         0.00 Count of cache hits for slicer top-level requests
SLICER.meta_cache_miss                             0         0.00 Count of cache misses for slicer top-level requests
MSE4_MEM.c_memcache_hit                             0         0.00 Stored objects memory cache hits
MSE4_MEM.c_memcache_miss                             0         0.00 Stored objects memory cache misses
ACCG.std.total.client_req_count                         20915         0.01 Total number of client requests processed
ACCG.std.total.client_req_hdrbytes                       4199519         2.54 Client request header bytes total
ACCG.std.total.client_req_bodybytes                             0         0.00 Client request body bytes total
ACCG.std.sub.client_req_count                             0         0.00 Total number of client requests processed
ACCG.std.sub.client_req_hdrbytes                             0         0.00 Client request header bytes total
ACCG.std.sub.client_req_bodybytes                             0         0.00 Client request body bytes total
ACCG.private.total.client_req_count                         20915         0.01 Total number of client requests processed
ACCG.private.total.client_req_hdrbytes                       4199519         2.54 Client request header bytes total
ACCG.private.total.client_req_bodybytes                             0         0.00 Client request body bytes total
ACCG.private.sub.client_req_count                             0         0.00 Total number of client requests processed
ACCG.private.sub.client_req_hdrbytes                             0         0.00 Client request header bytes total
ACCG.private.sub.client_req_bodybytes                             0         0.00 Client request body bytes total
ACCG.other.total.client_req_count                             0         0.00 Total number of client requests processed
ACCG.other.total.client_req_hdrbytes                             0         0.00 Client request header bytes total
ACCG.other.total.client_req_bodybytes                             0         0.00 Client request body bytes total
ACCG.other.sub.client_req_count                             0         0.00 Total number of client requests processed
ACCG.other.sub.client_req_hdrbytes                             0         0.00 Client request header bytes total
ACCG.other.sub.client_req_bodybytes                             0         0.00 Client request body bytes total
ACCG.private.oci.client_req_count                         20915         0.01 Total number of client requests processed
ACCG.private.oci.client_req_hdrbytes                       4199519         2.54 Client request header bytes total
ACCG.private.oci.client_req_bodybytes                             0         0.00 Client request body bytes total
--- 15:32:33 ---
MAIN.client_req_400                             0         0.00 Client requests received, subject to 400 errors
MAIN.client_req_417                             0         0.00 Client requests received, subject to 417 errors
MAIN.client_req                         20915         0.01 Good client requests received
MAIN.cache_hit                         20440         0.01 Cache hits
MAIN.cache_hit_grace                             0         0.00 Cache grace hits
MAIN.cache_hitpass                             0         0.00 Cache hits for pass.
MAIN.cache_hitmiss                             0         0.00 Cache hits for miss.
MAIN.cache_miss                           475         0.00 Cache misses
MAIN.threads_limited                             0         0.00 Threads hit max
MAIN.thread_queue_len                             0          .   Length of session queue
MAIN.busy_sleep                           354         0.00 Number of requests sent to sleep on busy objhdr
MAIN.sess_queued                           315         0.00 Sessions queued for thread
MAIN.sess_dropped                             0         0.00 Sessions dropped for thread
MAIN.n_object                            27          .   object structs made
MAIN.n_object_hitmiss                             0          .   object structs made that are hit-for-miss
MAIN.n_object_hitpass                             0          .   object structs made that are hit-for-pass
MAIN.n_objectcore                           222          .   objectcore structs made
MAIN.n_objecthead                           218          .   objecthead structs made
MAIN.goto_dns_cache_hits                             0         0.00 Cache hits within vmod_goto's DNS
SLICER.slice_cache_hit                             0         0.00 Count of slicer subrequest cache hits
SLICER.slice_cache_miss                             0         0.00 Count of slicer subrequest cache misses
SLICER.meta_cache_hit                             0         0.00 Count of cache hits for slicer top-level requests
SLICER.meta_cache_miss                             0         0.00 Count of cache misses for slicer top-level requests
MSE4_MEM.c_memcache_hit                             0         0.00 Stored objects memory cache hits
MSE4_MEM.c_memcache_miss                             0         0.00 Stored objects memory cache misses
ACCG.std.total.client_req_count                         20915         0.01 Total number of client requests processed
ACCG.std.total.client_req_hdrbytes                       4199519         2.54 Client request header bytes total
ACCG.std.total.client_req_bodybytes                             0         0.00 Client request body bytes total
ACCG.std.sub.client_req_count                             0         0.00 Total number of client requests processed
ACCG.std.sub.client_req_hdrbytes                             0         0.00 Client request header bytes total
ACCG.std.sub.client_req_bodybytes                             0         0.00 Client request body bytes total
ACCG.private.total.client_req_count                         20915         0.01 Total number of client requests processed
ACCG.private.total.client_req_hdrbytes                       4199519         2.54 Client request header bytes total
ACCG.private.total.client_req_bodybytes                             0         0.00 Client request body bytes total
ACCG.private.sub.client_req_count                             0         0.00 Total number of client requests processed
ACCG.private.sub.client_req_hdrbytes                             0         0.00 Client request header bytes total
ACCG.private.sub.client_req_bodybytes                             0         0.00 Client request body bytes total
ACCG.other.total.client_req_count                             0         0.00 Total number of client requests processed
ACCG.other.total.client_req_hdrbytes                             0         0.00 Client request header bytes total
ACCG.other.total.client_req_bodybytes                             0         0.00 Client request body bytes total
ACCG.other.sub.client_req_count                             0         0.00 Total number of client requests processed
ACCG.other.sub.client_req_hdrbytes                             0         0.00 Client request header bytes total
ACCG.other.sub.client_req_bodybytes                             0         0.00 Client request body bytes total
ACCG.private.oci.client_req_count                         20915         0.01 Total number of client requests processed
ACCG.private.oci.client_req_hdrbytes                       4199519         2.54 Client request header bytes total
ACCG.private.oci.client_req_bodybytes                             0         0.00 Client request body bytes total
--- 15:32:34 ---
MAIN.client_req_400                             0         0.00 Client requests received, subject to 400 errors
MAIN.client_req_417                             0         0.00 Client requests received, subject to 417 errors
MAIN.client_req                         20915         0.01 Good client requests received
MAIN.cache_hit                         20440         0.01 Cache hits
MAIN.cache_hit_grace                             0         0.00 Cache grace hits
MAIN.cache_hitpass                             0         0.00 Cache hits for pass.
MAIN.cache_hitmiss                             0         0.00 Cache hits for miss.
MAIN.cache_miss                           475         0.00 Cache misses
MAIN.threads_limited                             0         0.00 Threads hit max
MAIN.thread_queue_len                             0          .   Length of session queue
MAIN.busy_sleep                           354         0.00 Number of requests sent to sleep on busy objhdr
MAIN.sess_queued                           315         0.00 Sessions queued for thread
MAIN.sess_dropped                             0         0.00 Sessions dropped for thread
MAIN.n_object                            27          .   object structs made
MAIN.n_object_hitmiss                             0          .   object structs made that are hit-for-miss
MAIN.n_object_hitpass                             0          .   object structs made that are hit-for-pass
MAIN.n_objectcore                           222          .   objectcore structs made
MAIN.n_objecthead                           218          .   objecthead structs made
MAIN.goto_dns_cache_hits                             0         0.00 Cache hits within vmod_goto's DNS
SLICER.slice_cache_hit                             0         0.00 Count of slicer subrequest cache hits
SLICER.slice_cache_miss                             0         0.00 Count of slicer subrequest cache misses
SLICER.meta_cache_hit                             0         0.00 Count of cache hits for slicer top-level requests
SLICER.meta_cache_miss                             0         0.00 Count of cache misses for slicer top-level requests
MSE4_MEM.c_memcache_hit                             0         0.00 Stored objects memory cache hits
MSE4_MEM.c_memcache_miss                             0         0.00 Stored objects memory cache misses
ACCG.std.total.client_req_count                         20915         0.01 Total number of client requests processed
ACCG.std.total.client_req_hdrbytes                       4199519         2.54 Client request header bytes total
ACCG.std.total.client_req_bodybytes                             0         0.00 Client request body bytes total
ACCG.std.sub.client_req_count                             0         0.00 Total number of client requests processed
ACCG.std.sub.client_req_hdrbytes                             0         0.00 Client request header bytes total
ACCG.std.sub.client_req_bodybytes                             0         0.00 Client request body bytes total
ACCG.private.total.client_req_count                         20915         0.01 Total number of client requests processed
ACCG.private.total.client_req_hdrbytes                       4199519         2.54 Client request header bytes total
ACCG.private.total.client_req_bodybytes                             0         0.00 Client request body bytes total
ACCG.private.sub.client_req_count                             0         0.00 Total number of client requests processed
ACCG.private.sub.client_req_hdrbytes                             0         0.00 Client request header bytes total
ACCG.private.sub.client_req_bodybytes                             0         0.00 Client request body bytes total
ACCG.other.total.client_req_count                             0         0.00 Total number of client requests processed
ACCG.other.total.client_req_hdrbytes                             0         0.00 Client request header bytes total
ACCG.other.total.client_req_bodybytes                             0         0.00 Client request body bytes total
ACCG.other.sub.client_req_count                             0         0.00 Total number of client requests processed
ACCG.other.sub.client_req_hdrbytes                             0         0.00 Client request header bytes total
ACCG.other.sub.client_req_bodybytes                             0         0.00 Client request body bytes total
ACCG.private.oci.client_req_count                         20915         0.01 Total number of client requests processed
ACCG.private.oci.client_req_hdrbytes                       4199519         2.54 Client request header bytes total
ACCG.private.oci.client_req_bodybytes                             0         0.00 Client request body bytes total
--- 15:32:35 ---
MAIN.client_req_400                             0         0.00 Client requests received, subject to 400 errors
MAIN.client_req_417                             0         0.00 Client requests received, subject to 417 errors
MAIN.client_req                         20915         0.01 Good client requests received
MAIN.cache_hit                         20440         0.01 Cache hits
MAIN.cache_hit_grace                             0         0.00 Cache grace hits
MAIN.cache_hitpass                             0         0.00 Cache hits for pass.
MAIN.cache_hitmiss                             0         0.00 Cache hits for miss.
MAIN.cache_miss                           475         0.00 Cache misses
MAIN.threads_limited                             0         0.00 Threads hit max
MAIN.thread_queue_len                             0          .   Length of session queue
MAIN.busy_sleep                           354         0.00 Number of requests sent to sleep on busy objhdr
MAIN.sess_queued                           315         0.00 Sessions queued for thread
MAIN.sess_dropped                             0         0.00 Sessions dropped for thread
MAIN.n_object                            27          .   object structs made
MAIN.n_object_hitmiss                             0          .   object structs made that are hit-for-miss
MAIN.n_object_hitpass                             0          .   object structs made that are hit-for-pass
MAIN.n_objectcore                           222          .   objectcore structs made
MAIN.n_objecthead                           218          .   objecthead structs made
MAIN.goto_dns_cache_hits                             0         0.00 Cache hits within vmod_goto's DNS
SLICER.slice_cache_hit                             0         0.00 Count of slicer subrequest cache hits
SLICER.slice_cache_miss                             0         0.00 Count of slicer subrequest cache misses
SLICER.meta_cache_hit                             0         0.00 Count of cache hits for slicer top-level requests
SLICER.meta_cache_miss                             0         0.00 Count of cache misses for slicer top-level requests
MSE4_MEM.c_memcache_hit                             0         0.00 Stored objects memory cache hits
MSE4_MEM.c_memcache_miss                             0         0.00 Stored objects memory cache misses
ACCG.std.total.client_req_count                         20915         0.01 Total number of client requests processed
ACCG.std.total.client_req_hdrbytes                       4199519         2.54 Client request header bytes total
ACCG.std.total.client_req_bodybytes                             0         0.00 Client request body bytes total
ACCG.std.sub.client_req_count                             0         0.00 Total number of client requests processed
ACCG.std.sub.client_req_hdrbytes                             0         0.00 Client request header bytes total
ACCG.std.sub.client_req_bodybytes                             0         0.00 Client request body bytes total
ACCG.private.total.client_req_count                         20915         0.01 Total number of client requests processed
ACCG.private.total.client_req_hdrbytes                       4199519         2.54 Client request header bytes total
ACCG.private.total.client_req_bodybytes                             0         0.00 Client request body bytes total
ACCG.private.sub.client_req_count                             0         0.00 Total number of client requests processed
ACCG.private.sub.client_req_hdrbytes                             0         0.00 Client request header bytes total
ACCG.private.sub.client_req_bodybytes                             0         0.00 Client request body bytes total
ACCG.other.total.client_req_count                             0         0.00 Total number of client requests processed
ACCG.other.total.client_req_hdrbytes                             0         0.00 Client request header bytes total
ACCG.other.total.client_req_bodybytes                             0         0.00 Client request body bytes total
ACCG.other.sub.client_req_count                             0         0.00 Total number of client requests processed
ACCG.other.sub.client_req_hdrbytes                             0         0.00 Client request header bytes total
ACCG.other.sub.client_req_bodybytes                             0         0.00 Client request body bytes total
ACCG.private.oci.client_req_count                         20915         0.01 Total number of client requests processed
ACCG.private.oci.client_req_hdrbytes                       4199519         2.54 Client request header bytes total
ACCG.private.oci.client_req_bodybytes                             0         0.00 Client request body bytes total
--- 15:32:36 ---
MAIN.client_req_400                             0         0.00 Client requests received, subject to 400 errors
MAIN.client_req_417                             0         0.00 Client requests received, subject to 417 errors
MAIN.client_req                         20915         0.01 Good client requests received
MAIN.cache_hit                         20440         0.01 Cache hits
MAIN.cache_hit_grace                             0         0.00 Cache grace hits
MAIN.cache_hitpass                             0         0.00 Cache hits for pass.
MAIN.cache_hitmiss                             0         0.00 Cache hits for miss.
MAIN.cache_miss                           475         0.00 Cache misses
MAIN.threads_limited                             0         0.00 Threads hit max
MAIN.thread_queue_len                             0          .   Length of session queue
MAIN.busy_sleep                           354         0.00 Number of requests sent to sleep on busy objhdr
MAIN.sess_queued                           315         0.00 Sessions queued for thread
MAIN.sess_dropped                             0         0.00 Sessions dropped for thread
MAIN.n_object                            27          .   object structs made
MAIN.n_object_hitmiss                             0          .   object structs made that are hit-for-miss
MAIN.n_object_hitpass                             0          .   object structs made that are hit-for-pass
MAIN.n_objectcore                           222          .   objectcore structs made
MAIN.n_objecthead                           218          .   objecthead structs made
MAIN.goto_dns_cache_hits                             0         0.00 Cache hits within vmod_goto's DNS
SLICER.slice_cache_hit                             0         0.00 Count of slicer subrequest cache hits
SLICER.slice_cache_miss                             0         0.00 Count of slicer subrequest cache misses
SLICER.meta_cache_hit                             0         0.00 Count of cache hits for slicer top-level requests
SLICER.meta_cache_miss                             0         0.00 Count of cache misses for slicer top-level requests
MSE4_MEM.c_memcache_hit                             0         0.00 Stored objects memory cache hits
MSE4_MEM.c_memcache_miss                             0         0.00 Stored objects memory cache misses
ACCG.std.total.client_req_count                         20915         0.01 Total number of client requests processed
ACCG.std.total.client_req_hdrbytes                       4199519         2.54 Client request header bytes total
ACCG.std.total.client_req_bodybytes                             0         0.00 Client request body bytes total
ACCG.std.sub.client_req_count                             0         0.00 Total number of client requests processed
ACCG.std.sub.client_req_hdrbytes                             0         0.00 Client request header bytes total
ACCG.std.sub.client_req_bodybytes                             0         0.00 Client request body bytes total
ACCG.private.total.client_req_count                         20915         0.01 Total number of client requests processed
ACCG.private.total.client_req_hdrbytes                       4199519         2.54 Client request header bytes total
ACCG.private.total.client_req_bodybytes                             0         0.00 Client request body bytes total
ACCG.private.sub.client_req_count                             0         0.00 Total number of client requests processed
ACCG.private.sub.client_req_hdrbytes                             0         0.00 Client request header bytes total
ACCG.private.sub.client_req_bodybytes                             0         0.00 Client request body bytes total
ACCG.other.total.client_req_count                             0         0.00 Total number of client requests processed
ACCG.other.total.client_req_hdrbytes                             0         0.00 Client request header bytes total
ACCG.other.total.client_req_bodybytes                             0         0.00 Client request body bytes total
ACCG.other.sub.client_req_count                             0         0.00 Total number of client requests processed
ACCG.other.sub.client_req_hdrbytes                             0         0.00 Client request header bytes total
ACCG.other.sub.client_req_bodybytes                             0         0.00 Client request body bytes total
ACCG.private.oci.client_req_count                         20915         0.01 Total number of client requests processed
ACCG.private.oci.client_req_hdrbytes                       4199519         2.54 Client request header bytes total
ACCG.private.oci.client_req_bodybytes                             0         0.00 Client request body bytes total
--- 15:32:37 ---
MAIN.client_req_400                             0         0.00 Client requests received, subject to 400 errors
MAIN.client_req_417                             0         0.00 Client requests received, subject to 417 errors
MAIN.client_req                         20915         0.01 Good client requests received
MAIN.cache_hit                         20440         0.01 Cache hits
MAIN.cache_hit_grace                             0         0.00 Cache grace hits
MAIN.cache_hitpass                             0         0.00 Cache hits for pass.
MAIN.cache_hitmiss                             0         0.00 Cache hits for miss.
MAIN.cache_miss                           475         0.00 Cache misses
MAIN.threads_limited                             0         0.00 Threads hit max
MAIN.thread_queue_len                             0          .   Length of session queue
MAIN.busy_sleep                           354         0.00 Number of requests sent to sleep on busy objhdr
MAIN.sess_queued                           315         0.00 Sessions queued for thread
MAIN.sess_dropped                             0         0.00 Sessions dropped for thread
MAIN.n_object                            27          .   object structs made
MAIN.n_object_hitmiss                             0          .   object structs made that are hit-for-miss
MAIN.n_object_hitpass                             0          .   object structs made that are hit-for-pass
MAIN.n_objectcore                           222          .   objectcore structs made
MAIN.n_objecthead                           218          .   objecthead structs made
MAIN.goto_dns_cache_hits                             0         0.00 Cache hits within vmod_goto's DNS
SLICER.slice_cache_hit                             0         0.00 Count of slicer subrequest cache hits
SLICER.slice_cache_miss                             0         0.00 Count of slicer subrequest cache misses
SLICER.meta_cache_hit                             0         0.00 Count of cache hits for slicer top-level requests
SLICER.meta_cache_miss                             0         0.00 Count of cache misses for slicer top-level requests
MSE4_MEM.c_memcache_hit                             0         0.00 Stored objects memory cache hits
MSE4_MEM.c_memcache_miss                             0         0.00 Stored objects memory cache misses
ACCG.std.total.client_req_count                         20915         0.01 Total number of client requests processed
ACCG.std.total.client_req_hdrbytes                       4199519         2.54 Client request header bytes total
ACCG.std.total.client_req_bodybytes                             0         0.00 Client request body bytes total
ACCG.std.sub.client_req_count                             0         0.00 Total number of client requests processed
ACCG.std.sub.client_req_hdrbytes                             0         0.00 Client request header bytes total
ACCG.std.sub.client_req_bodybytes                             0         0.00 Client request body bytes total
ACCG.private.total.client_req_count                         20915         0.01 Total number of client requests processed
ACCG.private.total.client_req_hdrbytes                       4199519         2.54 Client request header bytes total
ACCG.private.total.client_req_bodybytes                             0         0.00 Client request body bytes total
ACCG.private.sub.client_req_count                             0         0.00 Total number of client requests processed
ACCG.private.sub.client_req_hdrbytes                             0         0.00 Client request header bytes total
ACCG.private.sub.client_req_bodybytes                             0         0.00 Client request body bytes total
ACCG.other.total.client_req_count                             0         0.00 Total number of client requests processed
ACCG.other.total.client_req_hdrbytes                             0         0.00 Client request header bytes total
ACCG.other.total.client_req_bodybytes                             0         0.00 Client request body bytes total
ACCG.other.sub.client_req_count                             0         0.00 Total number of client requests processed
ACCG.other.sub.client_req_hdrbytes                             0         0.00 Client request header bytes total
ACCG.other.sub.client_req_bodybytes                             0         0.00 Client request body bytes total
ACCG.private.oci.client_req_count                         20915         0.01 Total number of client requests processed
ACCG.private.oci.client_req_hdrbytes                       4199519         2.54 Client request header bytes total
ACCG.private.oci.client_req_bodybytes                             0         0.00 Client request body bytes total
--- 15:32:38 ---
MAIN.client_req_400                             0         0.00 Client requests received, subject to 400 errors
MAIN.client_req_417                             0         0.00 Client requests received, subject to 417 errors
MAIN.client_req                         20915         0.01 Good client requests received
MAIN.cache_hit                         20440         0.01 Cache hits
MAIN.cache_hit_grace                             0         0.00 Cache grace hits
MAIN.cache_hitpass                             0         0.00 Cache hits for pass.
MAIN.cache_hitmiss                             0         0.00 Cache hits for miss.
MAIN.cache_miss                           475         0.00 Cache misses
MAIN.threads_limited                             0         0.00 Threads hit max
MAIN.thread_queue_len                             0          .   Length of session queue
MAIN.busy_sleep                           354         0.00 Number of requests sent to sleep on busy objhdr
MAIN.sess_queued                           315         0.00 Sessions queued for thread
MAIN.sess_dropped                             0         0.00 Sessions dropped for thread
MAIN.n_object                            27          .   object structs made
MAIN.n_object_hitmiss                             0          .   object structs made that are hit-for-miss
MAIN.n_object_hitpass                             0          .   object structs made that are hit-for-pass
MAIN.n_objectcore                           222          .   objectcore structs made
MAIN.n_objecthead                           218          .   objecthead structs made
MAIN.goto_dns_cache_hits                             0         0.00 Cache hits within vmod_goto's DNS
SLICER.slice_cache_hit                             0         0.00 Count of slicer subrequest cache hits
SLICER.slice_cache_miss                             0         0.00 Count of slicer subrequest cache misses
SLICER.meta_cache_hit                             0         0.00 Count of cache hits for slicer top-level requests
SLICER.meta_cache_miss                             0         0.00 Count of cache misses for slicer top-level requests
MSE4_MEM.c_memcache_hit                             0         0.00 Stored objects memory cache hits
MSE4_MEM.c_memcache_miss                             0         0.00 Stored objects memory cache misses
ACCG.std.total.client_req_count                         20915         0.01 Total number of client requests processed
ACCG.std.total.client_req_hdrbytes                       4199519         2.54 Client request header bytes total
ACCG.std.total.client_req_bodybytes                             0         0.00 Client request body bytes total
ACCG.std.sub.client_req_count                             0         0.00 Total number of client requests processed
ACCG.std.sub.client_req_hdrbytes                             0         0.00 Client request header bytes total
ACCG.std.sub.client_req_bodybytes                             0         0.00 Client request body bytes total
ACCG.private.total.client_req_count                         20915         0.01 Total number of client requests processed
ACCG.private.total.client_req_hdrbytes                       4199519         2.54 Client request header bytes total
ACCG.private.total.client_req_bodybytes                             0         0.00 Client request body bytes total
ACCG.private.sub.client_req_count                             0         0.00 Total number of client requests processed
ACCG.private.sub.client_req_hdrbytes                             0         0.00 Client request header bytes total
ACCG.private.sub.client_req_bodybytes                             0         0.00 Client request body bytes total
ACCG.other.total.client_req_count                             0         0.00 Total number of client requests processed
ACCG.other.total.client_req_hdrbytes                             0         0.00 Client request header bytes total
ACCG.other.total.client_req_bodybytes                             0         0.00 Client request body bytes total
ACCG.other.sub.client_req_count                             0         0.00 Total number of client requests processed
ACCG.other.sub.client_req_hdrbytes                             0         0.00 Client request header bytes total
ACCG.other.sub.client_req_bodybytes                             0         0.00 Client request body bytes total
ACCG.private.oci.client_req_count                         20915         0.01 Total number of client requests processed
ACCG.private.oci.client_req_hdrbytes                       4199519         2.54 Client request header bytes total
ACCG.private.oci.client_req_bodybytes                             0         0.00 Client request body bytes total
--- 15:32:39 ---
MAIN.client_req_400                             0         0.00 Client requests received, subject to 400 errors
MAIN.client_req_417                             0         0.00 Client requests received, subject to 417 errors
MAIN.client_req                         20915         0.01 Good client requests received
MAIN.cache_hit                         20440         0.01 Cache hits
MAIN.cache_hit_grace                             0         0.00 Cache grace hits
MAIN.cache_hitpass                             0         0.00 Cache hits for pass.
MAIN.cache_hitmiss                             0         0.00 Cache hits for miss.
MAIN.cache_miss                           475         0.00 Cache misses
MAIN.threads_limited                             0         0.00 Threads hit max
MAIN.thread_queue_len                             0          .   Length of session queue
MAIN.busy_sleep                           354         0.00 Number of requests sent to sleep on busy objhdr
MAIN.sess_queued                           315         0.00 Sessions queued for thread
MAIN.sess_dropped                             0         0.00 Sessions dropped for thread
MAIN.n_object                            27          .   object structs made
MAIN.n_object_hitmiss                             0          .   object structs made that are hit-for-miss
MAIN.n_object_hitpass                             0          .   object structs made that are hit-for-pass
MAIN.n_objectcore                           222          .   objectcore structs made
MAIN.n_objecthead                           218          .   objecthead structs made
MAIN.goto_dns_cache_hits                             0         0.00 Cache hits within vmod_goto's DNS
SLICER.slice_cache_hit                             0         0.00 Count of slicer subrequest cache hits
SLICER.slice_cache_miss                             0         0.00 Count of slicer subrequest cache misses
SLICER.meta_cache_hit                             0         0.00 Count of cache hits for slicer top-level requests
SLICER.meta_cache_miss                             0         0.00 Count of cache misses for slicer top-level requests
MSE4_MEM.c_memcache_hit                             0         0.00 Stored objects memory cache hits
MSE4_MEM.c_memcache_miss                             0         0.00 Stored objects memory cache misses
ACCG.std.total.client_req_count                         20915         0.01 Total number of client requests processed
ACCG.std.total.client_req_hdrbytes                       4199519         2.54 Client request header bytes total
ACCG.std.total.client_req_bodybytes                             0         0.00 Client request body bytes total
ACCG.std.sub.client_req_count                             0         0.00 Total number of client requests processed
ACCG.std.sub.client_req_hdrbytes                             0         0.00 Client request header bytes total
ACCG.std.sub.client_req_bodybytes                             0         0.00 Client request body bytes total
ACCG.private.total.client_req_count                         20915         0.01 Total number of client requests processed
ACCG.private.total.client_req_hdrbytes                       4199519         2.54 Client request header bytes total
ACCG.private.total.client_req_bodybytes                             0         0.00 Client request body bytes total
ACCG.private.sub.client_req_count                             0         0.00 Total number of client requests processed
ACCG.private.sub.client_req_hdrbytes                             0         0.00 Client request header bytes total
ACCG.private.sub.client_req_bodybytes                             0         0.00 Client request body bytes total
ACCG.other.total.client_req_count                             0         0.00 Total number of client requests processed
ACCG.other.total.client_req_hdrbytes                             0         0.00 Client request header bytes total
ACCG.other.total.client_req_bodybytes                             0         0.00 Client request body bytes total
ACCG.other.sub.client_req_count                             0         0.00 Total number of client requests processed
ACCG.other.sub.client_req_hdrbytes                             0         0.00 Client request header bytes total
ACCG.other.sub.client_req_bodybytes                             0         0.00 Client request body bytes total
ACCG.private.oci.client_req_count                         20915         0.01 Total number of client requests processed
ACCG.private.oci.client_req_hdrbytes                       4199519         2.54 Client request header bytes total
ACCG.private.oci.client_req_bodybytes                             0         0.00 Client request body bytes total
--- 15:32:40 ---
MAIN.client_req_400                             0         0.00 Client requests received, subject to 400 errors
MAIN.client_req_417                             0         0.00 Client requests received, subject to 417 errors
MAIN.client_req                         20915         0.01 Good client requests received
MAIN.cache_hit                         20440         0.01 Cache hits
MAIN.cache_hit_grace                             0         0.00 Cache grace hits
MAIN.cache_hitpass                             0         0.00 Cache hits for pass.
MAIN.cache_hitmiss                             0         0.00 Cache hits for miss.
MAIN.cache_miss                           475         0.00 Cache misses
MAIN.threads_limited                             0         0.00 Threads hit max
MAIN.thread_queue_len                             0          .   Length of session queue
MAIN.busy_sleep                           354         0.00 Number of requests sent to sleep on busy objhdr
MAIN.sess_queued                           315         0.00 Sessions queued for thread
MAIN.sess_dropped                             0         0.00 Sessions dropped for thread
MAIN.n_object                            27          .   object structs made
MAIN.n_object_hitmiss                             0          .   object structs made that are hit-for-miss
MAIN.n_object_hitpass                             0          .   object structs made that are hit-for-pass
MAIN.n_objectcore                           222          .   objectcore structs made
MAIN.n_objecthead                           218          .   objecthead structs made
MAIN.goto_dns_cache_hits                             0         0.00 Cache hits within vmod_goto's DNS
SLICER.slice_cache_hit                             0         0.00 Count of slicer subrequest cache hits
SLICER.slice_cache_miss                             0         0.00 Count of slicer subrequest cache misses
SLICER.meta_cache_hit                             0         0.00 Count of cache hits for slicer top-level requests
SLICER.meta_cache_miss                             0         0.00 Count of cache misses for slicer top-level requests
MSE4_MEM.c_memcache_hit                             0         0.00 Stored objects memory cache hits
MSE4_MEM.c_memcache_miss                             0         0.00 Stored objects memory cache misses
ACCG.std.total.client_req_count                         20915         0.01 Total number of client requests processed
ACCG.std.total.client_req_hdrbytes                       4199519         2.54 Client request header bytes total
ACCG.std.total.client_req_bodybytes                             0         0.00 Client request body bytes total
ACCG.std.sub.client_req_count                             0         0.00 Total number of client requests processed
ACCG.std.sub.client_req_hdrbytes                             0         0.00 Client request header bytes total
ACCG.std.sub.client_req_bodybytes                             0         0.00 Client request body bytes total
ACCG.private.total.client_req_count                         20915         0.01 Total number of client requests processed
ACCG.private.total.client_req_hdrbytes                       4199519         2.54 Client request header bytes total
ACCG.private.total.client_req_bodybytes                             0         0.00 Client request body bytes total
ACCG.private.sub.client_req_count                             0         0.00 Total number of client requests processed
ACCG.private.sub.client_req_hdrbytes                             0         0.00 Client request header bytes total
ACCG.private.sub.client_req_bodybytes                             0         0.00 Client request body bytes total
ACCG.other.total.client_req_count                             0         0.00 Total number of client requests processed
ACCG.other.total.client_req_hdrbytes                             0         0.00 Client request header bytes total
ACCG.other.total.client_req_bodybytes                             0         0.00 Client request body bytes total
ACCG.other.sub.client_req_count                             0         0.00 Total number of client requests processed
ACCG.other.sub.client_req_hdrbytes                             0         0.00 Client request header bytes total
ACCG.other.sub.client_req_bodybytes                             0         0.00 Client request body bytes total
ACCG.private.oci.client_req_count                         20915         0.01 Total number of client requests processed
ACCG.private.oci.client_req_hdrbytes                       4199519         2.54 Client request header bytes total
ACCG.private.oci.client_req_bodybytes                             0         0.00 Client request body bytes total
--- 15:32:41 ---
MAIN.client_req_400                             0         0.00 Client requests received, subject to 400 errors
MAIN.client_req_417                             0         0.00 Client requests received, subject to 417 errors
MAIN.client_req                         20915         0.01 Good client requests received
MAIN.cache_hit                         20440         0.01 Cache hits
MAIN.cache_hit_grace                             0         0.00 Cache grace hits
MAIN.cache_hitpass                             0         0.00 Cache hits for pass.
MAIN.cache_hitmiss                             0         0.00 Cache hits for miss.
MAIN.cache_miss                           475         0.00 Cache misses
MAIN.threads_limited                             0         0.00 Threads hit max
MAIN.thread_queue_len                             0          .   Length of session queue
MAIN.busy_sleep                           354         0.00 Number of requests sent to sleep on busy objhdr
MAIN.sess_queued                           315         0.00 Sessions queued for thread
MAIN.sess_dropped                             0         0.00 Sessions dropped for thread
MAIN.n_object                            27          .   object structs made
MAIN.n_object_hitmiss                             0          .   object structs made that are hit-for-miss
MAIN.n_object_hitpass                             0          .   object structs made that are hit-for-pass
MAIN.n_objectcore                           222          .   objectcore structs made
MAIN.n_objecthead                           218          .   objecthead structs made
MAIN.goto_dns_cache_hits                             0         0.00 Cache hits within vmod_goto's DNS
SLICER.slice_cache_hit                             0         0.00 Count of slicer subrequest cache hits
SLICER.slice_cache_miss                             0         0.00 Count of slicer subrequest cache misses
SLICER.meta_cache_hit                             0         0.00 Count of cache hits for slicer top-level requests
SLICER.meta_cache_miss                             0         0.00 Count of cache misses for slicer top-level requests
MSE4_MEM.c_memcache_hit                             0         0.00 Stored objects memory cache hits
MSE4_MEM.c_memcache_miss                             0         0.00 Stored objects memory cache misses
ACCG.std.total.client_req_count                         20915         0.01 Total number of client requests processed
ACCG.std.total.client_req_hdrbytes                       4199519         2.54 Client request header bytes total
ACCG.std.total.client_req_bodybytes                             0         0.00 Client request body bytes total
ACCG.std.sub.client_req_count                             0         0.00 Total number of client requests processed
ACCG.std.sub.client_req_hdrbytes                             0         0.00 Client request header bytes total
ACCG.std.sub.client_req_bodybytes                             0         0.00 Client request body bytes total
ACCG.private.total.client_req_count                         20915         0.01 Total number of client requests processed
ACCG.private.total.client_req_hdrbytes                       4199519         2.54 Client request header bytes total
ACCG.private.total.client_req_bodybytes                             0         0.00 Client request body bytes total
ACCG.private.sub.client_req_count                             0         0.00 Total number of client requests processed
ACCG.private.sub.client_req_hdrbytes                             0         0.00 Client request header bytes total
ACCG.private.sub.client_req_bodybytes                             0         0.00 Client request body bytes total
ACCG.other.total.client_req_count                             0         0.00 Total number of client requests processed
ACCG.other.total.client_req_hdrbytes                             0         0.00 Client request header bytes total
ACCG.other.total.client_req_bodybytes                             0         0.00 Client request body bytes total
ACCG.other.sub.client_req_count                             0         0.00 Total number of client requests processed
ACCG.other.sub.client_req_hdrbytes                             0         0.00 Client request header bytes total
ACCG.other.sub.client_req_bodybytes                             0         0.00 Client request body bytes total
ACCG.private.oci.client_req_count                         20915         0.01 Total number of client requests processed
ACCG.private.oci.client_req_hdrbytes                       4199519         2.54 Client request header bytes total
ACCG.private.oci.client_req_bodybytes                             0         0.00 Client request body bytes total
--- 15:32:43 ---
MAIN.client_req_400                             0         0.00 Client requests received, subject to 400 errors
MAIN.client_req_417                             0         0.00 Client requests received, subject to 417 errors
MAIN.client_req                         20915         0.01 Good client requests received
MAIN.cache_hit                         20440         0.01 Cache hits
MAIN.cache_hit_grace                             0         0.00 Cache grace hits
MAIN.cache_hitpass                             0         0.00 Cache hits for pass.
MAIN.cache_hitmiss                             0         0.00 Cache hits for miss.
MAIN.cache_miss                           475         0.00 Cache misses
MAIN.threads_limited                             0         0.00 Threads hit max
MAIN.thread_queue_len                             0          .   Length of session queue
MAIN.busy_sleep                           354         0.00 Number of requests sent to sleep on busy objhdr
MAIN.sess_queued                           315         0.00 Sessions queued for thread
MAIN.sess_dropped                             0         0.00 Sessions dropped for thread
MAIN.n_object                            27          .   object structs made
MAIN.n_object_hitmiss                             0          .   object structs made that are hit-for-miss
MAIN.n_object_hitpass                             0          .   object structs made that are hit-for-pass
MAIN.n_objectcore                           222          .   objectcore structs made
MAIN.n_objecthead                           218          .   objecthead structs made
MAIN.goto_dns_cache_hits                             0         0.00 Cache hits within vmod_goto's DNS
SLICER.slice_cache_hit                             0         0.00 Count of slicer subrequest cache hits
SLICER.slice_cache_miss                             0         0.00 Count of slicer subrequest cache misses
SLICER.meta_cache_hit                             0         0.00 Count of cache hits for slicer top-level requests
SLICER.meta_cache_miss                             0         0.00 Count of cache misses for slicer top-level requests
MSE4_MEM.c_memcache_hit                             0         0.00 Stored objects memory cache hits
MSE4_MEM.c_memcache_miss                             0         0.00 Stored objects memory cache misses
ACCG.std.total.client_req_count                         20915         0.01 Total number of client requests processed
ACCG.std.total.client_req_hdrbytes                       4199519         2.54 Client request header bytes total
ACCG.std.total.client_req_bodybytes                             0         0.00 Client request body bytes total
ACCG.std.sub.client_req_count                             0         0.00 Total number of client requests processed
ACCG.std.sub.client_req_hdrbytes                             0         0.00 Client request header bytes total
ACCG.std.sub.client_req_bodybytes                             0         0.00 Client request body bytes total
ACCG.private.total.client_req_count                         20915         0.01 Total number of client requests processed
ACCG.private.total.client_req_hdrbytes                       4199519         2.54 Client request header bytes total
ACCG.private.total.client_req_bodybytes                             0         0.00 Client request body bytes total
ACCG.private.sub.client_req_count                             0         0.00 Total number of client requests processed
ACCG.private.sub.client_req_hdrbytes                             0         0.00 Client request header bytes total
ACCG.private.sub.client_req_bodybytes                             0         0.00 Client request body bytes total
ACCG.other.total.client_req_count                             0         0.00 Total number of client requests processed
ACCG.other.total.client_req_hdrbytes                             0         0.00 Client request header bytes total
ACCG.other.total.client_req_bodybytes                             0         0.00 Client request body bytes total
ACCG.other.sub.client_req_count                             0         0.00 Total number of client requests processed
ACCG.other.sub.client_req_hdrbytes                             0         0.00 Client request header bytes total
ACCG.other.sub.client_req_bodybytes                             0         0.00 Client request body bytes total
ACCG.private.oci.client_req_count                         20915         0.01 Total number of client requests processed
ACCG.private.oci.client_req_hdrbytes                       4199519         2.54 Client request header bytes total
ACCG.private.oci.client_req_bodybytes                             0         0.00 Client request body bytes total
--- 15:32:44 ---
MAIN.client_req_400                             0         0.00 Client requests received, subject to 400 errors
MAIN.client_req_417                             0         0.00 Client requests received, subject to 417 errors
MAIN.client_req                         20915         0.01 Good client requests received
MAIN.cache_hit                         20440         0.01 Cache hits
MAIN.cache_hit_grace                             0         0.00 Cache grace hits
MAIN.cache_hitpass                             0         0.00 Cache hits for pass.
MAIN.cache_hitmiss                             0         0.00 Cache hits for miss.
MAIN.cache_miss                           475         0.00 Cache misses
MAIN.threads_limited                             0         0.00 Threads hit max
MAIN.thread_queue_len                             0          .   Length of session queue
MAIN.busy_sleep                           354         0.00 Number of requests sent to sleep on busy objhdr
MAIN.sess_queued                           315         0.00 Sessions queued for thread
MAIN.sess_dropped                             0         0.00 Sessions dropped for thread
MAIN.n_object                            27          .   object structs made
MAIN.n_object_hitmiss                             0          .   object structs made that are hit-for-miss
MAIN.n_object_hitpass                             0          .   object structs made that are hit-for-pass
MAIN.n_objectcore                           222          .   objectcore structs made
MAIN.n_objecthead                           218          .   objecthead structs made
MAIN.goto_dns_cache_hits                             0         0.00 Cache hits within vmod_goto's DNS
SLICER.slice_cache_hit                             0         0.00 Count of slicer subrequest cache hits
SLICER.slice_cache_miss                             0         0.00 Count of slicer subrequest cache misses
SLICER.meta_cache_hit                             0         0.00 Count of cache hits for slicer top-level requests
SLICER.meta_cache_miss                             0         0.00 Count of cache misses for slicer top-level requests
MSE4_MEM.c_memcache_hit                             0         0.00 Stored objects memory cache hits
MSE4_MEM.c_memcache_miss                             0         0.00 Stored objects memory cache misses
ACCG.std.total.client_req_count                         20915         0.01 Total number of client requests processed
ACCG.std.total.client_req_hdrbytes                       4199519         2.54 Client request header bytes total
ACCG.std.total.client_req_bodybytes                             0         0.00 Client request body bytes total
ACCG.std.sub.client_req_count                             0         0.00 Total number of client requests processed
ACCG.std.sub.client_req_hdrbytes                             0         0.00 Client request header bytes total
ACCG.std.sub.client_req_bodybytes                             0         0.00 Client request body bytes total
ACCG.private.total.client_req_count                         20915         0.01 Total number of client requests processed
ACCG.private.total.client_req_hdrbytes                       4199519         2.54 Client request header bytes total
ACCG.private.total.client_req_bodybytes                             0         0.00 Client request body bytes total
ACCG.private.sub.client_req_count                             0         0.00 Total number of client requests processed
ACCG.private.sub.client_req_hdrbytes                             0         0.00 Client request header bytes total
ACCG.private.sub.client_req_bodybytes                             0         0.00 Client request body bytes total
ACCG.other.total.client_req_count                             0         0.00 Total number of client requests processed
ACCG.other.total.client_req_hdrbytes                             0         0.00 Client request header bytes total
ACCG.other.total.client_req_bodybytes                             0         0.00 Client request body bytes total
ACCG.other.sub.client_req_count                             0         0.00 Total number of client requests processed
ACCG.other.sub.client_req_hdrbytes                             0         0.00 Client request header bytes total
ACCG.other.sub.client_req_bodybytes                             0         0.00 Client request body bytes total
ACCG.private.oci.client_req_count                         20915         0.01 Total number of client requests processed
ACCG.private.oci.client_req_hdrbytes                       4199519         2.54 Client request header bytes total
ACCG.private.oci.client_req_bodybytes                             0         0.00 Client request body bytes total
--- 15:32:45 ---
MAIN.client_req_400                             0         0.00 Client requests received, subject to 400 errors
MAIN.client_req_417                             0         0.00 Client requests received, subject to 417 errors
MAIN.client_req                         20915         0.01 Good client requests received
MAIN.cache_hit                         20440         0.01 Cache hits
MAIN.cache_hit_grace                             0         0.00 Cache grace hits
MAIN.cache_hitpass                             0         0.00 Cache hits for pass.
MAIN.cache_hitmiss                             0         0.00 Cache hits for miss.
MAIN.cache_miss                           475         0.00 Cache misses
MAIN.threads_limited                             0         0.00 Threads hit max
MAIN.thread_queue_len                             0          .   Length of session queue
MAIN.busy_sleep                           354         0.00 Number of requests sent to sleep on busy objhdr
MAIN.sess_queued                           315         0.00 Sessions queued for thread
MAIN.sess_dropped                             0         0.00 Sessions dropped for thread
MAIN.n_object                            27          .   object structs made
MAIN.n_object_hitmiss                             0          .   object structs made that are hit-for-miss
MAIN.n_object_hitpass                             0          .   object structs made that are hit-for-pass
MAIN.n_objectcore                           222          .   objectcore structs made
MAIN.n_objecthead                           218          .   objecthead structs made
MAIN.goto_dns_cache_hits                             0         0.00 Cache hits within vmod_goto's DNS
SLICER.slice_cache_hit                             0         0.00 Count of slicer subrequest cache hits
SLICER.slice_cache_miss                             0         0.00 Count of slicer subrequest cache misses
SLICER.meta_cache_hit                             0         0.00 Count of cache hits for slicer top-level requests
SLICER.meta_cache_miss                             0         0.00 Count of cache misses for slicer top-level requests
MSE4_MEM.c_memcache_hit                             0         0.00 Stored objects memory cache hits
MSE4_MEM.c_memcache_miss                             0         0.00 Stored objects memory cache misses
ACCG.std.total.client_req_count                         20915         0.01 Total number of client requests processed
ACCG.std.total.client_req_hdrbytes                       4199519         2.54 Client request header bytes total
ACCG.std.total.client_req_bodybytes                             0         0.00 Client request body bytes total
ACCG.std.sub.client_req_count                             0         0.00 Total number of client requests processed
ACCG.std.sub.client_req_hdrbytes                             0         0.00 Client request header bytes total
ACCG.std.sub.client_req_bodybytes                             0         0.00 Client request body bytes total
ACCG.private.total.client_req_count                         20915         0.01 Total number of client requests processed
ACCG.private.total.client_req_hdrbytes                       4199519         2.54 Client request header bytes total
ACCG.private.total.client_req_bodybytes                             0         0.00 Client request body bytes total
ACCG.private.sub.client_req_count                             0         0.00 Total number of client requests processed
ACCG.private.sub.client_req_hdrbytes                             0         0.00 Client request header bytes total
ACCG.private.sub.client_req_bodybytes                             0         0.00 Client request body bytes total
ACCG.other.total.client_req_count                             0         0.00 Total number of client requests processed
ACCG.other.total.client_req_hdrbytes                             0         0.00 Client request header bytes total
ACCG.other.total.client_req_bodybytes                             0         0.00 Client request body bytes total
ACCG.other.sub.client_req_count                             0         0.00 Total number of client requests processed
ACCG.other.sub.client_req_hdrbytes                             0         0.00 Client request header bytes total
ACCG.other.sub.client_req_bodybytes                             0         0.00 Client request body bytes total
ACCG.private.oci.client_req_count                         20915         0.01 Total number of client requests processed
ACCG.private.oci.client_req_hdrbytes                       4199519         2.54 Client request header bytes total
ACCG.private.oci.client_req_bodybytes                             0         0.00 Client request body bytes total
--- 15:32:46 ---
MAIN.client_req_400                             0         0.00 Client requests received, subject to 400 errors
MAIN.client_req_417                             0         0.00 Client requests received, subject to 417 errors
MAIN.client_req                         20915         0.01 Good client requests received
MAIN.cache_hit                         20440         0.01 Cache hits
MAIN.cache_hit_grace                             0         0.00 Cache grace hits
MAIN.cache_hitpass                             0         0.00 Cache hits for pass.
MAIN.cache_hitmiss                             0         0.00 Cache hits for miss.
MAIN.cache_miss                           475         0.00 Cache misses
MAIN.threads_limited                             0         0.00 Threads hit max
MAIN.thread_queue_len                             0          .   Length of session queue
MAIN.busy_sleep                           354         0.00 Number of requests sent to sleep on busy objhdr
MAIN.sess_queued                           315         0.00 Sessions queued for thread
MAIN.sess_dropped                             0         0.00 Sessions dropped for thread
MAIN.n_object                            27          .   object structs made
MAIN.n_object_hitmiss                             0          .   object structs made that are hit-for-miss
MAIN.n_object_hitpass                             0          .   object structs made that are hit-for-pass
MAIN.n_objectcore                           222          .   objectcore structs made
MAIN.n_objecthead                           218          .   objecthead structs made
MAIN.goto_dns_cache_hits                             0         0.00 Cache hits within vmod_goto's DNS
SLICER.slice_cache_hit                             0         0.00 Count of slicer subrequest cache hits
SLICER.slice_cache_miss                             0         0.00 Count of slicer subrequest cache misses
SLICER.meta_cache_hit                             0         0.00 Count of cache hits for slicer top-level requests
SLICER.meta_cache_miss                             0         0.00 Count of cache misses for slicer top-level requests
MSE4_MEM.c_memcache_hit                             0         0.00 Stored objects memory cache hits
MSE4_MEM.c_memcache_miss                             0         0.00 Stored objects memory cache misses
ACCG.std.total.client_req_count                         20915         0.01 Total number of client requests processed
ACCG.std.total.client_req_hdrbytes                       4199519         2.54 Client request header bytes total
ACCG.std.total.client_req_bodybytes                             0         0.00 Client request body bytes total
ACCG.std.sub.client_req_count                             0         0.00 Total number of client requests processed
ACCG.std.sub.client_req_hdrbytes                             0         0.00 Client request header bytes total
ACCG.std.sub.client_req_bodybytes                             0         0.00 Client request body bytes total
ACCG.private.total.client_req_count                         20915         0.01 Total number of client requests processed
ACCG.private.total.client_req_hdrbytes                       4199519         2.54 Client request header bytes total
ACCG.private.total.client_req_bodybytes                             0         0.00 Client request body bytes total
ACCG.private.sub.client_req_count                             0         0.00 Total number of client requests processed
ACCG.private.sub.client_req_hdrbytes                             0         0.00 Client request header bytes total
ACCG.private.sub.client_req_bodybytes                             0         0.00 Client request body bytes total
ACCG.other.total.client_req_count                             0         0.00 Total number of client requests processed
ACCG.other.total.client_req_hdrbytes                             0         0.00 Client request header bytes total
ACCG.other.total.client_req_bodybytes                             0         0.00 Client request body bytes total
ACCG.other.sub.client_req_count                             0         0.00 Total number of client requests processed
ACCG.other.sub.client_req_hdrbytes                             0         0.00 Client request header bytes total
ACCG.other.sub.client_req_bodybytes                             0         0.00 Client request body bytes total
ACCG.private.oci.client_req_count                         20915         0.01 Total number of client requests processed
ACCG.private.oci.client_req_hdrbytes                       4199519         2.54 Client request header bytes total
ACCG.private.oci.client_req_bodybytes                             0         0.00 Client request body bytes total
--- 15:32:47 ---
MAIN.client_req_400                             0         0.00 Client requests received, subject to 400 errors
MAIN.client_req_417                             0         0.00 Client requests received, subject to 417 errors
MAIN.client_req                         20915         0.01 Good client requests received
MAIN.cache_hit                         20440         0.01 Cache hits
MAIN.cache_hit_grace                             0         0.00 Cache grace hits
MAIN.cache_hitpass                             0         0.00 Cache hits for pass.
MAIN.cache_hitmiss                             0         0.00 Cache hits for miss.
MAIN.cache_miss                           475         0.00 Cache misses
MAIN.threads_limited                             0         0.00 Threads hit max
MAIN.thread_queue_len                             0          .   Length of session queue
MAIN.busy_sleep                           354         0.00 Number of requests sent to sleep on busy objhdr
MAIN.sess_queued                           315         0.00 Sessions queued for thread
MAIN.sess_dropped                             0         0.00 Sessions dropped for thread
MAIN.n_object                            27          .   object structs made
MAIN.n_object_hitmiss                             0          .   object structs made that are hit-for-miss
MAIN.n_object_hitpass                             0          .   object structs made that are hit-for-pass
MAIN.n_objectcore                           222          .   objectcore structs made
MAIN.n_objecthead                           218          .   objecthead structs made
MAIN.goto_dns_cache_hits                             0         0.00 Cache hits within vmod_goto's DNS
SLICER.slice_cache_hit                             0         0.00 Count of slicer subrequest cache hits
SLICER.slice_cache_miss                             0         0.00 Count of slicer subrequest cache misses
SLICER.meta_cache_hit                             0         0.00 Count of cache hits for slicer top-level requests
SLICER.meta_cache_miss                             0         0.00 Count of cache misses for slicer top-level requests
MSE4_MEM.c_memcache_hit                             0         0.00 Stored objects memory cache hits
MSE4_MEM.c_memcache_miss                             0         0.00 Stored objects memory cache misses
ACCG.std.total.client_req_count                         20915         0.01 Total number of client requests processed
ACCG.std.total.client_req_hdrbytes                       4199519         2.54 Client request header bytes total
ACCG.std.total.client_req_bodybytes                             0         0.00 Client request body bytes total
ACCG.std.sub.client_req_count                             0         0.00 Total number of client requests processed
ACCG.std.sub.client_req_hdrbytes                             0         0.00 Client request header bytes total
ACCG.std.sub.client_req_bodybytes                             0         0.00 Client request body bytes total
ACCG.private.total.client_req_count                         20915         0.01 Total number of client requests processed
ACCG.private.total.client_req_hdrbytes                       4199519         2.54 Client request header bytes total
ACCG.private.total.client_req_bodybytes                             0         0.00 Client request body bytes total
ACCG.private.sub.client_req_count                             0         0.00 Total number of client requests processed
ACCG.private.sub.client_req_hdrbytes                             0         0.00 Client request header bytes total
ACCG.private.sub.client_req_bodybytes                             0         0.00 Client request body bytes total
ACCG.other.total.client_req_count                             0         0.00 Total number of client requests processed
ACCG.other.total.client_req_hdrbytes                             0         0.00 Client request header bytes total
ACCG.other.total.client_req_bodybytes                             0         0.00 Client request body bytes total
ACCG.other.sub.client_req_count                             0         0.00 Total number of client requests processed
ACCG.other.sub.client_req_hdrbytes                             0         0.00 Client request header bytes total
ACCG.other.sub.client_req_bodybytes                             0         0.00 Client request body bytes total
ACCG.private.oci.client_req_count                         20915         0.01 Total number of client requests processed
ACCG.private.oci.client_req_hdrbytes                       4199519         2.54 Client request header bytes total
ACCG.private.oci.client_req_bodybytes                             0         0.00 Client request body bytes total
--- 15:32:48 ---
MAIN.client_req_400                             0         0.00 Client requests received, subject to 400 errors
MAIN.client_req_417                             0         0.00 Client requests received, subject to 417 errors
MAIN.client_req                         20915         0.01 Good client requests received
MAIN.cache_hit                         20440         0.01 Cache hits
MAIN.cache_hit_grace                             0         0.00 Cache grace hits
MAIN.cache_hitpass                             0         0.00 Cache hits for pass.
MAIN.cache_hitmiss                             0         0.00 Cache hits for miss.
MAIN.cache_miss                           475         0.00 Cache misses
MAIN.threads_limited                             0         0.00 Threads hit max
MAIN.thread_queue_len                             0          .   Length of session queue
MAIN.busy_sleep                           354         0.00 Number of requests sent to sleep on busy objhdr
MAIN.sess_queued                           315         0.00 Sessions queued for thread
MAIN.sess_dropped                             0         0.00 Sessions dropped for thread
MAIN.n_object                            27          .   object structs made
MAIN.n_object_hitmiss                             0          .   object structs made that are hit-for-miss
MAIN.n_object_hitpass                             0          .   object structs made that are hit-for-pass
MAIN.n_objectcore                           222          .   objectcore structs made
MAIN.n_objecthead                           218          .   objecthead structs made
MAIN.goto_dns_cache_hits                             0         0.00 Cache hits within vmod_goto's DNS
SLICER.slice_cache_hit                             0         0.00 Count of slicer subrequest cache hits
SLICER.slice_cache_miss                             0         0.00 Count of slicer subrequest cache misses
SLICER.meta_cache_hit                             0         0.00 Count of cache hits for slicer top-level requests
SLICER.meta_cache_miss                             0         0.00 Count of cache misses for slicer top-level requests
MSE4_MEM.c_memcache_hit                             0         0.00 Stored objects memory cache hits
MSE4_MEM.c_memcache_miss                             0         0.00 Stored objects memory cache misses
ACCG.std.total.client_req_count                         20915         0.01 Total number of client requests processed
ACCG.std.total.client_req_hdrbytes                       4199519         2.54 Client request header bytes total
ACCG.std.total.client_req_bodybytes                             0         0.00 Client request body bytes total
ACCG.std.sub.client_req_count                             0         0.00 Total number of client requests processed
ACCG.std.sub.client_req_hdrbytes                             0         0.00 Client request header bytes total
ACCG.std.sub.client_req_bodybytes                             0         0.00 Client request body bytes total
ACCG.private.total.client_req_count                         20915         0.01 Total number of client requests processed
ACCG.private.total.client_req_hdrbytes                       4199519         2.54 Client request header bytes total
ACCG.private.total.client_req_bodybytes                             0         0.00 Client request body bytes total
ACCG.private.sub.client_req_count                             0         0.00 Total number of client requests processed
ACCG.private.sub.client_req_hdrbytes                             0         0.00 Client request header bytes total
ACCG.private.sub.client_req_bodybytes                             0         0.00 Client request body bytes total
ACCG.other.total.client_req_count                             0         0.00 Total number of client requests processed
ACCG.other.total.client_req_hdrbytes                             0         0.00 Client request header bytes total
ACCG.other.total.client_req_bodybytes                             0         0.00 Client request body bytes total
ACCG.other.sub.client_req_count                             0         0.00 Total number of client requests processed
ACCG.other.sub.client_req_hdrbytes                             0         0.00 Client request header bytes total
ACCG.other.sub.client_req_bodybytes                             0         0.00 Client request body bytes total
ACCG.private.oci.client_req_count                         20915         0.01 Total number of client requests processed
ACCG.private.oci.client_req_hdrbytes                       4199519         2.54 Client request header bytes total
ACCG.private.oci.client_req_bodybytes                             0         0.00 Client request body bytes total
--- 15:32:49 ---
MAIN.client_req_400                             0         0.00 Client requests received, subject to 400 errors
MAIN.client_req_417                             0         0.00 Client requests received, subject to 417 errors
MAIN.client_req                         20915         0.01 Good client requests received
MAIN.cache_hit                         20440         0.01 Cache hits
MAIN.cache_hit_grace                             0         0.00 Cache grace hits
MAIN.cache_hitpass                             0         0.00 Cache hits for pass.
MAIN.cache_hitmiss                             0         0.00 Cache hits for miss.
MAIN.cache_miss                           475         0.00 Cache misses
MAIN.threads_limited                             0         0.00 Threads hit max
MAIN.thread_queue_len                             0          .   Length of session queue
MAIN.busy_sleep                           354         0.00 Number of requests sent to sleep on busy objhdr
MAIN.sess_queued                           315         0.00 Sessions queued for thread
MAIN.sess_dropped                             0         0.00 Sessions dropped for thread
MAIN.n_object                            27          .   object structs made
MAIN.n_object_hitmiss                             0          .   object structs made that are hit-for-miss
MAIN.n_object_hitpass                             0          .   object structs made that are hit-for-pass
MAIN.n_objectcore                           222          .   objectcore structs made
MAIN.n_objecthead                           218          .   objecthead structs made
MAIN.goto_dns_cache_hits                             0         0.00 Cache hits within vmod_goto's DNS
SLICER.slice_cache_hit                             0         0.00 Count of slicer subrequest cache hits
SLICER.slice_cache_miss                             0         0.00 Count of slicer subrequest cache misses
SLICER.meta_cache_hit                             0         0.00 Count of cache hits for slicer top-level requests
SLICER.meta_cache_miss                             0         0.00 Count of cache misses for slicer top-level requests
MSE4_MEM.c_memcache_hit                             0         0.00 Stored objects memory cache hits
MSE4_MEM.c_memcache_miss                             0         0.00 Stored objects memory cache misses
ACCG.std.total.client_req_count                         20915         0.01 Total number of client requests processed
ACCG.std.total.client_req_hdrbytes                       4199519         2.54 Client request header bytes total
ACCG.std.total.client_req_bodybytes                             0         0.00 Client request body bytes total
ACCG.std.sub.client_req_count                             0         0.00 Total number of client requests processed
ACCG.std.sub.client_req_hdrbytes                             0         0.00 Client request header bytes total
ACCG.std.sub.client_req_bodybytes                             0         0.00 Client request body bytes total
ACCG.private.total.client_req_count                         20915         0.01 Total number of client requests processed
ACCG.private.total.client_req_hdrbytes                       4199519         2.54 Client request header bytes total
ACCG.private.total.client_req_bodybytes                             0         0.00 Client request body bytes total
ACCG.private.sub.client_req_count                             0         0.00 Total number of client requests processed
ACCG.private.sub.client_req_hdrbytes                             0         0.00 Client request header bytes total
ACCG.private.sub.client_req_bodybytes                             0         0.00 Client request body bytes total
ACCG.other.total.client_req_count                             0         0.00 Total number of client requests processed
ACCG.other.total.client_req_hdrbytes                             0         0.00 Client request header bytes total
ACCG.other.total.client_req_bodybytes                             0         0.00 Client request body bytes total
ACCG.other.sub.client_req_count                             0         0.00 Total number of client requests processed
ACCG.other.sub.client_req_hdrbytes                             0         0.00 Client request header bytes total
ACCG.other.sub.client_req_bodybytes                             0         0.00 Client request body bytes total
ACCG.private.oci.client_req_count                         20915         0.01 Total number of client requests processed
ACCG.private.oci.client_req_hdrbytes                       4199519         2.54 Client request header bytes total
ACCG.private.oci.client_req_bodybytes                             0         0.00 Client request body bytes total
--- 15:32:50 ---
MAIN.client_req_400                             0         0.00 Client requests received, subject to 400 errors
MAIN.client_req_417                             0         0.00 Client requests received, subject to 417 errors
MAIN.client_req                         20915         0.01 Good client requests received
MAIN.cache_hit                         20440         0.01 Cache hits
MAIN.cache_hit_grace                             0         0.00 Cache grace hits
MAIN.cache_hitpass                             0         0.00 Cache hits for pass.
MAIN.cache_hitmiss                             0         0.00 Cache hits for miss.
MAIN.cache_miss                           475         0.00 Cache misses
MAIN.threads_limited                             0         0.00 Threads hit max
MAIN.thread_queue_len                             0          .   Length of session queue
MAIN.busy_sleep                           354         0.00 Number of requests sent to sleep on busy objhdr
MAIN.sess_queued                           315         0.00 Sessions queued for thread
MAIN.sess_dropped                             0         0.00 Sessions dropped for thread
MAIN.n_object                            27          .   object structs made
MAIN.n_object_hitmiss                             0          .   object structs made that are hit-for-miss
MAIN.n_object_hitpass                             0          .   object structs made that are hit-for-pass
MAIN.n_objectcore                           222          .   objectcore structs made
MAIN.n_objecthead                           218          .   objecthead structs made
MAIN.goto_dns_cache_hits                             0         0.00 Cache hits within vmod_goto's DNS
SLICER.slice_cache_hit                             0         0.00 Count of slicer subrequest cache hits
SLICER.slice_cache_miss                             0         0.00 Count of slicer subrequest cache misses
SLICER.meta_cache_hit                             0         0.00 Count of cache hits for slicer top-level requests
SLICER.meta_cache_miss                             0         0.00 Count of cache misses for slicer top-level requests
MSE4_MEM.c_memcache_hit                             0         0.00 Stored objects memory cache hits
MSE4_MEM.c_memcache_miss                             0         0.00 Stored objects memory cache misses
ACCG.std.total.client_req_count                         20915         0.01 Total number of client requests processed
ACCG.std.total.client_req_hdrbytes                       4199519         2.54 Client request header bytes total
ACCG.std.total.client_req_bodybytes                             0         0.00 Client request body bytes total
ACCG.std.sub.client_req_count                             0         0.00 Total number of client requests processed
ACCG.std.sub.client_req_hdrbytes                             0         0.00 Client request header bytes total
ACCG.std.sub.client_req_bodybytes                             0         0.00 Client request body bytes total
ACCG.private.total.client_req_count                         20915         0.01 Total number of client requests processed
ACCG.private.total.client_req_hdrbytes                       4199519         2.54 Client request header bytes total
ACCG.private.total.client_req_bodybytes                             0         0.00 Client request body bytes total
ACCG.private.sub.client_req_count                             0         0.00 Total number of client requests processed
ACCG.private.sub.client_req_hdrbytes                             0         0.00 Client request header bytes total
ACCG.private.sub.client_req_bodybytes                             0         0.00 Client request body bytes total
ACCG.other.total.client_req_count                             0         0.00 Total number of client requests processed
ACCG.other.total.client_req_hdrbytes                             0         0.00 Client request header bytes total
ACCG.other.total.client_req_bodybytes                             0         0.00 Client request body bytes total
ACCG.other.sub.client_req_count                             0         0.00 Total number of client requests processed
ACCG.other.sub.client_req_hdrbytes                             0         0.00 Client request header bytes total
ACCG.other.sub.client_req_bodybytes                             0         0.00 Client request body bytes total
ACCG.private.oci.client_req_count                         20915         0.01 Total number of client requests processed
ACCG.private.oci.client_req_hdrbytes                       4199519         2.54 Client request header bytes total
ACCG.private.oci.client_req_bodybytes                             0         0.00 Client request body bytes total
--- 15:32:52 ---
MAIN.client_req_400                             0         0.00 Client requests received, subject to 400 errors
MAIN.client_req_417                             0         0.00 Client requests received, subject to 417 errors
MAIN.client_req                         20915         0.01 Good client requests received
MAIN.cache_hit                         20440         0.01 Cache hits
MAIN.cache_hit_grace                             0         0.00 Cache grace hits
MAIN.cache_hitpass                             0         0.00 Cache hits for pass.
MAIN.cache_hitmiss                             0         0.00 Cache hits for miss.
MAIN.cache_miss                           475         0.00 Cache misses
MAIN.threads_limited                             0         0.00 Threads hit max
MAIN.thread_queue_len                             0          .   Length of session queue
MAIN.busy_sleep                           354         0.00 Number of requests sent to sleep on busy objhdr
MAIN.sess_queued                           315         0.00 Sessions queued for thread
MAIN.sess_dropped                             0         0.00 Sessions dropped for thread
MAIN.n_object                            27          .   object structs made
MAIN.n_object_hitmiss                             0          .   object structs made that are hit-for-miss
MAIN.n_object_hitpass                             0          .   object structs made that are hit-for-pass
MAIN.n_objectcore                           222          .   objectcore structs made
MAIN.n_objecthead                           218          .   objecthead structs made
MAIN.goto_dns_cache_hits                             0         0.00 Cache hits within vmod_goto's DNS
SLICER.slice_cache_hit                             0         0.00 Count of slicer subrequest cache hits
SLICER.slice_cache_miss                             0         0.00 Count of slicer subrequest cache misses
SLICER.meta_cache_hit                             0         0.00 Count of cache hits for slicer top-level requests
SLICER.meta_cache_miss                             0         0.00 Count of cache misses for slicer top-level requests
MSE4_MEM.c_memcache_hit                             0         0.00 Stored objects memory cache hits
MSE4_MEM.c_memcache_miss                             0         0.00 Stored objects memory cache misses
ACCG.std.total.client_req_count                         20915         0.01 Total number of client requests processed
ACCG.std.total.client_req_hdrbytes                       4199519         2.54 Client request header bytes total
ACCG.std.total.client_req_bodybytes                             0         0.00 Client request body bytes total
ACCG.std.sub.client_req_count                             0         0.00 Total number of client requests processed
ACCG.std.sub.client_req_hdrbytes                             0         0.00 Client request header bytes total
ACCG.std.sub.client_req_bodybytes                             0         0.00 Client request body bytes total
ACCG.private.total.client_req_count                         20915         0.01 Total number of client requests processed
ACCG.private.total.client_req_hdrbytes                       4199519         2.54 Client request header bytes total
ACCG.private.total.client_req_bodybytes                             0         0.00 Client request body bytes total
ACCG.private.sub.client_req_count                             0         0.00 Total number of client requests processed
ACCG.private.sub.client_req_hdrbytes                             0         0.00 Client request header bytes total
ACCG.private.sub.client_req_bodybytes                             0         0.00 Client request body bytes total
ACCG.other.total.client_req_count                             0         0.00 Total number of client requests processed
ACCG.other.total.client_req_hdrbytes                             0         0.00 Client request header bytes total
ACCG.other.total.client_req_bodybytes                             0         0.00 Client request body bytes total
ACCG.other.sub.client_req_count                             0         0.00 Total number of client requests processed
ACCG.other.sub.client_req_hdrbytes                             0         0.00 Client request header bytes total
ACCG.other.sub.client_req_bodybytes                             0         0.00 Client request body bytes total
ACCG.private.oci.client_req_count                         20915         0.01 Total number of client requests processed
ACCG.private.oci.client_req_hdrbytes                       4199519         2.54 Client request header bytes total
ACCG.private.oci.client_req_bodybytes                             0         0.00 Client request body bytes total
--- 15:32:53 ---
MAIN.client_req_400                             0         0.00 Client requests received, subject to 400 errors
MAIN.client_req_417                             0         0.00 Client requests received, subject to 417 errors
MAIN.client_req                         20915         0.01 Good client requests received
MAIN.cache_hit                         20440         0.01 Cache hits
MAIN.cache_hit_grace                             0         0.00 Cache grace hits
MAIN.cache_hitpass                             0         0.00 Cache hits for pass.
MAIN.cache_hitmiss                             0         0.00 Cache hits for miss.
MAIN.cache_miss                           475         0.00 Cache misses
MAIN.threads_limited                             0         0.00 Threads hit max
MAIN.thread_queue_len                             0          .   Length of session queue
MAIN.busy_sleep                           354         0.00 Number of requests sent to sleep on busy objhdr
MAIN.sess_queued                           315         0.00 Sessions queued for thread
MAIN.sess_dropped                             0         0.00 Sessions dropped for thread
MAIN.n_object                            27          .   object structs made
MAIN.n_object_hitmiss                             0          .   object structs made that are hit-for-miss
MAIN.n_object_hitpass                             0          .   object structs made that are hit-for-pass
MAIN.n_objectcore                           222          .   objectcore structs made
MAIN.n_objecthead                           218          .   objecthead structs made
MAIN.goto_dns_cache_hits                             0         0.00 Cache hits within vmod_goto's DNS
SLICER.slice_cache_hit                             0         0.00 Count of slicer subrequest cache hits
SLICER.slice_cache_miss                             0         0.00 Count of slicer subrequest cache misses
SLICER.meta_cache_hit                             0         0.00 Count of cache hits for slicer top-level requests
SLICER.meta_cache_miss                             0         0.00 Count of cache misses for slicer top-level requests
MSE4_MEM.c_memcache_hit                             0         0.00 Stored objects memory cache hits
MSE4_MEM.c_memcache_miss                             0         0.00 Stored objects memory cache misses
ACCG.std.total.client_req_count                         20915         0.01 Total number of client requests processed
ACCG.std.total.client_req_hdrbytes                       4199519         2.54 Client request header bytes total
ACCG.std.total.client_req_bodybytes                             0         0.00 Client request body bytes total
ACCG.std.sub.client_req_count                             0         0.00 Total number of client requests processed
ACCG.std.sub.client_req_hdrbytes                             0         0.00 Client request header bytes total
ACCG.std.sub.client_req_bodybytes                             0         0.00 Client request body bytes total
ACCG.private.total.client_req_count                         20915         0.01 Total number of client requests processed
ACCG.private.total.client_req_hdrbytes                       4199519         2.54 Client request header bytes total
ACCG.private.total.client_req_bodybytes                             0         0.00 Client request body bytes total
ACCG.private.sub.client_req_count                             0         0.00 Total number of client requests processed
ACCG.private.sub.client_req_hdrbytes                             0         0.00 Client request header bytes total
ACCG.private.sub.client_req_bodybytes                             0         0.00 Client request body bytes total
ACCG.other.total.client_req_count                             0         0.00 Total number of client requests processed
ACCG.other.total.client_req_hdrbytes                             0         0.00 Client request header bytes total
ACCG.other.total.client_req_bodybytes                             0         0.00 Client request body bytes total
ACCG.other.sub.client_req_count                             0         0.00 Total number of client requests processed
ACCG.other.sub.client_req_hdrbytes                             0         0.00 Client request header bytes total
ACCG.other.sub.client_req_bodybytes                             0         0.00 Client request body bytes total
ACCG.private.oci.client_req_count                         20915         0.01 Total number of client requests processed
ACCG.private.oci.client_req_hdrbytes                       4199519         2.54 Client request header bytes total
ACCG.private.oci.client_req_bodybytes                             0         0.00 Client request body bytes total
--- 15:32:54 ---
MAIN.client_req_400                             0         0.00 Client requests received, subject to 400 errors
MAIN.client_req_417                             0         0.00 Client requests received, subject to 417 errors
MAIN.client_req                         20915         0.01 Good client requests received
MAIN.cache_hit                         20440         0.01 Cache hits
MAIN.cache_hit_grace                             0         0.00 Cache grace hits
MAIN.cache_hitpass                             0         0.00 Cache hits for pass.
MAIN.cache_hitmiss                             0         0.00 Cache hits for miss.
MAIN.cache_miss                           475         0.00 Cache misses
MAIN.threads_limited                             0         0.00 Threads hit max
MAIN.thread_queue_len                             0          .   Length of session queue
MAIN.busy_sleep                           354         0.00 Number of requests sent to sleep on busy objhdr
MAIN.sess_queued                           315         0.00 Sessions queued for thread
MAIN.sess_dropped                             0         0.00 Sessions dropped for thread
MAIN.n_object                            27          .   object structs made
MAIN.n_object_hitmiss                             0          .   object structs made that are hit-for-miss
MAIN.n_object_hitpass                             0          .   object structs made that are hit-for-pass
MAIN.n_objectcore                           222          .   objectcore structs made
MAIN.n_objecthead                           218          .   objecthead structs made
MAIN.goto_dns_cache_hits                             0         0.00 Cache hits within vmod_goto's DNS
SLICER.slice_cache_hit                             0         0.00 Count of slicer subrequest cache hits
SLICER.slice_cache_miss                             0         0.00 Count of slicer subrequest cache misses
SLICER.meta_cache_hit                             0         0.00 Count of cache hits for slicer top-level requests
SLICER.meta_cache_miss                             0         0.00 Count of cache misses for slicer top-level requests
MSE4_MEM.c_memcache_hit                             0         0.00 Stored objects memory cache hits
MSE4_MEM.c_memcache_miss                             0         0.00 Stored objects memory cache misses
ACCG.std.total.client_req_count                         20915         0.01 Total number of client requests processed
ACCG.std.total.client_req_hdrbytes                       4199519         2.54 Client request header bytes total
ACCG.std.total.client_req_bodybytes                             0         0.00 Client request body bytes total
ACCG.std.sub.client_req_count                             0         0.00 Total number of client requests processed
ACCG.std.sub.client_req_hdrbytes                             0         0.00 Client request header bytes total
ACCG.std.sub.client_req_bodybytes                             0         0.00 Client request body bytes total
ACCG.private.total.client_req_count                         20915         0.01 Total number of client requests processed
ACCG.private.total.client_req_hdrbytes                       4199519         2.54 Client request header bytes total
ACCG.private.total.client_req_bodybytes                             0         0.00 Client request body bytes total
ACCG.private.sub.client_req_count                             0         0.00 Total number of client requests processed
ACCG.private.sub.client_req_hdrbytes                             0         0.00 Client request header bytes total
ACCG.private.sub.client_req_bodybytes                             0         0.00 Client request body bytes total
ACCG.other.total.client_req_count                             0         0.00 Total number of client requests processed
ACCG.other.total.client_req_hdrbytes                             0         0.00 Client request header bytes total
ACCG.other.total.client_req_bodybytes                             0         0.00 Client request body bytes total
ACCG.other.sub.client_req_count                             0         0.00 Total number of client requests processed
ACCG.other.sub.client_req_hdrbytes                             0         0.00 Client request header bytes total
ACCG.other.sub.client_req_bodybytes                             0         0.00 Client request body bytes total
ACCG.private.oci.client_req_count                         20915         0.01 Total number of client requests processed
ACCG.private.oci.client_req_hdrbytes                       4199519         2.54 Client request header bytes total
ACCG.private.oci.client_req_bodybytes                             0         0.00 Client request body bytes total
--- 15:32:55 ---
MAIN.client_req_400                             0         0.00 Client requests received, subject to 400 errors
MAIN.client_req_417                             0         0.00 Client requests received, subject to 417 errors
MAIN.client_req                         20915         0.01 Good client requests received
MAIN.cache_hit                         20440         0.01 Cache hits
MAIN.cache_hit_grace                             0         0.00 Cache grace hits
MAIN.cache_hitpass                             0         0.00 Cache hits for pass.
MAIN.cache_hitmiss                             0         0.00 Cache hits for miss.
MAIN.cache_miss                           475         0.00 Cache misses
MAIN.threads_limited                             0         0.00 Threads hit max
MAIN.thread_queue_len                             0          .   Length of session queue
MAIN.busy_sleep                           354         0.00 Number of requests sent to sleep on busy objhdr
MAIN.sess_queued                           315         0.00 Sessions queued for thread
MAIN.sess_dropped                             0         0.00 Sessions dropped for thread
MAIN.n_object                            27          .   object structs made
MAIN.n_object_hitmiss                             0          .   object structs made that are hit-for-miss
MAIN.n_object_hitpass                             0          .   object structs made that are hit-for-pass
MAIN.n_objectcore                           222          .   objectcore structs made
MAIN.n_objecthead                           218          .   objecthead structs made
MAIN.goto_dns_cache_hits                             0         0.00 Cache hits within vmod_goto's DNS
SLICER.slice_cache_hit                             0         0.00 Count of slicer subrequest cache hits
SLICER.slice_cache_miss                             0         0.00 Count of slicer subrequest cache misses
SLICER.meta_cache_hit                             0         0.00 Count of cache hits for slicer top-level requests
SLICER.meta_cache_miss                             0         0.00 Count of cache misses for slicer top-level requests
MSE4_MEM.c_memcache_hit                             0         0.00 Stored objects memory cache hits
MSE4_MEM.c_memcache_miss                             0         0.00 Stored objects memory cache misses
ACCG.std.total.client_req_count                         20915         0.01 Total number of client requests processed
ACCG.std.total.client_req_hdrbytes                       4199519         2.54 Client request header bytes total
ACCG.std.total.client_req_bodybytes                             0         0.00 Client request body bytes total
ACCG.std.sub.client_req_count                             0         0.00 Total number of client requests processed
ACCG.std.sub.client_req_hdrbytes                             0         0.00 Client request header bytes total
ACCG.std.sub.client_req_bodybytes                             0         0.00 Client request body bytes total
ACCG.private.total.client_req_count                         20915         0.01 Total number of client requests processed
ACCG.private.total.client_req_hdrbytes                       4199519         2.54 Client request header bytes total
ACCG.private.total.client_req_bodybytes                             0         0.00 Client request body bytes total
ACCG.private.sub.client_req_count                             0         0.00 Total number of client requests processed
ACCG.private.sub.client_req_hdrbytes                             0         0.00 Client request header bytes total
ACCG.private.sub.client_req_bodybytes                             0         0.00 Client request body bytes total
ACCG.other.total.client_req_count                             0         0.00 Total number of client requests processed
ACCG.other.total.client_req_hdrbytes                             0         0.00 Client request header bytes total
ACCG.other.total.client_req_bodybytes                             0         0.00 Client request body bytes total
ACCG.other.sub.client_req_count                             0         0.00 Total number of client requests processed
ACCG.other.sub.client_req_hdrbytes                             0         0.00 Client request header bytes total
ACCG.other.sub.client_req_bodybytes                             0         0.00 Client request body bytes total
ACCG.private.oci.client_req_count                         20915         0.01 Total number of client requests processed
ACCG.private.oci.client_req_hdrbytes                       4199519         2.54 Client request header bytes total
ACCG.private.oci.client_req_bodybytes                             0         0.00 Client request body bytes total
--- 15:32:56 ---
MAIN.client_req_400                             0         0.00 Client requests received, subject to 400 errors
MAIN.client_req_417                             0         0.00 Client requests received, subject to 417 errors
MAIN.client_req                         20915         0.01 Good client requests received
MAIN.cache_hit                         20440         0.01 Cache hits
MAIN.cache_hit_grace                             0         0.00 Cache grace hits
MAIN.cache_hitpass                             0         0.00 Cache hits for pass.
MAIN.cache_hitmiss                             0         0.00 Cache hits for miss.
MAIN.cache_miss                           475         0.00 Cache misses
MAIN.threads_limited                             0         0.00 Threads hit max
MAIN.thread_queue_len                             0          .   Length of session queue
MAIN.busy_sleep                           354         0.00 Number of requests sent to sleep on busy objhdr
MAIN.sess_queued                           315         0.00 Sessions queued for thread
MAIN.sess_dropped                             0         0.00 Sessions dropped for thread
MAIN.n_object                            27          .   object structs made
MAIN.n_object_hitmiss                             0          .   object structs made that are hit-for-miss
MAIN.n_object_hitpass                             0          .   object structs made that are hit-for-pass
MAIN.n_objectcore                           222          .   objectcore structs made
MAIN.n_objecthead                           218          .   objecthead structs made
MAIN.goto_dns_cache_hits                             0         0.00 Cache hits within vmod_goto's DNS
SLICER.slice_cache_hit                             0         0.00 Count of slicer subrequest cache hits
SLICER.slice_cache_miss                             0         0.00 Count of slicer subrequest cache misses
SLICER.meta_cache_hit                             0         0.00 Count of cache hits for slicer top-level requests
SLICER.meta_cache_miss                             0         0.00 Count of cache misses for slicer top-level requests
MSE4_MEM.c_memcache_hit                             0         0.00 Stored objects memory cache hits
MSE4_MEM.c_memcache_miss                             0         0.00 Stored objects memory cache misses
ACCG.std.total.client_req_count                         20915         0.01 Total number of client requests processed
ACCG.std.total.client_req_hdrbytes                       4199519         2.54 Client request header bytes total
ACCG.std.total.client_req_bodybytes                             0         0.00 Client request body bytes total
ACCG.std.sub.client_req_count                             0         0.00 Total number of client requests processed
ACCG.std.sub.client_req_hdrbytes                             0         0.00 Client request header bytes total
ACCG.std.sub.client_req_bodybytes                             0         0.00 Client request body bytes total
ACCG.private.total.client_req_count                         20915         0.01 Total number of client requests processed
ACCG.private.total.client_req_hdrbytes                       4199519         2.54 Client request header bytes total
ACCG.private.total.client_req_bodybytes                             0         0.00 Client request body bytes total
ACCG.private.sub.client_req_count                             0         0.00 Total number of client requests processed
ACCG.private.sub.client_req_hdrbytes                             0         0.00 Client request header bytes total
ACCG.private.sub.client_req_bodybytes                             0         0.00 Client request body bytes total
ACCG.other.total.client_req_count                             0         0.00 Total number of client requests processed
ACCG.other.total.client_req_hdrbytes                             0         0.00 Client request header bytes total
ACCG.other.total.client_req_bodybytes                             0         0.00 Client request body bytes total
ACCG.other.sub.client_req_count                             0         0.00 Total number of client requests processed
ACCG.other.sub.client_req_hdrbytes                             0         0.00 Client request header bytes total
ACCG.other.sub.client_req_bodybytes                             0         0.00 Client request body bytes total
ACCG.private.oci.client_req_count                         20915         0.01 Total number of client requests processed
ACCG.private.oci.client_req_hdrbytes                       4199519         2.54 Client request header bytes total
ACCG.private.oci.client_req_bodybytes                             0         0.00 Client request body bytes total
--- 15:32:57 ---
MAIN.client_req_400                             0         0.00 Client requests received, subject to 400 errors
MAIN.client_req_417                             0         0.00 Client requests received, subject to 417 errors
MAIN.client_req                         20915         0.01 Good client requests received
MAIN.cache_hit                         20440         0.01 Cache hits
MAIN.cache_hit_grace                             0         0.00 Cache grace hits
MAIN.cache_hitpass                             0         0.00 Cache hits for pass.
MAIN.cache_hitmiss                             0         0.00 Cache hits for miss.
MAIN.cache_miss                           475         0.00 Cache misses
MAIN.threads_limited                             0         0.00 Threads hit max
MAIN.thread_queue_len                             0          .   Length of session queue
MAIN.busy_sleep                           354         0.00 Number of requests sent to sleep on busy objhdr
MAIN.sess_queued                           315         0.00 Sessions queued for thread
MAIN.sess_dropped                             0         0.00 Sessions dropped for thread
MAIN.n_object                            27          .   object structs made
MAIN.n_object_hitmiss                             0          .   object structs made that are hit-for-miss
MAIN.n_object_hitpass                             0          .   object structs made that are hit-for-pass
MAIN.n_objectcore                           222          .   objectcore structs made
MAIN.n_objecthead                           218          .   objecthead structs made
MAIN.goto_dns_cache_hits                             0         0.00 Cache hits within vmod_goto's DNS
SLICER.slice_cache_hit                             0         0.00 Count of slicer subrequest cache hits
SLICER.slice_cache_miss                             0         0.00 Count of slicer subrequest cache misses
SLICER.meta_cache_hit                             0         0.00 Count of cache hits for slicer top-level requests
SLICER.meta_cache_miss                             0         0.00 Count of cache misses for slicer top-level requests
MSE4_MEM.c_memcache_hit                             0         0.00 Stored objects memory cache hits
MSE4_MEM.c_memcache_miss                             0         0.00 Stored objects memory cache misses
ACCG.std.total.client_req_count                         20915         0.01 Total number of client requests processed
ACCG.std.total.client_req_hdrbytes                       4199519         2.54 Client request header bytes total
ACCG.std.total.client_req_bodybytes                             0         0.00 Client request body bytes total
ACCG.std.sub.client_req_count                             0         0.00 Total number of client requests processed
ACCG.std.sub.client_req_hdrbytes                             0         0.00 Client request header bytes total
ACCG.std.sub.client_req_bodybytes                             0         0.00 Client request body bytes total
ACCG.private.total.client_req_count                         20915         0.01 Total number of client requests processed
ACCG.private.total.client_req_hdrbytes                       4199519         2.54 Client request header bytes total
ACCG.private.total.client_req_bodybytes                             0         0.00 Client request body bytes total
ACCG.private.sub.client_req_count                             0         0.00 Total number of client requests processed
ACCG.private.sub.client_req_hdrbytes                             0         0.00 Client request header bytes total
ACCG.private.sub.client_req_bodybytes                             0         0.00 Client request body bytes total
ACCG.other.total.client_req_count                             0         0.00 Total number of client requests processed
ACCG.other.total.client_req_hdrbytes                             0         0.00 Client request header bytes total
ACCG.other.total.client_req_bodybytes                             0         0.00 Client request body bytes total
ACCG.other.sub.client_req_count                             0         0.00 Total number of client requests processed
ACCG.other.sub.client_req_hdrbytes                             0         0.00 Client request header bytes total
ACCG.other.sub.client_req_bodybytes                             0         0.00 Client request body bytes total
ACCG.private.oci.client_req_count                         20915         0.01 Total number of client requests processed
ACCG.private.oci.client_req_hdrbytes                       4199519         2.54 Client request header bytes total
ACCG.private.oci.client_req_bodybytes                             0         0.00 Client request body bytes total
--- 15:32:58 ---
MAIN.client_req_400                             0         0.00 Client requests received, subject to 400 errors
MAIN.client_req_417                             0         0.00 Client requests received, subject to 417 errors
MAIN.client_req                         20915         0.01 Good client requests received
MAIN.cache_hit                         20440         0.01 Cache hits
MAIN.cache_hit_grace                             0         0.00 Cache grace hits
MAIN.cache_hitpass                             0         0.00 Cache hits for pass.
MAIN.cache_hitmiss                             0         0.00 Cache hits for miss.
MAIN.cache_miss                           475         0.00 Cache misses
MAIN.threads_limited                             0         0.00 Threads hit max
MAIN.thread_queue_len                             0          .   Length of session queue
MAIN.busy_sleep                           354         0.00 Number of requests sent to sleep on busy objhdr
MAIN.sess_queued                           315         0.00 Sessions queued for thread
MAIN.sess_dropped                             0         0.00 Sessions dropped for thread
MAIN.n_object                            27          .   object structs made
MAIN.n_object_hitmiss                             0          .   object structs made that are hit-for-miss
MAIN.n_object_hitpass                             0          .   object structs made that are hit-for-pass
MAIN.n_objectcore                           222          .   objectcore structs made
MAIN.n_objecthead                           218          .   objecthead structs made
MAIN.goto_dns_cache_hits                             0         0.00 Cache hits within vmod_goto's DNS
SLICER.slice_cache_hit                             0         0.00 Count of slicer subrequest cache hits
SLICER.slice_cache_miss                             0         0.00 Count of slicer subrequest cache misses
SLICER.meta_cache_hit                             0         0.00 Count of cache hits for slicer top-level requests
SLICER.meta_cache_miss                             0         0.00 Count of cache misses for slicer top-level requests
MSE4_MEM.c_memcache_hit                             0         0.00 Stored objects memory cache hits
MSE4_MEM.c_memcache_miss                             0         0.00 Stored objects memory cache misses
ACCG.std.total.client_req_count                         20915         0.01 Total number of client requests processed
ACCG.std.total.client_req_hdrbytes                       4199519         2.54 Client request header bytes total
ACCG.std.total.client_req_bodybytes                             0         0.00 Client request body bytes total
ACCG.std.sub.client_req_count                             0         0.00 Total number of client requests processed
ACCG.std.sub.client_req_hdrbytes                             0         0.00 Client request header bytes total
ACCG.std.sub.client_req_bodybytes                             0         0.00 Client request body bytes total
ACCG.private.total.client_req_count                         20915         0.01 Total number of client requests processed
ACCG.private.total.client_req_hdrbytes                       4199519         2.54 Client request header bytes total
ACCG.private.total.client_req_bodybytes                             0         0.00 Client request body bytes total
ACCG.private.sub.client_req_count                             0         0.00 Total number of client requests processed
ACCG.private.sub.client_req_hdrbytes                             0         0.00 Client request header bytes total
ACCG.private.sub.client_req_bodybytes                             0         0.00 Client request body bytes total
ACCG.other.total.client_req_count                             0         0.00 Total number of client requests processed
ACCG.other.total.client_req_hdrbytes                             0         0.00 Client request header bytes total
ACCG.other.total.client_req_bodybytes                             0         0.00 Client request body bytes total
ACCG.other.sub.client_req_count                             0         0.00 Total number of client requests processed
ACCG.other.sub.client_req_hdrbytes                             0         0.00 Client request header bytes total
ACCG.other.sub.client_req_bodybytes                             0         0.00 Client request body bytes total
ACCG.private.oci.client_req_count                         20915         0.01 Total number of client requests processed
ACCG.private.oci.client_req_hdrbytes                       4199519         2.54 Client request header bytes total
ACCG.private.oci.client_req_bodybytes                             0         0.00 Client request body bytes total
--- 15:32:59 ---
MAIN.client_req_400                             0         0.00 Client requests received, subject to 400 errors
MAIN.client_req_417                             0         0.00 Client requests received, subject to 417 errors
MAIN.client_req                         20915         0.01 Good client requests received
MAIN.cache_hit                         20440         0.01 Cache hits
MAIN.cache_hit_grace                             0         0.00 Cache grace hits
MAIN.cache_hitpass                             0         0.00 Cache hits for pass.
MAIN.cache_hitmiss                             0         0.00 Cache hits for miss.
MAIN.cache_miss                           475         0.00 Cache misses
MAIN.threads_limited                             0         0.00 Threads hit max
MAIN.thread_queue_len                             0          .   Length of session queue
MAIN.busy_sleep                           354         0.00 Number of requests sent to sleep on busy objhdr
MAIN.sess_queued                           315         0.00 Sessions queued for thread
MAIN.sess_dropped                             0         0.00 Sessions dropped for thread
MAIN.n_object                            27          .   object structs made
MAIN.n_object_hitmiss                             0          .   object structs made that are hit-for-miss
MAIN.n_object_hitpass                             0          .   object structs made that are hit-for-pass
MAIN.n_objectcore                           222          .   objectcore structs made
MAIN.n_objecthead                           218          .   objecthead structs made
MAIN.goto_dns_cache_hits                             0         0.00 Cache hits within vmod_goto's DNS
SLICER.slice_cache_hit                             0         0.00 Count of slicer subrequest cache hits
SLICER.slice_cache_miss                             0         0.00 Count of slicer subrequest cache misses
SLICER.meta_cache_hit                             0         0.00 Count of cache hits for slicer top-level requests
SLICER.meta_cache_miss                             0         0.00 Count of cache misses for slicer top-level requests
MSE4_MEM.c_memcache_hit                             0         0.00 Stored objects memory cache hits
MSE4_MEM.c_memcache_miss                             0         0.00 Stored objects memory cache misses
ACCG.std.total.client_req_count                         20915         0.01 Total number of client requests processed
ACCG.std.total.client_req_hdrbytes                       4199519         2.54 Client request header bytes total
ACCG.std.total.client_req_bodybytes                             0         0.00 Client request body bytes total
ACCG.std.sub.client_req_count                             0         0.00 Total number of client requests processed
ACCG.std.sub.client_req_hdrbytes                             0         0.00 Client request header bytes total
ACCG.std.sub.client_req_bodybytes                             0         0.00 Client request body bytes total
ACCG.private.total.client_req_count                         20915         0.01 Total number of client requests processed
ACCG.private.total.client_req_hdrbytes                       4199519         2.54 Client request header bytes total
ACCG.private.total.client_req_bodybytes                             0         0.00 Client request body bytes total
ACCG.private.sub.client_req_count                             0         0.00 Total number of client requests processed
ACCG.private.sub.client_req_hdrbytes                             0         0.00 Client request header bytes total
ACCG.private.sub.client_req_bodybytes                             0         0.00 Client request body bytes total
ACCG.other.total.client_req_count                             0         0.00 Total number of client requests processed
ACCG.other.total.client_req_hdrbytes                             0         0.00 Client request header bytes total
ACCG.other.total.client_req_bodybytes                             0         0.00 Client request body bytes total
ACCG.other.sub.client_req_count                             0         0.00 Total number of client requests processed
ACCG.other.sub.client_req_hdrbytes                             0         0.00 Client request header bytes total
ACCG.other.sub.client_req_bodybytes                             0         0.00 Client request body bytes total
ACCG.private.oci.client_req_count                         20915         0.01 Total number of client requests processed
ACCG.private.oci.client_req_hdrbytes                       4199519         2.54 Client request header bytes total
ACCG.private.oci.client_req_bodybytes                             0         0.00 Client request body bytes total
--- 15:33:01 ---
MAIN.client_req_400                             0         0.00 Client requests received, subject to 400 errors
MAIN.client_req_417                             0         0.00 Client requests received, subject to 417 errors
MAIN.client_req                         20915         0.01 Good client requests received
MAIN.cache_hit                         20440         0.01 Cache hits
MAIN.cache_hit_grace                             0         0.00 Cache grace hits
MAIN.cache_hitpass                             0         0.00 Cache hits for pass.
MAIN.cache_hitmiss                             0         0.00 Cache hits for miss.
MAIN.cache_miss                           475         0.00 Cache misses
MAIN.threads_limited                             0         0.00 Threads hit max
MAIN.thread_queue_len                             0          .   Length of session queue
MAIN.busy_sleep                           354         0.00 Number of requests sent to sleep on busy objhdr
MAIN.sess_queued                           315         0.00 Sessions queued for thread
MAIN.sess_dropped                             0         0.00 Sessions dropped for thread
MAIN.n_object                            27          .   object structs made
MAIN.n_object_hitmiss                             0          .   object structs made that are hit-for-miss
MAIN.n_object_hitpass                             0          .   object structs made that are hit-for-pass
MAIN.n_objectcore                           222          .   objectcore structs made
MAIN.n_objecthead                           218          .   objecthead structs made
MAIN.goto_dns_cache_hits                             0         0.00 Cache hits within vmod_goto's DNS
SLICER.slice_cache_hit                             0         0.00 Count of slicer subrequest cache hits
SLICER.slice_cache_miss                             0         0.00 Count of slicer subrequest cache misses
SLICER.meta_cache_hit                             0         0.00 Count of cache hits for slicer top-level requests
SLICER.meta_cache_miss                             0         0.00 Count of cache misses for slicer top-level requests
MSE4_MEM.c_memcache_hit                             0         0.00 Stored objects memory cache hits
MSE4_MEM.c_memcache_miss                             0         0.00 Stored objects memory cache misses
ACCG.std.total.client_req_count                         20915         0.01 Total number of client requests processed
ACCG.std.total.client_req_hdrbytes                       4199519         2.54 Client request header bytes total
ACCG.std.total.client_req_bodybytes                             0         0.00 Client request body bytes total
ACCG.std.sub.client_req_count                             0         0.00 Total number of client requests processed
ACCG.std.sub.client_req_hdrbytes                             0         0.00 Client request header bytes total
ACCG.std.sub.client_req_bodybytes                             0         0.00 Client request body bytes total
ACCG.private.total.client_req_count                         20915         0.01 Total number of client requests processed
ACCG.private.total.client_req_hdrbytes                       4199519         2.54 Client request header bytes total
ACCG.private.total.client_req_bodybytes                             0         0.00 Client request body bytes total
ACCG.private.sub.client_req_count                             0         0.00 Total number of client requests processed
ACCG.private.sub.client_req_hdrbytes                             0         0.00 Client request header bytes total
ACCG.private.sub.client_req_bodybytes                             0         0.00 Client request body bytes total
ACCG.other.total.client_req_count                             0         0.00 Total number of client requests processed
ACCG.other.total.client_req_hdrbytes                             0         0.00 Client request header bytes total
ACCG.other.total.client_req_bodybytes                             0         0.00 Client request body bytes total
ACCG.other.sub.client_req_count                             0         0.00 Total number of client requests processed
ACCG.other.sub.client_req_hdrbytes                             0         0.00 Client request header bytes total
ACCG.other.sub.client_req_bodybytes                             0         0.00 Client request body bytes total
ACCG.private.oci.client_req_count                         20915         0.01 Total number of client requests processed
ACCG.private.oci.client_req_hdrbytes                       4199519         2.54 Client request header bytes total
ACCG.private.oci.client_req_bodybytes                             0         0.00 Client request body bytes total
--- 15:33:02 ---
MAIN.client_req_400                             0         0.00 Client requests received, subject to 400 errors
MAIN.client_req_417                             0         0.00 Client requests received, subject to 417 errors
MAIN.client_req                         20915         0.01 Good client requests received
MAIN.cache_hit                         20440         0.01 Cache hits
MAIN.cache_hit_grace                             0         0.00 Cache grace hits
MAIN.cache_hitpass                             0         0.00 Cache hits for pass.
MAIN.cache_hitmiss                             0         0.00 Cache hits for miss.
MAIN.cache_miss                           475         0.00 Cache misses
MAIN.threads_limited                             0         0.00 Threads hit max
MAIN.thread_queue_len                             0          .   Length of session queue
MAIN.busy_sleep                           354         0.00 Number of requests sent to sleep on busy objhdr
MAIN.sess_queued                           315         0.00 Sessions queued for thread
MAIN.sess_dropped                             0         0.00 Sessions dropped for thread
MAIN.n_object                            27          .   object structs made
MAIN.n_object_hitmiss                             0          .   object structs made that are hit-for-miss
MAIN.n_object_hitpass                             0          .   object structs made that are hit-for-pass
MAIN.n_objectcore                           222          .   objectcore structs made
MAIN.n_objecthead                           218          .   objecthead structs made
MAIN.goto_dns_cache_hits                             0         0.00 Cache hits within vmod_goto's DNS
SLICER.slice_cache_hit                             0         0.00 Count of slicer subrequest cache hits
SLICER.slice_cache_miss                             0         0.00 Count of slicer subrequest cache misses
SLICER.meta_cache_hit                             0         0.00 Count of cache hits for slicer top-level requests
SLICER.meta_cache_miss                             0         0.00 Count of cache misses for slicer top-level requests
MSE4_MEM.c_memcache_hit                             0         0.00 Stored objects memory cache hits
MSE4_MEM.c_memcache_miss                             0         0.00 Stored objects memory cache misses
ACCG.std.total.client_req_count                         20915         0.01 Total number of client requests processed
ACCG.std.total.client_req_hdrbytes                       4199519         2.54 Client request header bytes total
ACCG.std.total.client_req_bodybytes                             0         0.00 Client request body bytes total
ACCG.std.sub.client_req_count                             0         0.00 Total number of client requests processed
ACCG.std.sub.client_req_hdrbytes                             0         0.00 Client request header bytes total
ACCG.std.sub.client_req_bodybytes                             0         0.00 Client request body bytes total
ACCG.private.total.client_req_count                         20915         0.01 Total number of client requests processed
ACCG.private.total.client_req_hdrbytes                       4199519         2.54 Client request header bytes total
ACCG.private.total.client_req_bodybytes                             0         0.00 Client request body bytes total
ACCG.private.sub.client_req_count                             0         0.00 Total number of client requests processed
ACCG.private.sub.client_req_hdrbytes                             0         0.00 Client request header bytes total
ACCG.private.sub.client_req_bodybytes                             0         0.00 Client request body bytes total
ACCG.other.total.client_req_count                             0         0.00 Total number of client requests processed
ACCG.other.total.client_req_hdrbytes                             0         0.00 Client request header bytes total
ACCG.other.total.client_req_bodybytes                             0         0.00 Client request body bytes total
ACCG.other.sub.client_req_count                             0         0.00 Total number of client requests processed
ACCG.other.sub.client_req_hdrbytes                             0         0.00 Client request header bytes total
ACCG.other.sub.client_req_bodybytes                             0         0.00 Client request body bytes total
ACCG.private.oci.client_req_count                         20915         0.01 Total number of client requests processed
ACCG.private.oci.client_req_hdrbytes                       4199519         2.54 Client request header bytes total
ACCG.private.oci.client_req_bodybytes                             0         0.00 Client request body bytes total
--- 15:33:03 ---
MAIN.client_req_400                             0         0.00 Client requests received, subject to 400 errors
MAIN.client_req_417                             0         0.00 Client requests received, subject to 417 errors
MAIN.client_req                         20915         0.01 Good client requests received
MAIN.cache_hit                         20440         0.01 Cache hits
MAIN.cache_hit_grace                             0         0.00 Cache grace hits
MAIN.cache_hitpass                             0         0.00 Cache hits for pass.
MAIN.cache_hitmiss                             0         0.00 Cache hits for miss.
MAIN.cache_miss                           475         0.00 Cache misses
MAIN.threads_limited                             0         0.00 Threads hit max
MAIN.thread_queue_len                             0          .   Length of session queue
MAIN.busy_sleep                           354         0.00 Number of requests sent to sleep on busy objhdr
MAIN.sess_queued                           315         0.00 Sessions queued for thread
MAIN.sess_dropped                             0         0.00 Sessions dropped for thread
MAIN.n_object                            27          .   object structs made
MAIN.n_object_hitmiss                             0          .   object structs made that are hit-for-miss
MAIN.n_object_hitpass                             0          .   object structs made that are hit-for-pass
MAIN.n_objectcore                           222          .   objectcore structs made
MAIN.n_objecthead                           218          .   objecthead structs made
MAIN.goto_dns_cache_hits                             0         0.00 Cache hits within vmod_goto's DNS
SLICER.slice_cache_hit                             0         0.00 Count of slicer subrequest cache hits
SLICER.slice_cache_miss                             0         0.00 Count of slicer subrequest cache misses
SLICER.meta_cache_hit                             0         0.00 Count of cache hits for slicer top-level requests
SLICER.meta_cache_miss                             0         0.00 Count of cache misses for slicer top-level requests
MSE4_MEM.c_memcache_hit                             0         0.00 Stored objects memory cache hits
MSE4_MEM.c_memcache_miss                             0         0.00 Stored objects memory cache misses
ACCG.std.total.client_req_count                         20915         0.01 Total number of client requests processed
ACCG.std.total.client_req_hdrbytes                       4199519         2.54 Client request header bytes total
ACCG.std.total.client_req_bodybytes                             0         0.00 Client request body bytes total
ACCG.std.sub.client_req_count                             0         0.00 Total number of client requests processed
ACCG.std.sub.client_req_hdrbytes                             0         0.00 Client request header bytes total
ACCG.std.sub.client_req_bodybytes                             0         0.00 Client request body bytes total
ACCG.private.total.client_req_count                         20915         0.01 Total number of client requests processed
ACCG.private.total.client_req_hdrbytes                       4199519         2.54 Client request header bytes total
ACCG.private.total.client_req_bodybytes                             0         0.00 Client request body bytes total
ACCG.private.sub.client_req_count                             0         0.00 Total number of client requests processed
ACCG.private.sub.client_req_hdrbytes                             0         0.00 Client request header bytes total
ACCG.private.sub.client_req_bodybytes                             0         0.00 Client request body bytes total
ACCG.other.total.client_req_count                             0         0.00 Total number of client requests processed
ACCG.other.total.client_req_hdrbytes                             0         0.00 Client request header bytes total
ACCG.other.total.client_req_bodybytes                             0         0.00 Client request body bytes total
ACCG.other.sub.client_req_count                             0         0.00 Total number of client requests processed
ACCG.other.sub.client_req_hdrbytes                             0         0.00 Client request header bytes total
ACCG.other.sub.client_req_bodybytes                             0         0.00 Client request body bytes total
ACCG.private.oci.client_req_count                         20915         0.01 Total number of client requests processed
ACCG.private.oci.client_req_hdrbytes                       4199519         2.54 Client request header bytes total
ACCG.private.oci.client_req_bodybytes                             0         0.00 Client request body bytes total
--- 15:33:04 ---
MAIN.client_req_400                             0         0.00 Client requests received, subject to 400 errors
MAIN.client_req_417                             0         0.00 Client requests received, subject to 417 errors
MAIN.client_req                         20915         0.01 Good client requests received
MAIN.cache_hit                         20440         0.01 Cache hits
MAIN.cache_hit_grace                             0         0.00 Cache grace hits
MAIN.cache_hitpass                             0         0.00 Cache hits for pass.
MAIN.cache_hitmiss                             0         0.00 Cache hits for miss.
MAIN.cache_miss                           475         0.00 Cache misses
MAIN.threads_limited                             0         0.00 Threads hit max
MAIN.thread_queue_len                             0          .   Length of session queue
MAIN.busy_sleep                           354         0.00 Number of requests sent to sleep on busy objhdr
MAIN.sess_queued                           315         0.00 Sessions queued for thread
MAIN.sess_dropped                             0         0.00 Sessions dropped for thread
MAIN.n_object                            27          .   object structs made
MAIN.n_object_hitmiss                             0          .   object structs made that are hit-for-miss
MAIN.n_object_hitpass                             0          .   object structs made that are hit-for-pass
MAIN.n_objectcore                           222          .   objectcore structs made
MAIN.n_objecthead                           218          .   objecthead structs made
MAIN.goto_dns_cache_hits                             0         0.00 Cache hits within vmod_goto's DNS
SLICER.slice_cache_hit                             0         0.00 Count of slicer subrequest cache hits
SLICER.slice_cache_miss                             0         0.00 Count of slicer subrequest cache misses
SLICER.meta_cache_hit                             0         0.00 Count of cache hits for slicer top-level requests
SLICER.meta_cache_miss                             0         0.00 Count of cache misses for slicer top-level requests
MSE4_MEM.c_memcache_hit                             0         0.00 Stored objects memory cache hits
MSE4_MEM.c_memcache_miss                             0         0.00 Stored objects memory cache misses
ACCG.std.total.client_req_count                         20915         0.01 Total number of client requests processed
ACCG.std.total.client_req_hdrbytes                       4199519         2.54 Client request header bytes total
ACCG.std.total.client_req_bodybytes                             0         0.00 Client request body bytes total
ACCG.std.sub.client_req_count                             0         0.00 Total number of client requests processed
ACCG.std.sub.client_req_hdrbytes                             0         0.00 Client request header bytes total
ACCG.std.sub.client_req_bodybytes                             0         0.00 Client request body bytes total
ACCG.private.total.client_req_count                         20915         0.01 Total number of client requests processed
ACCG.private.total.client_req_hdrbytes                       4199519         2.54 Client request header bytes total
ACCG.private.total.client_req_bodybytes                             0         0.00 Client request body bytes total
ACCG.private.sub.client_req_count                             0         0.00 Total number of client requests processed
ACCG.private.sub.client_req_hdrbytes                             0         0.00 Client request header bytes total
ACCG.private.sub.client_req_bodybytes                             0         0.00 Client request body bytes total
ACCG.other.total.client_req_count                             0         0.00 Total number of client requests processed
ACCG.other.total.client_req_hdrbytes                             0         0.00 Client request header bytes total
ACCG.other.total.client_req_bodybytes                             0         0.00 Client request body bytes total
ACCG.other.sub.client_req_count                             0         0.00 Total number of client requests processed
ACCG.other.sub.client_req_hdrbytes                             0         0.00 Client request header bytes total
ACCG.other.sub.client_req_bodybytes                             0         0.00 Client request body bytes total
ACCG.private.oci.client_req_count                         20915         0.01 Total number of client requests processed
ACCG.private.oci.client_req_hdrbytes                       4199519         2.54 Client request header bytes total
ACCG.private.oci.client_req_bodybytes                             0         0.00 Client request body bytes total
--- 15:33:05 ---
MAIN.client_req_400                             0         0.00 Client requests received, subject to 400 errors
MAIN.client_req_417                             0         0.00 Client requests received, subject to 417 errors
MAIN.client_req                         20915         0.01 Good client requests received
MAIN.cache_hit                         20440         0.01 Cache hits
MAIN.cache_hit_grace                             0         0.00 Cache grace hits
MAIN.cache_hitpass                             0         0.00 Cache hits for pass.
MAIN.cache_hitmiss                             0         0.00 Cache hits for miss.
MAIN.cache_miss                           475         0.00 Cache misses
MAIN.threads_limited                             0         0.00 Threads hit max
MAIN.thread_queue_len                             0          .   Length of session queue
MAIN.busy_sleep                           354         0.00 Number of requests sent to sleep on busy objhdr
MAIN.sess_queued                           315         0.00 Sessions queued for thread
MAIN.sess_dropped                             0         0.00 Sessions dropped for thread
MAIN.n_object                            27          .   object structs made
MAIN.n_object_hitmiss                             0          .   object structs made that are hit-for-miss
MAIN.n_object_hitpass                             0          .   object structs made that are hit-for-pass
MAIN.n_objectcore                           222          .   objectcore structs made
MAIN.n_objecthead                           218          .   objecthead structs made
MAIN.goto_dns_cache_hits                             0         0.00 Cache hits within vmod_goto's DNS
SLICER.slice_cache_hit                             0         0.00 Count of slicer subrequest cache hits
SLICER.slice_cache_miss                             0         0.00 Count of slicer subrequest cache misses
SLICER.meta_cache_hit                             0         0.00 Count of cache hits for slicer top-level requests
SLICER.meta_cache_miss                             0         0.00 Count of cache misses for slicer top-level requests
MSE4_MEM.c_memcache_hit                             0         0.00 Stored objects memory cache hits
MSE4_MEM.c_memcache_miss                             0         0.00 Stored objects memory cache misses
ACCG.std.total.client_req_count                         20915         0.01 Total number of client requests processed
ACCG.std.total.client_req_hdrbytes                       4199519         2.54 Client request header bytes total
ACCG.std.total.client_req_bodybytes                             0         0.00 Client request body bytes total
ACCG.std.sub.client_req_count                             0         0.00 Total number of client requests processed
ACCG.std.sub.client_req_hdrbytes                             0         0.00 Client request header bytes total
ACCG.std.sub.client_req_bodybytes                             0         0.00 Client request body bytes total
ACCG.private.total.client_req_count                         20915         0.01 Total number of client requests processed
ACCG.private.total.client_req_hdrbytes                       4199519         2.54 Client request header bytes total
ACCG.private.total.client_req_bodybytes                             0         0.00 Client request body bytes total
ACCG.private.sub.client_req_count                             0         0.00 Total number of client requests processed
ACCG.private.sub.client_req_hdrbytes                             0         0.00 Client request header bytes total
ACCG.private.sub.client_req_bodybytes                             0         0.00 Client request body bytes total
ACCG.other.total.client_req_count                             0         0.00 Total number of client requests processed
ACCG.other.total.client_req_hdrbytes                             0         0.00 Client request header bytes total
ACCG.other.total.client_req_bodybytes                             0         0.00 Client request body bytes total
ACCG.other.sub.client_req_count                             0         0.00 Total number of client requests processed
ACCG.other.sub.client_req_hdrbytes                             0         0.00 Client request header bytes total
ACCG.other.sub.client_req_bodybytes                             0         0.00 Client request body bytes total
ACCG.private.oci.client_req_count                         20915         0.01 Total number of client requests processed
ACCG.private.oci.client_req_hdrbytes                       4199519         2.54 Client request header bytes total
ACCG.private.oci.client_req_bodybytes                             0         0.00 Client request body bytes total
--- 15:33:06 ---
MAIN.client_req_400                             0         0.00 Client requests received, subject to 400 errors
MAIN.client_req_417                             0         0.00 Client requests received, subject to 417 errors
MAIN.client_req                         20915         0.01 Good client requests received
MAIN.cache_hit                         20440         0.01 Cache hits
MAIN.cache_hit_grace                             0         0.00 Cache grace hits
MAIN.cache_hitpass                             0         0.00 Cache hits for pass.
MAIN.cache_hitmiss                             0         0.00 Cache hits for miss.
MAIN.cache_miss                           475         0.00 Cache misses
MAIN.threads_limited                             0         0.00 Threads hit max
MAIN.thread_queue_len                             0          .   Length of session queue
MAIN.busy_sleep                           354         0.00 Number of requests sent to sleep on busy objhdr
MAIN.sess_queued                           315         0.00 Sessions queued for thread
MAIN.sess_dropped                             0         0.00 Sessions dropped for thread
MAIN.n_object                            27          .   object structs made
MAIN.n_object_hitmiss                             0          .   object structs made that are hit-for-miss
MAIN.n_object_hitpass                             0          .   object structs made that are hit-for-pass
MAIN.n_objectcore                           222          .   objectcore structs made
MAIN.n_objecthead                           218          .   objecthead structs made
MAIN.goto_dns_cache_hits                             0         0.00 Cache hits within vmod_goto's DNS
SLICER.slice_cache_hit                             0         0.00 Count of slicer subrequest cache hits
SLICER.slice_cache_miss                             0         0.00 Count of slicer subrequest cache misses
SLICER.meta_cache_hit                             0         0.00 Count of cache hits for slicer top-level requests
SLICER.meta_cache_miss                             0         0.00 Count of cache misses for slicer top-level requests
MSE4_MEM.c_memcache_hit                             0         0.00 Stored objects memory cache hits
MSE4_MEM.c_memcache_miss                             0         0.00 Stored objects memory cache misses
ACCG.std.total.client_req_count                         20915         0.01 Total number of client requests processed
ACCG.std.total.client_req_hdrbytes                       4199519         2.54 Client request header bytes total
ACCG.std.total.client_req_bodybytes                             0         0.00 Client request body bytes total
ACCG.std.sub.client_req_count                             0         0.00 Total number of client requests processed
ACCG.std.sub.client_req_hdrbytes                             0         0.00 Client request header bytes total
ACCG.std.sub.client_req_bodybytes                             0         0.00 Client request body bytes total
ACCG.private.total.client_req_count                         20915         0.01 Total number of client requests processed
ACCG.private.total.client_req_hdrbytes                       4199519         2.54 Client request header bytes total
ACCG.private.total.client_req_bodybytes                             0         0.00 Client request body bytes total
ACCG.private.sub.client_req_count                             0         0.00 Total number of client requests processed
ACCG.private.sub.client_req_hdrbytes                             0         0.00 Client request header bytes total
ACCG.private.sub.client_req_bodybytes                             0         0.00 Client request body bytes total
ACCG.other.total.client_req_count                             0         0.00 Total number of client requests processed
ACCG.other.total.client_req_hdrbytes                             0         0.00 Client request header bytes total
ACCG.other.total.client_req_bodybytes                             0         0.00 Client request body bytes total
ACCG.other.sub.client_req_count                             0         0.00 Total number of client requests processed
ACCG.other.sub.client_req_hdrbytes                             0         0.00 Client request header bytes total
ACCG.other.sub.client_req_bodybytes                             0         0.00 Client request body bytes total
ACCG.private.oci.client_req_count                         20915         0.01 Total number of client requests processed
ACCG.private.oci.client_req_hdrbytes                       4199519         2.54 Client request header bytes total
ACCG.private.oci.client_req_bodybytes                             0         0.00 Client request body bytes total
--- 15:33:07 ---
MAIN.client_req_400                             0         0.00 Client requests received, subject to 400 errors
MAIN.client_req_417                             0         0.00 Client requests received, subject to 417 errors
MAIN.client_req                         20915         0.01 Good client requests received
MAIN.cache_hit                         20440         0.01 Cache hits
MAIN.cache_hit_grace                             0         0.00 Cache grace hits
MAIN.cache_hitpass                             0         0.00 Cache hits for pass.
MAIN.cache_hitmiss                             0         0.00 Cache hits for miss.
MAIN.cache_miss                           475         0.00 Cache misses
MAIN.threads_limited                             0         0.00 Threads hit max
MAIN.thread_queue_len                             0          .   Length of session queue
MAIN.busy_sleep                           354         0.00 Number of requests sent to sleep on busy objhdr
MAIN.sess_queued                           315         0.00 Sessions queued for thread
MAIN.sess_dropped                             0         0.00 Sessions dropped for thread
MAIN.n_object                            27          .   object structs made
MAIN.n_object_hitmiss                             0          .   object structs made that are hit-for-miss
MAIN.n_object_hitpass                             0          .   object structs made that are hit-for-pass
MAIN.n_objectcore                           222          .   objectcore structs made
MAIN.n_objecthead                           218          .   objecthead structs made
MAIN.goto_dns_cache_hits                             0         0.00 Cache hits within vmod_goto's DNS
SLICER.slice_cache_hit                             0         0.00 Count of slicer subrequest cache hits
SLICER.slice_cache_miss                             0         0.00 Count of slicer subrequest cache misses
SLICER.meta_cache_hit                             0         0.00 Count of cache hits for slicer top-level requests
SLICER.meta_cache_miss                             0         0.00 Count of cache misses for slicer top-level requests
MSE4_MEM.c_memcache_hit                             0         0.00 Stored objects memory cache hits
MSE4_MEM.c_memcache_miss                             0         0.00 Stored objects memory cache misses
ACCG.std.total.client_req_count                         20915         0.01 Total number of client requests processed
ACCG.std.total.client_req_hdrbytes                       4199519         2.54 Client request header bytes total
ACCG.std.total.client_req_bodybytes                             0         0.00 Client request body bytes total
ACCG.std.sub.client_req_count                             0         0.00 Total number of client requests processed
ACCG.std.sub.client_req_hdrbytes                             0         0.00 Client request header bytes total
ACCG.std.sub.client_req_bodybytes                             0         0.00 Client request body bytes total
ACCG.private.total.client_req_count                         20915         0.01 Total number of client requests processed
ACCG.private.total.client_req_hdrbytes                       4199519         2.54 Client request header bytes total
ACCG.private.total.client_req_bodybytes                             0         0.00 Client request body bytes total
ACCG.private.sub.client_req_count                             0         0.00 Total number of client requests processed
ACCG.private.sub.client_req_hdrbytes                             0         0.00 Client request header bytes total
ACCG.private.sub.client_req_bodybytes                             0         0.00 Client request body bytes total
ACCG.other.total.client_req_count                             0         0.00 Total number of client requests processed
ACCG.other.total.client_req_hdrbytes                             0         0.00 Client request header bytes total
ACCG.other.total.client_req_bodybytes                             0         0.00 Client request body bytes total
ACCG.other.sub.client_req_count                             0         0.00 Total number of client requests processed
ACCG.other.sub.client_req_hdrbytes                             0         0.00 Client request header bytes total
ACCG.other.sub.client_req_bodybytes                             0         0.00 Client request body bytes total
ACCG.private.oci.client_req_count                         20915         0.01 Total number of client requests processed
ACCG.private.oci.client_req_hdrbytes                       4199519         2.54 Client request header bytes total
ACCG.private.oci.client_req_bodybytes                             0         0.00 Client request body bytes total
--- 15:33:09 ---
MAIN.client_req_400                             0         0.00 Client requests received, subject to 400 errors
MAIN.client_req_417                             0         0.00 Client requests received, subject to 417 errors
MAIN.client_req                         21416         0.01 Good client requests received
MAIN.cache_hit                         20440         0.01 Cache hits
MAIN.cache_hit_grace                             0         0.00 Cache grace hits
MAIN.cache_hitpass                             0         0.00 Cache hits for pass.
MAIN.cache_hitmiss                             0         0.00 Cache hits for miss.
MAIN.cache_miss                           976         0.00 Cache misses
MAIN.threads_limited                             0         0.00 Threads hit max
MAIN.thread_queue_len                             0          .   Length of session queue
MAIN.busy_sleep                           354         0.00 Number of requests sent to sleep on busy objhdr
MAIN.sess_queued                           315         0.00 Sessions queued for thread
MAIN.sess_dropped                             0         0.00 Sessions dropped for thread
MAIN.n_object                           527          .   object structs made
MAIN.n_object_hitmiss                           490          .   object structs made that are hit-for-miss
MAIN.n_object_hitpass                             0          .   object structs made that are hit-for-pass
MAIN.n_objectcore                           673          .   objectcore structs made
MAIN.n_objecthead                           668          .   objecthead structs made
MAIN.goto_dns_cache_hits                             0         0.00 Cache hits within vmod_goto's DNS
SLICER.slice_cache_hit                             0         0.00 Count of slicer subrequest cache hits
SLICER.slice_cache_miss                             0         0.00 Count of slicer subrequest cache misses
SLICER.meta_cache_hit                             0         0.00 Count of cache hits for slicer top-level requests
SLICER.meta_cache_miss                             0         0.00 Count of cache misses for slicer top-level requests
MSE4_MEM.c_memcache_hit                             0         0.00 Stored objects memory cache hits
MSE4_MEM.c_memcache_miss                             0         0.00 Stored objects memory cache misses
ACCG.std.total.client_req_count                         21416         0.01 Total number of client requests processed
ACCG.std.total.client_req_hdrbytes                       4324167         2.61 Client request header bytes total
ACCG.std.total.client_req_bodybytes                             0         0.00 Client request body bytes total
ACCG.std.sub.client_req_count                             0         0.00 Total number of client requests processed
ACCG.std.sub.client_req_hdrbytes                             0         0.00 Client request header bytes total
ACCG.std.sub.client_req_bodybytes                             0         0.00 Client request body bytes total
ACCG.private.total.client_req_count                         21416         0.01 Total number of client requests processed
ACCG.private.total.client_req_hdrbytes                       4324167         2.61 Client request header bytes total
ACCG.private.total.client_req_bodybytes                             0         0.00 Client request body bytes total
ACCG.private.sub.client_req_count                             0         0.00 Total number of client requests processed
ACCG.private.sub.client_req_hdrbytes                             0         0.00 Client request header bytes total
ACCG.private.sub.client_req_bodybytes                             0         0.00 Client request body bytes total
ACCG.other.total.client_req_count                             0         0.00 Total number of client requests processed
ACCG.other.total.client_req_hdrbytes                             0         0.00 Client request header bytes total
ACCG.other.total.client_req_bodybytes                             0         0.00 Client request body bytes total
ACCG.other.sub.client_req_count                             0         0.00 Total number of client requests processed
ACCG.other.sub.client_req_hdrbytes                             0         0.00 Client request header bytes total
ACCG.other.sub.client_req_bodybytes                             0         0.00 Client request body bytes total
ACCG.private.oci.client_req_count                         21416         0.01 Total number of client requests processed
ACCG.private.oci.client_req_hdrbytes                       4324167         2.61 Client request header bytes total
ACCG.private.oci.client_req_bodybytes                             0         0.00 Client request body bytes total
--- 15:33:10 ---
MAIN.client_req_400                             0         0.00 Client requests received, subject to 400 errors
MAIN.client_req_417                             0         0.00 Client requests received, subject to 417 errors
MAIN.client_req                         21416         0.01 Good client requests received
MAIN.cache_hit                         20440         0.01 Cache hits
MAIN.cache_hit_grace                             0         0.00 Cache grace hits
MAIN.cache_hitpass                             0         0.00 Cache hits for pass.
MAIN.cache_hitmiss                             0         0.00 Cache hits for miss.
MAIN.cache_miss                           976         0.00 Cache misses
MAIN.threads_limited                             0         0.00 Threads hit max
MAIN.thread_queue_len                             0          .   Length of session queue
MAIN.busy_sleep                           354         0.00 Number of requests sent to sleep on busy objhdr
MAIN.sess_queued                           315         0.00 Sessions queued for thread
MAIN.sess_dropped                             0         0.00 Sessions dropped for thread
MAIN.n_object                           527          .   object structs made
MAIN.n_object_hitmiss                           490          .   object structs made that are hit-for-miss
MAIN.n_object_hitpass                             0          .   object structs made that are hit-for-pass
MAIN.n_objectcore                           673          .   objectcore structs made
MAIN.n_objecthead                           668          .   objecthead structs made
MAIN.goto_dns_cache_hits                             0         0.00 Cache hits within vmod_goto's DNS
SLICER.slice_cache_hit                             0         0.00 Count of slicer subrequest cache hits
SLICER.slice_cache_miss                             0         0.00 Count of slicer subrequest cache misses
SLICER.meta_cache_hit                             0         0.00 Count of cache hits for slicer top-level requests
SLICER.meta_cache_miss                             0         0.00 Count of cache misses for slicer top-level requests
MSE4_MEM.c_memcache_hit                             0         0.00 Stored objects memory cache hits
MSE4_MEM.c_memcache_miss                             0         0.00 Stored objects memory cache misses
ACCG.std.total.client_req_count                         21416         0.01 Total number of client requests processed
ACCG.std.total.client_req_hdrbytes                       4324167         2.61 Client request header bytes total
ACCG.std.total.client_req_bodybytes                             0         0.00 Client request body bytes total
ACCG.std.sub.client_req_count                             0         0.00 Total number of client requests processed
ACCG.std.sub.client_req_hdrbytes                             0         0.00 Client request header bytes total
ACCG.std.sub.client_req_bodybytes                             0         0.00 Client request body bytes total
ACCG.private.total.client_req_count                         21416         0.01 Total number of client requests processed
ACCG.private.total.client_req_hdrbytes                       4324167         2.61 Client request header bytes total
ACCG.private.total.client_req_bodybytes                             0         0.00 Client request body bytes total
ACCG.private.sub.client_req_count                             0         0.00 Total number of client requests processed
ACCG.private.sub.client_req_hdrbytes                             0         0.00 Client request header bytes total
ACCG.private.sub.client_req_bodybytes                             0         0.00 Client request body bytes total
ACCG.other.total.client_req_count                             0         0.00 Total number of client requests processed
ACCG.other.total.client_req_hdrbytes                             0         0.00 Client request header bytes total
ACCG.other.total.client_req_bodybytes                             0         0.00 Client request body bytes total
ACCG.other.sub.client_req_count                             0         0.00 Total number of client requests processed
ACCG.other.sub.client_req_hdrbytes                             0         0.00 Client request header bytes total
ACCG.other.sub.client_req_bodybytes                             0         0.00 Client request body bytes total
ACCG.private.oci.client_req_count                         21416         0.01 Total number of client requests processed
ACCG.private.oci.client_req_hdrbytes                       4324167         2.61 Client request header bytes total
ACCG.private.oci.client_req_bodybytes                             0         0.00 Client request body bytes total
--- 15:33:11 ---
MAIN.client_req_400                             0         0.00 Client requests received, subject to 400 errors
MAIN.client_req_417                             0         0.00 Client requests received, subject to 417 errors
MAIN.client_req                         21416         0.01 Good client requests received
MAIN.cache_hit                         20440         0.01 Cache hits
MAIN.cache_hit_grace                             0         0.00 Cache grace hits
MAIN.cache_hitpass                             0         0.00 Cache hits for pass.
MAIN.cache_hitmiss                             0         0.00 Cache hits for miss.
MAIN.cache_miss                           976         0.00 Cache misses
MAIN.threads_limited                             0         0.00 Threads hit max
MAIN.thread_queue_len                             0          .   Length of session queue
MAIN.busy_sleep                           354         0.00 Number of requests sent to sleep on busy objhdr
MAIN.sess_queued                           315         0.00 Sessions queued for thread
MAIN.sess_dropped                             0         0.00 Sessions dropped for thread
MAIN.n_object                           527          .   object structs made
MAIN.n_object_hitmiss                           490          .   object structs made that are hit-for-miss
MAIN.n_object_hitpass                             0          .   object structs made that are hit-for-pass
MAIN.n_objectcore                           673          .   objectcore structs made
MAIN.n_objecthead                           668          .   objecthead structs made
MAIN.goto_dns_cache_hits                             0         0.00 Cache hits within vmod_goto's DNS
SLICER.slice_cache_hit                             0         0.00 Count of slicer subrequest cache hits
SLICER.slice_cache_miss                             0         0.00 Count of slicer subrequest cache misses
SLICER.meta_cache_hit                             0         0.00 Count of cache hits for slicer top-level requests
SLICER.meta_cache_miss                             0         0.00 Count of cache misses for slicer top-level requests
MSE4_MEM.c_memcache_hit                             0         0.00 Stored objects memory cache hits
MSE4_MEM.c_memcache_miss                             0         0.00 Stored objects memory cache misses
ACCG.std.total.client_req_count                         21416         0.01 Total number of client requests processed
ACCG.std.total.client_req_hdrbytes                       4324167         2.61 Client request header bytes total
ACCG.std.total.client_req_bodybytes                             0         0.00 Client request body bytes total
ACCG.std.sub.client_req_count                             0         0.00 Total number of client requests processed
ACCG.std.sub.client_req_hdrbytes                             0         0.00 Client request header bytes total
ACCG.std.sub.client_req_bodybytes                             0         0.00 Client request body bytes total
ACCG.private.total.client_req_count                         21416         0.01 Total number of client requests processed
ACCG.private.total.client_req_hdrbytes                       4324167         2.61 Client request header bytes total
ACCG.private.total.client_req_bodybytes                             0         0.00 Client request body bytes total
ACCG.private.sub.client_req_count                             0         0.00 Total number of client requests processed
ACCG.private.sub.client_req_hdrbytes                             0         0.00 Client request header bytes total
ACCG.private.sub.client_req_bodybytes                             0         0.00 Client request body bytes total
ACCG.other.total.client_req_count                             0         0.00 Total number of client requests processed
ACCG.other.total.client_req_hdrbytes                             0         0.00 Client request header bytes total
ACCG.other.total.client_req_bodybytes                             0         0.00 Client request body bytes total
ACCG.other.sub.client_req_count                             0         0.00 Total number of client requests processed
ACCG.other.sub.client_req_hdrbytes                             0         0.00 Client request header bytes total
ACCG.other.sub.client_req_bodybytes                             0         0.00 Client request body bytes total
ACCG.private.oci.client_req_count                         21416         0.01 Total number of client requests processed
ACCG.private.oci.client_req_hdrbytes                       4324167         2.61 Client request header bytes total
ACCG.private.oci.client_req_bodybytes                             0         0.00 Client request body bytes total
--- 15:33:12 ---
MAIN.client_req_400                             0         0.00 Client requests received, subject to 400 errors
MAIN.client_req_417                             0         0.00 Client requests received, subject to 417 errors
MAIN.client_req                         21416         0.01 Good client requests received
MAIN.cache_hit                         20440         0.01 Cache hits
MAIN.cache_hit_grace                             0         0.00 Cache grace hits
MAIN.cache_hitpass                             0         0.00 Cache hits for pass.
MAIN.cache_hitmiss                             0         0.00 Cache hits for miss.
MAIN.cache_miss                           976         0.00 Cache misses
MAIN.threads_limited                             0         0.00 Threads hit max
MAIN.thread_queue_len                             0          .   Length of session queue
MAIN.busy_sleep                           354         0.00 Number of requests sent to sleep on busy objhdr
MAIN.sess_queued                           315         0.00 Sessions queued for thread
MAIN.sess_dropped                             0         0.00 Sessions dropped for thread
MAIN.n_object                           527          .   object structs made
MAIN.n_object_hitmiss                           490          .   object structs made that are hit-for-miss
MAIN.n_object_hitpass                             0          .   object structs made that are hit-for-pass
MAIN.n_objectcore                           673          .   objectcore structs made
MAIN.n_objecthead                           668          .   objecthead structs made
MAIN.goto_dns_cache_hits                             0         0.00 Cache hits within vmod_goto's DNS
SLICER.slice_cache_hit                             0         0.00 Count of slicer subrequest cache hits
SLICER.slice_cache_miss                             0         0.00 Count of slicer subrequest cache misses
SLICER.meta_cache_hit                             0         0.00 Count of cache hits for slicer top-level requests
SLICER.meta_cache_miss                             0         0.00 Count of cache misses for slicer top-level requests
MSE4_MEM.c_memcache_hit                             0         0.00 Stored objects memory cache hits
MSE4_MEM.c_memcache_miss                             0         0.00 Stored objects memory cache misses
ACCG.std.total.client_req_count                         21416         0.01 Total number of client requests processed
ACCG.std.total.client_req_hdrbytes                       4324167         2.61 Client request header bytes total
ACCG.std.total.client_req_bodybytes                             0         0.00 Client request body bytes total
ACCG.std.sub.client_req_count                             0         0.00 Total number of client requests processed
ACCG.std.sub.client_req_hdrbytes                             0         0.00 Client request header bytes total
ACCG.std.sub.client_req_bodybytes                             0         0.00 Client request body bytes total
ACCG.private.total.client_req_count                         21416         0.01 Total number of client requests processed
ACCG.private.total.client_req_hdrbytes                       4324167         2.61 Client request header bytes total
ACCG.private.total.client_req_bodybytes                             0         0.00 Client request body bytes total
ACCG.private.sub.client_req_count                             0         0.00 Total number of client requests processed
ACCG.private.sub.client_req_hdrbytes                             0         0.00 Client request header bytes total
ACCG.private.sub.client_req_bodybytes                             0         0.00 Client request body bytes total
ACCG.other.total.client_req_count                             0         0.00 Total number of client requests processed
ACCG.other.total.client_req_hdrbytes                             0         0.00 Client request header bytes total
ACCG.other.total.client_req_bodybytes                             0         0.00 Client request body bytes total
ACCG.other.sub.client_req_count                             0         0.00 Total number of client requests processed
ACCG.other.sub.client_req_hdrbytes                             0         0.00 Client request header bytes total
ACCG.other.sub.client_req_bodybytes                             0         0.00 Client request body bytes total
ACCG.private.oci.client_req_count                         21416         0.01 Total number of client requests processed
ACCG.private.oci.client_req_hdrbytes                       4324167         2.61 Client request header bytes total
ACCG.private.oci.client_req_bodybytes                             0         0.00 Client request body bytes total
--- 15:33:13 ---
MAIN.client_req_400                             0         0.00 Client requests received, subject to 400 errors
MAIN.client_req_417                             0         0.00 Client requests received, subject to 417 errors
MAIN.client_req                         21416         0.01 Good client requests received
MAIN.cache_hit                         20440         0.01 Cache hits
MAIN.cache_hit_grace                             0         0.00 Cache grace hits
MAIN.cache_hitpass                             0         0.00 Cache hits for pass.
MAIN.cache_hitmiss                             0         0.00 Cache hits for miss.
MAIN.cache_miss                           976         0.00 Cache misses
MAIN.threads_limited                             0         0.00 Threads hit max
MAIN.thread_queue_len                             0          .   Length of session queue
MAIN.busy_sleep                           354         0.00 Number of requests sent to sleep on busy objhdr
MAIN.sess_queued                           315         0.00 Sessions queued for thread
MAIN.sess_dropped                             0         0.00 Sessions dropped for thread
MAIN.n_object                           640          .   object structs made
MAIN.n_object_hitmiss                           595          .   object structs made that are hit-for-miss
MAIN.n_object_hitpass                             0          .   object structs made that are hit-for-pass
MAIN.n_objectcore                           671          .   objectcore structs made
MAIN.n_objecthead                           668          .   objecthead structs made
MAIN.goto_dns_cache_hits                             0         0.00 Cache hits within vmod_goto's DNS
SLICER.slice_cache_hit                             0         0.00 Count of slicer subrequest cache hits
SLICER.slice_cache_miss                             0         0.00 Count of slicer subrequest cache misses
SLICER.meta_cache_hit                             0         0.00 Count of cache hits for slicer top-level requests
SLICER.meta_cache_miss                             0         0.00 Count of cache misses for slicer top-level requests
MSE4_MEM.c_memcache_hit                             0         0.00 Stored objects memory cache hits
MSE4_MEM.c_memcache_miss                             0         0.00 Stored objects memory cache misses
ACCG.std.total.client_req_count                         21533         0.01 Total number of client requests processed
ACCG.std.total.client_req_hdrbytes                       4353200         2.63 Client request header bytes total
ACCG.std.total.client_req_bodybytes                             0         0.00 Client request body bytes total
ACCG.std.sub.client_req_count                             0         0.00 Total number of client requests processed
ACCG.std.sub.client_req_hdrbytes                             0         0.00 Client request header bytes total
ACCG.std.sub.client_req_bodybytes                             0         0.00 Client request body bytes total
ACCG.private.total.client_req_count                         21533         0.01 Total number of client requests processed
ACCG.private.total.client_req_hdrbytes                       4353200         2.63 Client request header bytes total
ACCG.private.total.client_req_bodybytes                             0         0.00 Client request body bytes total
ACCG.private.sub.client_req_count                             0         0.00 Total number of client requests processed
ACCG.private.sub.client_req_hdrbytes                             0         0.00 Client request header bytes total
ACCG.private.sub.client_req_bodybytes                             0         0.00 Client request body bytes total
ACCG.other.total.client_req_count                             0         0.00 Total number of client requests processed
ACCG.other.total.client_req_hdrbytes                             0         0.00 Client request header bytes total
ACCG.other.total.client_req_bodybytes                             0         0.00 Client request body bytes total
ACCG.other.sub.client_req_count                             0         0.00 Total number of client requests processed
ACCG.other.sub.client_req_hdrbytes                             0         0.00 Client request header bytes total
ACCG.other.sub.client_req_bodybytes                             0         0.00 Client request body bytes total
ACCG.private.oci.client_req_count                         21534         0.01 Total number of client requests processed
ACCG.private.oci.client_req_hdrbytes                       4353449         2.63 Client request header bytes total
ACCG.private.oci.client_req_bodybytes                             0         0.00 Client request body bytes total
--- 15:33:14 ---
MAIN.client_req_400                             0         0.00 Client requests received, subject to 400 errors
MAIN.client_req_417                             0         0.00 Client requests received, subject to 417 errors
MAIN.client_req                         21416         0.01 Good client requests received
MAIN.cache_hit                         20440         0.01 Cache hits
MAIN.cache_hit_grace                             0         0.00 Cache grace hits
MAIN.cache_hitpass                             0         0.00 Cache hits for pass.
MAIN.cache_hitmiss                             0         0.00 Cache hits for miss.
MAIN.cache_miss                           976         0.00 Cache misses
MAIN.threads_limited                             0         0.00 Threads hit max
MAIN.thread_queue_len                             0          .   Length of session queue
MAIN.busy_sleep                           354         0.00 Number of requests sent to sleep on busy objhdr
MAIN.sess_queued                           315         0.00 Sessions queued for thread
MAIN.sess_dropped                             0         0.00 Sessions dropped for thread
MAIN.n_object                          1128          .   object structs made
MAIN.n_object_hitmiss                          1073          .   object structs made that are hit-for-miss
MAIN.n_object_hitpass                             0          .   object structs made that are hit-for-pass
MAIN.n_objectcore                           671          .   objectcore structs made
MAIN.n_objecthead                           668          .   objecthead structs made
MAIN.goto_dns_cache_hits                             0         0.00 Cache hits within vmod_goto's DNS
SLICER.slice_cache_hit                             0         0.00 Count of slicer subrequest cache hits
SLICER.slice_cache_miss                             0         0.00 Count of slicer subrequest cache misses
SLICER.meta_cache_hit                             0         0.00 Count of cache hits for slicer top-level requests
SLICER.meta_cache_miss                             0         0.00 Count of cache misses for slicer top-level requests
MSE4_MEM.c_memcache_hit                             0         0.00 Stored objects memory cache hits
MSE4_MEM.c_memcache_miss                             0         0.00 Stored objects memory cache misses
ACCG.std.total.client_req_count                         22022         0.01 Total number of client requests processed
ACCG.std.total.client_req_hdrbytes                       4474861         2.70 Client request header bytes total
ACCG.std.total.client_req_bodybytes                             0         0.00 Client request body bytes total
ACCG.std.sub.client_req_count                             0         0.00 Total number of client requests processed
ACCG.std.sub.client_req_hdrbytes                             0         0.00 Client request header bytes total
ACCG.std.sub.client_req_bodybytes                             0         0.00 Client request body bytes total
ACCG.private.total.client_req_count                         22023         0.01 Total number of client requests processed
ACCG.private.total.client_req_hdrbytes                       4475110         2.70 Client request header bytes total
ACCG.private.total.client_req_bodybytes                             0         0.00 Client request body bytes total
ACCG.private.sub.client_req_count                             0         0.00 Total number of client requests processed
ACCG.private.sub.client_req_hdrbytes                             0         0.00 Client request header bytes total
ACCG.private.sub.client_req_bodybytes                             0         0.00 Client request body bytes total
ACCG.other.total.client_req_count                             0         0.00 Total number of client requests processed
ACCG.other.total.client_req_hdrbytes                             0         0.00 Client request header bytes total
ACCG.other.total.client_req_bodybytes                             0         0.00 Client request body bytes total
ACCG.other.sub.client_req_count                             0         0.00 Total number of client requests processed
ACCG.other.sub.client_req_hdrbytes                             0         0.00 Client request header bytes total
ACCG.other.sub.client_req_bodybytes                             0         0.00 Client request body bytes total
ACCG.private.oci.client_req_count                         22023         0.01 Total number of client requests processed
ACCG.private.oci.client_req_hdrbytes                       4475110         2.70 Client request header bytes total
ACCG.private.oci.client_req_bodybytes                             0         0.00 Client request body bytes total
--- 15:33:15 ---
MAIN.client_req_400                             0         0.00 Client requests received, subject to 400 errors
MAIN.client_req_417                             0         0.00 Client requests received, subject to 417 errors
MAIN.client_req                         22416         0.01 Good client requests received
MAIN.cache_hit                         20440         0.01 Cache hits
MAIN.cache_hit_grace                             0         0.00 Cache grace hits
MAIN.cache_hitpass                             0         0.00 Cache hits for pass.
MAIN.cache_hitmiss                             0         0.00 Cache hits for miss.
MAIN.cache_miss                          1976         0.00 Cache misses
MAIN.threads_limited                             0         0.00 Threads hit max
MAIN.thread_queue_len                             0          .   Length of session queue
MAIN.busy_sleep                           354         0.00 Number of requests sent to sleep on busy objhdr
MAIN.sess_queued                           315         0.00 Sessions queued for thread
MAIN.sess_dropped                             0         0.00 Sessions dropped for thread
MAIN.n_object                          1516          .   object structs made
MAIN.n_object_hitmiss                          1470          .   object structs made that are hit-for-miss
MAIN.n_object_hitpass                             0          .   object structs made that are hit-for-pass
MAIN.n_objectcore                          1662          .   objectcore structs made
MAIN.n_objecthead                           669          .   objecthead structs made
MAIN.goto_dns_cache_hits                             0         0.00 Cache hits within vmod_goto's DNS
SLICER.slice_cache_hit                             0         0.00 Count of slicer subrequest cache hits
SLICER.slice_cache_miss                             0         0.00 Count of slicer subrequest cache misses
SLICER.meta_cache_hit                             0         0.00 Count of cache hits for slicer top-level requests
SLICER.meta_cache_miss                             0         0.00 Count of cache misses for slicer top-level requests
MSE4_MEM.c_memcache_hit                             0         0.00 Stored objects memory cache hits
MSE4_MEM.c_memcache_miss                             0         0.00 Stored objects memory cache misses
ACCG.std.total.client_req_count                         22416         0.01 Total number of client requests processed
ACCG.std.total.client_req_hdrbytes                       4572967         2.76 Client request header bytes total
ACCG.std.total.client_req_bodybytes                             0         0.00 Client request body bytes total
ACCG.std.sub.client_req_count                             0         0.00 Total number of client requests processed
ACCG.std.sub.client_req_hdrbytes                             0         0.00 Client request header bytes total
ACCG.std.sub.client_req_bodybytes                             0         0.00 Client request body bytes total
ACCG.private.total.client_req_count                         22416         0.01 Total number of client requests processed
ACCG.private.total.client_req_hdrbytes                       4572967         2.76 Client request header bytes total
ACCG.private.total.client_req_bodybytes                             0         0.00 Client request body bytes total
ACCG.private.sub.client_req_count                             0         0.00 Total number of client requests processed
ACCG.private.sub.client_req_hdrbytes                             0         0.00 Client request header bytes total
ACCG.private.sub.client_req_bodybytes                             0         0.00 Client request body bytes total
ACCG.other.total.client_req_count                             0         0.00 Total number of client requests processed
ACCG.other.total.client_req_hdrbytes                             0         0.00 Client request header bytes total
ACCG.other.total.client_req_bodybytes                             0         0.00 Client request body bytes total
ACCG.other.sub.client_req_count                             0         0.00 Total number of client requests processed
ACCG.other.sub.client_req_hdrbytes                             0         0.00 Client request header bytes total
ACCG.other.sub.client_req_bodybytes                             0         0.00 Client request body bytes total
ACCG.private.oci.client_req_count                         22416         0.01 Total number of client requests processed
ACCG.private.oci.client_req_hdrbytes                       4572967         2.76 Client request header bytes total
ACCG.private.oci.client_req_bodybytes                             0         0.00 Client request body bytes total
--- 15:33:16 ---
MAIN.client_req_400                             0         0.00 Client requests received, subject to 400 errors
MAIN.client_req_417                             0         0.00 Client requests received, subject to 417 errors
MAIN.client_req                         22416         0.01 Good client requests received
MAIN.cache_hit                         20440         0.01 Cache hits
MAIN.cache_hit_grace                             0         0.00 Cache grace hits
MAIN.cache_hitpass                             0         0.00 Cache hits for pass.
MAIN.cache_hitmiss                             0         0.00 Cache hits for miss.
MAIN.cache_miss                          1976         0.00 Cache misses
MAIN.threads_limited                             0         0.00 Threads hit max
MAIN.thread_queue_len                             0          .   Length of session queue
MAIN.busy_sleep                           354         0.00 Number of requests sent to sleep on busy objhdr
MAIN.sess_queued                           315         0.00 Sessions queued for thread
MAIN.sess_dropped                             0         0.00 Sessions dropped for thread
MAIN.n_object                          1516          .   object structs made
MAIN.n_object_hitmiss                          1470          .   object structs made that are hit-for-miss
MAIN.n_object_hitpass                             0          .   object structs made that are hit-for-pass
MAIN.n_objectcore                          1662          .   objectcore structs made
MAIN.n_objecthead                           669          .   objecthead structs made
MAIN.goto_dns_cache_hits                             0         0.00 Cache hits within vmod_goto's DNS
SLICER.slice_cache_hit                             0         0.00 Count of slicer subrequest cache hits
SLICER.slice_cache_miss                             0         0.00 Count of slicer subrequest cache misses
SLICER.meta_cache_hit                             0         0.00 Count of cache hits for slicer top-level requests
SLICER.meta_cache_miss                             0         0.00 Count of cache misses for slicer top-level requests
MSE4_MEM.c_memcache_hit                             0         0.00 Stored objects memory cache hits
MSE4_MEM.c_memcache_miss                             0         0.00 Stored objects memory cache misses
ACCG.std.total.client_req_count                         22416         0.01 Total number of client requests processed
ACCG.std.total.client_req_hdrbytes                       4572967         2.76 Client request header bytes total
ACCG.std.total.client_req_bodybytes                             0         0.00 Client request body bytes total
ACCG.std.sub.client_req_count                             0         0.00 Total number of client requests processed
ACCG.std.sub.client_req_hdrbytes                             0         0.00 Client request header bytes total
ACCG.std.sub.client_req_bodybytes                             0         0.00 Client request body bytes total
ACCG.private.total.client_req_count                         22416         0.01 Total number of client requests processed
ACCG.private.total.client_req_hdrbytes                       4572967         2.76 Client request header bytes total
ACCG.private.total.client_req_bodybytes                             0         0.00 Client request body bytes total
ACCG.private.sub.client_req_count                             0         0.00 Total number of client requests processed
ACCG.private.sub.client_req_hdrbytes                             0         0.00 Client request header bytes total
ACCG.private.sub.client_req_bodybytes                             0         0.00 Client request body bytes total
ACCG.other.total.client_req_count                             0         0.00 Total number of client requests processed
ACCG.other.total.client_req_hdrbytes                             0         0.00 Client request header bytes total
ACCG.other.total.client_req_bodybytes                             0         0.00 Client request body bytes total
ACCG.other.sub.client_req_count                             0         0.00 Total number of client requests processed
ACCG.other.sub.client_req_hdrbytes                             0         0.00 Client request header bytes total
ACCG.other.sub.client_req_bodybytes                             0         0.00 Client request body bytes total
ACCG.private.oci.client_req_count                         22416         0.01 Total number of client requests processed
ACCG.private.oci.client_req_hdrbytes                       4572967         2.76 Client request header bytes total
ACCG.private.oci.client_req_bodybytes                             0         0.00 Client request body bytes total
--- 15:33:18 ---
MAIN.client_req_400                             0         0.00 Client requests received, subject to 400 errors
MAIN.client_req_417                             0         0.00 Client requests received, subject to 417 errors
MAIN.client_req                         22416         0.01 Good client requests received
MAIN.cache_hit                         20440         0.01 Cache hits
MAIN.cache_hit_grace                             0         0.00 Cache grace hits
MAIN.cache_hitpass                             0         0.00 Cache hits for pass.
MAIN.cache_hitmiss                             0         0.00 Cache hits for miss.
MAIN.cache_miss                          1976         0.00 Cache misses
MAIN.threads_limited                             0         0.00 Threads hit max
MAIN.thread_queue_len                             0          .   Length of session queue
MAIN.busy_sleep                           354         0.00 Number of requests sent to sleep on busy objhdr
MAIN.sess_queued                           315         0.00 Sessions queued for thread
MAIN.sess_dropped                             0         0.00 Sessions dropped for thread
MAIN.n_object                          1516          .   object structs made
MAIN.n_object_hitmiss                          1470          .   object structs made that are hit-for-miss
MAIN.n_object_hitpass                             0          .   object structs made that are hit-for-pass
MAIN.n_objectcore                          1662          .   objectcore structs made
MAIN.n_objecthead                           669          .   objecthead structs made
MAIN.goto_dns_cache_hits                             0         0.00 Cache hits within vmod_goto's DNS
SLICER.slice_cache_hit                             0         0.00 Count of slicer subrequest cache hits
SLICER.slice_cache_miss                             0         0.00 Count of slicer subrequest cache misses
SLICER.meta_cache_hit                             0         0.00 Count of cache hits for slicer top-level requests
SLICER.meta_cache_miss                             0         0.00 Count of cache misses for slicer top-level requests
MSE4_MEM.c_memcache_hit                             0         0.00 Stored objects memory cache hits
MSE4_MEM.c_memcache_miss                             0         0.00 Stored objects memory cache misses
ACCG.std.total.client_req_count                         22416         0.01 Total number of client requests processed
ACCG.std.total.client_req_hdrbytes                       4572967         2.76 Client request header bytes total
ACCG.std.total.client_req_bodybytes                             0         0.00 Client request body bytes total
ACCG.std.sub.client_req_count                             0         0.00 Total number of client requests processed
ACCG.std.sub.client_req_hdrbytes                             0         0.00 Client request header bytes total
ACCG.std.sub.client_req_bodybytes                             0         0.00 Client request body bytes total
ACCG.private.total.client_req_count                         22416         0.01 Total number of client requests processed
ACCG.private.total.client_req_hdrbytes                       4572967         2.76 Client request header bytes total
ACCG.private.total.client_req_bodybytes                             0         0.00 Client request body bytes total
ACCG.private.sub.client_req_count                             0         0.00 Total number of client requests processed
ACCG.private.sub.client_req_hdrbytes                             0         0.00 Client request header bytes total
ACCG.private.sub.client_req_bodybytes                             0         0.00 Client request body bytes total
ACCG.other.total.client_req_count                             0         0.00 Total number of client requests processed
ACCG.other.total.client_req_hdrbytes                             0         0.00 Client request header bytes total
ACCG.other.total.client_req_bodybytes                             0         0.00 Client request body bytes total
ACCG.other.sub.client_req_count                             0         0.00 Total number of client requests processed
ACCG.other.sub.client_req_hdrbytes                             0         0.00 Client request header bytes total
ACCG.other.sub.client_req_bodybytes                             0         0.00 Client request body bytes total
ACCG.private.oci.client_req_count                         22416         0.01 Total number of client requests processed
ACCG.private.oci.client_req_hdrbytes                       4572967         2.76 Client request header bytes total
ACCG.private.oci.client_req_bodybytes                             0         0.00 Client request body bytes total
--- 15:33:19 ---
MAIN.client_req_400                             0         0.00 Client requests received, subject to 400 errors
MAIN.client_req_417                             0         0.00 Client requests received, subject to 417 errors
MAIN.client_req                         23416         0.01 Good client requests received
MAIN.cache_hit                         20440         0.01 Cache hits
MAIN.cache_hit_grace                             0         0.00 Cache grace hits
MAIN.cache_hitpass                             0         0.00 Cache hits for pass.
MAIN.cache_hitmiss                             0         0.00 Cache hits for miss.
MAIN.cache_miss                          2976         0.00 Cache misses
MAIN.threads_limited                             0         0.00 Threads hit max
MAIN.thread_queue_len                             0          .   Length of session queue
MAIN.busy_sleep                           354         0.00 Number of requests sent to sleep on busy objhdr
MAIN.sess_queued                           315         0.00 Sessions queued for thread
MAIN.sess_dropped                             0         0.00 Sessions dropped for thread
MAIN.n_object                          2506          .   object structs made
MAIN.n_object_hitmiss                          2450          .   object structs made that are hit-for-miss
MAIN.n_object_hitpass                             0          .   object structs made that are hit-for-pass
MAIN.n_objectcore                          2652          .   objectcore structs made
MAIN.n_objecthead                           678          .   objecthead structs made
MAIN.goto_dns_cache_hits                             0         0.00 Cache hits within vmod_goto's DNS
SLICER.slice_cache_hit                             0         0.00 Count of slicer subrequest cache hits
SLICER.slice_cache_miss                             0         0.00 Count of slicer subrequest cache misses
SLICER.meta_cache_hit                             0         0.00 Count of cache hits for slicer top-level requests
SLICER.meta_cache_miss                             0         0.00 Count of cache misses for slicer top-level requests
MSE4_MEM.c_memcache_hit                             0         0.00 Stored objects memory cache hits
MSE4_MEM.c_memcache_miss                             0         0.00 Stored objects memory cache misses
ACCG.std.total.client_req_count                         23416         0.01 Total number of client requests processed
ACCG.std.total.client_req_hdrbytes                       4821767         2.91 Client request header bytes total
ACCG.std.total.client_req_bodybytes                             0         0.00 Client request body bytes total
ACCG.std.sub.client_req_count                             0         0.00 Total number of client requests processed
ACCG.std.sub.client_req_hdrbytes                             0         0.00 Client request header bytes total
ACCG.std.sub.client_req_bodybytes                             0         0.00 Client request body bytes total
ACCG.private.total.client_req_count                         23416         0.01 Total number of client requests processed
ACCG.private.total.client_req_hdrbytes                       4821767         2.91 Client request header bytes total
ACCG.private.total.client_req_bodybytes                             0         0.00 Client request body bytes total
ACCG.private.sub.client_req_count                             0         0.00 Total number of client requests processed
ACCG.private.sub.client_req_hdrbytes                             0         0.00 Client request header bytes total
ACCG.private.sub.client_req_bodybytes                             0         0.00 Client request body bytes total
ACCG.other.total.client_req_count                             0         0.00 Total number of client requests processed
ACCG.other.total.client_req_hdrbytes                             0         0.00 Client request header bytes total
ACCG.other.total.client_req_bodybytes                             0         0.00 Client request body bytes total
ACCG.other.sub.client_req_count                             0         0.00 Total number of client requests processed
ACCG.other.sub.client_req_hdrbytes                             0         0.00 Client request header bytes total
ACCG.other.sub.client_req_bodybytes                             0         0.00 Client request body bytes total
ACCG.private.oci.client_req_count                         23416         0.01 Total number of client requests processed
ACCG.private.oci.client_req_hdrbytes                       4821767         2.91 Client request header bytes total
ACCG.private.oci.client_req_bodybytes                             0         0.00 Client request body bytes total
--- 15:33:20 ---
MAIN.client_req_400                             0         0.00 Client requests received, subject to 400 errors
MAIN.client_req_417                             0         0.00 Client requests received, subject to 417 errors
MAIN.client_req                         23416         0.01 Good client requests received
MAIN.cache_hit                         20440         0.01 Cache hits
MAIN.cache_hit_grace                             0         0.00 Cache grace hits
MAIN.cache_hitpass                             0         0.00 Cache hits for pass.
MAIN.cache_hitmiss                             0         0.00 Cache hits for miss.
MAIN.cache_miss                          2976         0.00 Cache misses
MAIN.threads_limited                             0         0.00 Threads hit max
MAIN.thread_queue_len                             0          .   Length of session queue
MAIN.busy_sleep                           354         0.00 Number of requests sent to sleep on busy objhdr
MAIN.sess_queued                           315         0.00 Sessions queued for thread
MAIN.sess_dropped                             0         0.00 Sessions dropped for thread
MAIN.n_object                          2506          .   object structs made
MAIN.n_object_hitmiss                          2450          .   object structs made that are hit-for-miss
MAIN.n_object_hitpass                             0          .   object structs made that are hit-for-pass
MAIN.n_objectcore                          2652          .   objectcore structs made
MAIN.n_objecthead                           678          .   objecthead structs made
MAIN.goto_dns_cache_hits                             0         0.00 Cache hits within vmod_goto's DNS
SLICER.slice_cache_hit                             0         0.00 Count of slicer subrequest cache hits
SLICER.slice_cache_miss                             0         0.00 Count of slicer subrequest cache misses
SLICER.meta_cache_hit                             0         0.00 Count of cache hits for slicer top-level requests
SLICER.meta_cache_miss                             0         0.00 Count of cache misses for slicer top-level requests
MSE4_MEM.c_memcache_hit                             0         0.00 Stored objects memory cache hits
MSE4_MEM.c_memcache_miss                             0         0.00 Stored objects memory cache misses
ACCG.std.total.client_req_count                         23416         0.01 Total number of client requests processed
ACCG.std.total.client_req_hdrbytes                       4821767         2.91 Client request header bytes total
ACCG.std.total.client_req_bodybytes                             0         0.00 Client request body bytes total
ACCG.std.sub.client_req_count                             0         0.00 Total number of client requests processed
ACCG.std.sub.client_req_hdrbytes                             0         0.00 Client request header bytes total
ACCG.std.sub.client_req_bodybytes                             0         0.00 Client request body bytes total
ACCG.private.total.client_req_count                         23416         0.01 Total number of client requests processed
ACCG.private.total.client_req_hdrbytes                       4821767         2.91 Client request header bytes total
ACCG.private.total.client_req_bodybytes                             0         0.00 Client request body bytes total
ACCG.private.sub.client_req_count                             0         0.00 Total number of client requests processed
ACCG.private.sub.client_req_hdrbytes                             0         0.00 Client request header bytes total
ACCG.private.sub.client_req_bodybytes                             0         0.00 Client request body bytes total
ACCG.other.total.client_req_count                             0         0.00 Total number of client requests processed
ACCG.other.total.client_req_hdrbytes                             0         0.00 Client request header bytes total
ACCG.other.total.client_req_bodybytes                             0         0.00 Client request body bytes total
ACCG.other.sub.client_req_count                             0         0.00 Total number of client requests processed
ACCG.other.sub.client_req_hdrbytes                             0         0.00 Client request header bytes total
ACCG.other.sub.client_req_bodybytes                             0         0.00 Client request body bytes total
ACCG.private.oci.client_req_count                         23416         0.01 Total number of client requests processed
ACCG.private.oci.client_req_hdrbytes                       4821767         2.91 Client request header bytes total
ACCG.private.oci.client_req_bodybytes                             0         0.00 Client request body bytes total
--- 15:33:21 ---
MAIN.client_req_400                             0         0.00 Client requests received, subject to 400 errors
MAIN.client_req_417                             0         0.00 Client requests received, subject to 417 errors
MAIN.client_req                         23416         0.01 Good client requests received
MAIN.cache_hit                         20440         0.01 Cache hits
MAIN.cache_hit_grace                             0         0.00 Cache grace hits
MAIN.cache_hitpass                             0         0.00 Cache hits for pass.
MAIN.cache_hitmiss                             0         0.00 Cache hits for miss.
MAIN.cache_miss                          2976         0.00 Cache misses
MAIN.threads_limited                             0         0.00 Threads hit max
MAIN.thread_queue_len                             0          .   Length of session queue
MAIN.busy_sleep                           354         0.00 Number of requests sent to sleep on busy objhdr
MAIN.sess_queued                           315         0.00 Sessions queued for thread
MAIN.sess_dropped                             0         0.00 Sessions dropped for thread
MAIN.n_object                          2506          .   object structs made
MAIN.n_object_hitmiss                          2450          .   object structs made that are hit-for-miss
MAIN.n_object_hitpass                             0          .   object structs made that are hit-for-pass
MAIN.n_objectcore                          2652          .   objectcore structs made
MAIN.n_objecthead                           678          .   objecthead structs made
MAIN.goto_dns_cache_hits                             0         0.00 Cache hits within vmod_goto's DNS
SLICER.slice_cache_hit                             0         0.00 Count of slicer subrequest cache hits
SLICER.slice_cache_miss                             0         0.00 Count of slicer subrequest cache misses
SLICER.meta_cache_hit                             0         0.00 Count of cache hits for slicer top-level requests
SLICER.meta_cache_miss                             0         0.00 Count of cache misses for slicer top-level requests
MSE4_MEM.c_memcache_hit                             0         0.00 Stored objects memory cache hits
MSE4_MEM.c_memcache_miss                             0         0.00 Stored objects memory cache misses
ACCG.std.total.client_req_count                         23416         0.01 Total number of client requests processed
ACCG.std.total.client_req_hdrbytes                       4821767         2.91 Client request header bytes total
ACCG.std.total.client_req_bodybytes                             0         0.00 Client request body bytes total
ACCG.std.sub.client_req_count                             0         0.00 Total number of client requests processed
ACCG.std.sub.client_req_hdrbytes                             0         0.00 Client request header bytes total
ACCG.std.sub.client_req_bodybytes                             0         0.00 Client request body bytes total
ACCG.private.total.client_req_count                         23416         0.01 Total number of client requests processed
ACCG.private.total.client_req_hdrbytes                       4821767         2.91 Client request header bytes total
ACCG.private.total.client_req_bodybytes                             0         0.00 Client request body bytes total
ACCG.private.sub.client_req_count                             0         0.00 Total number of client requests processed
ACCG.private.sub.client_req_hdrbytes                             0         0.00 Client request header bytes total
ACCG.private.sub.client_req_bodybytes                             0         0.00 Client request body bytes total
ACCG.other.total.client_req_count                             0         0.00 Total number of client requests processed
ACCG.other.total.client_req_hdrbytes                             0         0.00 Client request header bytes total
ACCG.other.total.client_req_bodybytes                             0         0.00 Client request body bytes total
ACCG.other.sub.client_req_count                             0         0.00 Total number of client requests processed
ACCG.other.sub.client_req_hdrbytes                             0         0.00 Client request header bytes total
ACCG.other.sub.client_req_bodybytes                             0         0.00 Client request body bytes total
ACCG.private.oci.client_req_count                         23416         0.01 Total number of client requests processed
ACCG.private.oci.client_req_hdrbytes                       4821767         2.91 Client request header bytes total
ACCG.private.oci.client_req_bodybytes                             0         0.00 Client request body bytes total
--- 15:33:22 ---
MAIN.client_req_400                             0         0.00 Client requests received, subject to 400 errors
MAIN.client_req_417                             0         0.00 Client requests received, subject to 417 errors
MAIN.client_req                         24416         0.01 Good client requests received
MAIN.cache_hit                         20440         0.01 Cache hits
MAIN.cache_hit_grace                             0         0.00 Cache grace hits
MAIN.cache_hitpass                             0         0.00 Cache hits for pass.
MAIN.cache_hitmiss                             0         0.00 Cache hits for miss.
MAIN.cache_miss                          3976         0.00 Cache misses
MAIN.threads_limited                             0         0.00 Threads hit max
MAIN.thread_queue_len                             0          .   Length of session queue
MAIN.busy_sleep                           354         0.00 Number of requests sent to sleep on busy objhdr
MAIN.sess_queued                           315         0.00 Sessions queued for thread
MAIN.sess_dropped                             0         0.00 Sessions dropped for thread
MAIN.n_object                          3496          .   object structs made
MAIN.n_object_hitmiss                          3430          .   object structs made that are hit-for-miss
MAIN.n_object_hitpass                             0          .   object structs made that are hit-for-pass
MAIN.n_objectcore                          3641          .   objectcore structs made
MAIN.n_objecthead                           717          .   objecthead structs made
MAIN.goto_dns_cache_hits                             0         0.00 Cache hits within vmod_goto's DNS
SLICER.slice_cache_hit                             0         0.00 Count of slicer subrequest cache hits
SLICER.slice_cache_miss                             0         0.00 Count of slicer subrequest cache misses
SLICER.meta_cache_hit                             0         0.00 Count of cache hits for slicer top-level requests
SLICER.meta_cache_miss                             0         0.00 Count of cache misses for slicer top-level requests
MSE4_MEM.c_memcache_hit                             0         0.00 Stored objects memory cache hits
MSE4_MEM.c_memcache_miss                             0         0.00 Stored objects memory cache misses
ACCG.std.total.client_req_count                         24416         0.01 Total number of client requests processed
ACCG.std.total.client_req_hdrbytes                       5070567         3.06 Client request header bytes total
ACCG.std.total.client_req_bodybytes                             0         0.00 Client request body bytes total
ACCG.std.sub.client_req_count                             0         0.00 Total number of client requests processed
ACCG.std.sub.client_req_hdrbytes                             0         0.00 Client request header bytes total
ACCG.std.sub.client_req_bodybytes                             0         0.00 Client request body bytes total
ACCG.private.total.client_req_count                         24416         0.01 Total number of client requests processed
ACCG.private.total.client_req_hdrbytes                       5070567         3.06 Client request header bytes total
ACCG.private.total.client_req_bodybytes                             0         0.00 Client request body bytes total
ACCG.private.sub.client_req_count                             0         0.00 Total number of client requests processed
ACCG.private.sub.client_req_hdrbytes                             0         0.00 Client request header bytes total
ACCG.private.sub.client_req_bodybytes                             0         0.00 Client request body bytes total
ACCG.other.total.client_req_count                             0         0.00 Total number of client requests processed
ACCG.other.total.client_req_hdrbytes                             0         0.00 Client request header bytes total
ACCG.other.total.client_req_bodybytes                             0         0.00 Client request body bytes total
ACCG.other.sub.client_req_count                             0         0.00 Total number of client requests processed
ACCG.other.sub.client_req_hdrbytes                             0         0.00 Client request header bytes total
ACCG.other.sub.client_req_bodybytes                             0         0.00 Client request body bytes total
ACCG.private.oci.client_req_count                         24416         0.01 Total number of client requests processed
ACCG.private.oci.client_req_hdrbytes                       5070567         3.06 Client request header bytes total
ACCG.private.oci.client_req_bodybytes                             0         0.00 Client request body bytes total
--- 15:33:23 ---
MAIN.client_req_400                             0         0.00 Client requests received, subject to 400 errors
MAIN.client_req_417                             0         0.00 Client requests received, subject to 417 errors
MAIN.client_req                         24416         0.01 Good client requests received
MAIN.cache_hit                         20440         0.01 Cache hits
MAIN.cache_hit_grace                             0         0.00 Cache grace hits
MAIN.cache_hitpass                             0         0.00 Cache hits for pass.
MAIN.cache_hitmiss                             0         0.00 Cache hits for miss.
MAIN.cache_miss                          3976         0.00 Cache misses
MAIN.threads_limited                             0         0.00 Threads hit max
MAIN.thread_queue_len                             0          .   Length of session queue
MAIN.busy_sleep                           354         0.00 Number of requests sent to sleep on busy objhdr
MAIN.sess_queued                           315         0.00 Sessions queued for thread
MAIN.sess_dropped                             0         0.00 Sessions dropped for thread
MAIN.n_object                          3496          .   object structs made
MAIN.n_object_hitmiss                          3430          .   object structs made that are hit-for-miss
MAIN.n_object_hitpass                             0          .   object structs made that are hit-for-pass
MAIN.n_objectcore                          3641          .   objectcore structs made
MAIN.n_objecthead                           717          .   objecthead structs made
MAIN.goto_dns_cache_hits                             0         0.00 Cache hits within vmod_goto's DNS
SLICER.slice_cache_hit                             0         0.00 Count of slicer subrequest cache hits
SLICER.slice_cache_miss                             0         0.00 Count of slicer subrequest cache misses
SLICER.meta_cache_hit                             0         0.00 Count of cache hits for slicer top-level requests
SLICER.meta_cache_miss                             0         0.00 Count of cache misses for slicer top-level requests
MSE4_MEM.c_memcache_hit                             0         0.00 Stored objects memory cache hits
MSE4_MEM.c_memcache_miss                             0         0.00 Stored objects memory cache misses
ACCG.std.total.client_req_count                         24416         0.01 Total number of client requests processed
ACCG.std.total.client_req_hdrbytes                       5070567         3.06 Client request header bytes total
ACCG.std.total.client_req_bodybytes                             0         0.00 Client request body bytes total
ACCG.std.sub.client_req_count                             0         0.00 Total number of client requests processed
ACCG.std.sub.client_req_hdrbytes                             0         0.00 Client request header bytes total
ACCG.std.sub.client_req_bodybytes                             0         0.00 Client request body bytes total
ACCG.private.total.client_req_count                         24416         0.01 Total number of client requests processed
ACCG.private.total.client_req_hdrbytes                       5070567         3.06 Client request header bytes total
ACCG.private.total.client_req_bodybytes                             0         0.00 Client request body bytes total
ACCG.private.sub.client_req_count                             0         0.00 Total number of client requests processed
ACCG.private.sub.client_req_hdrbytes                             0         0.00 Client request header bytes total
ACCG.private.sub.client_req_bodybytes                             0         0.00 Client request body bytes total
ACCG.other.total.client_req_count                             0         0.00 Total number of client requests processed
ACCG.other.total.client_req_hdrbytes                             0         0.00 Client request header bytes total
ACCG.other.total.client_req_bodybytes                             0         0.00 Client request body bytes total
ACCG.other.sub.client_req_count                             0         0.00 Total number of client requests processed
ACCG.other.sub.client_req_hdrbytes                             0         0.00 Client request header bytes total
ACCG.other.sub.client_req_bodybytes                             0         0.00 Client request body bytes total
ACCG.private.oci.client_req_count                         24416         0.01 Total number of client requests processed
ACCG.private.oci.client_req_hdrbytes                       5070567         3.06 Client request header bytes total
ACCG.private.oci.client_req_bodybytes                             0         0.00 Client request body bytes total
--- 15:33:24 ---
MAIN.client_req_400                             0         0.00 Client requests received, subject to 400 errors
MAIN.client_req_417                             0         0.00 Client requests received, subject to 417 errors
MAIN.client_req                         24416         0.01 Good client requests received
MAIN.cache_hit                         20440         0.01 Cache hits
MAIN.cache_hit_grace                             0         0.00 Cache grace hits
MAIN.cache_hitpass                             0         0.00 Cache hits for pass.
MAIN.cache_hitmiss                             0         0.00 Cache hits for miss.
MAIN.cache_miss                          3976         0.00 Cache misses
MAIN.threads_limited                             0         0.00 Threads hit max
MAIN.thread_queue_len                             0          .   Length of session queue
MAIN.busy_sleep                           354         0.00 Number of requests sent to sleep on busy objhdr
MAIN.sess_queued                           315         0.00 Sessions queued for thread
MAIN.sess_dropped                             0         0.00 Sessions dropped for thread
MAIN.n_object                          3496          .   object structs made
MAIN.n_object_hitmiss                          3430          .   object structs made that are hit-for-miss
MAIN.n_object_hitpass                             0          .   object structs made that are hit-for-pass
MAIN.n_objectcore                          3641          .   objectcore structs made
MAIN.n_objecthead                           717          .   objecthead structs made
MAIN.goto_dns_cache_hits                             0         0.00 Cache hits within vmod_goto's DNS
SLICER.slice_cache_hit                             0         0.00 Count of slicer subrequest cache hits
SLICER.slice_cache_miss                             0         0.00 Count of slicer subrequest cache misses
SLICER.meta_cache_hit                             0         0.00 Count of cache hits for slicer top-level requests
SLICER.meta_cache_miss                             0         0.00 Count of cache misses for slicer top-level requests
MSE4_MEM.c_memcache_hit                             0         0.00 Stored objects memory cache hits
MSE4_MEM.c_memcache_miss                             0         0.00 Stored objects memory cache misses
ACCG.std.total.client_req_count                         24416         0.01 Total number of client requests processed
ACCG.std.total.client_req_hdrbytes                       5070567         3.06 Client request header bytes total
ACCG.std.total.client_req_bodybytes                             0         0.00 Client request body bytes total
ACCG.std.sub.client_req_count                             0         0.00 Total number of client requests processed
ACCG.std.sub.client_req_hdrbytes                             0         0.00 Client request header bytes total
ACCG.std.sub.client_req_bodybytes                             0         0.00 Client request body bytes total
ACCG.private.total.client_req_count                         24416         0.01 Total number of client requests processed
ACCG.private.total.client_req_hdrbytes                       5070567         3.06 Client request header bytes total
ACCG.private.total.client_req_bodybytes                             0         0.00 Client request body bytes total
ACCG.private.sub.client_req_count                             0         0.00 Total number of client requests processed
ACCG.private.sub.client_req_hdrbytes                             0         0.00 Client request header bytes total
ACCG.private.sub.client_req_bodybytes                             0         0.00 Client request body bytes total
ACCG.other.total.client_req_count                             0         0.00 Total number of client requests processed
ACCG.other.total.client_req_hdrbytes                             0         0.00 Client request header bytes total
ACCG.other.total.client_req_bodybytes                             0         0.00 Client request body bytes total
ACCG.other.sub.client_req_count                             0         0.00 Total number of client requests processed
ACCG.other.sub.client_req_hdrbytes                             0         0.00 Client request header bytes total
ACCG.other.sub.client_req_bodybytes                             0         0.00 Client request body bytes total
ACCG.private.oci.client_req_count                         24416         0.01 Total number of client requests processed
ACCG.private.oci.client_req_hdrbytes                       5070567         3.06 Client request header bytes total
ACCG.private.oci.client_req_bodybytes                             0         0.00 Client request body bytes total
--- 15:33:25 ---
MAIN.client_req_400                             0         0.00 Client requests received, subject to 400 errors
MAIN.client_req_417                             0         0.00 Client requests received, subject to 417 errors
MAIN.client_req                         25416         0.02 Good client requests received
MAIN.cache_hit                         20440         0.01 Cache hits
MAIN.cache_hit_grace                             0         0.00 Cache grace hits
MAIN.cache_hitpass                             0         0.00 Cache hits for pass.
MAIN.cache_hitmiss                             4         0.00 Cache hits for miss.
MAIN.cache_miss                          4976         0.00 Cache misses
MAIN.threads_limited                             0         0.00 Threads hit max
MAIN.thread_queue_len                             0          .   Length of session queue
MAIN.busy_sleep                           355         0.00 Number of requests sent to sleep on busy objhdr
MAIN.sess_queued                           321         0.00 Sessions queued for thread
MAIN.sess_dropped                             0         0.00 Sessions dropped for thread
MAIN.n_object                          4472          .   object structs made
MAIN.n_object_hitmiss                          4406          .   object structs made that are hit-for-miss
MAIN.n_object_hitpass                             0          .   object structs made that are hit-for-pass
MAIN.n_objectcore                          4568          .   objectcore structs made
MAIN.n_objecthead                           718          .   objecthead structs made
MAIN.goto_dns_cache_hits                             0         0.00 Cache hits within vmod_goto's DNS
SLICER.slice_cache_hit                             0         0.00 Count of slicer subrequest cache hits
SLICER.slice_cache_miss                             0         0.00 Count of slicer subrequest cache misses
SLICER.meta_cache_hit                             0         0.00 Count of cache hits for slicer top-level requests
SLICER.meta_cache_miss                             0         0.00 Count of cache misses for slicer top-level requests
MSE4_MEM.c_memcache_hit                             0         0.00 Stored objects memory cache hits
MSE4_MEM.c_memcache_miss                             0         0.00 Stored objects memory cache misses
ACCG.std.total.client_req_count                         25416         0.02 Total number of client requests processed
ACCG.std.total.client_req_hdrbytes                       5319367         3.21 Client request header bytes total
ACCG.std.total.client_req_bodybytes                             0         0.00 Client request body bytes total
ACCG.std.sub.client_req_count                             0         0.00 Total number of client requests processed
ACCG.std.sub.client_req_hdrbytes                             0         0.00 Client request header bytes total
ACCG.std.sub.client_req_bodybytes                             0         0.00 Client request body bytes total
ACCG.private.total.client_req_count                         25416         0.02 Total number of client requests processed
ACCG.private.total.client_req_hdrbytes                       5319367         3.21 Client request header bytes total
ACCG.private.total.client_req_bodybytes                             0         0.00 Client request body bytes total
ACCG.private.sub.client_req_count                             0         0.00 Total number of client requests processed
ACCG.private.sub.client_req_hdrbytes                             0         0.00 Client request header bytes total
ACCG.private.sub.client_req_bodybytes                             0         0.00 Client request body bytes total
ACCG.other.total.client_req_count                             0         0.00 Total number of client requests processed
ACCG.other.total.client_req_hdrbytes                             0         0.00 Client request header bytes total
ACCG.other.total.client_req_bodybytes                             0         0.00 Client request body bytes total
ACCG.other.sub.client_req_count                             0         0.00 Total number of client requests processed
ACCG.other.sub.client_req_hdrbytes                             0         0.00 Client request header bytes total
ACCG.other.sub.client_req_bodybytes                             0         0.00 Client request body bytes total
ACCG.private.oci.client_req_count                         25416         0.02 Total number of client requests processed
ACCG.private.oci.client_req_hdrbytes                       5319367         3.21 Client request header bytes total
ACCG.private.oci.client_req_bodybytes                             0         0.00 Client request body bytes total
--- 15:33:26 ---
MAIN.client_req_400                             0         0.00 Client requests received, subject to 400 errors
MAIN.client_req_417                             0         0.00 Client requests received, subject to 417 errors
MAIN.client_req                         25416         0.02 Good client requests received
MAIN.cache_hit                         20440         0.01 Cache hits
MAIN.cache_hit_grace                             0         0.00 Cache grace hits
MAIN.cache_hitpass                             0         0.00 Cache hits for pass.
MAIN.cache_hitmiss                             4         0.00 Cache hits for miss.
MAIN.cache_miss                          4976         0.00 Cache misses
MAIN.threads_limited                             0         0.00 Threads hit max
MAIN.thread_queue_len                             0          .   Length of session queue
MAIN.busy_sleep                           355         0.00 Number of requests sent to sleep on busy objhdr
MAIN.sess_queued                           321         0.00 Sessions queued for thread
MAIN.sess_dropped                             0         0.00 Sessions dropped for thread
MAIN.n_object                          4472          .   object structs made
MAIN.n_object_hitmiss                          4406          .   object structs made that are hit-for-miss
MAIN.n_object_hitpass                             0          .   object structs made that are hit-for-pass
MAIN.n_objectcore                          4568          .   objectcore structs made
MAIN.n_objecthead                           718          .   objecthead structs made
MAIN.goto_dns_cache_hits                             0         0.00 Cache hits within vmod_goto's DNS
SLICER.slice_cache_hit                             0         0.00 Count of slicer subrequest cache hits
SLICER.slice_cache_miss                             0         0.00 Count of slicer subrequest cache misses
SLICER.meta_cache_hit                             0         0.00 Count of cache hits for slicer top-level requests
SLICER.meta_cache_miss                             0         0.00 Count of cache misses for slicer top-level requests
MSE4_MEM.c_memcache_hit                             0         0.00 Stored objects memory cache hits
MSE4_MEM.c_memcache_miss                             0         0.00 Stored objects memory cache misses
ACCG.std.total.client_req_count                         25416         0.02 Total number of client requests processed
ACCG.std.total.client_req_hdrbytes                       5319367         3.21 Client request header bytes total
ACCG.std.total.client_req_bodybytes                             0         0.00 Client request body bytes total
ACCG.std.sub.client_req_count                             0         0.00 Total number of client requests processed
ACCG.std.sub.client_req_hdrbytes                             0         0.00 Client request header bytes total
ACCG.std.sub.client_req_bodybytes                             0         0.00 Client request body bytes total
ACCG.private.total.client_req_count                         25416         0.02 Total number of client requests processed
ACCG.private.total.client_req_hdrbytes                       5319367         3.21 Client request header bytes total
ACCG.private.total.client_req_bodybytes                             0         0.00 Client request body bytes total
ACCG.private.sub.client_req_count                             0         0.00 Total number of client requests processed
ACCG.private.sub.client_req_hdrbytes                             0         0.00 Client request header bytes total
ACCG.private.sub.client_req_bodybytes                             0         0.00 Client request body bytes total
ACCG.other.total.client_req_count                             0         0.00 Total number of client requests processed
ACCG.other.total.client_req_hdrbytes                             0         0.00 Client request header bytes total
ACCG.other.total.client_req_bodybytes                             0         0.00 Client request body bytes total
ACCG.other.sub.client_req_count                             0         0.00 Total number of client requests processed
ACCG.other.sub.client_req_hdrbytes                             0         0.00 Client request header bytes total
ACCG.other.sub.client_req_bodybytes                             0         0.00 Client request body bytes total
ACCG.private.oci.client_req_count                         25416         0.02 Total number of client requests processed
ACCG.private.oci.client_req_hdrbytes                       5319367         3.21 Client request header bytes total
ACCG.private.oci.client_req_bodybytes                             0         0.00 Client request body bytes total
--- 15:33:28 ---
MAIN.client_req_400                             0         0.00 Client requests received, subject to 400 errors
MAIN.client_req_417                             0         0.00 Client requests received, subject to 417 errors
MAIN.client_req                         25416         0.02 Good client requests received
MAIN.cache_hit                         20440         0.01 Cache hits
MAIN.cache_hit_grace                             0         0.00 Cache grace hits
MAIN.cache_hitpass                             0         0.00 Cache hits for pass.
MAIN.cache_hitmiss                             4         0.00 Cache hits for miss.
MAIN.cache_miss                          4976         0.00 Cache misses
MAIN.threads_limited                             0         0.00 Threads hit max
MAIN.thread_queue_len                             0          .   Length of session queue
MAIN.busy_sleep                           355         0.00 Number of requests sent to sleep on busy objhdr
MAIN.sess_queued                           321         0.00 Sessions queued for thread
MAIN.sess_dropped                             0         0.00 Sessions dropped for thread
MAIN.n_object                          4472          .   object structs made
MAIN.n_object_hitmiss                          4406          .   object structs made that are hit-for-miss
MAIN.n_object_hitpass                             0          .   object structs made that are hit-for-pass
MAIN.n_objectcore                          4568          .   objectcore structs made
MAIN.n_objecthead                           718          .   objecthead structs made
MAIN.goto_dns_cache_hits                             0         0.00 Cache hits within vmod_goto's DNS
SLICER.slice_cache_hit                             0         0.00 Count of slicer subrequest cache hits
SLICER.slice_cache_miss                             0         0.00 Count of slicer subrequest cache misses
SLICER.meta_cache_hit                             0         0.00 Count of cache hits for slicer top-level requests
SLICER.meta_cache_miss                             0         0.00 Count of cache misses for slicer top-level requests
MSE4_MEM.c_memcache_hit                             0         0.00 Stored objects memory cache hits
MSE4_MEM.c_memcache_miss                             0         0.00 Stored objects memory cache misses
ACCG.std.total.client_req_count                         25416         0.02 Total number of client requests processed
ACCG.std.total.client_req_hdrbytes                       5319367         3.21 Client request header bytes total
ACCG.std.total.client_req_bodybytes                             0         0.00 Client request body bytes total
ACCG.std.sub.client_req_count                             0         0.00 Total number of client requests processed
ACCG.std.sub.client_req_hdrbytes                             0         0.00 Client request header bytes total
ACCG.std.sub.client_req_bodybytes                             0         0.00 Client request body bytes total
ACCG.private.total.client_req_count                         25416         0.02 Total number of client requests processed
ACCG.private.total.client_req_hdrbytes                       5319367         3.21 Client request header bytes total
ACCG.private.total.client_req_bodybytes                             0         0.00 Client request body bytes total
ACCG.private.sub.client_req_count                             0         0.00 Total number of client requests processed
ACCG.private.sub.client_req_hdrbytes                             0         0.00 Client request header bytes total
ACCG.private.sub.client_req_bodybytes                             0         0.00 Client request body bytes total
ACCG.other.total.client_req_count                             0         0.00 Total number of client requests processed
ACCG.other.total.client_req_hdrbytes                             0         0.00 Client request header bytes total
ACCG.other.total.client_req_bodybytes                             0         0.00 Client request body bytes total
ACCG.other.sub.client_req_count                             0         0.00 Total number of client requests processed
ACCG.other.sub.client_req_hdrbytes                             0         0.00 Client request header bytes total
ACCG.other.sub.client_req_bodybytes                             0         0.00 Client request body bytes total
ACCG.private.oci.client_req_count                         25416         0.02 Total number of client requests processed
ACCG.private.oci.client_req_hdrbytes                       5319367         3.21 Client request header bytes total
ACCG.private.oci.client_req_bodybytes                             0         0.00 Client request body bytes total
--- 15:33:29 ---
MAIN.client_req_400                             0         0.00 Client requests received, subject to 400 errors
MAIN.client_req_417                             0         0.00 Client requests received, subject to 417 errors
MAIN.client_req                         26416         0.02 Good client requests received
MAIN.cache_hit                         20440         0.01 Cache hits
MAIN.cache_hit_grace                             0         0.00 Cache grace hits
MAIN.cache_hitpass                             0         0.00 Cache hits for pass.
MAIN.cache_hitmiss                            81         0.00 Cache hits for miss.
MAIN.cache_miss                          5976         0.00 Cache misses
MAIN.threads_limited                             0         0.00 Threads hit max
MAIN.thread_queue_len                             0          .   Length of session queue
MAIN.busy_sleep                           423         0.00 Number of requests sent to sleep on busy objhdr
MAIN.sess_queued                           569         0.00 Sessions queued for thread
MAIN.sess_dropped                             0         0.00 Sessions dropped for thread
MAIN.n_object                          5375          .   object structs made
MAIN.n_object_hitmiss                          5309          .   object structs made that are hit-for-miss
MAIN.n_object_hitpass                             0          .   object structs made that are hit-for-pass
MAIN.n_objectcore                          5415          .   objectcore structs made
MAIN.n_objecthead                           773          .   objecthead structs made
MAIN.goto_dns_cache_hits                             0         0.00 Cache hits within vmod_goto's DNS
SLICER.slice_cache_hit                             0         0.00 Count of slicer subrequest cache hits
SLICER.slice_cache_miss                             0         0.00 Count of slicer subrequest cache misses
SLICER.meta_cache_hit                             0         0.00 Count of cache hits for slicer top-level requests
SLICER.meta_cache_miss                             0         0.00 Count of cache misses for slicer top-level requests
MSE4_MEM.c_memcache_hit                             0         0.00 Stored objects memory cache hits
MSE4_MEM.c_memcache_miss                             0         0.00 Stored objects memory cache misses
ACCG.std.total.client_req_count                         26416         0.02 Total number of client requests processed
ACCG.std.total.client_req_hdrbytes                       5568167         3.36 Client request header bytes total
ACCG.std.total.client_req_bodybytes                             0         0.00 Client request body bytes total
ACCG.std.sub.client_req_count                             0         0.00 Total number of client requests processed
ACCG.std.sub.client_req_hdrbytes                             0         0.00 Client request header bytes total
ACCG.std.sub.client_req_bodybytes                             0         0.00 Client request body bytes total
ACCG.private.total.client_req_count                         26416         0.02 Total number of client requests processed
ACCG.private.total.client_req_hdrbytes                       5568167         3.36 Client request header bytes total
ACCG.private.total.client_req_bodybytes                             0         0.00 Client request body bytes total
ACCG.private.sub.client_req_count                             0         0.00 Total number of client requests processed
ACCG.private.sub.client_req_hdrbytes                             0         0.00 Client request header bytes total
ACCG.private.sub.client_req_bodybytes                             0         0.00 Client request body bytes total
ACCG.other.total.client_req_count                             0         0.00 Total number of client requests processed
ACCG.other.total.client_req_hdrbytes                             0         0.00 Client request header bytes total
ACCG.other.total.client_req_bodybytes                             0         0.00 Client request body bytes total
ACCG.other.sub.client_req_count                             0         0.00 Total number of client requests processed
ACCG.other.sub.client_req_hdrbytes                             0         0.00 Client request header bytes total
ACCG.other.sub.client_req_bodybytes                             0         0.00 Client request body bytes total
ACCG.private.oci.client_req_count                         26416         0.02 Total number of client requests processed
ACCG.private.oci.client_req_hdrbytes                       5568167         3.36 Client request header bytes total
ACCG.private.oci.client_req_bodybytes                             0         0.00 Client request body bytes total
--- 15:33:30 ---
MAIN.client_req_400                             0         0.00 Client requests received, subject to 400 errors
MAIN.client_req_417                             0         0.00 Client requests received, subject to 417 errors
MAIN.client_req                         26416         0.02 Good client requests received
MAIN.cache_hit                         20440         0.01 Cache hits
MAIN.cache_hit_grace                             0         0.00 Cache grace hits
MAIN.cache_hitpass                             0         0.00 Cache hits for pass.
MAIN.cache_hitmiss                            81         0.00 Cache hits for miss.
MAIN.cache_miss                          5976         0.00 Cache misses
MAIN.threads_limited                             0         0.00 Threads hit max
MAIN.thread_queue_len                             0          .   Length of session queue
MAIN.busy_sleep                           423         0.00 Number of requests sent to sleep on busy objhdr
MAIN.sess_queued                           569         0.00 Sessions queued for thread
MAIN.sess_dropped                             0         0.00 Sessions dropped for thread
MAIN.n_object                          5375          .   object structs made
MAIN.n_object_hitmiss                          5309          .   object structs made that are hit-for-miss
MAIN.n_object_hitpass                             0          .   object structs made that are hit-for-pass
MAIN.n_objectcore                          5415          .   objectcore structs made
MAIN.n_objecthead                           773          .   objecthead structs made
MAIN.goto_dns_cache_hits                             0         0.00 Cache hits within vmod_goto's DNS
SLICER.slice_cache_hit                             0         0.00 Count of slicer subrequest cache hits
SLICER.slice_cache_miss                             0         0.00 Count of slicer subrequest cache misses
SLICER.meta_cache_hit                             0         0.00 Count of cache hits for slicer top-level requests
SLICER.meta_cache_miss                             0         0.00 Count of cache misses for slicer top-level requests
MSE4_MEM.c_memcache_hit                             0         0.00 Stored objects memory cache hits
MSE4_MEM.c_memcache_miss                             0         0.00 Stored objects memory cache misses
ACCG.std.total.client_req_count                         26416         0.02 Total number of client requests processed
ACCG.std.total.client_req_hdrbytes                       5568167         3.36 Client request header bytes total
ACCG.std.total.client_req_bodybytes                             0         0.00 Client request body bytes total
ACCG.std.sub.client_req_count                             0         0.00 Total number of client requests processed
ACCG.std.sub.client_req_hdrbytes                             0         0.00 Client request header bytes total
ACCG.std.sub.client_req_bodybytes                             0         0.00 Client request body bytes total
ACCG.private.total.client_req_count                         26416         0.02 Total number of client requests processed
ACCG.private.total.client_req_hdrbytes                       5568167         3.36 Client request header bytes total
ACCG.private.total.client_req_bodybytes                             0         0.00 Client request body bytes total
ACCG.private.sub.client_req_count                             0         0.00 Total number of client requests processed
ACCG.private.sub.client_req_hdrbytes                             0         0.00 Client request header bytes total
ACCG.private.sub.client_req_bodybytes                             0         0.00 Client request body bytes total
ACCG.other.total.client_req_count                             0         0.00 Total number of client requests processed
ACCG.other.total.client_req_hdrbytes                             0         0.00 Client request header bytes total
ACCG.other.total.client_req_bodybytes                             0         0.00 Client request body bytes total
ACCG.other.sub.client_req_count                             0         0.00 Total number of client requests processed
ACCG.other.sub.client_req_hdrbytes                             0         0.00 Client request header bytes total
ACCG.other.sub.client_req_bodybytes                             0         0.00 Client request body bytes total
ACCG.private.oci.client_req_count                         26416         0.02 Total number of client requests processed
ACCG.private.oci.client_req_hdrbytes                       5568167         3.36 Client request header bytes total
ACCG.private.oci.client_req_bodybytes                             0         0.00 Client request body bytes total
--- 15:33:31 ---
MAIN.client_req_400                             0         0.00 Client requests received, subject to 400 errors
MAIN.client_req_417                             0         0.00 Client requests received, subject to 417 errors
MAIN.client_req                         26416         0.02 Good client requests received
MAIN.cache_hit                         20440         0.01 Cache hits
MAIN.cache_hit_grace                             0         0.00 Cache grace hits
MAIN.cache_hitpass                             0         0.00 Cache hits for pass.
MAIN.cache_hitmiss                            81         0.00 Cache hits for miss.
MAIN.cache_miss                          5976         0.00 Cache misses
MAIN.threads_limited                             0         0.00 Threads hit max
MAIN.thread_queue_len                             0          .   Length of session queue
MAIN.busy_sleep                           423         0.00 Number of requests sent to sleep on busy objhdr
MAIN.sess_queued                           569         0.00 Sessions queued for thread
MAIN.sess_dropped                             0         0.00 Sessions dropped for thread
MAIN.n_object                          5375          .   object structs made
MAIN.n_object_hitmiss                          5309          .   object structs made that are hit-for-miss
MAIN.n_object_hitpass                             0          .   object structs made that are hit-for-pass
MAIN.n_objectcore                          5415          .   objectcore structs made
MAIN.n_objecthead                           773          .   objecthead structs made
MAIN.goto_dns_cache_hits                             0         0.00 Cache hits within vmod_goto's DNS
SLICER.slice_cache_hit                             0         0.00 Count of slicer subrequest cache hits
SLICER.slice_cache_miss                             0         0.00 Count of slicer subrequest cache misses
SLICER.meta_cache_hit                             0         0.00 Count of cache hits for slicer top-level requests
SLICER.meta_cache_miss                             0         0.00 Count of cache misses for slicer top-level requests
MSE4_MEM.c_memcache_hit                             0         0.00 Stored objects memory cache hits
MSE4_MEM.c_memcache_miss                             0         0.00 Stored objects memory cache misses
ACCG.std.total.client_req_count                         26416         0.02 Total number of client requests processed
ACCG.std.total.client_req_hdrbytes                       5568167         3.36 Client request header bytes total
ACCG.std.total.client_req_bodybytes                             0         0.00 Client request body bytes total
ACCG.std.sub.client_req_count                             0         0.00 Total number of client requests processed
ACCG.std.sub.client_req_hdrbytes                             0         0.00 Client request header bytes total
ACCG.std.sub.client_req_bodybytes                             0         0.00 Client request body bytes total
ACCG.private.total.client_req_count                         26416         0.02 Total number of client requests processed
ACCG.private.total.client_req_hdrbytes                       5568167         3.36 Client request header bytes total
ACCG.private.total.client_req_bodybytes                             0         0.00 Client request body bytes total
ACCG.private.sub.client_req_count                             0         0.00 Total number of client requests processed
ACCG.private.sub.client_req_hdrbytes                             0         0.00 Client request header bytes total
ACCG.private.sub.client_req_bodybytes                             0         0.00 Client request body bytes total
ACCG.other.total.client_req_count                             0         0.00 Total number of client requests processed
ACCG.other.total.client_req_hdrbytes                             0         0.00 Client request header bytes total
ACCG.other.total.client_req_bodybytes                             0         0.00 Client request body bytes total
ACCG.other.sub.client_req_count                             0         0.00 Total number of client requests processed
ACCG.other.sub.client_req_hdrbytes                             0         0.00 Client request header bytes total
ACCG.other.sub.client_req_bodybytes                             0         0.00 Client request body bytes total
ACCG.private.oci.client_req_count                         26416         0.02 Total number of client requests processed
ACCG.private.oci.client_req_hdrbytes                       5568167         3.36 Client request header bytes total
ACCG.private.oci.client_req_bodybytes                             0         0.00 Client request body bytes total
--- 15:33:32 ---
MAIN.client_req_400                             0         0.00 Client requests received, subject to 400 errors
MAIN.client_req_417                             0         0.00 Client requests received, subject to 417 errors
MAIN.client_req                         26893         0.02 Good client requests received
MAIN.cache_hit                         20443         0.01 Cache hits
MAIN.cache_hit_grace                             0         0.00 Cache grace hits
MAIN.cache_hitpass                             0         0.00 Cache hits for pass.
MAIN.cache_hitmiss                           129         0.00 Cache hits for miss.
MAIN.cache_miss                          6264         0.00 Cache misses
MAIN.threads_limited                             0         0.00 Threads hit max
MAIN.thread_queue_len                             0          .   Length of session queue
MAIN.busy_sleep                           650         0.00 Number of requests sent to sleep on busy objhdr
MAIN.sess_queued                           869         0.00 Sessions queued for thread
MAIN.sess_dropped                             0         0.00 Sessions dropped for thread
MAIN.n_object                          5713          .   object structs made
MAIN.n_object_hitmiss                          5646          .   object structs made that are hit-for-miss
MAIN.n_object_hitpass                             0          .   object structs made that are hit-for-pass
MAIN.n_objectcore                          5813          .   objectcore structs made
MAIN.n_objecthead                           886          .   objecthead structs made
MAIN.goto_dns_cache_hits                             0         0.00 Cache hits within vmod_goto's DNS
SLICER.slice_cache_hit                             0         0.00 Count of slicer subrequest cache hits
SLICER.slice_cache_miss                             0         0.00 Count of slicer subrequest cache misses
SLICER.meta_cache_hit                             0         0.00 Count of cache hits for slicer top-level requests
SLICER.meta_cache_miss                             0         0.00 Count of cache misses for slicer top-level requests
MSE4_MEM.c_memcache_hit                             0         0.00 Stored objects memory cache hits
MSE4_MEM.c_memcache_miss                             0         0.00 Stored objects memory cache misses
ACCG.std.total.client_req_count                         26905         0.02 Total number of client requests processed
ACCG.std.total.client_req_hdrbytes                       5689807         3.44 Client request header bytes total
ACCG.std.total.client_req_bodybytes                             0         0.00 Client request body bytes total
ACCG.std.sub.client_req_count                             0         0.00 Total number of client requests processed
ACCG.std.sub.client_req_hdrbytes                             0         0.00 Client request header bytes total
ACCG.std.sub.client_req_bodybytes                             0         0.00 Client request body bytes total
ACCG.private.total.client_req_count                         26905         0.02 Total number of client requests processed
ACCG.private.total.client_req_hdrbytes                       5689807         3.44 Client request header bytes total
ACCG.private.total.client_req_bodybytes                             0         0.00 Client request body bytes total
ACCG.private.sub.client_req_count                             0         0.00 Total number of client requests processed
ACCG.private.sub.client_req_hdrbytes                             0         0.00 Client request header bytes total
ACCG.private.sub.client_req_bodybytes                             0         0.00 Client request body bytes total
ACCG.other.total.client_req_count                             0         0.00 Total number of client requests processed
ACCG.other.total.client_req_hdrbytes                             0         0.00 Client request header bytes total
ACCG.other.total.client_req_bodybytes                             0         0.00 Client request body bytes total
ACCG.other.sub.client_req_count                             0         0.00 Total number of client requests processed
ACCG.other.sub.client_req_hdrbytes                             0         0.00 Client request header bytes total
ACCG.other.sub.client_req_bodybytes                             0         0.00 Client request body bytes total
ACCG.private.oci.client_req_count                         26905         0.02 Total number of client requests processed
ACCG.private.oci.client_req_hdrbytes                       5689807         3.44 Client request header bytes total
ACCG.private.oci.client_req_bodybytes                             0         0.00 Client request body bytes total
--- 15:33:33 ---
MAIN.client_req_400                             0         0.00 Client requests received, subject to 400 errors
MAIN.client_req_417                             0         0.00 Client requests received, subject to 417 errors
MAIN.client_req                         27416         0.02 Good client requests received
MAIN.cache_hit                         20448         0.01 Cache hits
MAIN.cache_hit_grace                             0         0.00 Cache grace hits
MAIN.cache_hitpass                             0         0.00 Cache hits for pass.
MAIN.cache_hitmiss                           394         0.00 Cache hits for miss.
MAIN.cache_miss                          6968         0.00 Cache misses
MAIN.threads_limited                             0         0.00 Threads hit max
MAIN.thread_queue_len                             0          .   Length of session queue
MAIN.busy_sleep                           703         0.00 Number of requests sent to sleep on busy objhdr
MAIN.sess_queued                           869         0.00 Sessions queued for thread
MAIN.sess_dropped                             0         0.00 Sessions dropped for thread
MAIN.n_object                          6042          .   object structs made
MAIN.n_object_hitmiss                          5976          .   object structs made that are hit-for-miss
MAIN.n_object_hitpass                             0          .   object structs made that are hit-for-pass
MAIN.n_objectcore                          6176          .   objectcore structs made
MAIN.n_objecthead                          1153          .   objecthead structs made
MAIN.goto_dns_cache_hits                             0         0.00 Cache hits within vmod_goto's DNS
SLICER.slice_cache_hit                             0         0.00 Count of slicer subrequest cache hits
SLICER.slice_cache_miss                             0         0.00 Count of slicer subrequest cache misses
SLICER.meta_cache_hit                             0         0.00 Count of cache hits for slicer top-level requests
SLICER.meta_cache_miss                             0         0.00 Count of cache misses for slicer top-level requests
MSE4_MEM.c_memcache_hit                             0         0.00 Stored objects memory cache hits
MSE4_MEM.c_memcache_miss                             0         0.00 Stored objects memory cache misses
ACCG.std.total.client_req_count                         27416         0.02 Total number of client requests processed
ACCG.std.total.client_req_hdrbytes                       5816967         3.51 Client request header bytes total
ACCG.std.total.client_req_bodybytes                             0         0.00 Client request body bytes total
ACCG.std.sub.client_req_count                             0         0.00 Total number of client requests processed
ACCG.std.sub.client_req_hdrbytes                             0         0.00 Client request header bytes total
ACCG.std.sub.client_req_bodybytes                             0         0.00 Client request body bytes total
ACCG.private.total.client_req_count                         27416         0.02 Total number of client requests processed
ACCG.private.total.client_req_hdrbytes                       5816967         3.51 Client request header bytes total
ACCG.private.total.client_req_bodybytes                             0         0.00 Client request body bytes total
ACCG.private.sub.client_req_count                             0         0.00 Total number of client requests processed
ACCG.private.sub.client_req_hdrbytes                             0         0.00 Client request header bytes total
ACCG.private.sub.client_req_bodybytes                             0         0.00 Client request body bytes total
ACCG.other.total.client_req_count                             0         0.00 Total number of client requests processed
ACCG.other.total.client_req_hdrbytes                             0         0.00 Client request header bytes total
ACCG.other.total.client_req_bodybytes                             0         0.00 Client request body bytes total
ACCG.other.sub.client_req_count                             0         0.00 Total number of client requests processed
ACCG.other.sub.client_req_hdrbytes                             0         0.00 Client request header bytes total
ACCG.other.sub.client_req_bodybytes                             0         0.00 Client request body bytes total
ACCG.private.oci.client_req_count                         27416         0.02 Total number of client requests processed
ACCG.private.oci.client_req_hdrbytes                       5816967         3.51 Client request header bytes total
ACCG.private.oci.client_req_bodybytes                             0         0.00 Client request body bytes total
--- 15:33:34 ---
MAIN.client_req_400                             0         0.00 Client requests received, subject to 400 errors
MAIN.client_req_417                             0         0.00 Client requests received, subject to 417 errors
MAIN.client_req                         27416         0.02 Good client requests received
MAIN.cache_hit                         20448         0.01 Cache hits
MAIN.cache_hit_grace                             0         0.00 Cache grace hits
MAIN.cache_hitpass                             0         0.00 Cache hits for pass.
MAIN.cache_hitmiss                           394         0.00 Cache hits for miss.
MAIN.cache_miss                          6968         0.00 Cache misses
MAIN.threads_limited                             0         0.00 Threads hit max
MAIN.thread_queue_len                             0          .   Length of session queue
MAIN.busy_sleep                           703         0.00 Number of requests sent to sleep on busy objhdr
MAIN.sess_queued                           869         0.00 Sessions queued for thread
MAIN.sess_dropped                             0         0.00 Sessions dropped for thread
MAIN.n_object                          6042          .   object structs made
MAIN.n_object_hitmiss                          5976          .   object structs made that are hit-for-miss
MAIN.n_object_hitpass                             0          .   object structs made that are hit-for-pass
MAIN.n_objectcore                          6176          .   objectcore structs made
MAIN.n_objecthead                          1153          .   objecthead structs made
MAIN.goto_dns_cache_hits                             0         0.00 Cache hits within vmod_goto's DNS
SLICER.slice_cache_hit                             0         0.00 Count of slicer subrequest cache hits
SLICER.slice_cache_miss                             0         0.00 Count of slicer subrequest cache misses
SLICER.meta_cache_hit                             0         0.00 Count of cache hits for slicer top-level requests
SLICER.meta_cache_miss                             0         0.00 Count of cache misses for slicer top-level requests
MSE4_MEM.c_memcache_hit                             0         0.00 Stored objects memory cache hits
MSE4_MEM.c_memcache_miss                             0         0.00 Stored objects memory cache misses
ACCG.std.total.client_req_count                         27416         0.02 Total number of client requests processed
ACCG.std.total.client_req_hdrbytes                       5816967         3.51 Client request header bytes total
ACCG.std.total.client_req_bodybytes                             0         0.00 Client request body bytes total
ACCG.std.sub.client_req_count                             0         0.00 Total number of client requests processed
ACCG.std.sub.client_req_hdrbytes                             0         0.00 Client request header bytes total
ACCG.std.sub.client_req_bodybytes                             0         0.00 Client request body bytes total
ACCG.private.total.client_req_count                         27416         0.02 Total number of client requests processed
ACCG.private.total.client_req_hdrbytes                       5816967         3.51 Client request header bytes total
ACCG.private.total.client_req_bodybytes                             0         0.00 Client request body bytes total
ACCG.private.sub.client_req_count                             0         0.00 Total number of client requests processed
ACCG.private.sub.client_req_hdrbytes                             0         0.00 Client request header bytes total
ACCG.private.sub.client_req_bodybytes                             0         0.00 Client request body bytes total
ACCG.other.total.client_req_count                             0         0.00 Total number of client requests processed
ACCG.other.total.client_req_hdrbytes                             0         0.00 Client request header bytes total
ACCG.other.total.client_req_bodybytes                             0         0.00 Client request body bytes total
ACCG.other.sub.client_req_count                             0         0.00 Total number of client requests processed
ACCG.other.sub.client_req_hdrbytes                             0         0.00 Client request header bytes total
ACCG.other.sub.client_req_bodybytes                             0         0.00 Client request body bytes total
ACCG.private.oci.client_req_count                         27416         0.02 Total number of client requests processed
ACCG.private.oci.client_req_hdrbytes                       5816967         3.51 Client request header bytes total
ACCG.private.oci.client_req_bodybytes                             0         0.00 Client request body bytes total
--- 15:33:35 ---
MAIN.client_req_400                             0         0.00 Client requests received, subject to 400 errors
MAIN.client_req_417                             0         0.00 Client requests received, subject to 417 errors
MAIN.client_req                         27416         0.02 Good client requests received
MAIN.cache_hit                         20448         0.01 Cache hits
MAIN.cache_hit_grace                             0         0.00 Cache grace hits
MAIN.cache_hitpass                             0         0.00 Cache hits for pass.
MAIN.cache_hitmiss                           394         0.00 Cache hits for miss.
MAIN.cache_miss                          6968         0.00 Cache misses
MAIN.threads_limited                             0         0.00 Threads hit max
MAIN.thread_queue_len                             0          .   Length of session queue
MAIN.busy_sleep                           703         0.00 Number of requests sent to sleep on busy objhdr
MAIN.sess_queued                           869         0.00 Sessions queued for thread
MAIN.sess_dropped                             0         0.00 Sessions dropped for thread
MAIN.n_object                          6042          .   object structs made
MAIN.n_object_hitmiss                          5976          .   object structs made that are hit-for-miss
MAIN.n_object_hitpass                             0          .   object structs made that are hit-for-pass
MAIN.n_objectcore                          6176          .   objectcore structs made
MAIN.n_objecthead                          1153          .   objecthead structs made
MAIN.goto_dns_cache_hits                             0         0.00 Cache hits within vmod_goto's DNS
SLICER.slice_cache_hit                             0         0.00 Count of slicer subrequest cache hits
SLICER.slice_cache_miss                             0         0.00 Count of slicer subrequest cache misses
SLICER.meta_cache_hit                             0         0.00 Count of cache hits for slicer top-level requests
SLICER.meta_cache_miss                             0         0.00 Count of cache misses for slicer top-level requests
MSE4_MEM.c_memcache_hit                             0         0.00 Stored objects memory cache hits
MSE4_MEM.c_memcache_miss                             0         0.00 Stored objects memory cache misses
ACCG.std.total.client_req_count                         27416         0.02 Total number of client requests processed
ACCG.std.total.client_req_hdrbytes                       5816967         3.51 Client request header bytes total
ACCG.std.total.client_req_bodybytes                             0         0.00 Client request body bytes total
ACCG.std.sub.client_req_count                             0         0.00 Total number of client requests processed
ACCG.std.sub.client_req_hdrbytes                             0         0.00 Client request header bytes total
ACCG.std.sub.client_req_bodybytes                             0         0.00 Client request body bytes total
ACCG.private.total.client_req_count                         27416         0.02 Total number of client requests processed
ACCG.private.total.client_req_hdrbytes                       5816967         3.51 Client request header bytes total
ACCG.private.total.client_req_bodybytes                             0         0.00 Client request body bytes total
ACCG.private.sub.client_req_count                             0         0.00 Total number of client requests processed
ACCG.private.sub.client_req_hdrbytes                             0         0.00 Client request header bytes total
ACCG.private.sub.client_req_bodybytes                             0         0.00 Client request body bytes total
ACCG.other.total.client_req_count                             0         0.00 Total number of client requests processed
ACCG.other.total.client_req_hdrbytes                             0         0.00 Client request header bytes total
ACCG.other.total.client_req_bodybytes                             0         0.00 Client request body bytes total
ACCG.other.sub.client_req_count                             0         0.00 Total number of client requests processed
ACCG.other.sub.client_req_hdrbytes                             0         0.00 Client request header bytes total
ACCG.other.sub.client_req_bodybytes                             0         0.00 Client request body bytes total
ACCG.private.oci.client_req_count                         27416         0.02 Total number of client requests processed
ACCG.private.oci.client_req_hdrbytes                       5816967         3.51 Client request header bytes total
ACCG.private.oci.client_req_bodybytes                             0         0.00 Client request body bytes total
--- 15:33:36 ---
MAIN.client_req_400                             0         0.00 Client requests received, subject to 400 errors
MAIN.client_req_417                             0         0.00 Client requests received, subject to 417 errors
MAIN.client_req                         27416         0.02 Good client requests received
MAIN.cache_hit                         20448         0.01 Cache hits
MAIN.cache_hit_grace                             0         0.00 Cache grace hits
MAIN.cache_hitpass                             0         0.00 Cache hits for pass.
MAIN.cache_hitmiss                           394         0.00 Cache hits for miss.
MAIN.cache_miss                          6968         0.00 Cache misses
MAIN.threads_limited                             0         0.00 Threads hit max
MAIN.thread_queue_len                             0          .   Length of session queue
MAIN.busy_sleep                           703         0.00 Number of requests sent to sleep on busy objhdr
MAIN.sess_queued                           869         0.00 Sessions queued for thread
MAIN.sess_dropped                             0         0.00 Sessions dropped for thread
MAIN.n_object                          6042          .   object structs made
MAIN.n_object_hitmiss                          5976          .   object structs made that are hit-for-miss
MAIN.n_object_hitpass                             0          .   object structs made that are hit-for-pass
MAIN.n_objectcore                          6176          .   objectcore structs made
MAIN.n_objecthead                          1153          .   objecthead structs made
MAIN.goto_dns_cache_hits                             0         0.00 Cache hits within vmod_goto's DNS
SLICER.slice_cache_hit                             0         0.00 Count of slicer subrequest cache hits
SLICER.slice_cache_miss                             0         0.00 Count of slicer subrequest cache misses
SLICER.meta_cache_hit                             0         0.00 Count of cache hits for slicer top-level requests
SLICER.meta_cache_miss                             0         0.00 Count of cache misses for slicer top-level requests
MSE4_MEM.c_memcache_hit                             0         0.00 Stored objects memory cache hits
MSE4_MEM.c_memcache_miss                             0         0.00 Stored objects memory cache misses
ACCG.std.total.client_req_count                         27416         0.02 Total number of client requests processed
ACCG.std.total.client_req_hdrbytes                       5816967         3.51 Client request header bytes total
ACCG.std.total.client_req_bodybytes                             0         0.00 Client request body bytes total
ACCG.std.sub.client_req_count                             0         0.00 Total number of client requests processed
ACCG.std.sub.client_req_hdrbytes                             0         0.00 Client request header bytes total
ACCG.std.sub.client_req_bodybytes                             0         0.00 Client request body bytes total
ACCG.private.total.client_req_count                         27416         0.02 Total number of client requests processed
ACCG.private.total.client_req_hdrbytes                       5816967         3.51 Client request header bytes total
ACCG.private.total.client_req_bodybytes                             0         0.00 Client request body bytes total
ACCG.private.sub.client_req_count                             0         0.00 Total number of client requests processed
ACCG.private.sub.client_req_hdrbytes                             0         0.00 Client request header bytes total
ACCG.private.sub.client_req_bodybytes                             0         0.00 Client request body bytes total
ACCG.other.total.client_req_count                             0         0.00 Total number of client requests processed
ACCG.other.total.client_req_hdrbytes                             0         0.00 Client request header bytes total
ACCG.other.total.client_req_bodybytes                             0         0.00 Client request body bytes total
ACCG.other.sub.client_req_count                             0         0.00 Total number of client requests processed
ACCG.other.sub.client_req_hdrbytes                             0         0.00 Client request header bytes total
ACCG.other.sub.client_req_bodybytes                             0         0.00 Client request body bytes total
ACCG.private.oci.client_req_count                         27416         0.02 Total number of client requests processed
ACCG.private.oci.client_req_hdrbytes                       5816967         3.51 Client request header bytes total
ACCG.private.oci.client_req_bodybytes                             0         0.00 Client request body bytes total
--- 15:33:38 ---
MAIN.client_req_400                             0         0.00 Client requests received, subject to 400 errors
MAIN.client_req_417                             0         0.00 Client requests received, subject to 417 errors
MAIN.client_req                         27416         0.02 Good client requests received
MAIN.cache_hit                         20448         0.01 Cache hits
MAIN.cache_hit_grace                             0         0.00 Cache grace hits
MAIN.cache_hitpass                             0         0.00 Cache hits for pass.
MAIN.cache_hitmiss                           394         0.00 Cache hits for miss.
MAIN.cache_miss                          6968         0.00 Cache misses
MAIN.threads_limited                             0         0.00 Threads hit max
MAIN.thread_queue_len                             0          .   Length of session queue
MAIN.busy_sleep                           703         0.00 Number of requests sent to sleep on busy objhdr
MAIN.sess_queued                           869         0.00 Sessions queued for thread
MAIN.sess_dropped                             0         0.00 Sessions dropped for thread
MAIN.n_object                          6042          .   object structs made
MAIN.n_object_hitmiss                          5976          .   object structs made that are hit-for-miss
MAIN.n_object_hitpass                             0          .   object structs made that are hit-for-pass
MAIN.n_objectcore                          6176          .   objectcore structs made
MAIN.n_objecthead                          1153          .   objecthead structs made
MAIN.goto_dns_cache_hits                             0         0.00 Cache hits within vmod_goto's DNS
SLICER.slice_cache_hit                             0         0.00 Count of slicer subrequest cache hits
SLICER.slice_cache_miss                             0         0.00 Count of slicer subrequest cache misses
SLICER.meta_cache_hit                             0         0.00 Count of cache hits for slicer top-level requests
SLICER.meta_cache_miss                             0         0.00 Count of cache misses for slicer top-level requests
MSE4_MEM.c_memcache_hit                             0         0.00 Stored objects memory cache hits
MSE4_MEM.c_memcache_miss                             0         0.00 Stored objects memory cache misses
ACCG.std.total.client_req_count                         27416         0.02 Total number of client requests processed
ACCG.std.total.client_req_hdrbytes                       5816967         3.51 Client request header bytes total
ACCG.std.total.client_req_bodybytes                             0         0.00 Client request body bytes total
ACCG.std.sub.client_req_count                             0         0.00 Total number of client requests processed
ACCG.std.sub.client_req_hdrbytes                             0         0.00 Client request header bytes total
ACCG.std.sub.client_req_bodybytes                             0         0.00 Client request body bytes total
ACCG.private.total.client_req_count                         27416         0.02 Total number of client requests processed
ACCG.private.total.client_req_hdrbytes                       5816967         3.51 Client request header bytes total
ACCG.private.total.client_req_bodybytes                             0         0.00 Client request body bytes total
ACCG.private.sub.client_req_count                             0         0.00 Total number of client requests processed
ACCG.private.sub.client_req_hdrbytes                             0         0.00 Client request header bytes total
ACCG.private.sub.client_req_bodybytes                             0         0.00 Client request body bytes total
ACCG.other.total.client_req_count                             0         0.00 Total number of client requests processed
ACCG.other.total.client_req_hdrbytes                             0         0.00 Client request header bytes total
ACCG.other.total.client_req_bodybytes                             0         0.00 Client request body bytes total
ACCG.other.sub.client_req_count                             0         0.00 Total number of client requests processed
ACCG.other.sub.client_req_hdrbytes                             0         0.00 Client request header bytes total
ACCG.other.sub.client_req_bodybytes                             0         0.00 Client request body bytes total
ACCG.private.oci.client_req_count                         27416         0.02 Total number of client requests processed
ACCG.private.oci.client_req_hdrbytes                       5816967         3.51 Client request header bytes total
ACCG.private.oci.client_req_bodybytes                             0         0.00 Client request body bytes total
--- 15:33:39 ---
MAIN.client_req_400                             0         0.00 Client requests received, subject to 400 errors
MAIN.client_req_417                             0         0.00 Client requests received, subject to 417 errors
MAIN.client_req                         27416         0.02 Good client requests received
MAIN.cache_hit                         20448         0.01 Cache hits
MAIN.cache_hit_grace                             0         0.00 Cache grace hits
MAIN.cache_hitpass                             0         0.00 Cache hits for pass.
MAIN.cache_hitmiss                           394         0.00 Cache hits for miss.
MAIN.cache_miss                          6968         0.00 Cache misses
MAIN.threads_limited                             0         0.00 Threads hit max
MAIN.thread_queue_len                             0          .   Length of session queue
MAIN.busy_sleep                           703         0.00 Number of requests sent to sleep on busy objhdr
MAIN.sess_queued                           869         0.00 Sessions queued for thread
MAIN.sess_dropped                             0         0.00 Sessions dropped for thread
MAIN.n_object                          6042          .   object structs made
MAIN.n_object_hitmiss                          5976          .   object structs made that are hit-for-miss
MAIN.n_object_hitpass                             0          .   object structs made that are hit-for-pass
MAIN.n_objectcore                          6176          .   objectcore structs made
MAIN.n_objecthead                          1153          .   objecthead structs made
MAIN.goto_dns_cache_hits                             0         0.00 Cache hits within vmod_goto's DNS
SLICER.slice_cache_hit                             0         0.00 Count of slicer subrequest cache hits
SLICER.slice_cache_miss                             0         0.00 Count of slicer subrequest cache misses
SLICER.meta_cache_hit                             0         0.00 Count of cache hits for slicer top-level requests
SLICER.meta_cache_miss                             0         0.00 Count of cache misses for slicer top-level requests
MSE4_MEM.c_memcache_hit                             0         0.00 Stored objects memory cache hits
MSE4_MEM.c_memcache_miss                             0         0.00 Stored objects memory cache misses
ACCG.std.total.client_req_count                         27416         0.02 Total number of client requests processed
ACCG.std.total.client_req_hdrbytes                       5816967         3.51 Client request header bytes total
ACCG.std.total.client_req_bodybytes                             0         0.00 Client request body bytes total
ACCG.std.sub.client_req_count                             0         0.00 Total number of client requests processed
ACCG.std.sub.client_req_hdrbytes                             0         0.00 Client request header bytes total
ACCG.std.sub.client_req_bodybytes                             0         0.00 Client request body bytes total
ACCG.private.total.client_req_count                         27416         0.02 Total number of client requests processed
ACCG.private.total.client_req_hdrbytes                       5816967         3.51 Client request header bytes total
ACCG.private.total.client_req_bodybytes                             0         0.00 Client request body bytes total
ACCG.private.sub.client_req_count                             0         0.00 Total number of client requests processed
ACCG.private.sub.client_req_hdrbytes                             0         0.00 Client request header bytes total
ACCG.private.sub.client_req_bodybytes                             0         0.00 Client request body bytes total
ACCG.other.total.client_req_count                             0         0.00 Total number of client requests processed
ACCG.other.total.client_req_hdrbytes                             0         0.00 Client request header bytes total
ACCG.other.total.client_req_bodybytes                             0         0.00 Client request body bytes total
ACCG.other.sub.client_req_count                             0         0.00 Total number of client requests processed
ACCG.other.sub.client_req_hdrbytes                             0         0.00 Client request header bytes total
ACCG.other.sub.client_req_bodybytes                             0         0.00 Client request body bytes total
ACCG.private.oci.client_req_count                         27416         0.02 Total number of client requests processed
ACCG.private.oci.client_req_hdrbytes                       5816967         3.51 Client request header bytes total
ACCG.private.oci.client_req_bodybytes                             0         0.00 Client request body bytes total
--- 15:33:40 ---
MAIN.client_req_400                             0         0.00 Client requests received, subject to 400 errors
MAIN.client_req_417                             0         0.00 Client requests received, subject to 417 errors
MAIN.client_req                         27416         0.02 Good client requests received
MAIN.cache_hit                         20448         0.01 Cache hits
MAIN.cache_hit_grace                             0         0.00 Cache grace hits
MAIN.cache_hitpass                             0         0.00 Cache hits for pass.
MAIN.cache_hitmiss                           394         0.00 Cache hits for miss.
MAIN.cache_miss                          6968         0.00 Cache misses
MAIN.threads_limited                             0         0.00 Threads hit max
MAIN.thread_queue_len                             0          .   Length of session queue
MAIN.busy_sleep                           703         0.00 Number of requests sent to sleep on busy objhdr
MAIN.sess_queued                           869         0.00 Sessions queued for thread
MAIN.sess_dropped                             0         0.00 Sessions dropped for thread
MAIN.n_object                          6042          .   object structs made
MAIN.n_object_hitmiss                          5976          .   object structs made that are hit-for-miss
MAIN.n_object_hitpass                             0          .   object structs made that are hit-for-pass
MAIN.n_objectcore                          6176          .   objectcore structs made
MAIN.n_objecthead                          1153          .   objecthead structs made
MAIN.goto_dns_cache_hits                             0         0.00 Cache hits within vmod_goto's DNS
SLICER.slice_cache_hit                             0         0.00 Count of slicer subrequest cache hits
SLICER.slice_cache_miss                             0         0.00 Count of slicer subrequest cache misses
SLICER.meta_cache_hit                             0         0.00 Count of cache hits for slicer top-level requests
SLICER.meta_cache_miss                             0         0.00 Count of cache misses for slicer top-level requests
MSE4_MEM.c_memcache_hit                             0         0.00 Stored objects memory cache hits
MSE4_MEM.c_memcache_miss                             0         0.00 Stored objects memory cache misses
ACCG.std.total.client_req_count                         27416         0.02 Total number of client requests processed
ACCG.std.total.client_req_hdrbytes                       5816967         3.51 Client request header bytes total
ACCG.std.total.client_req_bodybytes                             0         0.00 Client request body bytes total
ACCG.std.sub.client_req_count                             0         0.00 Total number of client requests processed
ACCG.std.sub.client_req_hdrbytes                             0         0.00 Client request header bytes total
ACCG.std.sub.client_req_bodybytes                             0         0.00 Client request body bytes total
ACCG.private.total.client_req_count                         27416         0.02 Total number of client requests processed
ACCG.private.total.client_req_hdrbytes                       5816967         3.51 Client request header bytes total
ACCG.private.total.client_req_bodybytes                             0         0.00 Client request body bytes total
ACCG.private.sub.client_req_count                             0         0.00 Total number of client requests processed
ACCG.private.sub.client_req_hdrbytes                             0         0.00 Client request header bytes total
ACCG.private.sub.client_req_bodybytes                             0         0.00 Client request body bytes total
ACCG.other.total.client_req_count                             0         0.00 Total number of client requests processed
ACCG.other.total.client_req_hdrbytes                             0         0.00 Client request header bytes total
ACCG.other.total.client_req_bodybytes                             0         0.00 Client request body bytes total
ACCG.other.sub.client_req_count                             0         0.00 Total number of client requests processed
ACCG.other.sub.client_req_hdrbytes                             0         0.00 Client request header bytes total
ACCG.other.sub.client_req_bodybytes                             0         0.00 Client request body bytes total
ACCG.private.oci.client_req_count                         27416         0.02 Total number of client requests processed
ACCG.private.oci.client_req_hdrbytes                       5816967         3.51 Client request header bytes total
ACCG.private.oci.client_req_bodybytes                             0         0.00 Client request body bytes total
--- 15:33:41 ---
MAIN.client_req_400                             0         0.00 Client requests received, subject to 400 errors
MAIN.client_req_417                             0         0.00 Client requests received, subject to 417 errors
MAIN.client_req                         27416         0.02 Good client requests received
MAIN.cache_hit                         20448         0.01 Cache hits
MAIN.cache_hit_grace                             0         0.00 Cache grace hits
MAIN.cache_hitpass                             0         0.00 Cache hits for pass.
MAIN.cache_hitmiss                           394         0.00 Cache hits for miss.
MAIN.cache_miss                          6968         0.00 Cache misses
MAIN.threads_limited                             0         0.00 Threads hit max
MAIN.thread_queue_len                             0          .   Length of session queue
MAIN.busy_sleep                           703         0.00 Number of requests sent to sleep on busy objhdr
MAIN.sess_queued                           869         0.00 Sessions queued for thread
MAIN.sess_dropped                             0         0.00 Sessions dropped for thread
MAIN.n_object                          6042          .   object structs made
MAIN.n_object_hitmiss                          5976          .   object structs made that are hit-for-miss
MAIN.n_object_hitpass                             0          .   object structs made that are hit-for-pass
MAIN.n_objectcore                          6176          .   objectcore structs made
MAIN.n_objecthead                          1153          .   objecthead structs made
MAIN.goto_dns_cache_hits                             0         0.00 Cache hits within vmod_goto's DNS
SLICER.slice_cache_hit                             0         0.00 Count of slicer subrequest cache hits
SLICER.slice_cache_miss                             0         0.00 Count of slicer subrequest cache misses
SLICER.meta_cache_hit                             0         0.00 Count of cache hits for slicer top-level requests
SLICER.meta_cache_miss                             0         0.00 Count of cache misses for slicer top-level requests
MSE4_MEM.c_memcache_hit                             0         0.00 Stored objects memory cache hits
MSE4_MEM.c_memcache_miss                             0         0.00 Stored objects memory cache misses
ACCG.std.total.client_req_count                         27416         0.02 Total number of client requests processed
ACCG.std.total.client_req_hdrbytes                       5816967         3.51 Client request header bytes total
ACCG.std.total.client_req_bodybytes                             0         0.00 Client request body bytes total
ACCG.std.sub.client_req_count                             0         0.00 Total number of client requests processed
ACCG.std.sub.client_req_hdrbytes                             0         0.00 Client request header bytes total
ACCG.std.sub.client_req_bodybytes                             0         0.00 Client request body bytes total
ACCG.private.total.client_req_count                         27416         0.02 Total number of client requests processed
ACCG.private.total.client_req_hdrbytes                       5816967         3.51 Client request header bytes total
ACCG.private.total.client_req_bodybytes                             0         0.00 Client request body bytes total
ACCG.private.sub.client_req_count                             0         0.00 Total number of client requests processed
ACCG.private.sub.client_req_hdrbytes                             0         0.00 Client request header bytes total
ACCG.private.sub.client_req_bodybytes                             0         0.00 Client request body bytes total
ACCG.other.total.client_req_count                             0         0.00 Total number of client requests processed
ACCG.other.total.client_req_hdrbytes                             0         0.00 Client request header bytes total
ACCG.other.total.client_req_bodybytes                             0         0.00 Client request body bytes total
ACCG.other.sub.client_req_count                             0         0.00 Total number of client requests processed
ACCG.other.sub.client_req_hdrbytes                             0         0.00 Client request header bytes total
ACCG.other.sub.client_req_bodybytes                             0         0.00 Client request body bytes total
ACCG.private.oci.client_req_count                         27416         0.02 Total number of client requests processed
ACCG.private.oci.client_req_hdrbytes                       5816967         3.51 Client request header bytes total
ACCG.private.oci.client_req_bodybytes                             0         0.00 Client request body bytes total
--- 15:33:42 ---
MAIN.client_req_400                             0         0.00 Client requests received, subject to 400 errors
MAIN.client_req_417                             0         0.00 Client requests received, subject to 417 errors
MAIN.client_req                         27416         0.02 Good client requests received
MAIN.cache_hit                         20448         0.01 Cache hits
MAIN.cache_hit_grace                             0         0.00 Cache grace hits
MAIN.cache_hitpass                             0         0.00 Cache hits for pass.
MAIN.cache_hitmiss                           394         0.00 Cache hits for miss.
MAIN.cache_miss                          6968         0.00 Cache misses
MAIN.threads_limited                             0         0.00 Threads hit max
MAIN.thread_queue_len                             0          .   Length of session queue
MAIN.busy_sleep                           703         0.00 Number of requests sent to sleep on busy objhdr
MAIN.sess_queued                           869         0.00 Sessions queued for thread
MAIN.sess_dropped                             0         0.00 Sessions dropped for thread
MAIN.n_object                          6042          .   object structs made
MAIN.n_object_hitmiss                          5976          .   object structs made that are hit-for-miss
MAIN.n_object_hitpass                             0          .   object structs made that are hit-for-pass
MAIN.n_objectcore                          6176          .   objectcore structs made
MAIN.n_objecthead                          1153          .   objecthead structs made
MAIN.goto_dns_cache_hits                             0         0.00 Cache hits within vmod_goto's DNS
SLICER.slice_cache_hit                             0         0.00 Count of slicer subrequest cache hits
SLICER.slice_cache_miss                             0         0.00 Count of slicer subrequest cache misses
SLICER.meta_cache_hit                             0         0.00 Count of cache hits for slicer top-level requests
SLICER.meta_cache_miss                             0         0.00 Count of cache misses for slicer top-level requests
MSE4_MEM.c_memcache_hit                             0         0.00 Stored objects memory cache hits
MSE4_MEM.c_memcache_miss                             0         0.00 Stored objects memory cache misses
ACCG.std.total.client_req_count                         27416         0.02 Total number of client requests processed
ACCG.std.total.client_req_hdrbytes                       5816967         3.51 Client request header bytes total
ACCG.std.total.client_req_bodybytes                             0         0.00 Client request body bytes total
ACCG.std.sub.client_req_count                             0         0.00 Total number of client requests processed
ACCG.std.sub.client_req_hdrbytes                             0         0.00 Client request header bytes total
ACCG.std.sub.client_req_bodybytes                             0         0.00 Client request body bytes total
ACCG.private.total.client_req_count                         27416         0.02 Total number of client requests processed
ACCG.private.total.client_req_hdrbytes                       5816967         3.51 Client request header bytes total
ACCG.private.total.client_req_bodybytes                             0         0.00 Client request body bytes total
ACCG.private.sub.client_req_count                             0         0.00 Total number of client requests processed
ACCG.private.sub.client_req_hdrbytes                             0         0.00 Client request header bytes total
ACCG.private.sub.client_req_bodybytes                             0         0.00 Client request body bytes total
ACCG.other.total.client_req_count                             0         0.00 Total number of client requests processed
ACCG.other.total.client_req_hdrbytes                             0         0.00 Client request header bytes total
ACCG.other.total.client_req_bodybytes                             0         0.00 Client request body bytes total
ACCG.other.sub.client_req_count                             0         0.00 Total number of client requests processed
ACCG.other.sub.client_req_hdrbytes                             0         0.00 Client request header bytes total
ACCG.other.sub.client_req_bodybytes                             0         0.00 Client request body bytes total
ACCG.private.oci.client_req_count                         27416         0.02 Total number of client requests processed
ACCG.private.oci.client_req_hdrbytes                       5816967         3.51 Client request header bytes total
ACCG.private.oci.client_req_bodybytes                             0         0.00 Client request body bytes total
--- 15:33:43 ---
MAIN.client_req_400                             0         0.00 Client requests received, subject to 400 errors
MAIN.client_req_417                             0         0.00 Client requests received, subject to 417 errors
MAIN.client_req                         27416         0.02 Good client requests received
MAIN.cache_hit                         20448         0.01 Cache hits
MAIN.cache_hit_grace                             0         0.00 Cache grace hits
MAIN.cache_hitpass                             0         0.00 Cache hits for pass.
MAIN.cache_hitmiss                           394         0.00 Cache hits for miss.
MAIN.cache_miss                          6968         0.00 Cache misses
MAIN.threads_limited                             0         0.00 Threads hit max
MAIN.thread_queue_len                             0          .   Length of session queue
MAIN.busy_sleep                           703         0.00 Number of requests sent to sleep on busy objhdr
MAIN.sess_queued                           869         0.00 Sessions queued for thread
MAIN.sess_dropped                             0         0.00 Sessions dropped for thread
MAIN.n_object                          6042          .   object structs made
MAIN.n_object_hitmiss                          5976          .   object structs made that are hit-for-miss
MAIN.n_object_hitpass                             0          .   object structs made that are hit-for-pass
MAIN.n_objectcore                          6176          .   objectcore structs made
MAIN.n_objecthead                          1153          .   objecthead structs made
MAIN.goto_dns_cache_hits                             0         0.00 Cache hits within vmod_goto's DNS
SLICER.slice_cache_hit                             0         0.00 Count of slicer subrequest cache hits
SLICER.slice_cache_miss                             0         0.00 Count of slicer subrequest cache misses
SLICER.meta_cache_hit                             0         0.00 Count of cache hits for slicer top-level requests
SLICER.meta_cache_miss                             0         0.00 Count of cache misses for slicer top-level requests
MSE4_MEM.c_memcache_hit                             0         0.00 Stored objects memory cache hits
MSE4_MEM.c_memcache_miss                             0         0.00 Stored objects memory cache misses
ACCG.std.total.client_req_count                         27416         0.02 Total number of client requests processed
ACCG.std.total.client_req_hdrbytes                       5816967         3.51 Client request header bytes total
ACCG.std.total.client_req_bodybytes                             0         0.00 Client request body bytes total
ACCG.std.sub.client_req_count                             0         0.00 Total number of client requests processed
ACCG.std.sub.client_req_hdrbytes                             0         0.00 Client request header bytes total
ACCG.std.sub.client_req_bodybytes                             0         0.00 Client request body bytes total
ACCG.private.total.client_req_count                         27416         0.02 Total number of client requests processed
ACCG.private.total.client_req_hdrbytes                       5816967         3.51 Client request header bytes total
ACCG.private.total.client_req_bodybytes                             0         0.00 Client request body bytes total
ACCG.private.sub.client_req_count                             0         0.00 Total number of client requests processed
ACCG.private.sub.client_req_hdrbytes                             0         0.00 Client request header bytes total
ACCG.private.sub.client_req_bodybytes                             0         0.00 Client request body bytes total
ACCG.other.total.client_req_count                             0         0.00 Total number of client requests processed
ACCG.other.total.client_req_hdrbytes                             0         0.00 Client request header bytes total
ACCG.other.total.client_req_bodybytes                             0         0.00 Client request body bytes total
ACCG.other.sub.client_req_count                             0         0.00 Total number of client requests processed
ACCG.other.sub.client_req_hdrbytes                             0         0.00 Client request header bytes total
ACCG.other.sub.client_req_bodybytes                             0         0.00 Client request body bytes total
ACCG.private.oci.client_req_count                         27416         0.02 Total number of client requests processed
ACCG.private.oci.client_req_hdrbytes                       5816967         3.51 Client request header bytes total
ACCG.private.oci.client_req_bodybytes                             0         0.00 Client request body bytes total
--- 15:33:44 ---
MAIN.client_req_400                             0         0.00 Client requests received, subject to 400 errors
MAIN.client_req_417                             0         0.00 Client requests received, subject to 417 errors
MAIN.client_req                         27416         0.02 Good client requests received
MAIN.cache_hit                         20448         0.01 Cache hits
MAIN.cache_hit_grace                             0         0.00 Cache grace hits
MAIN.cache_hitpass                             0         0.00 Cache hits for pass.
MAIN.cache_hitmiss                           394         0.00 Cache hits for miss.
MAIN.cache_miss                          6968         0.00 Cache misses
MAIN.threads_limited                             0         0.00 Threads hit max
MAIN.thread_queue_len                             0          .   Length of session queue
MAIN.busy_sleep                           703         0.00 Number of requests sent to sleep on busy objhdr
MAIN.sess_queued                           869         0.00 Sessions queued for thread
MAIN.sess_dropped                             0         0.00 Sessions dropped for thread
MAIN.n_object                          6042          .   object structs made
MAIN.n_object_hitmiss                          5976          .   object structs made that are hit-for-miss
MAIN.n_object_hitpass                             0          .   object structs made that are hit-for-pass
MAIN.n_objectcore                          6176          .   objectcore structs made
MAIN.n_objecthead                          1153          .   objecthead structs made
MAIN.goto_dns_cache_hits                             0         0.00 Cache hits within vmod_goto's DNS
SLICER.slice_cache_hit                             0         0.00 Count of slicer subrequest cache hits
SLICER.slice_cache_miss                             0         0.00 Count of slicer subrequest cache misses
SLICER.meta_cache_hit                             0         0.00 Count of cache hits for slicer top-level requests
SLICER.meta_cache_miss                             0         0.00 Count of cache misses for slicer top-level requests
MSE4_MEM.c_memcache_hit                             0         0.00 Stored objects memory cache hits
MSE4_MEM.c_memcache_miss                             0         0.00 Stored objects memory cache misses
ACCG.std.total.client_req_count                         27416         0.02 Total number of client requests processed
ACCG.std.total.client_req_hdrbytes                       5816967         3.51 Client request header bytes total
ACCG.std.total.client_req_bodybytes                             0         0.00 Client request body bytes total
ACCG.std.sub.client_req_count                             0         0.00 Total number of client requests processed
ACCG.std.sub.client_req_hdrbytes                             0         0.00 Client request header bytes total
ACCG.std.sub.client_req_bodybytes                             0         0.00 Client request body bytes total
ACCG.private.total.client_req_count                         27416         0.02 Total number of client requests processed
ACCG.private.total.client_req_hdrbytes                       5816967         3.51 Client request header bytes total
ACCG.private.total.client_req_bodybytes                             0         0.00 Client request body bytes total
ACCG.private.sub.client_req_count                             0         0.00 Total number of client requests processed
ACCG.private.sub.client_req_hdrbytes                             0         0.00 Client request header bytes total
ACCG.private.sub.client_req_bodybytes                             0         0.00 Client request body bytes total
ACCG.other.total.client_req_count                             0         0.00 Total number of client requests processed
ACCG.other.total.client_req_hdrbytes                             0         0.00 Client request header bytes total
ACCG.other.total.client_req_bodybytes                             0         0.00 Client request body bytes total
ACCG.other.sub.client_req_count                             0         0.00 Total number of client requests processed
ACCG.other.sub.client_req_hdrbytes                             0         0.00 Client request header bytes total
ACCG.other.sub.client_req_bodybytes                             0         0.00 Client request body bytes total
ACCG.private.oci.client_req_count                         27416         0.02 Total number of client requests processed
ACCG.private.oci.client_req_hdrbytes                       5816967         3.51 Client request header bytes total
ACCG.private.oci.client_req_bodybytes                             0         0.00 Client request body bytes total
--- 15:33:45 ---
MAIN.client_req_400                             0         0.00 Client requests received, subject to 400 errors
MAIN.client_req_417                             0         0.00 Client requests received, subject to 417 errors
MAIN.client_req                         27416         0.02 Good client requests received
MAIN.cache_hit                         20448         0.01 Cache hits
MAIN.cache_hit_grace                             0         0.00 Cache grace hits
MAIN.cache_hitpass                             0         0.00 Cache hits for pass.
MAIN.cache_hitmiss                           394         0.00 Cache hits for miss.
MAIN.cache_miss                          6968         0.00 Cache misses
MAIN.threads_limited                             0         0.00 Threads hit max
MAIN.thread_queue_len                             0          .   Length of session queue
MAIN.busy_sleep                           703         0.00 Number of requests sent to sleep on busy objhdr
MAIN.sess_queued                           869         0.00 Sessions queued for thread
MAIN.sess_dropped                             0         0.00 Sessions dropped for thread
MAIN.n_object                          6042          .   object structs made
MAIN.n_object_hitmiss                          5976          .   object structs made that are hit-for-miss
MAIN.n_object_hitpass                             0          .   object structs made that are hit-for-pass
MAIN.n_objectcore                          6176          .   objectcore structs made
MAIN.n_objecthead                          1153          .   objecthead structs made
MAIN.goto_dns_cache_hits                             0         0.00 Cache hits within vmod_goto's DNS
SLICER.slice_cache_hit                             0         0.00 Count of slicer subrequest cache hits
SLICER.slice_cache_miss                             0         0.00 Count of slicer subrequest cache misses
SLICER.meta_cache_hit                             0         0.00 Count of cache hits for slicer top-level requests
SLICER.meta_cache_miss                             0         0.00 Count of cache misses for slicer top-level requests
MSE4_MEM.c_memcache_hit                             0         0.00 Stored objects memory cache hits
MSE4_MEM.c_memcache_miss                             0         0.00 Stored objects memory cache misses
ACCG.std.total.client_req_count                         27416         0.02 Total number of client requests processed
ACCG.std.total.client_req_hdrbytes                       5816967         3.51 Client request header bytes total
ACCG.std.total.client_req_bodybytes                             0         0.00 Client request body bytes total
ACCG.std.sub.client_req_count                             0         0.00 Total number of client requests processed
ACCG.std.sub.client_req_hdrbytes                             0         0.00 Client request header bytes total
ACCG.std.sub.client_req_bodybytes                             0         0.00 Client request body bytes total
ACCG.private.total.client_req_count                         27416         0.02 Total number of client requests processed
ACCG.private.total.client_req_hdrbytes                       5816967         3.51 Client request header bytes total
ACCG.private.total.client_req_bodybytes                             0         0.00 Client request body bytes total
ACCG.private.sub.client_req_count                             0         0.00 Total number of client requests processed
ACCG.private.sub.client_req_hdrbytes                             0         0.00 Client request header bytes total
ACCG.private.sub.client_req_bodybytes                             0         0.00 Client request body bytes total
ACCG.other.total.client_req_count                             0         0.00 Total number of client requests processed
ACCG.other.total.client_req_hdrbytes                             0         0.00 Client request header bytes total
ACCG.other.total.client_req_bodybytes                             0         0.00 Client request body bytes total
ACCG.other.sub.client_req_count                             0         0.00 Total number of client requests processed
ACCG.other.sub.client_req_hdrbytes                             0         0.00 Client request header bytes total
ACCG.other.sub.client_req_bodybytes                             0         0.00 Client request body bytes total
ACCG.private.oci.client_req_count                         27416         0.02 Total number of client requests processed
ACCG.private.oci.client_req_hdrbytes                       5816967         3.51 Client request header bytes total
ACCG.private.oci.client_req_bodybytes                             0         0.00 Client request body bytes total
--- 15:33:47 ---
MAIN.client_req_400                             0         0.00 Client requests received, subject to 400 errors
MAIN.client_req_417                             0         0.00 Client requests received, subject to 417 errors
MAIN.client_req                         27416         0.02 Good client requests received
MAIN.cache_hit                         20448         0.01 Cache hits
MAIN.cache_hit_grace                             0         0.00 Cache grace hits
MAIN.cache_hitpass                             0         0.00 Cache hits for pass.
MAIN.cache_hitmiss                           394         0.00 Cache hits for miss.
MAIN.cache_miss                          6968         0.00 Cache misses
MAIN.threads_limited                             0         0.00 Threads hit max
MAIN.thread_queue_len                             0          .   Length of session queue
MAIN.busy_sleep                           703         0.00 Number of requests sent to sleep on busy objhdr
MAIN.sess_queued                           869         0.00 Sessions queued for thread
MAIN.sess_dropped                             0         0.00 Sessions dropped for thread
MAIN.n_object                          6042          .   object structs made
MAIN.n_object_hitmiss                          5976          .   object structs made that are hit-for-miss
MAIN.n_object_hitpass                             0          .   object structs made that are hit-for-pass
MAIN.n_objectcore                          6176          .   objectcore structs made
MAIN.n_objecthead                          1153          .   objecthead structs made
MAIN.goto_dns_cache_hits                             0         0.00 Cache hits within vmod_goto's DNS
SLICER.slice_cache_hit                             0         0.00 Count of slicer subrequest cache hits
SLICER.slice_cache_miss                             0         0.00 Count of slicer subrequest cache misses
SLICER.meta_cache_hit                             0         0.00 Count of cache hits for slicer top-level requests
SLICER.meta_cache_miss                             0         0.00 Count of cache misses for slicer top-level requests
MSE4_MEM.c_memcache_hit                             0         0.00 Stored objects memory cache hits
MSE4_MEM.c_memcache_miss                             0         0.00 Stored objects memory cache misses
ACCG.std.total.client_req_count                         27416         0.02 Total number of client requests processed
ACCG.std.total.client_req_hdrbytes                       5816967         3.51 Client request header bytes total
ACCG.std.total.client_req_bodybytes                             0         0.00 Client request body bytes total
ACCG.std.sub.client_req_count                             0         0.00 Total number of client requests processed
ACCG.std.sub.client_req_hdrbytes                             0         0.00 Client request header bytes total
ACCG.std.sub.client_req_bodybytes                             0         0.00 Client request body bytes total
ACCG.private.total.client_req_count                         27416         0.02 Total number of client requests processed
ACCG.private.total.client_req_hdrbytes                       5816967         3.51 Client request header bytes total
ACCG.private.total.client_req_bodybytes                             0         0.00 Client request body bytes total
ACCG.private.sub.client_req_count                             0         0.00 Total number of client requests processed
ACCG.private.sub.client_req_hdrbytes                             0         0.00 Client request header bytes total
ACCG.private.sub.client_req_bodybytes                             0         0.00 Client request body bytes total
ACCG.other.total.client_req_count                             0         0.00 Total number of client requests processed
ACCG.other.total.client_req_hdrbytes                             0         0.00 Client request header bytes total
ACCG.other.total.client_req_bodybytes                             0         0.00 Client request body bytes total
ACCG.other.sub.client_req_count                             0         0.00 Total number of client requests processed
ACCG.other.sub.client_req_hdrbytes                             0         0.00 Client request header bytes total
ACCG.other.sub.client_req_bodybytes                             0         0.00 Client request body bytes total
ACCG.private.oci.client_req_count                         27416         0.02 Total number of client requests processed
ACCG.private.oci.client_req_hdrbytes                       5816967         3.51 Client request header bytes total
ACCG.private.oci.client_req_bodybytes                             0         0.00 Client request body bytes total
--- 15:33:48 ---
MAIN.client_req_400                             0         0.00 Client requests received, subject to 400 errors
MAIN.client_req_417                             0         0.00 Client requests received, subject to 417 errors
MAIN.client_req                         27416         0.02 Good client requests received
MAIN.cache_hit                         20448         0.01 Cache hits
MAIN.cache_hit_grace                             0         0.00 Cache grace hits
MAIN.cache_hitpass                             0         0.00 Cache hits for pass.
MAIN.cache_hitmiss                           394         0.00 Cache hits for miss.
MAIN.cache_miss                          6968         0.00 Cache misses
MAIN.threads_limited                             0         0.00 Threads hit max
MAIN.thread_queue_len                             0          .   Length of session queue
MAIN.busy_sleep                           703         0.00 Number of requests sent to sleep on busy objhdr
MAIN.sess_queued                           869         0.00 Sessions queued for thread
MAIN.sess_dropped                             0         0.00 Sessions dropped for thread
MAIN.n_object                          6042          .   object structs made
MAIN.n_object_hitmiss                          5976          .   object structs made that are hit-for-miss
MAIN.n_object_hitpass                             0          .   object structs made that are hit-for-pass
MAIN.n_objectcore                          6176          .   objectcore structs made
MAIN.n_objecthead                          1153          .   objecthead structs made
MAIN.goto_dns_cache_hits                             0         0.00 Cache hits within vmod_goto's DNS
SLICER.slice_cache_hit                             0         0.00 Count of slicer subrequest cache hits
SLICER.slice_cache_miss                             0         0.00 Count of slicer subrequest cache misses
SLICER.meta_cache_hit                             0         0.00 Count of cache hits for slicer top-level requests
SLICER.meta_cache_miss                             0         0.00 Count of cache misses for slicer top-level requests
MSE4_MEM.c_memcache_hit                             0         0.00 Stored objects memory cache hits
MSE4_MEM.c_memcache_miss                             0         0.00 Stored objects memory cache misses
ACCG.std.total.client_req_count                         27416         0.02 Total number of client requests processed
ACCG.std.total.client_req_hdrbytes                       5816967         3.51 Client request header bytes total
ACCG.std.total.client_req_bodybytes                             0         0.00 Client request body bytes total
ACCG.std.sub.client_req_count                             0         0.00 Total number of client requests processed
ACCG.std.sub.client_req_hdrbytes                             0         0.00 Client request header bytes total
ACCG.std.sub.client_req_bodybytes                             0         0.00 Client request body bytes total
ACCG.private.total.client_req_count                         27416         0.02 Total number of client requests processed
ACCG.private.total.client_req_hdrbytes                       5816967         3.51 Client request header bytes total
ACCG.private.total.client_req_bodybytes                             0         0.00 Client request body bytes total
ACCG.private.sub.client_req_count                             0         0.00 Total number of client requests processed
ACCG.private.sub.client_req_hdrbytes                             0         0.00 Client request header bytes total
ACCG.private.sub.client_req_bodybytes                             0         0.00 Client request body bytes total
ACCG.other.total.client_req_count                             0         0.00 Total number of client requests processed
ACCG.other.total.client_req_hdrbytes                             0         0.00 Client request header bytes total
ACCG.other.total.client_req_bodybytes                             0         0.00 Client request body bytes total
ACCG.other.sub.client_req_count                             0         0.00 Total number of client requests processed
ACCG.other.sub.client_req_hdrbytes                             0         0.00 Client request header bytes total
ACCG.other.sub.client_req_bodybytes                             0         0.00 Client request body bytes total
ACCG.private.oci.client_req_count                         27416         0.02 Total number of client requests processed
ACCG.private.oci.client_req_hdrbytes                       5816967         3.51 Client request header bytes total
ACCG.private.oci.client_req_bodybytes                             0         0.00 Client request body bytes total
--- 15:33:49 ---
MAIN.client_req_400                             0         0.00 Client requests received, subject to 400 errors
MAIN.client_req_417                             0         0.00 Client requests received, subject to 417 errors
MAIN.client_req                         27416         0.02 Good client requests received
MAIN.cache_hit                         20448         0.01 Cache hits
MAIN.cache_hit_grace                             0         0.00 Cache grace hits
MAIN.cache_hitpass                             0         0.00 Cache hits for pass.
MAIN.cache_hitmiss                           394         0.00 Cache hits for miss.
MAIN.cache_miss                          6968         0.00 Cache misses
MAIN.threads_limited                             0         0.00 Threads hit max
MAIN.thread_queue_len                             0          .   Length of session queue
MAIN.busy_sleep                           703         0.00 Number of requests sent to sleep on busy objhdr
MAIN.sess_queued                           869         0.00 Sessions queued for thread
MAIN.sess_dropped                             0         0.00 Sessions dropped for thread
MAIN.n_object                          6042          .   object structs made
MAIN.n_object_hitmiss                          5976          .   object structs made that are hit-for-miss
MAIN.n_object_hitpass                             0          .   object structs made that are hit-for-pass
MAIN.n_objectcore                          6176          .   objectcore structs made
MAIN.n_objecthead                          1153          .   objecthead structs made
MAIN.goto_dns_cache_hits                             0         0.00 Cache hits within vmod_goto's DNS
SLICER.slice_cache_hit                             0         0.00 Count of slicer subrequest cache hits
SLICER.slice_cache_miss                             0         0.00 Count of slicer subrequest cache misses
SLICER.meta_cache_hit                             0         0.00 Count of cache hits for slicer top-level requests
SLICER.meta_cache_miss                             0         0.00 Count of cache misses for slicer top-level requests
MSE4_MEM.c_memcache_hit                             0         0.00 Stored objects memory cache hits
MSE4_MEM.c_memcache_miss                             0         0.00 Stored objects memory cache misses
ACCG.std.total.client_req_count                         27416         0.02 Total number of client requests processed
ACCG.std.total.client_req_hdrbytes                       5816967         3.51 Client request header bytes total
ACCG.std.total.client_req_bodybytes                             0         0.00 Client request body bytes total
ACCG.std.sub.client_req_count                             0         0.00 Total number of client requests processed
ACCG.std.sub.client_req_hdrbytes                             0         0.00 Client request header bytes total
ACCG.std.sub.client_req_bodybytes                             0         0.00 Client request body bytes total
ACCG.private.total.client_req_count                         27416         0.02 Total number of client requests processed
ACCG.private.total.client_req_hdrbytes                       5816967         3.51 Client request header bytes total
ACCG.private.total.client_req_bodybytes                             0         0.00 Client request body bytes total
ACCG.private.sub.client_req_count                             0         0.00 Total number of client requests processed
ACCG.private.sub.client_req_hdrbytes                             0         0.00 Client request header bytes total
ACCG.private.sub.client_req_bodybytes                             0         0.00 Client request body bytes total
ACCG.other.total.client_req_count                             0         0.00 Total number of client requests processed
ACCG.other.total.client_req_hdrbytes                             0         0.00 Client request header bytes total
ACCG.other.total.client_req_bodybytes                             0         0.00 Client request body bytes total
ACCG.other.sub.client_req_count                             0         0.00 Total number of client requests processed
ACCG.other.sub.client_req_hdrbytes                             0         0.00 Client request header bytes total
ACCG.other.sub.client_req_bodybytes                             0         0.00 Client request body bytes total
ACCG.private.oci.client_req_count                         27416         0.02 Total number of client requests processed
ACCG.private.oci.client_req_hdrbytes                       5816967         3.51 Client request header bytes total
ACCG.private.oci.client_req_bodybytes                             0         0.00 Client request body bytes total
--- 15:33:50 ---
MAIN.client_req_400                             0         0.00 Client requests received, subject to 400 errors
MAIN.client_req_417                             0         0.00 Client requests received, subject to 417 errors
MAIN.client_req                         27416         0.02 Good client requests received
MAIN.cache_hit                         20448         0.01 Cache hits
MAIN.cache_hit_grace                             0         0.00 Cache grace hits
MAIN.cache_hitpass                             0         0.00 Cache hits for pass.
MAIN.cache_hitmiss                           394         0.00 Cache hits for miss.
MAIN.cache_miss                          6968         0.00 Cache misses
MAIN.threads_limited                             0         0.00 Threads hit max
MAIN.thread_queue_len                             0          .   Length of session queue
MAIN.busy_sleep                           703         0.00 Number of requests sent to sleep on busy objhdr
MAIN.sess_queued                           869         0.00 Sessions queued for thread
MAIN.sess_dropped                             0         0.00 Sessions dropped for thread
MAIN.n_object                          6042          .   object structs made
MAIN.n_object_hitmiss                          5976          .   object structs made that are hit-for-miss
MAIN.n_object_hitpass                             0          .   object structs made that are hit-for-pass
MAIN.n_objectcore                          6176          .   objectcore structs made
MAIN.n_objecthead                          1153          .   objecthead structs made
MAIN.goto_dns_cache_hits                             0         0.00 Cache hits within vmod_goto's DNS
SLICER.slice_cache_hit                             0         0.00 Count of slicer subrequest cache hits
SLICER.slice_cache_miss                             0         0.00 Count of slicer subrequest cache misses
SLICER.meta_cache_hit                             0         0.00 Count of cache hits for slicer top-level requests
SLICER.meta_cache_miss                             0         0.00 Count of cache misses for slicer top-level requests
MSE4_MEM.c_memcache_hit                             0         0.00 Stored objects memory cache hits
MSE4_MEM.c_memcache_miss                             0         0.00 Stored objects memory cache misses
ACCG.std.total.client_req_count                         27416         0.02 Total number of client requests processed
ACCG.std.total.client_req_hdrbytes                       5816967         3.51 Client request header bytes total
ACCG.std.total.client_req_bodybytes                             0         0.00 Client request body bytes total
ACCG.std.sub.client_req_count                             0         0.00 Total number of client requests processed
ACCG.std.sub.client_req_hdrbytes                             0         0.00 Client request header bytes total
ACCG.std.sub.client_req_bodybytes                             0         0.00 Client request body bytes total
ACCG.private.total.client_req_count                         27416         0.02 Total number of client requests processed
ACCG.private.total.client_req_hdrbytes                       5816967         3.51 Client request header bytes total
ACCG.private.total.client_req_bodybytes                             0         0.00 Client request body bytes total
ACCG.private.sub.client_req_count                             0         0.00 Total number of client requests processed
ACCG.private.sub.client_req_hdrbytes                             0         0.00 Client request header bytes total
ACCG.private.sub.client_req_bodybytes                             0         0.00 Client request body bytes total
ACCG.other.total.client_req_count                             0         0.00 Total number of client requests processed
ACCG.other.total.client_req_hdrbytes                             0         0.00 Client request header bytes total
ACCG.other.total.client_req_bodybytes                             0         0.00 Client request body bytes total
ACCG.other.sub.client_req_count                             0         0.00 Total number of client requests processed
ACCG.other.sub.client_req_hdrbytes                             0         0.00 Client request header bytes total
ACCG.other.sub.client_req_bodybytes                             0         0.00 Client request body bytes total
ACCG.private.oci.client_req_count                         27416         0.02 Total number of client requests processed
ACCG.private.oci.client_req_hdrbytes                       5816967         3.51 Client request header bytes total
ACCG.private.oci.client_req_bodybytes                             0         0.00 Client request body bytes total
--- 15:33:51 ---
MAIN.client_req_400                             0         0.00 Client requests received, subject to 400 errors
MAIN.client_req_417                             0         0.00 Client requests received, subject to 417 errors
MAIN.client_req                         27416         0.02 Good client requests received
MAIN.cache_hit                         20448         0.01 Cache hits
MAIN.cache_hit_grace                             0         0.00 Cache grace hits
MAIN.cache_hitpass                             0         0.00 Cache hits for pass.
MAIN.cache_hitmiss                           394         0.00 Cache hits for miss.
MAIN.cache_miss                          6968         0.00 Cache misses
MAIN.threads_limited                             0         0.00 Threads hit max
MAIN.thread_queue_len                             0          .   Length of session queue
MAIN.busy_sleep                           703         0.00 Number of requests sent to sleep on busy objhdr
MAIN.sess_queued                           869         0.00 Sessions queued for thread
MAIN.sess_dropped                             0         0.00 Sessions dropped for thread
MAIN.n_object                          6042          .   object structs made
MAIN.n_object_hitmiss                          5976          .   object structs made that are hit-for-miss
MAIN.n_object_hitpass                             0          .   object structs made that are hit-for-pass
MAIN.n_objectcore                          6176          .   objectcore structs made
MAIN.n_objecthead                          1153          .   objecthead structs made
MAIN.goto_dns_cache_hits                             0         0.00 Cache hits within vmod_goto's DNS
SLICER.slice_cache_hit                             0         0.00 Count of slicer subrequest cache hits
SLICER.slice_cache_miss                             0         0.00 Count of slicer subrequest cache misses
SLICER.meta_cache_hit                             0         0.00 Count of cache hits for slicer top-level requests
SLICER.meta_cache_miss                             0         0.00 Count of cache misses for slicer top-level requests
MSE4_MEM.c_memcache_hit                             0         0.00 Stored objects memory cache hits
MSE4_MEM.c_memcache_miss                             0         0.00 Stored objects memory cache misses
ACCG.std.total.client_req_count                         27416         0.02 Total number of client requests processed
ACCG.std.total.client_req_hdrbytes                       5816967         3.51 Client request header bytes total
ACCG.std.total.client_req_bodybytes                             0         0.00 Client request body bytes total
ACCG.std.sub.client_req_count                             0         0.00 Total number of client requests processed
ACCG.std.sub.client_req_hdrbytes                             0         0.00 Client request header bytes total
ACCG.std.sub.client_req_bodybytes                             0         0.00 Client request body bytes total
ACCG.private.total.client_req_count                         27416         0.02 Total number of client requests processed
ACCG.private.total.client_req_hdrbytes                       5816967         3.51 Client request header bytes total
ACCG.private.total.client_req_bodybytes                             0         0.00 Client request body bytes total
ACCG.private.sub.client_req_count                             0         0.00 Total number of client requests processed
ACCG.private.sub.client_req_hdrbytes                             0         0.00 Client request header bytes total
ACCG.private.sub.client_req_bodybytes                             0         0.00 Client request body bytes total
ACCG.other.total.client_req_count                             0         0.00 Total number of client requests processed
ACCG.other.total.client_req_hdrbytes                             0         0.00 Client request header bytes total
ACCG.other.total.client_req_bodybytes                             0         0.00 Client request body bytes total
ACCG.other.sub.client_req_count                             0         0.00 Total number of client requests processed
ACCG.other.sub.client_req_hdrbytes                             0         0.00 Client request header bytes total
ACCG.other.sub.client_req_bodybytes                             0         0.00 Client request body bytes total
ACCG.private.oci.client_req_count                         27416         0.02 Total number of client requests processed
ACCG.private.oci.client_req_hdrbytes                       5816967         3.51 Client request header bytes total
ACCG.private.oci.client_req_bodybytes                             0         0.00 Client request body bytes total
--- 15:33:52 ---
MAIN.client_req_400                             0         0.00 Client requests received, subject to 400 errors
MAIN.client_req_417                             0         0.00 Client requests received, subject to 417 errors
MAIN.client_req                         27416         0.02 Good client requests received
MAIN.cache_hit                         20448         0.01 Cache hits
MAIN.cache_hit_grace                             0         0.00 Cache grace hits
MAIN.cache_hitpass                             0         0.00 Cache hits for pass.
MAIN.cache_hitmiss                           394         0.00 Cache hits for miss.
MAIN.cache_miss                          6968         0.00 Cache misses
MAIN.threads_limited                             0         0.00 Threads hit max
MAIN.thread_queue_len                             0          .   Length of session queue
MAIN.busy_sleep                           703         0.00 Number of requests sent to sleep on busy objhdr
MAIN.sess_queued                           869         0.00 Sessions queued for thread
MAIN.sess_dropped                             0         0.00 Sessions dropped for thread
MAIN.n_object                          6042          .   object structs made
MAIN.n_object_hitmiss                          5976          .   object structs made that are hit-for-miss
MAIN.n_object_hitpass                             0          .   object structs made that are hit-for-pass
MAIN.n_objectcore                          6176          .   objectcore structs made
MAIN.n_objecthead                          1153          .   objecthead structs made
MAIN.goto_dns_cache_hits                             0         0.00 Cache hits within vmod_goto's DNS
SLICER.slice_cache_hit                             0         0.00 Count of slicer subrequest cache hits
SLICER.slice_cache_miss                             0         0.00 Count of slicer subrequest cache misses
SLICER.meta_cache_hit                             0         0.00 Count of cache hits for slicer top-level requests
SLICER.meta_cache_miss                             0         0.00 Count of cache misses for slicer top-level requests
MSE4_MEM.c_memcache_hit                             0         0.00 Stored objects memory cache hits
MSE4_MEM.c_memcache_miss                             0         0.00 Stored objects memory cache misses
ACCG.std.total.client_req_count                         27416         0.02 Total number of client requests processed
ACCG.std.total.client_req_hdrbytes                       5816967         3.51 Client request header bytes total
ACCG.std.total.client_req_bodybytes                             0         0.00 Client request body bytes total
ACCG.std.sub.client_req_count                             0         0.00 Total number of client requests processed
ACCG.std.sub.client_req_hdrbytes                             0         0.00 Client request header bytes total
ACCG.std.sub.client_req_bodybytes                             0         0.00 Client request body bytes total
ACCG.private.total.client_req_count                         27416         0.02 Total number of client requests processed
ACCG.private.total.client_req_hdrbytes                       5816967         3.51 Client request header bytes total
ACCG.private.total.client_req_bodybytes                             0         0.00 Client request body bytes total
ACCG.private.sub.client_req_count                             0         0.00 Total number of client requests processed
ACCG.private.sub.client_req_hdrbytes                             0         0.00 Client request header bytes total
ACCG.private.sub.client_req_bodybytes                             0         0.00 Client request body bytes total
ACCG.other.total.client_req_count                             0         0.00 Total number of client requests processed
ACCG.other.total.client_req_hdrbytes                             0         0.00 Client request header bytes total
ACCG.other.total.client_req_bodybytes                             0         0.00 Client request body bytes total
ACCG.other.sub.client_req_count                             0         0.00 Total number of client requests processed
ACCG.other.sub.client_req_hdrbytes                             0         0.00 Client request header bytes total
ACCG.other.sub.client_req_bodybytes                             0         0.00 Client request body bytes total
ACCG.private.oci.client_req_count                         27416         0.02 Total number of client requests processed
ACCG.private.oci.client_req_hdrbytes                       5816967         3.51 Client request header bytes total
ACCG.private.oci.client_req_bodybytes                             0         0.00 Client request body bytes total
--- 15:33:53 ---
MAIN.client_req_400                             0         0.00 Client requests received, subject to 400 errors
MAIN.client_req_417                             0         0.00 Client requests received, subject to 417 errors
MAIN.client_req                         27416         0.02 Good client requests received
MAIN.cache_hit                         20448         0.01 Cache hits
MAIN.cache_hit_grace                             0         0.00 Cache grace hits
MAIN.cache_hitpass                             0         0.00 Cache hits for pass.
MAIN.cache_hitmiss                           394         0.00 Cache hits for miss.
MAIN.cache_miss                          6968         0.00 Cache misses
MAIN.threads_limited                             0         0.00 Threads hit max
MAIN.thread_queue_len                             0          .   Length of session queue
MAIN.busy_sleep                           703         0.00 Number of requests sent to sleep on busy objhdr
MAIN.sess_queued                           869         0.00 Sessions queued for thread
MAIN.sess_dropped                             0         0.00 Sessions dropped for thread
MAIN.n_object                          6042          .   object structs made
MAIN.n_object_hitmiss                          5976          .   object structs made that are hit-for-miss
MAIN.n_object_hitpass                             0          .   object structs made that are hit-for-pass
MAIN.n_objectcore                          6176          .   objectcore structs made
MAIN.n_objecthead                          1153          .   objecthead structs made
MAIN.goto_dns_cache_hits                             0         0.00 Cache hits within vmod_goto's DNS
SLICER.slice_cache_hit                             0         0.00 Count of slicer subrequest cache hits
SLICER.slice_cache_miss                             0         0.00 Count of slicer subrequest cache misses
SLICER.meta_cache_hit                             0         0.00 Count of cache hits for slicer top-level requests
SLICER.meta_cache_miss                             0         0.00 Count of cache misses for slicer top-level requests
MSE4_MEM.c_memcache_hit                             0         0.00 Stored objects memory cache hits
MSE4_MEM.c_memcache_miss                             0         0.00 Stored objects memory cache misses
ACCG.std.total.client_req_count                         27416         0.02 Total number of client requests processed
ACCG.std.total.client_req_hdrbytes                       5816967         3.51 Client request header bytes total
ACCG.std.total.client_req_bodybytes                             0         0.00 Client request body bytes total
ACCG.std.sub.client_req_count                             0         0.00 Total number of client requests processed
ACCG.std.sub.client_req_hdrbytes                             0         0.00 Client request header bytes total
ACCG.std.sub.client_req_bodybytes                             0         0.00 Client request body bytes total
ACCG.private.total.client_req_count                         27416         0.02 Total number of client requests processed
ACCG.private.total.client_req_hdrbytes                       5816967         3.51 Client request header bytes total
ACCG.private.total.client_req_bodybytes                             0         0.00 Client request body bytes total
ACCG.private.sub.client_req_count                             0         0.00 Total number of client requests processed
ACCG.private.sub.client_req_hdrbytes                             0         0.00 Client request header bytes total
ACCG.private.sub.client_req_bodybytes                             0         0.00 Client request body bytes total
ACCG.other.total.client_req_count                             0         0.00 Total number of client requests processed
ACCG.other.total.client_req_hdrbytes                             0         0.00 Client request header bytes total
ACCG.other.total.client_req_bodybytes                             0         0.00 Client request body bytes total
ACCG.other.sub.client_req_count                             0         0.00 Total number of client requests processed
ACCG.other.sub.client_req_hdrbytes                             0         0.00 Client request header bytes total
ACCG.other.sub.client_req_bodybytes                             0         0.00 Client request body bytes total
ACCG.private.oci.client_req_count                         27416         0.02 Total number of client requests processed
ACCG.private.oci.client_req_hdrbytes                       5816967         3.51 Client request header bytes total
ACCG.private.oci.client_req_bodybytes                             0         0.00 Client request body bytes total
--- 15:33:54 ---
MAIN.client_req_400                             0         0.00 Client requests received, subject to 400 errors
MAIN.client_req_417                             0         0.00 Client requests received, subject to 417 errors
MAIN.client_req                         27416         0.02 Good client requests received
MAIN.cache_hit                         20448         0.01 Cache hits
MAIN.cache_hit_grace                             0         0.00 Cache grace hits
MAIN.cache_hitpass                             0         0.00 Cache hits for pass.
MAIN.cache_hitmiss                           394         0.00 Cache hits for miss.
MAIN.cache_miss                          6968         0.00 Cache misses
MAIN.threads_limited                             0         0.00 Threads hit max
MAIN.thread_queue_len                             0          .   Length of session queue
MAIN.busy_sleep                           703         0.00 Number of requests sent to sleep on busy objhdr
MAIN.sess_queued                           869         0.00 Sessions queued for thread
MAIN.sess_dropped                             0         0.00 Sessions dropped for thread
MAIN.n_object                          6042          .   object structs made
MAIN.n_object_hitmiss                          5976          .   object structs made that are hit-for-miss
MAIN.n_object_hitpass                             0          .   object structs made that are hit-for-pass
MAIN.n_objectcore                          6176          .   objectcore structs made
MAIN.n_objecthead                          1153          .   objecthead structs made
MAIN.goto_dns_cache_hits                             0         0.00 Cache hits within vmod_goto's DNS
SLICER.slice_cache_hit                             0         0.00 Count of slicer subrequest cache hits
SLICER.slice_cache_miss                             0         0.00 Count of slicer subrequest cache misses
SLICER.meta_cache_hit                             0         0.00 Count of cache hits for slicer top-level requests
SLICER.meta_cache_miss                             0         0.00 Count of cache misses for slicer top-level requests
MSE4_MEM.c_memcache_hit                             0         0.00 Stored objects memory cache hits
MSE4_MEM.c_memcache_miss                             0         0.00 Stored objects memory cache misses
ACCG.std.total.client_req_count                         27416         0.02 Total number of client requests processed
ACCG.std.total.client_req_hdrbytes                       5816967         3.51 Client request header bytes total
ACCG.std.total.client_req_bodybytes                             0         0.00 Client request body bytes total
ACCG.std.sub.client_req_count                             0         0.00 Total number of client requests processed
ACCG.std.sub.client_req_hdrbytes                             0         0.00 Client request header bytes total
ACCG.std.sub.client_req_bodybytes                             0         0.00 Client request body bytes total
ACCG.private.total.client_req_count                         27416         0.02 Total number of client requests processed
ACCG.private.total.client_req_hdrbytes                       5816967         3.51 Client request header bytes total
ACCG.private.total.client_req_bodybytes                             0         0.00 Client request body bytes total
ACCG.private.sub.client_req_count                             0         0.00 Total number of client requests processed
ACCG.private.sub.client_req_hdrbytes                             0         0.00 Client request header bytes total
ACCG.private.sub.client_req_bodybytes                             0         0.00 Client request body bytes total
ACCG.other.total.client_req_count                             0         0.00 Total number of client requests processed
ACCG.other.total.client_req_hdrbytes                             0         0.00 Client request header bytes total
ACCG.other.total.client_req_bodybytes                             0         0.00 Client request body bytes total
ACCG.other.sub.client_req_count                             0         0.00 Total number of client requests processed
ACCG.other.sub.client_req_hdrbytes                             0         0.00 Client request header bytes total
ACCG.other.sub.client_req_bodybytes                             0         0.00 Client request body bytes total
ACCG.private.oci.client_req_count                         27416         0.02 Total number of client requests processed
ACCG.private.oci.client_req_hdrbytes                       5816967         3.51 Client request header bytes total
ACCG.private.oci.client_req_bodybytes                             0         0.00 Client request body bytes total
--- 15:33:55 ---
MAIN.client_req_400                             0         0.00 Client requests received, subject to 400 errors
MAIN.client_req_417                             0         0.00 Client requests received, subject to 417 errors
MAIN.client_req                         27416         0.02 Good client requests received
MAIN.cache_hit                         20448         0.01 Cache hits
MAIN.cache_hit_grace                             0         0.00 Cache grace hits
MAIN.cache_hitpass                             0         0.00 Cache hits for pass.
MAIN.cache_hitmiss                           394         0.00 Cache hits for miss.
MAIN.cache_miss                          6968         0.00 Cache misses
MAIN.threads_limited                             0         0.00 Threads hit max
MAIN.thread_queue_len                             0          .   Length of session queue
MAIN.busy_sleep                           703         0.00 Number of requests sent to sleep on busy objhdr
MAIN.sess_queued                           869         0.00 Sessions queued for thread
MAIN.sess_dropped                             0         0.00 Sessions dropped for thread
MAIN.n_object                          6042          .   object structs made
MAIN.n_object_hitmiss                          5976          .   object structs made that are hit-for-miss
MAIN.n_object_hitpass                             0          .   object structs made that are hit-for-pass
MAIN.n_objectcore                          6176          .   objectcore structs made
MAIN.n_objecthead                          1153          .   objecthead structs made
MAIN.goto_dns_cache_hits                             0         0.00 Cache hits within vmod_goto's DNS
SLICER.slice_cache_hit                             0         0.00 Count of slicer subrequest cache hits
SLICER.slice_cache_miss                             0         0.00 Count of slicer subrequest cache misses
SLICER.meta_cache_hit                             0         0.00 Count of cache hits for slicer top-level requests
SLICER.meta_cache_miss                             0         0.00 Count of cache misses for slicer top-level requests
MSE4_MEM.c_memcache_hit                             0         0.00 Stored objects memory cache hits
MSE4_MEM.c_memcache_miss                             0         0.00 Stored objects memory cache misses
ACCG.std.total.client_req_count                         27416         0.02 Total number of client requests processed
ACCG.std.total.client_req_hdrbytes                       5816967         3.51 Client request header bytes total
ACCG.std.total.client_req_bodybytes                             0         0.00 Client request body bytes total
ACCG.std.sub.client_req_count                             0         0.00 Total number of client requests processed
ACCG.std.sub.client_req_hdrbytes                             0         0.00 Client request header bytes total
ACCG.std.sub.client_req_bodybytes                             0         0.00 Client request body bytes total
ACCG.private.total.client_req_count                         27416         0.02 Total number of client requests processed
ACCG.private.total.client_req_hdrbytes                       5816967         3.51 Client request header bytes total
ACCG.private.total.client_req_bodybytes                             0         0.00 Client request body bytes total
ACCG.private.sub.client_req_count                             0         0.00 Total number of client requests processed
ACCG.private.sub.client_req_hdrbytes                             0         0.00 Client request header bytes total
ACCG.private.sub.client_req_bodybytes                             0         0.00 Client request body bytes total
ACCG.other.total.client_req_count                             0         0.00 Total number of client requests processed
ACCG.other.total.client_req_hdrbytes                             0         0.00 Client request header bytes total
ACCG.other.total.client_req_bodybytes                             0         0.00 Client request body bytes total
ACCG.other.sub.client_req_count                             0         0.00 Total number of client requests processed
ACCG.other.sub.client_req_hdrbytes                             0         0.00 Client request header bytes total
ACCG.other.sub.client_req_bodybytes                             0         0.00 Client request body bytes total
ACCG.private.oci.client_req_count                         27416         0.02 Total number of client requests processed
ACCG.private.oci.client_req_hdrbytes                       5816967         3.51 Client request header bytes total
ACCG.private.oci.client_req_bodybytes                             0         0.00 Client request body bytes total
--- 15:33:57 ---
MAIN.client_req_400                             0         0.00 Client requests received, subject to 400 errors
MAIN.client_req_417                             0         0.00 Client requests received, subject to 417 errors
MAIN.client_req                         27416         0.02 Good client requests received
MAIN.cache_hit                         20448         0.01 Cache hits
MAIN.cache_hit_grace                             0         0.00 Cache grace hits
MAIN.cache_hitpass                             0         0.00 Cache hits for pass.
MAIN.cache_hitmiss                           394         0.00 Cache hits for miss.
MAIN.cache_miss                          6968         0.00 Cache misses
MAIN.threads_limited                             0         0.00 Threads hit max
MAIN.thread_queue_len                             0          .   Length of session queue
MAIN.busy_sleep                           703         0.00 Number of requests sent to sleep on busy objhdr
MAIN.sess_queued                           869         0.00 Sessions queued for thread
MAIN.sess_dropped                             0         0.00 Sessions dropped for thread
MAIN.n_object                          6042          .   object structs made
MAIN.n_object_hitmiss                          5976          .   object structs made that are hit-for-miss
MAIN.n_object_hitpass                             0          .   object structs made that are hit-for-pass
MAIN.n_objectcore                          6176          .   objectcore structs made
MAIN.n_objecthead                          1153          .   objecthead structs made
MAIN.goto_dns_cache_hits                             0         0.00 Cache hits within vmod_goto's DNS
SLICER.slice_cache_hit                             0         0.00 Count of slicer subrequest cache hits
SLICER.slice_cache_miss                             0         0.00 Count of slicer subrequest cache misses
SLICER.meta_cache_hit                             0         0.00 Count of cache hits for slicer top-level requests
SLICER.meta_cache_miss                             0         0.00 Count of cache misses for slicer top-level requests
MSE4_MEM.c_memcache_hit                             0         0.00 Stored objects memory cache hits
MSE4_MEM.c_memcache_miss                             0         0.00 Stored objects memory cache misses
ACCG.std.total.client_req_count                         27416         0.02 Total number of client requests processed
ACCG.std.total.client_req_hdrbytes                       5816967         3.51 Client request header bytes total
ACCG.std.total.client_req_bodybytes                             0         0.00 Client request body bytes total
ACCG.std.sub.client_req_count                             0         0.00 Total number of client requests processed
ACCG.std.sub.client_req_hdrbytes                             0         0.00 Client request header bytes total
ACCG.std.sub.client_req_bodybytes                             0         0.00 Client request body bytes total
ACCG.private.total.client_req_count                         27416         0.02 Total number of client requests processed
ACCG.private.total.client_req_hdrbytes                       5816967         3.51 Client request header bytes total
ACCG.private.total.client_req_bodybytes                             0         0.00 Client request body bytes total
ACCG.private.sub.client_req_count                             0         0.00 Total number of client requests processed
ACCG.private.sub.client_req_hdrbytes                             0         0.00 Client request header bytes total
ACCG.private.sub.client_req_bodybytes                             0         0.00 Client request body bytes total
ACCG.other.total.client_req_count                             0         0.00 Total number of client requests processed
ACCG.other.total.client_req_hdrbytes                             0         0.00 Client request header bytes total
ACCG.other.total.client_req_bodybytes                             0         0.00 Client request body bytes total
ACCG.other.sub.client_req_count                             0         0.00 Total number of client requests processed
ACCG.other.sub.client_req_hdrbytes                             0         0.00 Client request header bytes total
ACCG.other.sub.client_req_bodybytes                             0         0.00 Client request body bytes total
ACCG.private.oci.client_req_count                         27416         0.02 Total number of client requests processed
ACCG.private.oci.client_req_hdrbytes                       5816967         3.51 Client request header bytes total
ACCG.private.oci.client_req_bodybytes                             0         0.00 Client request body bytes total
--- 15:33:58 ---
MAIN.client_req_400                             0         0.00 Client requests received, subject to 400 errors
MAIN.client_req_417                             0         0.00 Client requests received, subject to 417 errors
MAIN.client_req                         27416         0.02 Good client requests received
MAIN.cache_hit                         20448         0.01 Cache hits
MAIN.cache_hit_grace                             0         0.00 Cache grace hits
MAIN.cache_hitpass                             0         0.00 Cache hits for pass.
MAIN.cache_hitmiss                           394         0.00 Cache hits for miss.
MAIN.cache_miss                          6968         0.00 Cache misses
MAIN.threads_limited                             0         0.00 Threads hit max
MAIN.thread_queue_len                             0          .   Length of session queue
MAIN.busy_sleep                           703         0.00 Number of requests sent to sleep on busy objhdr
MAIN.sess_queued                           869         0.00 Sessions queued for thread
MAIN.sess_dropped                             0         0.00 Sessions dropped for thread
MAIN.n_object                          6042          .   object structs made
MAIN.n_object_hitmiss                          5976          .   object structs made that are hit-for-miss
MAIN.n_object_hitpass                             0          .   object structs made that are hit-for-pass
MAIN.n_objectcore                          6176          .   objectcore structs made
MAIN.n_objecthead                          1153          .   objecthead structs made
MAIN.goto_dns_cache_hits                             0         0.00 Cache hits within vmod_goto's DNS
SLICER.slice_cache_hit                             0         0.00 Count of slicer subrequest cache hits
SLICER.slice_cache_miss                             0         0.00 Count of slicer subrequest cache misses
SLICER.meta_cache_hit                             0         0.00 Count of cache hits for slicer top-level requests
SLICER.meta_cache_miss                             0         0.00 Count of cache misses for slicer top-level requests
MSE4_MEM.c_memcache_hit                             0         0.00 Stored objects memory cache hits
MSE4_MEM.c_memcache_miss                             0         0.00 Stored objects memory cache misses
ACCG.std.total.client_req_count                         27416         0.02 Total number of client requests processed
ACCG.std.total.client_req_hdrbytes                       5816967         3.51 Client request header bytes total
ACCG.std.total.client_req_bodybytes                             0         0.00 Client request body bytes total
ACCG.std.sub.client_req_count                             0         0.00 Total number of client requests processed
ACCG.std.sub.client_req_hdrbytes                             0         0.00 Client request header bytes total
ACCG.std.sub.client_req_bodybytes                             0         0.00 Client request body bytes total
ACCG.private.total.client_req_count                         27416         0.02 Total number of client requests processed
ACCG.private.total.client_req_hdrbytes                       5816967         3.51 Client request header bytes total
ACCG.private.total.client_req_bodybytes                             0         0.00 Client request body bytes total
ACCG.private.sub.client_req_count                             0         0.00 Total number of client requests processed
ACCG.private.sub.client_req_hdrbytes                             0         0.00 Client request header bytes total
ACCG.private.sub.client_req_bodybytes                             0         0.00 Client request body bytes total
ACCG.other.total.client_req_count                             0         0.00 Total number of client requests processed
ACCG.other.total.client_req_hdrbytes                             0         0.00 Client request header bytes total
ACCG.other.total.client_req_bodybytes                             0         0.00 Client request body bytes total
ACCG.other.sub.client_req_count                             0         0.00 Total number of client requests processed
ACCG.other.sub.client_req_hdrbytes                             0         0.00 Client request header bytes total
ACCG.other.sub.client_req_bodybytes                             0         0.00 Client request body bytes total
ACCG.private.oci.client_req_count                         27416         0.02 Total number of client requests processed
ACCG.private.oci.client_req_hdrbytes                       5816967         3.51 Client request header bytes total
ACCG.private.oci.client_req_bodybytes                             0         0.00 Client request body bytes total
--- 15:33:59 ---
MAIN.client_req_400                             0         0.00 Client requests received, subject to 400 errors
MAIN.client_req_417                             0         0.00 Client requests received, subject to 417 errors
MAIN.client_req                         27416         0.02 Good client requests received
MAIN.cache_hit                         20448         0.01 Cache hits
MAIN.cache_hit_grace                             0         0.00 Cache grace hits
MAIN.cache_hitpass                             0         0.00 Cache hits for pass.
MAIN.cache_hitmiss                           394         0.00 Cache hits for miss.
MAIN.cache_miss                          6968         0.00 Cache misses
MAIN.threads_limited                             0         0.00 Threads hit max
MAIN.thread_queue_len                             0          .   Length of session queue
MAIN.busy_sleep                           703         0.00 Number of requests sent to sleep on busy objhdr
MAIN.sess_queued                           869         0.00 Sessions queued for thread
MAIN.sess_dropped                             0         0.00 Sessions dropped for thread
MAIN.n_object                          6042          .   object structs made
MAIN.n_object_hitmiss                          5976          .   object structs made that are hit-for-miss
MAIN.n_object_hitpass                             0          .   object structs made that are hit-for-pass
MAIN.n_objectcore                          6176          .   objectcore structs made
MAIN.n_objecthead                          1153          .   objecthead structs made
MAIN.goto_dns_cache_hits                             0         0.00 Cache hits within vmod_goto's DNS
SLICER.slice_cache_hit                             0         0.00 Count of slicer subrequest cache hits
SLICER.slice_cache_miss                             0         0.00 Count of slicer subrequest cache misses
SLICER.meta_cache_hit                             0         0.00 Count of cache hits for slicer top-level requests
SLICER.meta_cache_miss                             0         0.00 Count of cache misses for slicer top-level requests
MSE4_MEM.c_memcache_hit                             0         0.00 Stored objects memory cache hits
MSE4_MEM.c_memcache_miss                             0         0.00 Stored objects memory cache misses
ACCG.std.total.client_req_count                         27416         0.02 Total number of client requests processed
ACCG.std.total.client_req_hdrbytes                       5816967         3.51 Client request header bytes total
ACCG.std.total.client_req_bodybytes                             0         0.00 Client request body bytes total
ACCG.std.sub.client_req_count                             0         0.00 Total number of client requests processed
ACCG.std.sub.client_req_hdrbytes                             0         0.00 Client request header bytes total
ACCG.std.sub.client_req_bodybytes                             0         0.00 Client request body bytes total
ACCG.private.total.client_req_count                         27416         0.02 Total number of client requests processed
ACCG.private.total.client_req_hdrbytes                       5816967         3.51 Client request header bytes total
ACCG.private.total.client_req_bodybytes                             0         0.00 Client request body bytes total
ACCG.private.sub.client_req_count                             0         0.00 Total number of client requests processed
ACCG.private.sub.client_req_hdrbytes                             0         0.00 Client request header bytes total
ACCG.private.sub.client_req_bodybytes                             0         0.00 Client request body bytes total
ACCG.other.total.client_req_count                             0         0.00 Total number of client requests processed
ACCG.other.total.client_req_hdrbytes                             0         0.00 Client request header bytes total
ACCG.other.total.client_req_bodybytes                             0         0.00 Client request body bytes total
ACCG.other.sub.client_req_count                             0         0.00 Total number of client requests processed
ACCG.other.sub.client_req_hdrbytes                             0         0.00 Client request header bytes total
ACCG.other.sub.client_req_bodybytes                             0         0.00 Client request body bytes total
ACCG.private.oci.client_req_count                         27416         0.02 Total number of client requests processed
ACCG.private.oci.client_req_hdrbytes                       5816967         3.51 Client request header bytes total
ACCG.private.oci.client_req_bodybytes                             0         0.00 Client request body bytes total
--- 15:34:00 ---
MAIN.client_req_400                             0         0.00 Client requests received, subject to 400 errors
MAIN.client_req_417                             0         0.00 Client requests received, subject to 417 errors
MAIN.client_req                         27416         0.02 Good client requests received
MAIN.cache_hit                         20448         0.01 Cache hits
MAIN.cache_hit_grace                             0         0.00 Cache grace hits
MAIN.cache_hitpass                             0         0.00 Cache hits for pass.
MAIN.cache_hitmiss                           394         0.00 Cache hits for miss.
MAIN.cache_miss                          6968         0.00 Cache misses
MAIN.threads_limited                             0         0.00 Threads hit max
MAIN.thread_queue_len                             0          .   Length of session queue
MAIN.busy_sleep                           703         0.00 Number of requests sent to sleep on busy objhdr
MAIN.sess_queued                           869         0.00 Sessions queued for thread
MAIN.sess_dropped                             0         0.00 Sessions dropped for thread
MAIN.n_object                          6042          .   object structs made
MAIN.n_object_hitmiss                          5976          .   object structs made that are hit-for-miss
MAIN.n_object_hitpass                             0          .   object structs made that are hit-for-pass
MAIN.n_objectcore                          6176          .   objectcore structs made
MAIN.n_objecthead                          1153          .   objecthead structs made
MAIN.goto_dns_cache_hits                             0         0.00 Cache hits within vmod_goto's DNS
SLICER.slice_cache_hit                             0         0.00 Count of slicer subrequest cache hits
SLICER.slice_cache_miss                             0         0.00 Count of slicer subrequest cache misses
SLICER.meta_cache_hit                             0         0.00 Count of cache hits for slicer top-level requests
SLICER.meta_cache_miss                             0         0.00 Count of cache misses for slicer top-level requests
MSE4_MEM.c_memcache_hit                             0         0.00 Stored objects memory cache hits
MSE4_MEM.c_memcache_miss                             0         0.00 Stored objects memory cache misses
ACCG.std.total.client_req_count                         27416         0.02 Total number of client requests processed
ACCG.std.total.client_req_hdrbytes                       5816967         3.51 Client request header bytes total
ACCG.std.total.client_req_bodybytes                             0         0.00 Client request body bytes total
ACCG.std.sub.client_req_count                             0         0.00 Total number of client requests processed
ACCG.std.sub.client_req_hdrbytes                             0         0.00 Client request header bytes total
ACCG.std.sub.client_req_bodybytes                             0         0.00 Client request body bytes total
ACCG.private.total.client_req_count                         27416         0.02 Total number of client requests processed
ACCG.private.total.client_req_hdrbytes                       5816967         3.51 Client request header bytes total
ACCG.private.total.client_req_bodybytes                             0         0.00 Client request body bytes total
ACCG.private.sub.client_req_count                             0         0.00 Total number of client requests processed
ACCG.private.sub.client_req_hdrbytes                             0         0.00 Client request header bytes total
ACCG.private.sub.client_req_bodybytes                             0         0.00 Client request body bytes total
ACCG.other.total.client_req_count                             0         0.00 Total number of client requests processed
ACCG.other.total.client_req_hdrbytes                             0         0.00 Client request header bytes total
ACCG.other.total.client_req_bodybytes                             0         0.00 Client request body bytes total
ACCG.other.sub.client_req_count                             0         0.00 Total number of client requests processed
ACCG.other.sub.client_req_hdrbytes                             0         0.00 Client request header bytes total
ACCG.other.sub.client_req_bodybytes                             0         0.00 Client request body bytes total
ACCG.private.oci.client_req_count                         27416         0.02 Total number of client requests processed
ACCG.private.oci.client_req_hdrbytes                       5816967         3.51 Client request header bytes total
ACCG.private.oci.client_req_bodybytes                             0         0.00 Client request body bytes total
--- 15:34:01 ---
MAIN.client_req_400                             0         0.00 Client requests received, subject to 400 errors
MAIN.client_req_417                             0         0.00 Client requests received, subject to 417 errors
MAIN.client_req                         27416         0.02 Good client requests received
MAIN.cache_hit                         20448         0.01 Cache hits
MAIN.cache_hit_grace                             0         0.00 Cache grace hits
MAIN.cache_hitpass                             0         0.00 Cache hits for pass.
MAIN.cache_hitmiss                           394         0.00 Cache hits for miss.
MAIN.cache_miss                          6968         0.00 Cache misses
MAIN.threads_limited                             0         0.00 Threads hit max
MAIN.thread_queue_len                             0          .   Length of session queue
MAIN.busy_sleep                           703         0.00 Number of requests sent to sleep on busy objhdr
MAIN.sess_queued                           869         0.00 Sessions queued for thread
MAIN.sess_dropped                             0         0.00 Sessions dropped for thread
MAIN.n_object                          6042          .   object structs made
MAIN.n_object_hitmiss                          5976          .   object structs made that are hit-for-miss
MAIN.n_object_hitpass                             0          .   object structs made that are hit-for-pass
MAIN.n_objectcore                          6176          .   objectcore structs made
MAIN.n_objecthead                          1153          .   objecthead structs made
MAIN.goto_dns_cache_hits                             0         0.00 Cache hits within vmod_goto's DNS
SLICER.slice_cache_hit                             0         0.00 Count of slicer subrequest cache hits
SLICER.slice_cache_miss                             0         0.00 Count of slicer subrequest cache misses
SLICER.meta_cache_hit                             0         0.00 Count of cache hits for slicer top-level requests
SLICER.meta_cache_miss                             0         0.00 Count of cache misses for slicer top-level requests
MSE4_MEM.c_memcache_hit                             0         0.00 Stored objects memory cache hits
MSE4_MEM.c_memcache_miss                             0         0.00 Stored objects memory cache misses
ACCG.std.total.client_req_count                         27416         0.02 Total number of client requests processed
ACCG.std.total.client_req_hdrbytes                       5816967         3.51 Client request header bytes total
ACCG.std.total.client_req_bodybytes                             0         0.00 Client request body bytes total
ACCG.std.sub.client_req_count                             0         0.00 Total number of client requests processed
ACCG.std.sub.client_req_hdrbytes                             0         0.00 Client request header bytes total
ACCG.std.sub.client_req_bodybytes                             0         0.00 Client request body bytes total
ACCG.private.total.client_req_count                         27416         0.02 Total number of client requests processed
ACCG.private.total.client_req_hdrbytes                       5816967         3.51 Client request header bytes total
ACCG.private.total.client_req_bodybytes                             0         0.00 Client request body bytes total
ACCG.private.sub.client_req_count                             0         0.00 Total number of client requests processed
ACCG.private.sub.client_req_hdrbytes                             0         0.00 Client request header bytes total
ACCG.private.sub.client_req_bodybytes                             0         0.00 Client request body bytes total
ACCG.other.total.client_req_count                             0         0.00 Total number of client requests processed
ACCG.other.total.client_req_hdrbytes                             0         0.00 Client request header bytes total
ACCG.other.total.client_req_bodybytes                             0         0.00 Client request body bytes total
ACCG.other.sub.client_req_count                             0         0.00 Total number of client requests processed
ACCG.other.sub.client_req_hdrbytes                             0         0.00 Client request header bytes total
ACCG.other.sub.client_req_bodybytes                             0         0.00 Client request body bytes total
ACCG.private.oci.client_req_count                         27416         0.02 Total number of client requests processed
ACCG.private.oci.client_req_hdrbytes                       5816967         3.51 Client request header bytes total
ACCG.private.oci.client_req_bodybytes                             0         0.00 Client request body bytes total
--- 15:34:02 ---
MAIN.client_req_400                             0         0.00 Client requests received, subject to 400 errors
MAIN.client_req_417                             0         0.00 Client requests received, subject to 417 errors
MAIN.client_req                         27416         0.02 Good client requests received
MAIN.cache_hit                         20448         0.01 Cache hits
MAIN.cache_hit_grace                             0         0.00 Cache grace hits
MAIN.cache_hitpass                             0         0.00 Cache hits for pass.
MAIN.cache_hitmiss                           394         0.00 Cache hits for miss.
MAIN.cache_miss                          6968         0.00 Cache misses
MAIN.threads_limited                             0         0.00 Threads hit max
MAIN.thread_queue_len                             0          .   Length of session queue
MAIN.busy_sleep                           703         0.00 Number of requests sent to sleep on busy objhdr
MAIN.sess_queued                           869         0.00 Sessions queued for thread
MAIN.sess_dropped                             0         0.00 Sessions dropped for thread
MAIN.n_object                          6042          .   object structs made
MAIN.n_object_hitmiss                          5976          .   object structs made that are hit-for-miss
MAIN.n_object_hitpass                             0          .   object structs made that are hit-for-pass
MAIN.n_objectcore                          6176          .   objectcore structs made
MAIN.n_objecthead                          1153          .   objecthead structs made
MAIN.goto_dns_cache_hits                             0         0.00 Cache hits within vmod_goto's DNS
SLICER.slice_cache_hit                             0         0.00 Count of slicer subrequest cache hits
SLICER.slice_cache_miss                             0         0.00 Count of slicer subrequest cache misses
SLICER.meta_cache_hit                             0         0.00 Count of cache hits for slicer top-level requests
SLICER.meta_cache_miss                             0         0.00 Count of cache misses for slicer top-level requests
MSE4_MEM.c_memcache_hit                             0         0.00 Stored objects memory cache hits
MSE4_MEM.c_memcache_miss                             0         0.00 Stored objects memory cache misses
ACCG.std.total.client_req_count                         27416         0.02 Total number of client requests processed
ACCG.std.total.client_req_hdrbytes                       5816967         3.51 Client request header bytes total
ACCG.std.total.client_req_bodybytes                             0         0.00 Client request body bytes total
ACCG.std.sub.client_req_count                             0         0.00 Total number of client requests processed
ACCG.std.sub.client_req_hdrbytes                             0         0.00 Client request header bytes total
ACCG.std.sub.client_req_bodybytes                             0         0.00 Client request body bytes total
ACCG.private.total.client_req_count                         27416         0.02 Total number of client requests processed
ACCG.private.total.client_req_hdrbytes                       5816967         3.51 Client request header bytes total
ACCG.private.total.client_req_bodybytes                             0         0.00 Client request body bytes total
ACCG.private.sub.client_req_count                             0         0.00 Total number of client requests processed
ACCG.private.sub.client_req_hdrbytes                             0         0.00 Client request header bytes total
ACCG.private.sub.client_req_bodybytes                             0         0.00 Client request body bytes total
ACCG.other.total.client_req_count                             0         0.00 Total number of client requests processed
ACCG.other.total.client_req_hdrbytes                             0         0.00 Client request header bytes total
ACCG.other.total.client_req_bodybytes                             0         0.00 Client request body bytes total
ACCG.other.sub.client_req_count                             0         0.00 Total number of client requests processed
ACCG.other.sub.client_req_hdrbytes                             0         0.00 Client request header bytes total
ACCG.other.sub.client_req_bodybytes                             0         0.00 Client request body bytes total
ACCG.private.oci.client_req_count                         27416         0.02 Total number of client requests processed
ACCG.private.oci.client_req_hdrbytes                       5816967         3.51 Client request header bytes total
ACCG.private.oci.client_req_bodybytes                             0         0.00 Client request body bytes total
--- 15:34:03 ---
MAIN.client_req_400                             0         0.00 Client requests received, subject to 400 errors
MAIN.client_req_417                             0         0.00 Client requests received, subject to 417 errors
MAIN.client_req                         27416         0.02 Good client requests received
MAIN.cache_hit                         20448         0.01 Cache hits
MAIN.cache_hit_grace                             0         0.00 Cache grace hits
MAIN.cache_hitpass                             0         0.00 Cache hits for pass.
MAIN.cache_hitmiss                           394         0.00 Cache hits for miss.
MAIN.cache_miss                          6968         0.00 Cache misses
MAIN.threads_limited                             0         0.00 Threads hit max
MAIN.thread_queue_len                             0          .   Length of session queue
MAIN.busy_sleep                           703         0.00 Number of requests sent to sleep on busy objhdr
MAIN.sess_queued                           869         0.00 Sessions queued for thread
MAIN.sess_dropped                             0         0.00 Sessions dropped for thread
MAIN.n_object                          6042          .   object structs made
MAIN.n_object_hitmiss                          5976          .   object structs made that are hit-for-miss
MAIN.n_object_hitpass                             0          .   object structs made that are hit-for-pass
MAIN.n_objectcore                          6176          .   objectcore structs made
MAIN.n_objecthead                          1153          .   objecthead structs made
MAIN.goto_dns_cache_hits                             0         0.00 Cache hits within vmod_goto's DNS
SLICER.slice_cache_hit                             0         0.00 Count of slicer subrequest cache hits
SLICER.slice_cache_miss                             0         0.00 Count of slicer subrequest cache misses
SLICER.meta_cache_hit                             0         0.00 Count of cache hits for slicer top-level requests
SLICER.meta_cache_miss                             0         0.00 Count of cache misses for slicer top-level requests
MSE4_MEM.c_memcache_hit                             0         0.00 Stored objects memory cache hits
MSE4_MEM.c_memcache_miss                             0         0.00 Stored objects memory cache misses
ACCG.std.total.client_req_count                         27416         0.02 Total number of client requests processed
ACCG.std.total.client_req_hdrbytes                       5816967         3.51 Client request header bytes total
ACCG.std.total.client_req_bodybytes                             0         0.00 Client request body bytes total
ACCG.std.sub.client_req_count                             0         0.00 Total number of client requests processed
ACCG.std.sub.client_req_hdrbytes                             0         0.00 Client request header bytes total
ACCG.std.sub.client_req_bodybytes                             0         0.00 Client request body bytes total
ACCG.private.total.client_req_count                         27416         0.02 Total number of client requests processed
ACCG.private.total.client_req_hdrbytes                       5816967         3.51 Client request header bytes total
ACCG.private.total.client_req_bodybytes                             0         0.00 Client request body bytes total
ACCG.private.sub.client_req_count                             0         0.00 Total number of client requests processed
ACCG.private.sub.client_req_hdrbytes                             0         0.00 Client request header bytes total
ACCG.private.sub.client_req_bodybytes                             0         0.00 Client request body bytes total
ACCG.other.total.client_req_count                             0         0.00 Total number of client requests processed
ACCG.other.total.client_req_hdrbytes                             0         0.00 Client request header bytes total
ACCG.other.total.client_req_bodybytes                             0         0.00 Client request body bytes total
ACCG.other.sub.client_req_count                             0         0.00 Total number of client requests processed
ACCG.other.sub.client_req_hdrbytes                             0         0.00 Client request header bytes total
ACCG.other.sub.client_req_bodybytes                             0         0.00 Client request body bytes total
ACCG.private.oci.client_req_count                         27416         0.02 Total number of client requests processed
ACCG.private.oci.client_req_hdrbytes                       5816967         3.51 Client request header bytes total
ACCG.private.oci.client_req_bodybytes                             0         0.00 Client request body bytes total
--- 15:34:04 ---
MAIN.client_req_400                             0         0.00 Client requests received, subject to 400 errors
MAIN.client_req_417                             0         0.00 Client requests received, subject to 417 errors
MAIN.client_req                         27416         0.02 Good client requests received
MAIN.cache_hit                         20448         0.01 Cache hits
MAIN.cache_hit_grace                             0         0.00 Cache grace hits
MAIN.cache_hitpass                             0         0.00 Cache hits for pass.
MAIN.cache_hitmiss                           394         0.00 Cache hits for miss.
MAIN.cache_miss                          6968         0.00 Cache misses
MAIN.threads_limited                             0         0.00 Threads hit max
MAIN.thread_queue_len                             0          .   Length of session queue
MAIN.busy_sleep                           703         0.00 Number of requests sent to sleep on busy objhdr
MAIN.sess_queued                           869         0.00 Sessions queued for thread
MAIN.sess_dropped                             0         0.00 Sessions dropped for thread
MAIN.n_object                          6042          .   object structs made
MAIN.n_object_hitmiss                          5976          .   object structs made that are hit-for-miss
MAIN.n_object_hitpass                             0          .   object structs made that are hit-for-pass
MAIN.n_objectcore                          6176          .   objectcore structs made
MAIN.n_objecthead                          1153          .   objecthead structs made
MAIN.goto_dns_cache_hits                             0         0.00 Cache hits within vmod_goto's DNS
SLICER.slice_cache_hit                             0         0.00 Count of slicer subrequest cache hits
SLICER.slice_cache_miss                             0         0.00 Count of slicer subrequest cache misses
SLICER.meta_cache_hit                             0         0.00 Count of cache hits for slicer top-level requests
SLICER.meta_cache_miss                             0         0.00 Count of cache misses for slicer top-level requests
MSE4_MEM.c_memcache_hit                             0         0.00 Stored objects memory cache hits
MSE4_MEM.c_memcache_miss                             0         0.00 Stored objects memory cache misses
ACCG.std.total.client_req_count                         27416         0.02 Total number of client requests processed
ACCG.std.total.client_req_hdrbytes                       5816967         3.51 Client request header bytes total
ACCG.std.total.client_req_bodybytes                             0         0.00 Client request body bytes total
ACCG.std.sub.client_req_count                             0         0.00 Total number of client requests processed
ACCG.std.sub.client_req_hdrbytes                             0         0.00 Client request header bytes total
ACCG.std.sub.client_req_bodybytes                             0         0.00 Client request body bytes total
ACCG.private.total.client_req_count                         27416         0.02 Total number of client requests processed
ACCG.private.total.client_req_hdrbytes                       5816967         3.51 Client request header bytes total
ACCG.private.total.client_req_bodybytes                             0         0.00 Client request body bytes total
ACCG.private.sub.client_req_count                             0         0.00 Total number of client requests processed
ACCG.private.sub.client_req_hdrbytes                             0         0.00 Client request header bytes total
ACCG.private.sub.client_req_bodybytes                             0         0.00 Client request body bytes total
ACCG.other.total.client_req_count                             0         0.00 Total number of client requests processed
ACCG.other.total.client_req_hdrbytes                             0         0.00 Client request header bytes total
ACCG.other.total.client_req_bodybytes                             0         0.00 Client request body bytes total
ACCG.other.sub.client_req_count                             0         0.00 Total number of client requests processed
ACCG.other.sub.client_req_hdrbytes                             0         0.00 Client request header bytes total
ACCG.other.sub.client_req_bodybytes                             0         0.00 Client request body bytes total
ACCG.private.oci.client_req_count                         27416         0.02 Total number of client requests processed
ACCG.private.oci.client_req_hdrbytes                       5816967         3.51 Client request header bytes total
ACCG.private.oci.client_req_bodybytes                             0         0.00 Client request body bytes total
--- 15:34:06 ---
MAIN.client_req_400                             0         0.00 Client requests received, subject to 400 errors
MAIN.client_req_417                             0         0.00 Client requests received, subject to 417 errors
MAIN.client_req                         27416         0.02 Good client requests received
MAIN.cache_hit                         20448         0.01 Cache hits
MAIN.cache_hit_grace                             0         0.00 Cache grace hits
MAIN.cache_hitpass                             0         0.00 Cache hits for pass.
MAIN.cache_hitmiss                           394         0.00 Cache hits for miss.
MAIN.cache_miss                          6968         0.00 Cache misses
MAIN.threads_limited                             0         0.00 Threads hit max
MAIN.thread_queue_len                             0          .   Length of session queue
MAIN.busy_sleep                           703         0.00 Number of requests sent to sleep on busy objhdr
MAIN.sess_queued                           869         0.00 Sessions queued for thread
MAIN.sess_dropped                             0         0.00 Sessions dropped for thread
MAIN.n_object                          6042          .   object structs made
MAIN.n_object_hitmiss                          5976          .   object structs made that are hit-for-miss
MAIN.n_object_hitpass                             0          .   object structs made that are hit-for-pass
MAIN.n_objectcore                          6176          .   objectcore structs made
MAIN.n_objecthead                          1153          .   objecthead structs made
MAIN.goto_dns_cache_hits                             0         0.00 Cache hits within vmod_goto's DNS
SLICER.slice_cache_hit                             0         0.00 Count of slicer subrequest cache hits
SLICER.slice_cache_miss                             0         0.00 Count of slicer subrequest cache misses
SLICER.meta_cache_hit                             0         0.00 Count of cache hits for slicer top-level requests
SLICER.meta_cache_miss                             0         0.00 Count of cache misses for slicer top-level requests
MSE4_MEM.c_memcache_hit                             0         0.00 Stored objects memory cache hits
MSE4_MEM.c_memcache_miss                             0         0.00 Stored objects memory cache misses
ACCG.std.total.client_req_count                         27416         0.02 Total number of client requests processed
ACCG.std.total.client_req_hdrbytes                       5816967         3.51 Client request header bytes total
ACCG.std.total.client_req_bodybytes                             0         0.00 Client request body bytes total
ACCG.std.sub.client_req_count                             0         0.00 Total number of client requests processed
ACCG.std.sub.client_req_hdrbytes                             0         0.00 Client request header bytes total
ACCG.std.sub.client_req_bodybytes                             0         0.00 Client request body bytes total
ACCG.private.total.client_req_count                         27416         0.02 Total number of client requests processed
ACCG.private.total.client_req_hdrbytes                       5816967         3.51 Client request header bytes total
ACCG.private.total.client_req_bodybytes                             0         0.00 Client request body bytes total
ACCG.private.sub.client_req_count                             0         0.00 Total number of client requests processed
ACCG.private.sub.client_req_hdrbytes                             0         0.00 Client request header bytes total
ACCG.private.sub.client_req_bodybytes                             0         0.00 Client request body bytes total
ACCG.other.total.client_req_count                             0         0.00 Total number of client requests processed
ACCG.other.total.client_req_hdrbytes                             0         0.00 Client request header bytes total
ACCG.other.total.client_req_bodybytes                             0         0.00 Client request body bytes total
ACCG.other.sub.client_req_count                             0         0.00 Total number of client requests processed
ACCG.other.sub.client_req_hdrbytes                             0         0.00 Client request header bytes total
ACCG.other.sub.client_req_bodybytes                             0         0.00 Client request body bytes total
ACCG.private.oci.client_req_count                         27416         0.02 Total number of client requests processed
ACCG.private.oci.client_req_hdrbytes                       5816967         3.51 Client request header bytes total
ACCG.private.oci.client_req_bodybytes                             0         0.00 Client request body bytes total
--- 15:34:07 ---
MAIN.client_req_400                             0         0.00 Client requests received, subject to 400 errors
MAIN.client_req_417                             0         0.00 Client requests received, subject to 417 errors
MAIN.client_req                         27416         0.02 Good client requests received
MAIN.cache_hit                         20448         0.01 Cache hits
MAIN.cache_hit_grace                             0         0.00 Cache grace hits
MAIN.cache_hitpass                             0         0.00 Cache hits for pass.
MAIN.cache_hitmiss                           394         0.00 Cache hits for miss.
MAIN.cache_miss                          6968         0.00 Cache misses
MAIN.threads_limited                             0         0.00 Threads hit max
MAIN.thread_queue_len                             0          .   Length of session queue
MAIN.busy_sleep                           703         0.00 Number of requests sent to sleep on busy objhdr
MAIN.sess_queued                           869         0.00 Sessions queued for thread
MAIN.sess_dropped                             0         0.00 Sessions dropped for thread
MAIN.n_object                          6042          .   object structs made
MAIN.n_object_hitmiss                          5976          .   object structs made that are hit-for-miss
MAIN.n_object_hitpass                             0          .   object structs made that are hit-for-pass
MAIN.n_objectcore                          6176          .   objectcore structs made
MAIN.n_objecthead                          1153          .   objecthead structs made
MAIN.goto_dns_cache_hits                             0         0.00 Cache hits within vmod_goto's DNS
SLICER.slice_cache_hit                             0         0.00 Count of slicer subrequest cache hits
SLICER.slice_cache_miss                             0         0.00 Count of slicer subrequest cache misses
SLICER.meta_cache_hit                             0         0.00 Count of cache hits for slicer top-level requests
SLICER.meta_cache_miss                             0         0.00 Count of cache misses for slicer top-level requests
MSE4_MEM.c_memcache_hit                             0         0.00 Stored objects memory cache hits
MSE4_MEM.c_memcache_miss                             0         0.00 Stored objects memory cache misses
ACCG.std.total.client_req_count                         27416         0.02 Total number of client requests processed
ACCG.std.total.client_req_hdrbytes                       5816967         3.51 Client request header bytes total
ACCG.std.total.client_req_bodybytes                             0         0.00 Client request body bytes total
ACCG.std.sub.client_req_count                             0         0.00 Total number of client requests processed
ACCG.std.sub.client_req_hdrbytes                             0         0.00 Client request header bytes total
ACCG.std.sub.client_req_bodybytes                             0         0.00 Client request body bytes total
ACCG.private.total.client_req_count                         27416         0.02 Total number of client requests processed
ACCG.private.total.client_req_hdrbytes                       5816967         3.51 Client request header bytes total
ACCG.private.total.client_req_bodybytes                             0         0.00 Client request body bytes total
ACCG.private.sub.client_req_count                             0         0.00 Total number of client requests processed
ACCG.private.sub.client_req_hdrbytes                             0         0.00 Client request header bytes total
ACCG.private.sub.client_req_bodybytes                             0         0.00 Client request body bytes total
ACCG.other.total.client_req_count                             0         0.00 Total number of client requests processed
ACCG.other.total.client_req_hdrbytes                             0         0.00 Client request header bytes total
ACCG.other.total.client_req_bodybytes                             0         0.00 Client request body bytes total
ACCG.other.sub.client_req_count                             0         0.00 Total number of client requests processed
ACCG.other.sub.client_req_hdrbytes                             0         0.00 Client request header bytes total
ACCG.other.sub.client_req_bodybytes                             0         0.00 Client request body bytes total
ACCG.private.oci.client_req_count                         27416         0.02 Total number of client requests processed
ACCG.private.oci.client_req_hdrbytes                       5816967         3.51 Client request header bytes total
ACCG.private.oci.client_req_bodybytes                             0         0.00 Client request body bytes total
--- 15:34:08 ---
MAIN.client_req_400                             0         0.00 Client requests received, subject to 400 errors
MAIN.client_req_417                             0         0.00 Client requests received, subject to 417 errors
MAIN.client_req                         27416         0.02 Good client requests received
MAIN.cache_hit                         20448         0.01 Cache hits
MAIN.cache_hit_grace                             0         0.00 Cache grace hits
MAIN.cache_hitpass                             0         0.00 Cache hits for pass.
MAIN.cache_hitmiss                           394         0.00 Cache hits for miss.
MAIN.cache_miss                          6968         0.00 Cache misses
MAIN.threads_limited                             0         0.00 Threads hit max
MAIN.thread_queue_len                             0          .   Length of session queue
MAIN.busy_sleep                           703         0.00 Number of requests sent to sleep on busy objhdr
MAIN.sess_queued                           869         0.00 Sessions queued for thread
MAIN.sess_dropped                             0         0.00 Sessions dropped for thread
MAIN.n_object                          6042          .   object structs made
MAIN.n_object_hitmiss                          5976          .   object structs made that are hit-for-miss
MAIN.n_object_hitpass                             0          .   object structs made that are hit-for-pass
MAIN.n_objectcore                          6176          .   objectcore structs made
MAIN.n_objecthead                          1153          .   objecthead structs made
MAIN.goto_dns_cache_hits                             0         0.00 Cache hits within vmod_goto's DNS
SLICER.slice_cache_hit                             0         0.00 Count of slicer subrequest cache hits
SLICER.slice_cache_miss                             0         0.00 Count of slicer subrequest cache misses
SLICER.meta_cache_hit                             0         0.00 Count of cache hits for slicer top-level requests
SLICER.meta_cache_miss                             0         0.00 Count of cache misses for slicer top-level requests
MSE4_MEM.c_memcache_hit                             0         0.00 Stored objects memory cache hits
MSE4_MEM.c_memcache_miss                             0         0.00 Stored objects memory cache misses
ACCG.std.total.client_req_count                         27416         0.02 Total number of client requests processed
ACCG.std.total.client_req_hdrbytes                       5816967         3.51 Client request header bytes total
ACCG.std.total.client_req_bodybytes                             0         0.00 Client request body bytes total
ACCG.std.sub.client_req_count                             0         0.00 Total number of client requests processed
ACCG.std.sub.client_req_hdrbytes                             0         0.00 Client request header bytes total
ACCG.std.sub.client_req_bodybytes                             0         0.00 Client request body bytes total
ACCG.private.total.client_req_count                         27416         0.02 Total number of client requests processed
ACCG.private.total.client_req_hdrbytes                       5816967         3.51 Client request header bytes total
ACCG.private.total.client_req_bodybytes                             0         0.00 Client request body bytes total
ACCG.private.sub.client_req_count                             0         0.00 Total number of client requests processed
ACCG.private.sub.client_req_hdrbytes                             0         0.00 Client request header bytes total
ACCG.private.sub.client_req_bodybytes                             0         0.00 Client request body bytes total
ACCG.other.total.client_req_count                             0         0.00 Total number of client requests processed
ACCG.other.total.client_req_hdrbytes                             0         0.00 Client request header bytes total
ACCG.other.total.client_req_bodybytes                             0         0.00 Client request body bytes total
ACCG.other.sub.client_req_count                             0         0.00 Total number of client requests processed
ACCG.other.sub.client_req_hdrbytes                             0         0.00 Client request header bytes total
ACCG.other.sub.client_req_bodybytes                             0         0.00 Client request body bytes total
ACCG.private.oci.client_req_count                         27416         0.02 Total number of client requests processed
ACCG.private.oci.client_req_hdrbytes                       5816967         3.51 Client request header bytes total
ACCG.private.oci.client_req_bodybytes                             0         0.00 Client request body bytes total
--- 15:34:09 ---
MAIN.client_req_400                             0         0.00 Client requests received, subject to 400 errors
MAIN.client_req_417                             0         0.00 Client requests received, subject to 417 errors
MAIN.client_req                         27416         0.02 Good client requests received
MAIN.cache_hit                         20448         0.01 Cache hits
MAIN.cache_hit_grace                             0         0.00 Cache grace hits
MAIN.cache_hitpass                             0         0.00 Cache hits for pass.
MAIN.cache_hitmiss                           394         0.00 Cache hits for miss.
MAIN.cache_miss                          6968         0.00 Cache misses
MAIN.threads_limited                             0         0.00 Threads hit max
MAIN.thread_queue_len                             0          .   Length of session queue
MAIN.busy_sleep                           703         0.00 Number of requests sent to sleep on busy objhdr
MAIN.sess_queued                           869         0.00 Sessions queued for thread
MAIN.sess_dropped                             0         0.00 Sessions dropped for thread
MAIN.n_object                          6042          .   object structs made
MAIN.n_object_hitmiss                          5976          .   object structs made that are hit-for-miss
MAIN.n_object_hitpass                             0          .   object structs made that are hit-for-pass
MAIN.n_objectcore                          6176          .   objectcore structs made
MAIN.n_objecthead                          1153          .   objecthead structs made
MAIN.goto_dns_cache_hits                             0         0.00 Cache hits within vmod_goto's DNS
SLICER.slice_cache_hit                             0         0.00 Count of slicer subrequest cache hits
SLICER.slice_cache_miss                             0         0.00 Count of slicer subrequest cache misses
SLICER.meta_cache_hit                             0         0.00 Count of cache hits for slicer top-level requests
SLICER.meta_cache_miss                             0         0.00 Count of cache misses for slicer top-level requests
MSE4_MEM.c_memcache_hit                             0         0.00 Stored objects memory cache hits
MSE4_MEM.c_memcache_miss                             0         0.00 Stored objects memory cache misses
ACCG.std.total.client_req_count                         27416         0.02 Total number of client requests processed
ACCG.std.total.client_req_hdrbytes                       5816967         3.51 Client request header bytes total
ACCG.std.total.client_req_bodybytes                             0         0.00 Client request body bytes total
ACCG.std.sub.client_req_count                             0         0.00 Total number of client requests processed
ACCG.std.sub.client_req_hdrbytes                             0         0.00 Client request header bytes total
ACCG.std.sub.client_req_bodybytes                             0         0.00 Client request body bytes total
ACCG.private.total.client_req_count                         27416         0.02 Total number of client requests processed
ACCG.private.total.client_req_hdrbytes                       5816967         3.51 Client request header bytes total
ACCG.private.total.client_req_bodybytes                             0         0.00 Client request body bytes total
ACCG.private.sub.client_req_count                             0         0.00 Total number of client requests processed
ACCG.private.sub.client_req_hdrbytes                             0         0.00 Client request header bytes total
ACCG.private.sub.client_req_bodybytes                             0         0.00 Client request body bytes total
ACCG.other.total.client_req_count                             0         0.00 Total number of client requests processed
ACCG.other.total.client_req_hdrbytes                             0         0.00 Client request header bytes total
ACCG.other.total.client_req_bodybytes                             0         0.00 Client request body bytes total
ACCG.other.sub.client_req_count                             0         0.00 Total number of client requests processed
ACCG.other.sub.client_req_hdrbytes                             0         0.00 Client request header bytes total
ACCG.other.sub.client_req_bodybytes                             0         0.00 Client request body bytes total
ACCG.private.oci.client_req_count                         27416         0.02 Total number of client requests processed
ACCG.private.oci.client_req_hdrbytes                       5816967         3.51 Client request header bytes total
ACCG.private.oci.client_req_bodybytes                             0         0.00 Client request body bytes total
--- 15:34:10 ---
MAIN.client_req_400                             0         0.00 Client requests received, subject to 400 errors
MAIN.client_req_417                             0         0.00 Client requests received, subject to 417 errors
MAIN.client_req                         27416         0.02 Good client requests received
MAIN.cache_hit                         20448         0.01 Cache hits
MAIN.cache_hit_grace                             0         0.00 Cache grace hits
MAIN.cache_hitpass                             0         0.00 Cache hits for pass.
MAIN.cache_hitmiss                           394         0.00 Cache hits for miss.
MAIN.cache_miss                          6968         0.00 Cache misses
MAIN.threads_limited                             0         0.00 Threads hit max
MAIN.thread_queue_len                             0          .   Length of session queue
MAIN.busy_sleep                           703         0.00 Number of requests sent to sleep on busy objhdr
MAIN.sess_queued                           869         0.00 Sessions queued for thread
MAIN.sess_dropped                             0         0.00 Sessions dropped for thread
MAIN.n_object                          6042          .   object structs made
MAIN.n_object_hitmiss                          5976          .   object structs made that are hit-for-miss
MAIN.n_object_hitpass                             0          .   object structs made that are hit-for-pass
MAIN.n_objectcore                          6176          .   objectcore structs made
MAIN.n_objecthead                          1153          .   objecthead structs made
MAIN.goto_dns_cache_hits                             0         0.00 Cache hits within vmod_goto's DNS
SLICER.slice_cache_hit                             0         0.00 Count of slicer subrequest cache hits
SLICER.slice_cache_miss                             0         0.00 Count of slicer subrequest cache misses
SLICER.meta_cache_hit                             0         0.00 Count of cache hits for slicer top-level requests
SLICER.meta_cache_miss                             0         0.00 Count of cache misses for slicer top-level requests
MSE4_MEM.c_memcache_hit                             0         0.00 Stored objects memory cache hits
MSE4_MEM.c_memcache_miss                             0         0.00 Stored objects memory cache misses
ACCG.std.total.client_req_count                         27416         0.02 Total number of client requests processed
ACCG.std.total.client_req_hdrbytes                       5816967         3.51 Client request header bytes total
ACCG.std.total.client_req_bodybytes                             0         0.00 Client request body bytes total
ACCG.std.sub.client_req_count                             0         0.00 Total number of client requests processed
ACCG.std.sub.client_req_hdrbytes                             0         0.00 Client request header bytes total
ACCG.std.sub.client_req_bodybytes                             0         0.00 Client request body bytes total
ACCG.private.total.client_req_count                         27416         0.02 Total number of client requests processed
ACCG.private.total.client_req_hdrbytes                       5816967         3.51 Client request header bytes total
ACCG.private.total.client_req_bodybytes                             0         0.00 Client request body bytes total
ACCG.private.sub.client_req_count                             0         0.00 Total number of client requests processed
ACCG.private.sub.client_req_hdrbytes                             0         0.00 Client request header bytes total
ACCG.private.sub.client_req_bodybytes                             0         0.00 Client request body bytes total
ACCG.other.total.client_req_count                             0         0.00 Total number of client requests processed
ACCG.other.total.client_req_hdrbytes                             0         0.00 Client request header bytes total
ACCG.other.total.client_req_bodybytes                             0         0.00 Client request body bytes total
ACCG.other.sub.client_req_count                             0         0.00 Total number of client requests processed
ACCG.other.sub.client_req_hdrbytes                             0         0.00 Client request header bytes total
ACCG.other.sub.client_req_bodybytes                             0         0.00 Client request body bytes total
ACCG.private.oci.client_req_count                         27416         0.02 Total number of client requests processed
ACCG.private.oci.client_req_hdrbytes                       5816967         3.51 Client request header bytes total
ACCG.private.oci.client_req_bodybytes                             0         0.00 Client request body bytes total
--- 15:34:11 ---
MAIN.client_req_400                             0         0.00 Client requests received, subject to 400 errors
MAIN.client_req_417                             0         0.00 Client requests received, subject to 417 errors
MAIN.client_req                         27416         0.02 Good client requests received
MAIN.cache_hit                         20448         0.01 Cache hits
MAIN.cache_hit_grace                             0         0.00 Cache grace hits
MAIN.cache_hitpass                             0         0.00 Cache hits for pass.
MAIN.cache_hitmiss                           394         0.00 Cache hits for miss.
MAIN.cache_miss                          6968         0.00 Cache misses
MAIN.threads_limited                             0         0.00 Threads hit max
MAIN.thread_queue_len                             0          .   Length of session queue
MAIN.busy_sleep                           703         0.00 Number of requests sent to sleep on busy objhdr
MAIN.sess_queued                           869         0.00 Sessions queued for thread
MAIN.sess_dropped                             0         0.00 Sessions dropped for thread
MAIN.n_object                          6042          .   object structs made
MAIN.n_object_hitmiss                          5976          .   object structs made that are hit-for-miss
MAIN.n_object_hitpass                             0          .   object structs made that are hit-for-pass
MAIN.n_objectcore                          6176          .   objectcore structs made
MAIN.n_objecthead                          1153          .   objecthead structs made
MAIN.goto_dns_cache_hits                             0         0.00 Cache hits within vmod_goto's DNS
SLICER.slice_cache_hit                             0         0.00 Count of slicer subrequest cache hits
SLICER.slice_cache_miss                             0         0.00 Count of slicer subrequest cache misses
SLICER.meta_cache_hit                             0         0.00 Count of cache hits for slicer top-level requests
SLICER.meta_cache_miss                             0         0.00 Count of cache misses for slicer top-level requests
MSE4_MEM.c_memcache_hit                             0         0.00 Stored objects memory cache hits
MSE4_MEM.c_memcache_miss                             0         0.00 Stored objects memory cache misses
ACCG.std.total.client_req_count                         27416         0.02 Total number of client requests processed
ACCG.std.total.client_req_hdrbytes                       5816967         3.51 Client request header bytes total
ACCG.std.total.client_req_bodybytes                             0         0.00 Client request body bytes total
ACCG.std.sub.client_req_count                             0         0.00 Total number of client requests processed
ACCG.std.sub.client_req_hdrbytes                             0         0.00 Client request header bytes total
ACCG.std.sub.client_req_bodybytes                             0         0.00 Client request body bytes total
ACCG.private.total.client_req_count                         27416         0.02 Total number of client requests processed
ACCG.private.total.client_req_hdrbytes                       5816967         3.51 Client request header bytes total
ACCG.private.total.client_req_bodybytes                             0         0.00 Client request body bytes total
ACCG.private.sub.client_req_count                             0         0.00 Total number of client requests processed
ACCG.private.sub.client_req_hdrbytes                             0         0.00 Client request header bytes total
ACCG.private.sub.client_req_bodybytes                             0         0.00 Client request body bytes total
ACCG.other.total.client_req_count                             0         0.00 Total number of client requests processed
ACCG.other.total.client_req_hdrbytes                             0         0.00 Client request header bytes total
ACCG.other.total.client_req_bodybytes                             0         0.00 Client request body bytes total
ACCG.other.sub.client_req_count                             0         0.00 Total number of client requests processed
ACCG.other.sub.client_req_hdrbytes                             0         0.00 Client request header bytes total
ACCG.other.sub.client_req_bodybytes                             0         0.00 Client request body bytes total
ACCG.private.oci.client_req_count                         27416         0.02 Total number of client requests processed
ACCG.private.oci.client_req_hdrbytes                       5816967         3.51 Client request header bytes total
ACCG.private.oci.client_req_bodybytes                             0         0.00 Client request body bytes total
--- 15:34:12 ---
MAIN.client_req_400                             0         0.00 Client requests received, subject to 400 errors
MAIN.client_req_417                             0         0.00 Client requests received, subject to 417 errors
MAIN.client_req                         27416         0.02 Good client requests received
MAIN.cache_hit                         20448         0.01 Cache hits
MAIN.cache_hit_grace                             0         0.00 Cache grace hits
MAIN.cache_hitpass                             0         0.00 Cache hits for pass.
MAIN.cache_hitmiss                           394         0.00 Cache hits for miss.
MAIN.cache_miss                          6968         0.00 Cache misses
MAIN.threads_limited                             0         0.00 Threads hit max
MAIN.thread_queue_len                             0          .   Length of session queue
MAIN.busy_sleep                           703         0.00 Number of requests sent to sleep on busy objhdr
MAIN.sess_queued                           869         0.00 Sessions queued for thread
MAIN.sess_dropped                             0         0.00 Sessions dropped for thread
MAIN.n_object                          6042          .   object structs made
MAIN.n_object_hitmiss                          5976          .   object structs made that are hit-for-miss
MAIN.n_object_hitpass                             0          .   object structs made that are hit-for-pass
MAIN.n_objectcore                          6176          .   objectcore structs made
MAIN.n_objecthead                          1153          .   objecthead structs made
MAIN.goto_dns_cache_hits                             0         0.00 Cache hits within vmod_goto's DNS
SLICER.slice_cache_hit                             0         0.00 Count of slicer subrequest cache hits
SLICER.slice_cache_miss                             0         0.00 Count of slicer subrequest cache misses
SLICER.meta_cache_hit                             0         0.00 Count of cache hits for slicer top-level requests
SLICER.meta_cache_miss                             0         0.00 Count of cache misses for slicer top-level requests
MSE4_MEM.c_memcache_hit                             0         0.00 Stored objects memory cache hits
MSE4_MEM.c_memcache_miss                             0         0.00 Stored objects memory cache misses
ACCG.std.total.client_req_count                         27416         0.02 Total number of client requests processed
ACCG.std.total.client_req_hdrbytes                       5816967         3.51 Client request header bytes total
ACCG.std.total.client_req_bodybytes                             0         0.00 Client request body bytes total
ACCG.std.sub.client_req_count                             0         0.00 Total number of client requests processed
ACCG.std.sub.client_req_hdrbytes                             0         0.00 Client request header bytes total
ACCG.std.sub.client_req_bodybytes                             0         0.00 Client request body bytes total
ACCG.private.total.client_req_count                         27416         0.02 Total number of client requests processed
ACCG.private.total.client_req_hdrbytes                       5816967         3.51 Client request header bytes total
ACCG.private.total.client_req_bodybytes                             0         0.00 Client request body bytes total
ACCG.private.sub.client_req_count                             0         0.00 Total number of client requests processed
ACCG.private.sub.client_req_hdrbytes                             0         0.00 Client request header bytes total
ACCG.private.sub.client_req_bodybytes                             0         0.00 Client request body bytes total
ACCG.other.total.client_req_count                             0         0.00 Total number of client requests processed
ACCG.other.total.client_req_hdrbytes                             0         0.00 Client request header bytes total
ACCG.other.total.client_req_bodybytes                             0         0.00 Client request body bytes total
ACCG.other.sub.client_req_count                             0         0.00 Total number of client requests processed
ACCG.other.sub.client_req_hdrbytes                             0         0.00 Client request header bytes total
ACCG.other.sub.client_req_bodybytes                             0         0.00 Client request body bytes total
ACCG.private.oci.client_req_count                         27416         0.02 Total number of client requests processed
ACCG.private.oci.client_req_hdrbytes                       5816967         3.51 Client request header bytes total
ACCG.private.oci.client_req_bodybytes                             0         0.00 Client request body bytes total
--- 15:34:13 ---
MAIN.client_req_400                             0         0.00 Client requests received, subject to 400 errors
MAIN.client_req_417                             0         0.00 Client requests received, subject to 417 errors
MAIN.client_req                         27416         0.02 Good client requests received
MAIN.cache_hit                         20448         0.01 Cache hits
MAIN.cache_hit_grace                             0         0.00 Cache grace hits
MAIN.cache_hitpass                             0         0.00 Cache hits for pass.
MAIN.cache_hitmiss                           394         0.00 Cache hits for miss.
MAIN.cache_miss                          6968         0.00 Cache misses
MAIN.threads_limited                             0         0.00 Threads hit max
MAIN.thread_queue_len                             0          .   Length of session queue
MAIN.busy_sleep                           703         0.00 Number of requests sent to sleep on busy objhdr
MAIN.sess_queued                           869         0.00 Sessions queued for thread
MAIN.sess_dropped                             0         0.00 Sessions dropped for thread
MAIN.n_object                          6042          .   object structs made
MAIN.n_object_hitmiss                          5976          .   object structs made that are hit-for-miss
MAIN.n_object_hitpass                             0          .   object structs made that are hit-for-pass
MAIN.n_objectcore                          6176          .   objectcore structs made
MAIN.n_objecthead                          1153          .   objecthead structs made
MAIN.goto_dns_cache_hits                             0         0.00 Cache hits within vmod_goto's DNS
SLICER.slice_cache_hit                             0         0.00 Count of slicer subrequest cache hits
SLICER.slice_cache_miss                             0         0.00 Count of slicer subrequest cache misses
SLICER.meta_cache_hit                             0         0.00 Count of cache hits for slicer top-level requests
SLICER.meta_cache_miss                             0         0.00 Count of cache misses for slicer top-level requests
MSE4_MEM.c_memcache_hit                             0         0.00 Stored objects memory cache hits
MSE4_MEM.c_memcache_miss                             0         0.00 Stored objects memory cache misses
ACCG.std.total.client_req_count                         27416         0.02 Total number of client requests processed
ACCG.std.total.client_req_hdrbytes                       5816967         3.51 Client request header bytes total
ACCG.std.total.client_req_bodybytes                             0         0.00 Client request body bytes total
ACCG.std.sub.client_req_count                             0         0.00 Total number of client requests processed
ACCG.std.sub.client_req_hdrbytes                             0         0.00 Client request header bytes total
ACCG.std.sub.client_req_bodybytes                             0         0.00 Client request body bytes total
ACCG.private.total.client_req_count                         27416         0.02 Total number of client requests processed
ACCG.private.total.client_req_hdrbytes                       5816967         3.51 Client request header bytes total
ACCG.private.total.client_req_bodybytes                             0         0.00 Client request body bytes total
ACCG.private.sub.client_req_count                             0         0.00 Total number of client requests processed
ACCG.private.sub.client_req_hdrbytes                             0         0.00 Client request header bytes total
ACCG.private.sub.client_req_bodybytes                             0         0.00 Client request body bytes total
ACCG.other.total.client_req_count                             0         0.00 Total number of client requests processed
ACCG.other.total.client_req_hdrbytes                             0         0.00 Client request header bytes total
ACCG.other.total.client_req_bodybytes                             0         0.00 Client request body bytes total
ACCG.other.sub.client_req_count                             0         0.00 Total number of client requests processed
ACCG.other.sub.client_req_hdrbytes                             0         0.00 Client request header bytes total
ACCG.other.sub.client_req_bodybytes                             0         0.00 Client request body bytes total
ACCG.private.oci.client_req_count                         27416         0.02 Total number of client requests processed
ACCG.private.oci.client_req_hdrbytes                       5816967         3.51 Client request header bytes total
ACCG.private.oci.client_req_bodybytes                             0         0.00 Client request body bytes total
--- 15:34:15 ---
MAIN.client_req_400                             0         0.00 Client requests received, subject to 400 errors
MAIN.client_req_417                             0         0.00 Client requests received, subject to 417 errors
MAIN.client_req                         27416         0.02 Good client requests received
MAIN.cache_hit                         20448         0.01 Cache hits
MAIN.cache_hit_grace                             0         0.00 Cache grace hits
MAIN.cache_hitpass                             0         0.00 Cache hits for pass.
MAIN.cache_hitmiss                           394         0.00 Cache hits for miss.
MAIN.cache_miss                          6968         0.00 Cache misses
MAIN.threads_limited                             0         0.00 Threads hit max
MAIN.thread_queue_len                             0          .   Length of session queue
MAIN.busy_sleep                           703         0.00 Number of requests sent to sleep on busy objhdr
MAIN.sess_queued                           869         0.00 Sessions queued for thread
MAIN.sess_dropped                             0         0.00 Sessions dropped for thread
MAIN.n_object                          6042          .   object structs made
MAIN.n_object_hitmiss                          5976          .   object structs made that are hit-for-miss
MAIN.n_object_hitpass                             0          .   object structs made that are hit-for-pass
MAIN.n_objectcore                          6176          .   objectcore structs made
MAIN.n_objecthead                          1153          .   objecthead structs made
MAIN.goto_dns_cache_hits                             0         0.00 Cache hits within vmod_goto's DNS
SLICER.slice_cache_hit                             0         0.00 Count of slicer subrequest cache hits
SLICER.slice_cache_miss                             0         0.00 Count of slicer subrequest cache misses
SLICER.meta_cache_hit                             0         0.00 Count of cache hits for slicer top-level requests
SLICER.meta_cache_miss                             0         0.00 Count of cache misses for slicer top-level requests
MSE4_MEM.c_memcache_hit                             0         0.00 Stored objects memory cache hits
MSE4_MEM.c_memcache_miss                             0         0.00 Stored objects memory cache misses
ACCG.std.total.client_req_count                         27416         0.02 Total number of client requests processed
ACCG.std.total.client_req_hdrbytes                       5816967         3.51 Client request header bytes total
ACCG.std.total.client_req_bodybytes                             0         0.00 Client request body bytes total
ACCG.std.sub.client_req_count                             0         0.00 Total number of client requests processed
ACCG.std.sub.client_req_hdrbytes                             0         0.00 Client request header bytes total
ACCG.std.sub.client_req_bodybytes                             0         0.00 Client request body bytes total
ACCG.private.total.client_req_count                         27416         0.02 Total number of client requests processed
ACCG.private.total.client_req_hdrbytes                       5816967         3.51 Client request header bytes total
ACCG.private.total.client_req_bodybytes                             0         0.00 Client request body bytes total
ACCG.private.sub.client_req_count                             0         0.00 Total number of client requests processed
ACCG.private.sub.client_req_hdrbytes                             0         0.00 Client request header bytes total
ACCG.private.sub.client_req_bodybytes                             0         0.00 Client request body bytes total
ACCG.other.total.client_req_count                             0         0.00 Total number of client requests processed
ACCG.other.total.client_req_hdrbytes                             0         0.00 Client request header bytes total
ACCG.other.total.client_req_bodybytes                             0         0.00 Client request body bytes total
ACCG.other.sub.client_req_count                             0         0.00 Total number of client requests processed
ACCG.other.sub.client_req_hdrbytes                             0         0.00 Client request header bytes total
ACCG.other.sub.client_req_bodybytes                             0         0.00 Client request body bytes total
ACCG.private.oci.client_req_count                         27416         0.02 Total number of client requests processed
ACCG.private.oci.client_req_hdrbytes                       5816967         3.51 Client request header bytes total
ACCG.private.oci.client_req_bodybytes                             0         0.00 Client request body bytes total
--- 15:34:16 ---
MAIN.client_req_400                             0         0.00 Client requests received, subject to 400 errors
MAIN.client_req_417                             0         0.00 Client requests received, subject to 417 errors
MAIN.client_req                         27416         0.02 Good client requests received
MAIN.cache_hit                         20448         0.01 Cache hits
MAIN.cache_hit_grace                             0         0.00 Cache grace hits
MAIN.cache_hitpass                             0         0.00 Cache hits for pass.
MAIN.cache_hitmiss                           394         0.00 Cache hits for miss.
MAIN.cache_miss                          6968         0.00 Cache misses
MAIN.threads_limited                             0         0.00 Threads hit max
MAIN.thread_queue_len                             0          .   Length of session queue
MAIN.busy_sleep                           703         0.00 Number of requests sent to sleep on busy objhdr
MAIN.sess_queued                           869         0.00 Sessions queued for thread
MAIN.sess_dropped                             0         0.00 Sessions dropped for thread
MAIN.n_object                          6042          .   object structs made
MAIN.n_object_hitmiss                          5976          .   object structs made that are hit-for-miss
MAIN.n_object_hitpass                             0          .   object structs made that are hit-for-pass
MAIN.n_objectcore                          6176          .   objectcore structs made
MAIN.n_objecthead                          1153          .   objecthead structs made
MAIN.goto_dns_cache_hits                             0         0.00 Cache hits within vmod_goto's DNS
SLICER.slice_cache_hit                             0         0.00 Count of slicer subrequest cache hits
SLICER.slice_cache_miss                             0         0.00 Count of slicer subrequest cache misses
SLICER.meta_cache_hit                             0         0.00 Count of cache hits for slicer top-level requests
SLICER.meta_cache_miss                             0         0.00 Count of cache misses for slicer top-level requests
MSE4_MEM.c_memcache_hit                             0         0.00 Stored objects memory cache hits
MSE4_MEM.c_memcache_miss                             0         0.00 Stored objects memory cache misses
ACCG.std.total.client_req_count                         27416         0.02 Total number of client requests processed
ACCG.std.total.client_req_hdrbytes                       5816967         3.51 Client request header bytes total
ACCG.std.total.client_req_bodybytes                             0         0.00 Client request body bytes total
ACCG.std.sub.client_req_count                             0         0.00 Total number of client requests processed
ACCG.std.sub.client_req_hdrbytes                             0         0.00 Client request header bytes total
ACCG.std.sub.client_req_bodybytes                             0         0.00 Client request body bytes total
ACCG.private.total.client_req_count                         27416         0.02 Total number of client requests processed
ACCG.private.total.client_req_hdrbytes                       5816967         3.51 Client request header bytes total
ACCG.private.total.client_req_bodybytes                             0         0.00 Client request body bytes total
ACCG.private.sub.client_req_count                             0         0.00 Total number of client requests processed
ACCG.private.sub.client_req_hdrbytes                             0         0.00 Client request header bytes total
ACCG.private.sub.client_req_bodybytes                             0         0.00 Client request body bytes total
ACCG.other.total.client_req_count                             0         0.00 Total number of client requests processed
ACCG.other.total.client_req_hdrbytes                             0         0.00 Client request header bytes total
ACCG.other.total.client_req_bodybytes                             0         0.00 Client request body bytes total
ACCG.other.sub.client_req_count                             0         0.00 Total number of client requests processed
ACCG.other.sub.client_req_hdrbytes                             0         0.00 Client request header bytes total
ACCG.other.sub.client_req_bodybytes                             0         0.00 Client request body bytes total
ACCG.private.oci.client_req_count                         27416         0.02 Total number of client requests processed
ACCG.private.oci.client_req_hdrbytes                       5816967         3.51 Client request header bytes total
ACCG.private.oci.client_req_bodybytes                             0         0.00 Client request body bytes total
--- 15:34:17 ---
MAIN.client_req_400                             0         0.00 Client requests received, subject to 400 errors
MAIN.client_req_417                             0         0.00 Client requests received, subject to 417 errors
MAIN.client_req                         27416         0.02 Good client requests received
MAIN.cache_hit                         20448         0.01 Cache hits
MAIN.cache_hit_grace                             0         0.00 Cache grace hits
MAIN.cache_hitpass                             0         0.00 Cache hits for pass.
MAIN.cache_hitmiss                           394         0.00 Cache hits for miss.
MAIN.cache_miss                          6968         0.00 Cache misses
MAIN.threads_limited                             0         0.00 Threads hit max
MAIN.thread_queue_len                             0          .   Length of session queue
MAIN.busy_sleep                           703         0.00 Number of requests sent to sleep on busy objhdr
MAIN.sess_queued                           869         0.00 Sessions queued for thread
MAIN.sess_dropped                             0         0.00 Sessions dropped for thread
MAIN.n_object                          6042          .   object structs made
MAIN.n_object_hitmiss                          5976          .   object structs made that are hit-for-miss
MAIN.n_object_hitpass                             0          .   object structs made that are hit-for-pass
MAIN.n_objectcore                          6176          .   objectcore structs made
MAIN.n_objecthead                          1153          .   objecthead structs made
MAIN.goto_dns_cache_hits                             0         0.00 Cache hits within vmod_goto's DNS
SLICER.slice_cache_hit                             0         0.00 Count of slicer subrequest cache hits
SLICER.slice_cache_miss                             0         0.00 Count of slicer subrequest cache misses
SLICER.meta_cache_hit                             0         0.00 Count of cache hits for slicer top-level requests
SLICER.meta_cache_miss                             0         0.00 Count of cache misses for slicer top-level requests
MSE4_MEM.c_memcache_hit                             0         0.00 Stored objects memory cache hits
MSE4_MEM.c_memcache_miss                             0         0.00 Stored objects memory cache misses
ACCG.std.total.client_req_count                         27416         0.02 Total number of client requests processed
ACCG.std.total.client_req_hdrbytes                       5816967         3.51 Client request header bytes total
ACCG.std.total.client_req_bodybytes                             0         0.00 Client request body bytes total
ACCG.std.sub.client_req_count                             0         0.00 Total number of client requests processed
ACCG.std.sub.client_req_hdrbytes                             0         0.00 Client request header bytes total
ACCG.std.sub.client_req_bodybytes                             0         0.00 Client request body bytes total
ACCG.private.total.client_req_count                         27416         0.02 Total number of client requests processed
ACCG.private.total.client_req_hdrbytes                       5816967         3.51 Client request header bytes total
ACCG.private.total.client_req_bodybytes                             0         0.00 Client request body bytes total
ACCG.private.sub.client_req_count                             0         0.00 Total number of client requests processed
ACCG.private.sub.client_req_hdrbytes                             0         0.00 Client request header bytes total
ACCG.private.sub.client_req_bodybytes                             0         0.00 Client request body bytes total
ACCG.other.total.client_req_count                             0         0.00 Total number of client requests processed
ACCG.other.total.client_req_hdrbytes                             0         0.00 Client request header bytes total
ACCG.other.total.client_req_bodybytes                             0         0.00 Client request body bytes total
ACCG.other.sub.client_req_count                             0         0.00 Total number of client requests processed
ACCG.other.sub.client_req_hdrbytes                             0         0.00 Client request header bytes total
ACCG.other.sub.client_req_bodybytes                             0         0.00 Client request body bytes total
ACCG.private.oci.client_req_count                         27416         0.02 Total number of client requests processed
ACCG.private.oci.client_req_hdrbytes                       5816967         3.51 Client request header bytes total
ACCG.private.oci.client_req_bodybytes                             0         0.00 Client request body bytes total
--- 15:34:18 ---
MAIN.client_req_400                             0         0.00 Client requests received, subject to 400 errors
MAIN.client_req_417                             0         0.00 Client requests received, subject to 417 errors
MAIN.client_req                         27416         0.02 Good client requests received
MAIN.cache_hit                         20448         0.01 Cache hits
MAIN.cache_hit_grace                             0         0.00 Cache grace hits
MAIN.cache_hitpass                             0         0.00 Cache hits for pass.
MAIN.cache_hitmiss                           394         0.00 Cache hits for miss.
MAIN.cache_miss                          6968         0.00 Cache misses
MAIN.threads_limited                             0         0.00 Threads hit max
MAIN.thread_queue_len                             0          .   Length of session queue
MAIN.busy_sleep                           703         0.00 Number of requests sent to sleep on busy objhdr
MAIN.sess_queued                           869         0.00 Sessions queued for thread
MAIN.sess_dropped                             0         0.00 Sessions dropped for thread
MAIN.n_object                          6042          .   object structs made
MAIN.n_object_hitmiss                          5976          .   object structs made that are hit-for-miss
MAIN.n_object_hitpass                             0          .   object structs made that are hit-for-pass
MAIN.n_objectcore                          6176          .   objectcore structs made
MAIN.n_objecthead                          1153          .   objecthead structs made
MAIN.goto_dns_cache_hits                             0         0.00 Cache hits within vmod_goto's DNS
SLICER.slice_cache_hit                             0         0.00 Count of slicer subrequest cache hits
SLICER.slice_cache_miss                             0         0.00 Count of slicer subrequest cache misses
SLICER.meta_cache_hit                             0         0.00 Count of cache hits for slicer top-level requests
SLICER.meta_cache_miss                             0         0.00 Count of cache misses for slicer top-level requests
MSE4_MEM.c_memcache_hit                             0         0.00 Stored objects memory cache hits
MSE4_MEM.c_memcache_miss                             0         0.00 Stored objects memory cache misses
ACCG.std.total.client_req_count                         27416         0.02 Total number of client requests processed
ACCG.std.total.client_req_hdrbytes                       5816967         3.51 Client request header bytes total
ACCG.std.total.client_req_bodybytes                             0         0.00 Client request body bytes total
ACCG.std.sub.client_req_count                             0         0.00 Total number of client requests processed
ACCG.std.sub.client_req_hdrbytes                             0         0.00 Client request header bytes total
ACCG.std.sub.client_req_bodybytes                             0         0.00 Client request body bytes total
ACCG.private.total.client_req_count                         27416         0.02 Total number of client requests processed
ACCG.private.total.client_req_hdrbytes                       5816967         3.51 Client request header bytes total
ACCG.private.total.client_req_bodybytes                             0         0.00 Client request body bytes total
ACCG.private.sub.client_req_count                             0         0.00 Total number of client requests processed
ACCG.private.sub.client_req_hdrbytes                             0         0.00 Client request header bytes total
ACCG.private.sub.client_req_bodybytes                             0         0.00 Client request body bytes total
ACCG.other.total.client_req_count                             0         0.00 Total number of client requests processed
ACCG.other.total.client_req_hdrbytes                             0         0.00 Client request header bytes total
ACCG.other.total.client_req_bodybytes                             0         0.00 Client request body bytes total
ACCG.other.sub.client_req_count                             0         0.00 Total number of client requests processed
ACCG.other.sub.client_req_hdrbytes                             0         0.00 Client request header bytes total
ACCG.other.sub.client_req_bodybytes                             0         0.00 Client request body bytes total
ACCG.private.oci.client_req_count                         27416         0.02 Total number of client requests processed
ACCG.private.oci.client_req_hdrbytes                       5816967         3.51 Client request header bytes total
ACCG.private.oci.client_req_bodybytes                             0         0.00 Client request body bytes total
--- 15:34:19 ---
MAIN.client_req_400                             0         0.00 Client requests received, subject to 400 errors
MAIN.client_req_417                             0         0.00 Client requests received, subject to 417 errors
MAIN.client_req                         27416         0.02 Good client requests received
MAIN.cache_hit                         20448         0.01 Cache hits
MAIN.cache_hit_grace                             0         0.00 Cache grace hits
MAIN.cache_hitpass                             0         0.00 Cache hits for pass.
MAIN.cache_hitmiss                           394         0.00 Cache hits for miss.
MAIN.cache_miss                          6968         0.00 Cache misses
MAIN.threads_limited                             0         0.00 Threads hit max
MAIN.thread_queue_len                             0          .   Length of session queue
MAIN.busy_sleep                           703         0.00 Number of requests sent to sleep on busy objhdr
MAIN.sess_queued                           869         0.00 Sessions queued for thread
MAIN.sess_dropped                             0         0.00 Sessions dropped for thread
MAIN.n_object                          6042          .   object structs made
MAIN.n_object_hitmiss                          5976          .   object structs made that are hit-for-miss
MAIN.n_object_hitpass                             0          .   object structs made that are hit-for-pass
MAIN.n_objectcore                          6176          .   objectcore structs made
MAIN.n_objecthead                          1153          .   objecthead structs made
MAIN.goto_dns_cache_hits                             0         0.00 Cache hits within vmod_goto's DNS
SLICER.slice_cache_hit                             0         0.00 Count of slicer subrequest cache hits
SLICER.slice_cache_miss                             0         0.00 Count of slicer subrequest cache misses
SLICER.meta_cache_hit                             0         0.00 Count of cache hits for slicer top-level requests
SLICER.meta_cache_miss                             0         0.00 Count of cache misses for slicer top-level requests
MSE4_MEM.c_memcache_hit                             0         0.00 Stored objects memory cache hits
MSE4_MEM.c_memcache_miss                             0         0.00 Stored objects memory cache misses
ACCG.std.total.client_req_count                         27416         0.02 Total number of client requests processed
ACCG.std.total.client_req_hdrbytes                       5816967         3.51 Client request header bytes total
ACCG.std.total.client_req_bodybytes                             0         0.00 Client request body bytes total
ACCG.std.sub.client_req_count                             0         0.00 Total number of client requests processed
ACCG.std.sub.client_req_hdrbytes                             0         0.00 Client request header bytes total
ACCG.std.sub.client_req_bodybytes                             0         0.00 Client request body bytes total
ACCG.private.total.client_req_count                         27416         0.02 Total number of client requests processed
ACCG.private.total.client_req_hdrbytes                       5816967         3.51 Client request header bytes total
ACCG.private.total.client_req_bodybytes                             0         0.00 Client request body bytes total
ACCG.private.sub.client_req_count                             0         0.00 Total number of client requests processed
ACCG.private.sub.client_req_hdrbytes                             0         0.00 Client request header bytes total
ACCG.private.sub.client_req_bodybytes                             0         0.00 Client request body bytes total
ACCG.other.total.client_req_count                             0         0.00 Total number of client requests processed
ACCG.other.total.client_req_hdrbytes                             0         0.00 Client request header bytes total
ACCG.other.total.client_req_bodybytes                             0         0.00 Client request body bytes total
ACCG.other.sub.client_req_count                             0         0.00 Total number of client requests processed
ACCG.other.sub.client_req_hdrbytes                             0         0.00 Client request header bytes total
ACCG.other.sub.client_req_bodybytes                             0         0.00 Client request body bytes total
ACCG.private.oci.client_req_count                         27416         0.02 Total number of client requests processed
ACCG.private.oci.client_req_hdrbytes                       5816967         3.51 Client request header bytes total
ACCG.private.oci.client_req_bodybytes                             0         0.00 Client request body bytes total
--- 15:34:20 ---
MAIN.client_req_400                             0         0.00 Client requests received, subject to 400 errors
MAIN.client_req_417                             0         0.00 Client requests received, subject to 417 errors
MAIN.client_req                         27416         0.02 Good client requests received
MAIN.cache_hit                         20448         0.01 Cache hits
MAIN.cache_hit_grace                             0         0.00 Cache grace hits
MAIN.cache_hitpass                             0         0.00 Cache hits for pass.
MAIN.cache_hitmiss                           394         0.00 Cache hits for miss.
MAIN.cache_miss                          6968         0.00 Cache misses
MAIN.threads_limited                             0         0.00 Threads hit max
MAIN.thread_queue_len                             0          .   Length of session queue
MAIN.busy_sleep                           703         0.00 Number of requests sent to sleep on busy objhdr
MAIN.sess_queued                           869         0.00 Sessions queued for thread
MAIN.sess_dropped                             0         0.00 Sessions dropped for thread
MAIN.n_object                          6042          .   object structs made
MAIN.n_object_hitmiss                          5976          .   object structs made that are hit-for-miss
MAIN.n_object_hitpass                             0          .   object structs made that are hit-for-pass
MAIN.n_objectcore                          6176          .   objectcore structs made
MAIN.n_objecthead                          1153          .   objecthead structs made
MAIN.goto_dns_cache_hits                             0         0.00 Cache hits within vmod_goto's DNS
SLICER.slice_cache_hit                             0         0.00 Count of slicer subrequest cache hits
SLICER.slice_cache_miss                             0         0.00 Count of slicer subrequest cache misses
SLICER.meta_cache_hit                             0         0.00 Count of cache hits for slicer top-level requests
SLICER.meta_cache_miss                             0         0.00 Count of cache misses for slicer top-level requests
MSE4_MEM.c_memcache_hit                             0         0.00 Stored objects memory cache hits
MSE4_MEM.c_memcache_miss                             0         0.00 Stored objects memory cache misses
ACCG.std.total.client_req_count                         27416         0.02 Total number of client requests processed
ACCG.std.total.client_req_hdrbytes                       5816967         3.51 Client request header bytes total
ACCG.std.total.client_req_bodybytes                             0         0.00 Client request body bytes total
ACCG.std.sub.client_req_count                             0         0.00 Total number of client requests processed
ACCG.std.sub.client_req_hdrbytes                             0         0.00 Client request header bytes total
ACCG.std.sub.client_req_bodybytes                             0         0.00 Client request body bytes total
ACCG.private.total.client_req_count                         27416         0.02 Total number of client requests processed
ACCG.private.total.client_req_hdrbytes                       5816967         3.51 Client request header bytes total
ACCG.private.total.client_req_bodybytes                             0         0.00 Client request body bytes total
ACCG.private.sub.client_req_count                             0         0.00 Total number of client requests processed
ACCG.private.sub.client_req_hdrbytes                             0         0.00 Client request header bytes total
ACCG.private.sub.client_req_bodybytes                             0         0.00 Client request body bytes total
ACCG.other.total.client_req_count                             0         0.00 Total number of client requests processed
ACCG.other.total.client_req_hdrbytes                             0         0.00 Client request header bytes total
ACCG.other.total.client_req_bodybytes                             0         0.00 Client request body bytes total
ACCG.other.sub.client_req_count                             0         0.00 Total number of client requests processed
ACCG.other.sub.client_req_hdrbytes                             0         0.00 Client request header bytes total
ACCG.other.sub.client_req_bodybytes                             0         0.00 Client request body bytes total
ACCG.private.oci.client_req_count                         27416         0.02 Total number of client requests processed
ACCG.private.oci.client_req_hdrbytes                       5816967         3.51 Client request header bytes total
ACCG.private.oci.client_req_bodybytes                             0         0.00 Client request body bytes total
--- 15:34:21 ---
MAIN.client_req_400                             0         0.00 Client requests received, subject to 400 errors
MAIN.client_req_417                             0         0.00 Client requests received, subject to 417 errors
MAIN.client_req                         27416         0.02 Good client requests received
MAIN.cache_hit                         20448         0.01 Cache hits
MAIN.cache_hit_grace                             0         0.00 Cache grace hits
MAIN.cache_hitpass                             0         0.00 Cache hits for pass.
MAIN.cache_hitmiss                           394         0.00 Cache hits for miss.
MAIN.cache_miss                          6968         0.00 Cache misses
MAIN.threads_limited                             0         0.00 Threads hit max
MAIN.thread_queue_len                             0          .   Length of session queue
MAIN.busy_sleep                           703         0.00 Number of requests sent to sleep on busy objhdr
MAIN.sess_queued                           869         0.00 Sessions queued for thread
MAIN.sess_dropped                             0         0.00 Sessions dropped for thread
MAIN.n_object                          6042          .   object structs made
MAIN.n_object_hitmiss                          5976          .   object structs made that are hit-for-miss
MAIN.n_object_hitpass                             0          .   object structs made that are hit-for-pass
MAIN.n_objectcore                          6176          .   objectcore structs made
MAIN.n_objecthead                          1153          .   objecthead structs made
MAIN.goto_dns_cache_hits                             0         0.00 Cache hits within vmod_goto's DNS
SLICER.slice_cache_hit                             0         0.00 Count of slicer subrequest cache hits
SLICER.slice_cache_miss                             0         0.00 Count of slicer subrequest cache misses
SLICER.meta_cache_hit                             0         0.00 Count of cache hits for slicer top-level requests
SLICER.meta_cache_miss                             0         0.00 Count of cache misses for slicer top-level requests
MSE4_MEM.c_memcache_hit                             0         0.00 Stored objects memory cache hits
MSE4_MEM.c_memcache_miss                             0         0.00 Stored objects memory cache misses
ACCG.std.total.client_req_count                         27416         0.02 Total number of client requests processed
ACCG.std.total.client_req_hdrbytes                       5816967         3.51 Client request header bytes total
ACCG.std.total.client_req_bodybytes                             0         0.00 Client request body bytes total
ACCG.std.sub.client_req_count                             0         0.00 Total number of client requests processed
ACCG.std.sub.client_req_hdrbytes                             0         0.00 Client request header bytes total
ACCG.std.sub.client_req_bodybytes                             0         0.00 Client request body bytes total
ACCG.private.total.client_req_count                         27416         0.02 Total number of client requests processed
ACCG.private.total.client_req_hdrbytes                       5816967         3.51 Client request header bytes total
ACCG.private.total.client_req_bodybytes                             0         0.00 Client request body bytes total
ACCG.private.sub.client_req_count                             0         0.00 Total number of client requests processed
ACCG.private.sub.client_req_hdrbytes                             0         0.00 Client request header bytes total
ACCG.private.sub.client_req_bodybytes                             0         0.00 Client request body bytes total
ACCG.other.total.client_req_count                             0         0.00 Total number of client requests processed
ACCG.other.total.client_req_hdrbytes                             0         0.00 Client request header bytes total
ACCG.other.total.client_req_bodybytes                             0         0.00 Client request body bytes total
ACCG.other.sub.client_req_count                             0         0.00 Total number of client requests processed
ACCG.other.sub.client_req_hdrbytes                             0         0.00 Client request header bytes total
ACCG.other.sub.client_req_bodybytes                             0         0.00 Client request body bytes total
ACCG.private.oci.client_req_count                         27416         0.02 Total number of client requests processed
ACCG.private.oci.client_req_hdrbytes                       5816967         3.51 Client request header bytes total
ACCG.private.oci.client_req_bodybytes                             0         0.00 Client request body bytes total
--- 15:34:22 ---
MAIN.client_req_400                             0         0.00 Client requests received, subject to 400 errors
MAIN.client_req_417                             0         0.00 Client requests received, subject to 417 errors
MAIN.client_req                         27416         0.02 Good client requests received
MAIN.cache_hit                         20448         0.01 Cache hits
MAIN.cache_hit_grace                             0         0.00 Cache grace hits
MAIN.cache_hitpass                             0         0.00 Cache hits for pass.
MAIN.cache_hitmiss                           394         0.00 Cache hits for miss.
MAIN.cache_miss                          6968         0.00 Cache misses
MAIN.threads_limited                             0         0.00 Threads hit max
MAIN.thread_queue_len                             0          .   Length of session queue
MAIN.busy_sleep                           703         0.00 Number of requests sent to sleep on busy objhdr
MAIN.sess_queued                           869         0.00 Sessions queued for thread
MAIN.sess_dropped                             0         0.00 Sessions dropped for thread
MAIN.n_object                          6042          .   object structs made
MAIN.n_object_hitmiss                          5976          .   object structs made that are hit-for-miss
MAIN.n_object_hitpass                             0          .   object structs made that are hit-for-pass
MAIN.n_objectcore                          6176          .   objectcore structs made
MAIN.n_objecthead                          1153          .   objecthead structs made
MAIN.goto_dns_cache_hits                             0         0.00 Cache hits within vmod_goto's DNS
SLICER.slice_cache_hit                             0         0.00 Count of slicer subrequest cache hits
SLICER.slice_cache_miss                             0         0.00 Count of slicer subrequest cache misses
SLICER.meta_cache_hit                             0         0.00 Count of cache hits for slicer top-level requests
SLICER.meta_cache_miss                             0         0.00 Count of cache misses for slicer top-level requests
MSE4_MEM.c_memcache_hit                             0         0.00 Stored objects memory cache hits
MSE4_MEM.c_memcache_miss                             0         0.00 Stored objects memory cache misses
ACCG.std.total.client_req_count                         27416         0.02 Total number of client requests processed
ACCG.std.total.client_req_hdrbytes                       5816967         3.51 Client request header bytes total
ACCG.std.total.client_req_bodybytes                             0         0.00 Client request body bytes total
ACCG.std.sub.client_req_count                             0         0.00 Total number of client requests processed
ACCG.std.sub.client_req_hdrbytes                             0         0.00 Client request header bytes total
ACCG.std.sub.client_req_bodybytes                             0         0.00 Client request body bytes total
ACCG.private.total.client_req_count                         27416         0.02 Total number of client requests processed
ACCG.private.total.client_req_hdrbytes                       5816967         3.51 Client request header bytes total
ACCG.private.total.client_req_bodybytes                             0         0.00 Client request body bytes total
ACCG.private.sub.client_req_count                             0         0.00 Total number of client requests processed
ACCG.private.sub.client_req_hdrbytes                             0         0.00 Client request header bytes total
ACCG.private.sub.client_req_bodybytes                             0         0.00 Client request body bytes total
ACCG.other.total.client_req_count                             0         0.00 Total number of client requests processed
ACCG.other.total.client_req_hdrbytes                             0         0.00 Client request header bytes total
ACCG.other.total.client_req_bodybytes                             0         0.00 Client request body bytes total
ACCG.other.sub.client_req_count                             0         0.00 Total number of client requests processed
ACCG.other.sub.client_req_hdrbytes                             0         0.00 Client request header bytes total
ACCG.other.sub.client_req_bodybytes                             0         0.00 Client request body bytes total
ACCG.private.oci.client_req_count                         27416         0.02 Total number of client requests processed
ACCG.private.oci.client_req_hdrbytes                       5816967         3.51 Client request header bytes total
ACCG.private.oci.client_req_bodybytes                             0         0.00 Client request body bytes total
--- 15:34:24 ---
MAIN.client_req_400                             0         0.00 Client requests received, subject to 400 errors
MAIN.client_req_417                             0         0.00 Client requests received, subject to 417 errors
MAIN.client_req                         27416         0.02 Good client requests received
MAIN.cache_hit                         20448         0.01 Cache hits
MAIN.cache_hit_grace                             0         0.00 Cache grace hits
MAIN.cache_hitpass                             0         0.00 Cache hits for pass.
MAIN.cache_hitmiss                           394         0.00 Cache hits for miss.
MAIN.cache_miss                          6968         0.00 Cache misses
MAIN.threads_limited                             0         0.00 Threads hit max
MAIN.thread_queue_len                             0          .   Length of session queue
MAIN.busy_sleep                           703         0.00 Number of requests sent to sleep on busy objhdr
MAIN.sess_queued                           869         0.00 Sessions queued for thread
MAIN.sess_dropped                             0         0.00 Sessions dropped for thread
MAIN.n_object                          6042          .   object structs made
MAIN.n_object_hitmiss                          5976          .   object structs made that are hit-for-miss
MAIN.n_object_hitpass                             0          .   object structs made that are hit-for-pass
MAIN.n_objectcore                          6176          .   objectcore structs made
MAIN.n_objecthead                          1153          .   objecthead structs made
MAIN.goto_dns_cache_hits                             0         0.00 Cache hits within vmod_goto's DNS
SLICER.slice_cache_hit                             0         0.00 Count of slicer subrequest cache hits
SLICER.slice_cache_miss                             0         0.00 Count of slicer subrequest cache misses
SLICER.meta_cache_hit                             0         0.00 Count of cache hits for slicer top-level requests
SLICER.meta_cache_miss                             0         0.00 Count of cache misses for slicer top-level requests
MSE4_MEM.c_memcache_hit                             0         0.00 Stored objects memory cache hits
MSE4_MEM.c_memcache_miss                             0         0.00 Stored objects memory cache misses
ACCG.std.total.client_req_count                         27416         0.02 Total number of client requests processed
ACCG.std.total.client_req_hdrbytes                       5816967         3.51 Client request header bytes total
ACCG.std.total.client_req_bodybytes                             0         0.00 Client request body bytes total
ACCG.std.sub.client_req_count                             0         0.00 Total number of client requests processed
ACCG.std.sub.client_req_hdrbytes                             0         0.00 Client request header bytes total
ACCG.std.sub.client_req_bodybytes                             0         0.00 Client request body bytes total
ACCG.private.total.client_req_count                         27416         0.02 Total number of client requests processed
ACCG.private.total.client_req_hdrbytes                       5816967         3.51 Client request header bytes total
ACCG.private.total.client_req_bodybytes                             0         0.00 Client request body bytes total
ACCG.private.sub.client_req_count                             0         0.00 Total number of client requests processed
ACCG.private.sub.client_req_hdrbytes                             0         0.00 Client request header bytes total
ACCG.private.sub.client_req_bodybytes                             0         0.00 Client request body bytes total
ACCG.other.total.client_req_count                             0         0.00 Total number of client requests processed
ACCG.other.total.client_req_hdrbytes                             0         0.00 Client request header bytes total
ACCG.other.total.client_req_bodybytes                             0         0.00 Client request body bytes total
ACCG.other.sub.client_req_count                             0         0.00 Total number of client requests processed
ACCG.other.sub.client_req_hdrbytes                             0         0.00 Client request header bytes total
ACCG.other.sub.client_req_bodybytes                             0         0.00 Client request body bytes total
ACCG.private.oci.client_req_count                         27416         0.02 Total number of client requests processed
ACCG.private.oci.client_req_hdrbytes                       5816967         3.51 Client request header bytes total
ACCG.private.oci.client_req_bodybytes                             0         0.00 Client request body bytes total
--- 15:34:25 ---
MAIN.client_req_400                             0         0.00 Client requests received, subject to 400 errors
MAIN.client_req_417                             0         0.00 Client requests received, subject to 417 errors
MAIN.client_req                         27416         0.02 Good client requests received
MAIN.cache_hit                         20448         0.01 Cache hits
MAIN.cache_hit_grace                             0         0.00 Cache grace hits
MAIN.cache_hitpass                             0         0.00 Cache hits for pass.
MAIN.cache_hitmiss                           394         0.00 Cache hits for miss.
MAIN.cache_miss                          6968         0.00 Cache misses
MAIN.threads_limited                             0         0.00 Threads hit max
MAIN.thread_queue_len                             0          .   Length of session queue
MAIN.busy_sleep                           703         0.00 Number of requests sent to sleep on busy objhdr
MAIN.sess_queued                           869         0.00 Sessions queued for thread
MAIN.sess_dropped                             0         0.00 Sessions dropped for thread
MAIN.n_object                          6042          .   object structs made
MAIN.n_object_hitmiss                          5976          .   object structs made that are hit-for-miss
MAIN.n_object_hitpass                             0          .   object structs made that are hit-for-pass
MAIN.n_objectcore                          6176          .   objectcore structs made
MAIN.n_objecthead                          1153          .   objecthead structs made
MAIN.goto_dns_cache_hits                             0         0.00 Cache hits within vmod_goto's DNS
SLICER.slice_cache_hit                             0         0.00 Count of slicer subrequest cache hits
SLICER.slice_cache_miss                             0         0.00 Count of slicer subrequest cache misses
SLICER.meta_cache_hit                             0         0.00 Count of cache hits for slicer top-level requests
SLICER.meta_cache_miss                             0         0.00 Count of cache misses for slicer top-level requests
MSE4_MEM.c_memcache_hit                             0         0.00 Stored objects memory cache hits
MSE4_MEM.c_memcache_miss                             0         0.00 Stored objects memory cache misses
ACCG.std.total.client_req_count                         27416         0.02 Total number of client requests processed
ACCG.std.total.client_req_hdrbytes                       5816967         3.51 Client request header bytes total
ACCG.std.total.client_req_bodybytes                             0         0.00 Client request body bytes total
ACCG.std.sub.client_req_count                             0         0.00 Total number of client requests processed
ACCG.std.sub.client_req_hdrbytes                             0         0.00 Client request header bytes total
ACCG.std.sub.client_req_bodybytes                             0         0.00 Client request body bytes total
ACCG.private.total.client_req_count                         27416         0.02 Total number of client requests processed
ACCG.private.total.client_req_hdrbytes                       5816967         3.51 Client request header bytes total
ACCG.private.total.client_req_bodybytes                             0         0.00 Client request body bytes total
ACCG.private.sub.client_req_count                             0         0.00 Total number of client requests processed
ACCG.private.sub.client_req_hdrbytes                             0         0.00 Client request header bytes total
ACCG.private.sub.client_req_bodybytes                             0         0.00 Client request body bytes total
ACCG.other.total.client_req_count                             0         0.00 Total number of client requests processed
ACCG.other.total.client_req_hdrbytes                             0         0.00 Client request header bytes total
ACCG.other.total.client_req_bodybytes                             0         0.00 Client request body bytes total
ACCG.other.sub.client_req_count                             0         0.00 Total number of client requests processed
ACCG.other.sub.client_req_hdrbytes                             0         0.00 Client request header bytes total
ACCG.other.sub.client_req_bodybytes                             0         0.00 Client request body bytes total
ACCG.private.oci.client_req_count                         27416         0.02 Total number of client requests processed
ACCG.private.oci.client_req_hdrbytes                       5816967         3.51 Client request header bytes total
ACCG.private.oci.client_req_bodybytes                             0         0.00 Client request body bytes total
--- 15:34:26 ---
MAIN.client_req_400                             0         0.00 Client requests received, subject to 400 errors
MAIN.client_req_417                             0         0.00 Client requests received, subject to 417 errors
MAIN.client_req                         27416         0.02 Good client requests received
MAIN.cache_hit                         20448         0.01 Cache hits
MAIN.cache_hit_grace                             0         0.00 Cache grace hits
MAIN.cache_hitpass                             0         0.00 Cache hits for pass.
MAIN.cache_hitmiss                           394         0.00 Cache hits for miss.
MAIN.cache_miss                          6968         0.00 Cache misses
MAIN.threads_limited                             0         0.00 Threads hit max
MAIN.thread_queue_len                             0          .   Length of session queue
MAIN.busy_sleep                           703         0.00 Number of requests sent to sleep on busy objhdr
MAIN.sess_queued                           869         0.00 Sessions queued for thread
MAIN.sess_dropped                             0         0.00 Sessions dropped for thread
MAIN.n_object                          6042          .   object structs made
MAIN.n_object_hitmiss                          5976          .   object structs made that are hit-for-miss
MAIN.n_object_hitpass                             0          .   object structs made that are hit-for-pass
MAIN.n_objectcore                          6176          .   objectcore structs made
MAIN.n_objecthead                          1153          .   objecthead structs made
MAIN.goto_dns_cache_hits                             0         0.00 Cache hits within vmod_goto's DNS
SLICER.slice_cache_hit                             0         0.00 Count of slicer subrequest cache hits
SLICER.slice_cache_miss                             0         0.00 Count of slicer subrequest cache misses
SLICER.meta_cache_hit                             0         0.00 Count of cache hits for slicer top-level requests
SLICER.meta_cache_miss                             0         0.00 Count of cache misses for slicer top-level requests
MSE4_MEM.c_memcache_hit                             0         0.00 Stored objects memory cache hits
MSE4_MEM.c_memcache_miss                             0         0.00 Stored objects memory cache misses
ACCG.std.total.client_req_count                         27416         0.02 Total number of client requests processed
ACCG.std.total.client_req_hdrbytes                       5816967         3.51 Client request header bytes total
ACCG.std.total.client_req_bodybytes                             0         0.00 Client request body bytes total
ACCG.std.sub.client_req_count                             0         0.00 Total number of client requests processed
ACCG.std.sub.client_req_hdrbytes                             0         0.00 Client request header bytes total
ACCG.std.sub.client_req_bodybytes                             0         0.00 Client request body bytes total
ACCG.private.total.client_req_count                         27416         0.02 Total number of client requests processed
ACCG.private.total.client_req_hdrbytes                       5816967         3.51 Client request header bytes total
ACCG.private.total.client_req_bodybytes                             0         0.00 Client request body bytes total
ACCG.private.sub.client_req_count                             0         0.00 Total number of client requests processed
ACCG.private.sub.client_req_hdrbytes                             0         0.00 Client request header bytes total
ACCG.private.sub.client_req_bodybytes                             0         0.00 Client request body bytes total
ACCG.other.total.client_req_count                             0         0.00 Total number of client requests processed
ACCG.other.total.client_req_hdrbytes                             0         0.00 Client request header bytes total
ACCG.other.total.client_req_bodybytes                             0         0.00 Client request body bytes total
ACCG.other.sub.client_req_count                             0         0.00 Total number of client requests processed
ACCG.other.sub.client_req_hdrbytes                             0         0.00 Client request header bytes total
ACCG.other.sub.client_req_bodybytes                             0         0.00 Client request body bytes total
ACCG.private.oci.client_req_count                         27416         0.02 Total number of client requests processed
ACCG.private.oci.client_req_hdrbytes                       5816967         3.51 Client request header bytes total
ACCG.private.oci.client_req_bodybytes                             0         0.00 Client request body bytes total
--- 15:34:27 ---
MAIN.client_req_400                             0         0.00 Client requests received, subject to 400 errors
MAIN.client_req_417                             0         0.00 Client requests received, subject to 417 errors
MAIN.client_req                         27416         0.02 Good client requests received
MAIN.cache_hit                         20448         0.01 Cache hits
MAIN.cache_hit_grace                             0         0.00 Cache grace hits
MAIN.cache_hitpass                             0         0.00 Cache hits for pass.
MAIN.cache_hitmiss                           394         0.00 Cache hits for miss.
MAIN.cache_miss                          6968         0.00 Cache misses
MAIN.threads_limited                             0         0.00 Threads hit max
MAIN.thread_queue_len                             0          .   Length of session queue
MAIN.busy_sleep                           703         0.00 Number of requests sent to sleep on busy objhdr
MAIN.sess_queued                           869         0.00 Sessions queued for thread
MAIN.sess_dropped                             0         0.00 Sessions dropped for thread
MAIN.n_object                          6042          .   object structs made
MAIN.n_object_hitmiss                          5976          .   object structs made that are hit-for-miss
MAIN.n_object_hitpass                             0          .   object structs made that are hit-for-pass
MAIN.n_objectcore                          6176          .   objectcore structs made
MAIN.n_objecthead                          1153          .   objecthead structs made
MAIN.goto_dns_cache_hits                             0         0.00 Cache hits within vmod_goto's DNS
SLICER.slice_cache_hit                             0         0.00 Count of slicer subrequest cache hits
SLICER.slice_cache_miss                             0         0.00 Count of slicer subrequest cache misses
SLICER.meta_cache_hit                             0         0.00 Count of cache hits for slicer top-level requests
SLICER.meta_cache_miss                             0         0.00 Count of cache misses for slicer top-level requests
MSE4_MEM.c_memcache_hit                             0         0.00 Stored objects memory cache hits
MSE4_MEM.c_memcache_miss                             0         0.00 Stored objects memory cache misses
ACCG.std.total.client_req_count                         27416         0.02 Total number of client requests processed
ACCG.std.total.client_req_hdrbytes                       5816967         3.51 Client request header bytes total
ACCG.std.total.client_req_bodybytes                             0         0.00 Client request body bytes total
ACCG.std.sub.client_req_count                             0         0.00 Total number of client requests processed
ACCG.std.sub.client_req_hdrbytes                             0         0.00 Client request header bytes total
ACCG.std.sub.client_req_bodybytes                             0         0.00 Client request body bytes total
ACCG.private.total.client_req_count                         27416         0.02 Total number of client requests processed
ACCG.private.total.client_req_hdrbytes                       5816967         3.51 Client request header bytes total
ACCG.private.total.client_req_bodybytes                             0         0.00 Client request body bytes total
ACCG.private.sub.client_req_count                             0         0.00 Total number of client requests processed
ACCG.private.sub.client_req_hdrbytes                             0         0.00 Client request header bytes total
ACCG.private.sub.client_req_bodybytes                             0         0.00 Client request body bytes total
ACCG.other.total.client_req_count                             0         0.00 Total number of client requests processed
ACCG.other.total.client_req_hdrbytes                             0         0.00 Client request header bytes total
ACCG.other.total.client_req_bodybytes                             0         0.00 Client request body bytes total
ACCG.other.sub.client_req_count                             0         0.00 Total number of client requests processed
ACCG.other.sub.client_req_hdrbytes                             0         0.00 Client request header bytes total
ACCG.other.sub.client_req_bodybytes                             0         0.00 Client request body bytes total
ACCG.private.oci.client_req_count                         27416         0.02 Total number of client requests processed
ACCG.private.oci.client_req_hdrbytes                       5816967         3.51 Client request header bytes total
ACCG.private.oci.client_req_bodybytes                             0         0.00 Client request body bytes total
--- 15:34:28 ---
MAIN.client_req_400                             0         0.00 Client requests received, subject to 400 errors
MAIN.client_req_417                             0         0.00 Client requests received, subject to 417 errors
MAIN.client_req                         27416         0.02 Good client requests received
MAIN.cache_hit                         20448         0.01 Cache hits
MAIN.cache_hit_grace                             0         0.00 Cache grace hits
MAIN.cache_hitpass                             0         0.00 Cache hits for pass.
MAIN.cache_hitmiss                           394         0.00 Cache hits for miss.
MAIN.cache_miss                          6968         0.00 Cache misses
MAIN.threads_limited                             0         0.00 Threads hit max
MAIN.thread_queue_len                             0          .   Length of session queue
MAIN.busy_sleep                           703         0.00 Number of requests sent to sleep on busy objhdr
MAIN.sess_queued                           869         0.00 Sessions queued for thread
MAIN.sess_dropped                             0         0.00 Sessions dropped for thread
MAIN.n_object                          6042          .   object structs made
MAIN.n_object_hitmiss                          5976          .   object structs made that are hit-for-miss
MAIN.n_object_hitpass                             0          .   object structs made that are hit-for-pass
MAIN.n_objectcore                          6176          .   objectcore structs made
MAIN.n_objecthead                          1153          .   objecthead structs made
MAIN.goto_dns_cache_hits                             0         0.00 Cache hits within vmod_goto's DNS
SLICER.slice_cache_hit                             0         0.00 Count of slicer subrequest cache hits
SLICER.slice_cache_miss                             0         0.00 Count of slicer subrequest cache misses
SLICER.meta_cache_hit                             0         0.00 Count of cache hits for slicer top-level requests
SLICER.meta_cache_miss                             0         0.00 Count of cache misses for slicer top-level requests
MSE4_MEM.c_memcache_hit                             0         0.00 Stored objects memory cache hits
MSE4_MEM.c_memcache_miss                             0         0.00 Stored objects memory cache misses
ACCG.std.total.client_req_count                         27416         0.02 Total number of client requests processed
ACCG.std.total.client_req_hdrbytes                       5816967         3.51 Client request header bytes total
ACCG.std.total.client_req_bodybytes                             0         0.00 Client request body bytes total
ACCG.std.sub.client_req_count                             0         0.00 Total number of client requests processed
ACCG.std.sub.client_req_hdrbytes                             0         0.00 Client request header bytes total
ACCG.std.sub.client_req_bodybytes                             0         0.00 Client request body bytes total
ACCG.private.total.client_req_count                         27416         0.02 Total number of client requests processed
ACCG.private.total.client_req_hdrbytes                       5816967         3.51 Client request header bytes total
ACCG.private.total.client_req_bodybytes                             0         0.00 Client request body bytes total
ACCG.private.sub.client_req_count                             0         0.00 Total number of client requests processed
ACCG.private.sub.client_req_hdrbytes                             0         0.00 Client request header bytes total
ACCG.private.sub.client_req_bodybytes                             0         0.00 Client request body bytes total
ACCG.other.total.client_req_count                             0         0.00 Total number of client requests processed
ACCG.other.total.client_req_hdrbytes                             0         0.00 Client request header bytes total
ACCG.other.total.client_req_bodybytes                             0         0.00 Client request body bytes total
ACCG.other.sub.client_req_count                             0         0.00 Total number of client requests processed
ACCG.other.sub.client_req_hdrbytes                             0         0.00 Client request header bytes total
ACCG.other.sub.client_req_bodybytes                             0         0.00 Client request body bytes total
ACCG.private.oci.client_req_count                         27416         0.02 Total number of client requests processed
ACCG.private.oci.client_req_hdrbytes                       5816967         3.51 Client request header bytes total
ACCG.private.oci.client_req_bodybytes                             0         0.00 Client request body bytes total
--- 15:34:29 ---
MAIN.client_req_400                             0         0.00 Client requests received, subject to 400 errors
MAIN.client_req_417                             0         0.00 Client requests received, subject to 417 errors
MAIN.client_req                         27416         0.02 Good client requests received
MAIN.cache_hit                         20448         0.01 Cache hits
MAIN.cache_hit_grace                             0         0.00 Cache grace hits
MAIN.cache_hitpass                             0         0.00 Cache hits for pass.
MAIN.cache_hitmiss                           394         0.00 Cache hits for miss.
MAIN.cache_miss                          6968         0.00 Cache misses
MAIN.threads_limited                             0         0.00 Threads hit max
MAIN.thread_queue_len                             0          .   Length of session queue
MAIN.busy_sleep                           703         0.00 Number of requests sent to sleep on busy objhdr
MAIN.sess_queued                           869         0.00 Sessions queued for thread
MAIN.sess_dropped                             0         0.00 Sessions dropped for thread
MAIN.n_object                          6042          .   object structs made
MAIN.n_object_hitmiss                          5976          .   object structs made that are hit-for-miss
MAIN.n_object_hitpass                             0          .   object structs made that are hit-for-pass
MAIN.n_objectcore                          6176          .   objectcore structs made
MAIN.n_objecthead                          1153          .   objecthead structs made
MAIN.goto_dns_cache_hits                             0         0.00 Cache hits within vmod_goto's DNS
SLICER.slice_cache_hit                             0         0.00 Count of slicer subrequest cache hits
SLICER.slice_cache_miss                             0         0.00 Count of slicer subrequest cache misses
SLICER.meta_cache_hit                             0         0.00 Count of cache hits for slicer top-level requests
SLICER.meta_cache_miss                             0         0.00 Count of cache misses for slicer top-level requests
MSE4_MEM.c_memcache_hit                             0         0.00 Stored objects memory cache hits
MSE4_MEM.c_memcache_miss                             0         0.00 Stored objects memory cache misses
ACCG.std.total.client_req_count                         27416         0.02 Total number of client requests processed
ACCG.std.total.client_req_hdrbytes                       5816967         3.51 Client request header bytes total
ACCG.std.total.client_req_bodybytes                             0         0.00 Client request body bytes total
ACCG.std.sub.client_req_count                             0         0.00 Total number of client requests processed
ACCG.std.sub.client_req_hdrbytes                             0         0.00 Client request header bytes total
ACCG.std.sub.client_req_bodybytes                             0         0.00 Client request body bytes total
ACCG.private.total.client_req_count                         27416         0.02 Total number of client requests processed
ACCG.private.total.client_req_hdrbytes                       5816967         3.51 Client request header bytes total
ACCG.private.total.client_req_bodybytes                             0         0.00 Client request body bytes total
ACCG.private.sub.client_req_count                             0         0.00 Total number of client requests processed
ACCG.private.sub.client_req_hdrbytes                             0         0.00 Client request header bytes total
ACCG.private.sub.client_req_bodybytes                             0         0.00 Client request body bytes total
ACCG.other.total.client_req_count                             0         0.00 Total number of client requests processed
ACCG.other.total.client_req_hdrbytes                             0         0.00 Client request header bytes total
ACCG.other.total.client_req_bodybytes                             0         0.00 Client request body bytes total
ACCG.other.sub.client_req_count                             0         0.00 Total number of client requests processed
ACCG.other.sub.client_req_hdrbytes                             0         0.00 Client request header bytes total
ACCG.other.sub.client_req_bodybytes                             0         0.00 Client request body bytes total
ACCG.private.oci.client_req_count                         27416         0.02 Total number of client requests processed
ACCG.private.oci.client_req_hdrbytes                       5816967         3.51 Client request header bytes total
ACCG.private.oci.client_req_bodybytes                             0         0.00 Client request body bytes total
--- 15:34:30 ---
MAIN.client_req_400                             0         0.00 Client requests received, subject to 400 errors
MAIN.client_req_417                             0         0.00 Client requests received, subject to 417 errors
MAIN.client_req                         27416         0.02 Good client requests received
MAIN.cache_hit                         20448         0.01 Cache hits
MAIN.cache_hit_grace                             0         0.00 Cache grace hits
MAIN.cache_hitpass                             0         0.00 Cache hits for pass.
MAIN.cache_hitmiss                           394         0.00 Cache hits for miss.
MAIN.cache_miss                          6968         0.00 Cache misses
MAIN.threads_limited                             0         0.00 Threads hit max
MAIN.thread_queue_len                             0          .   Length of session queue
MAIN.busy_sleep                           703         0.00 Number of requests sent to sleep on busy objhdr
MAIN.sess_queued                           869         0.00 Sessions queued for thread
MAIN.sess_dropped                             0         0.00 Sessions dropped for thread
MAIN.n_object                          6042          .   object structs made
MAIN.n_object_hitmiss                          5976          .   object structs made that are hit-for-miss
MAIN.n_object_hitpass                             0          .   object structs made that are hit-for-pass
MAIN.n_objectcore                          6176          .   objectcore structs made
MAIN.n_objecthead                          1153          .   objecthead structs made
MAIN.goto_dns_cache_hits                             0         0.00 Cache hits within vmod_goto's DNS
SLICER.slice_cache_hit                             0         0.00 Count of slicer subrequest cache hits
SLICER.slice_cache_miss                             0         0.00 Count of slicer subrequest cache misses
SLICER.meta_cache_hit                             0         0.00 Count of cache hits for slicer top-level requests
SLICER.meta_cache_miss                             0         0.00 Count of cache misses for slicer top-level requests
MSE4_MEM.c_memcache_hit                             0         0.00 Stored objects memory cache hits
MSE4_MEM.c_memcache_miss                             0         0.00 Stored objects memory cache misses
ACCG.std.total.client_req_count                         27416         0.02 Total number of client requests processed
ACCG.std.total.client_req_hdrbytes                       5816967         3.51 Client request header bytes total
ACCG.std.total.client_req_bodybytes                             0         0.00 Client request body bytes total
ACCG.std.sub.client_req_count                             0         0.00 Total number of client requests processed
ACCG.std.sub.client_req_hdrbytes                             0         0.00 Client request header bytes total
ACCG.std.sub.client_req_bodybytes                             0         0.00 Client request body bytes total
ACCG.private.total.client_req_count                         27416         0.02 Total number of client requests processed
ACCG.private.total.client_req_hdrbytes                       5816967         3.51 Client request header bytes total
ACCG.private.total.client_req_bodybytes                             0         0.00 Client request body bytes total
ACCG.private.sub.client_req_count                             0         0.00 Total number of client requests processed
ACCG.private.sub.client_req_hdrbytes                             0         0.00 Client request header bytes total
ACCG.private.sub.client_req_bodybytes                             0         0.00 Client request body bytes total
ACCG.other.total.client_req_count                             0         0.00 Total number of client requests processed
ACCG.other.total.client_req_hdrbytes                             0         0.00 Client request header bytes total
ACCG.other.total.client_req_bodybytes                             0         0.00 Client request body bytes total
ACCG.other.sub.client_req_count                             0         0.00 Total number of client requests processed
ACCG.other.sub.client_req_hdrbytes                             0         0.00 Client request header bytes total
ACCG.other.sub.client_req_bodybytes                             0         0.00 Client request body bytes total
ACCG.private.oci.client_req_count                         27416         0.02 Total number of client requests processed
ACCG.private.oci.client_req_hdrbytes                       5816967         3.51 Client request header bytes total
ACCG.private.oci.client_req_bodybytes                             0         0.00 Client request body bytes total
--- 15:34:31 ---
MAIN.client_req_400                             0         0.00 Client requests received, subject to 400 errors
MAIN.client_req_417                             0         0.00 Client requests received, subject to 417 errors
MAIN.client_req                         27416         0.02 Good client requests received
MAIN.cache_hit                         20448         0.01 Cache hits
MAIN.cache_hit_grace                             0         0.00 Cache grace hits
MAIN.cache_hitpass                             0         0.00 Cache hits for pass.
MAIN.cache_hitmiss                           394         0.00 Cache hits for miss.
MAIN.cache_miss                          6968         0.00 Cache misses
MAIN.threads_limited                             0         0.00 Threads hit max
MAIN.thread_queue_len                             0          .   Length of session queue
MAIN.busy_sleep                           703         0.00 Number of requests sent to sleep on busy objhdr
MAIN.sess_queued                           869         0.00 Sessions queued for thread
MAIN.sess_dropped                             0         0.00 Sessions dropped for thread
MAIN.n_object                          6042          .   object structs made
MAIN.n_object_hitmiss                          5976          .   object structs made that are hit-for-miss
MAIN.n_object_hitpass                             0          .   object structs made that are hit-for-pass
MAIN.n_objectcore                          6176          .   objectcore structs made
MAIN.n_objecthead                          1153          .   objecthead structs made
MAIN.goto_dns_cache_hits                             0         0.00 Cache hits within vmod_goto's DNS
SLICER.slice_cache_hit                             0         0.00 Count of slicer subrequest cache hits
SLICER.slice_cache_miss                             0         0.00 Count of slicer subrequest cache misses
SLICER.meta_cache_hit                             0         0.00 Count of cache hits for slicer top-level requests
SLICER.meta_cache_miss                             0         0.00 Count of cache misses for slicer top-level requests
MSE4_MEM.c_memcache_hit                             0         0.00 Stored objects memory cache hits
MSE4_MEM.c_memcache_miss                             0         0.00 Stored objects memory cache misses
ACCG.std.total.client_req_count                         27416         0.02 Total number of client requests processed
ACCG.std.total.client_req_hdrbytes                       5816967         3.51 Client request header bytes total
ACCG.std.total.client_req_bodybytes                             0         0.00 Client request body bytes total
ACCG.std.sub.client_req_count                             0         0.00 Total number of client requests processed
ACCG.std.sub.client_req_hdrbytes                             0         0.00 Client request header bytes total
ACCG.std.sub.client_req_bodybytes                             0         0.00 Client request body bytes total
ACCG.private.total.client_req_count                         27416         0.02 Total number of client requests processed
ACCG.private.total.client_req_hdrbytes                       5816967         3.51 Client request header bytes total
ACCG.private.total.client_req_bodybytes                             0         0.00 Client request body bytes total
ACCG.private.sub.client_req_count                             0         0.00 Total number of client requests processed
ACCG.private.sub.client_req_hdrbytes                             0         0.00 Client request header bytes total
ACCG.private.sub.client_req_bodybytes                             0         0.00 Client request body bytes total
ACCG.other.total.client_req_count                             0         0.00 Total number of client requests processed
ACCG.other.total.client_req_hdrbytes                             0         0.00 Client request header bytes total
ACCG.other.total.client_req_bodybytes                             0         0.00 Client request body bytes total
ACCG.other.sub.client_req_count                             0         0.00 Total number of client requests processed
ACCG.other.sub.client_req_hdrbytes                             0         0.00 Client request header bytes total
ACCG.other.sub.client_req_bodybytes                             0         0.00 Client request body bytes total
ACCG.private.oci.client_req_count                         27416         0.02 Total number of client requests processed
ACCG.private.oci.client_req_hdrbytes                       5816967         3.51 Client request header bytes total
ACCG.private.oci.client_req_bodybytes                             0         0.00 Client request body bytes total
--- 15:34:32 ---
MAIN.client_req_400                             0         0.00 Client requests received, subject to 400 errors
MAIN.client_req_417                             0         0.00 Client requests received, subject to 417 errors
MAIN.client_req                         27416         0.02 Good client requests received
MAIN.cache_hit                         20448         0.01 Cache hits
MAIN.cache_hit_grace                             0         0.00 Cache grace hits
MAIN.cache_hitpass                             0         0.00 Cache hits for pass.
MAIN.cache_hitmiss                           394         0.00 Cache hits for miss.
MAIN.cache_miss                          6968         0.00 Cache misses
MAIN.threads_limited                             0         0.00 Threads hit max
MAIN.thread_queue_len                             0          .   Length of session queue
MAIN.busy_sleep                           703         0.00 Number of requests sent to sleep on busy objhdr
MAIN.sess_queued                           869         0.00 Sessions queued for thread
MAIN.sess_dropped                             0         0.00 Sessions dropped for thread
MAIN.n_object                          6042          .   object structs made
MAIN.n_object_hitmiss                          5976          .   object structs made that are hit-for-miss
MAIN.n_object_hitpass                             0          .   object structs made that are hit-for-pass
MAIN.n_objectcore                          6176          .   objectcore structs made
MAIN.n_objecthead                          1153          .   objecthead structs made
MAIN.goto_dns_cache_hits                             0         0.00 Cache hits within vmod_goto's DNS
SLICER.slice_cache_hit                             0         0.00 Count of slicer subrequest cache hits
SLICER.slice_cache_miss                             0         0.00 Count of slicer subrequest cache misses
SLICER.meta_cache_hit                             0         0.00 Count of cache hits for slicer top-level requests
SLICER.meta_cache_miss                             0         0.00 Count of cache misses for slicer top-level requests
MSE4_MEM.c_memcache_hit                             0         0.00 Stored objects memory cache hits
MSE4_MEM.c_memcache_miss                             0         0.00 Stored objects memory cache misses
ACCG.std.total.client_req_count                         27416         0.02 Total number of client requests processed
ACCG.std.total.client_req_hdrbytes                       5816967         3.51 Client request header bytes total
ACCG.std.total.client_req_bodybytes                             0         0.00 Client request body bytes total
ACCG.std.sub.client_req_count                             0         0.00 Total number of client requests processed
ACCG.std.sub.client_req_hdrbytes                             0         0.00 Client request header bytes total
ACCG.std.sub.client_req_bodybytes                             0         0.00 Client request body bytes total
ACCG.private.total.client_req_count                         27416         0.02 Total number of client requests processed
ACCG.private.total.client_req_hdrbytes                       5816967         3.51 Client request header bytes total
ACCG.private.total.client_req_bodybytes                             0         0.00 Client request body bytes total
ACCG.private.sub.client_req_count                             0         0.00 Total number of client requests processed
ACCG.private.sub.client_req_hdrbytes                             0         0.00 Client request header bytes total
ACCG.private.sub.client_req_bodybytes                             0         0.00 Client request body bytes total
ACCG.other.total.client_req_count                             0         0.00 Total number of client requests processed
ACCG.other.total.client_req_hdrbytes                             0         0.00 Client request header bytes total
ACCG.other.total.client_req_bodybytes                             0         0.00 Client request body bytes total
ACCG.other.sub.client_req_count                             0         0.00 Total number of client requests processed
ACCG.other.sub.client_req_hdrbytes                             0         0.00 Client request header bytes total
ACCG.other.sub.client_req_bodybytes                             0         0.00 Client request body bytes total
ACCG.private.oci.client_req_count                         27416         0.02 Total number of client requests processed
ACCG.private.oci.client_req_hdrbytes                       5816967         3.51 Client request header bytes total
ACCG.private.oci.client_req_bodybytes                             0         0.00 Client request body bytes total
--- 15:34:34 ---
MAIN.client_req_400                             0         0.00 Client requests received, subject to 400 errors
MAIN.client_req_417                             0         0.00 Client requests received, subject to 417 errors
MAIN.client_req                         27416         0.02 Good client requests received
MAIN.cache_hit                         20448         0.01 Cache hits
MAIN.cache_hit_grace                             0         0.00 Cache grace hits
MAIN.cache_hitpass                             0         0.00 Cache hits for pass.
MAIN.cache_hitmiss                           394         0.00 Cache hits for miss.
MAIN.cache_miss                          6968         0.00 Cache misses
MAIN.threads_limited                             0         0.00 Threads hit max
MAIN.thread_queue_len                             0          .   Length of session queue
MAIN.busy_sleep                           703         0.00 Number of requests sent to sleep on busy objhdr
MAIN.sess_queued                           869         0.00 Sessions queued for thread
MAIN.sess_dropped                             0         0.00 Sessions dropped for thread
MAIN.n_object                          6042          .   object structs made
MAIN.n_object_hitmiss                          5976          .   object structs made that are hit-for-miss
MAIN.n_object_hitpass                             0          .   object structs made that are hit-for-pass
MAIN.n_objectcore                          6176          .   objectcore structs made
MAIN.n_objecthead                          1153          .   objecthead structs made
MAIN.goto_dns_cache_hits                             0         0.00 Cache hits within vmod_goto's DNS
SLICER.slice_cache_hit                             0         0.00 Count of slicer subrequest cache hits
SLICER.slice_cache_miss                             0         0.00 Count of slicer subrequest cache misses
SLICER.meta_cache_hit                             0         0.00 Count of cache hits for slicer top-level requests
SLICER.meta_cache_miss                             0         0.00 Count of cache misses for slicer top-level requests
MSE4_MEM.c_memcache_hit                             0         0.00 Stored objects memory cache hits
MSE4_MEM.c_memcache_miss                             0         0.00 Stored objects memory cache misses
ACCG.std.total.client_req_count                         27416         0.02 Total number of client requests processed
ACCG.std.total.client_req_hdrbytes                       5816967         3.51 Client request header bytes total
ACCG.std.total.client_req_bodybytes                             0         0.00 Client request body bytes total
ACCG.std.sub.client_req_count                             0         0.00 Total number of client requests processed
ACCG.std.sub.client_req_hdrbytes                             0         0.00 Client request header bytes total
ACCG.std.sub.client_req_bodybytes                             0         0.00 Client request body bytes total
ACCG.private.total.client_req_count                         27416         0.02 Total number of client requests processed
ACCG.private.total.client_req_hdrbytes                       5816967         3.51 Client request header bytes total
ACCG.private.total.client_req_bodybytes                             0         0.00 Client request body bytes total
ACCG.private.sub.client_req_count                             0         0.00 Total number of client requests processed
ACCG.private.sub.client_req_hdrbytes                             0         0.00 Client request header bytes total
ACCG.private.sub.client_req_bodybytes                             0         0.00 Client request body bytes total
ACCG.other.total.client_req_count                             0         0.00 Total number of client requests processed
ACCG.other.total.client_req_hdrbytes                             0         0.00 Client request header bytes total
ACCG.other.total.client_req_bodybytes                             0         0.00 Client request body bytes total
ACCG.other.sub.client_req_count                             0         0.00 Total number of client requests processed
ACCG.other.sub.client_req_hdrbytes                             0         0.00 Client request header bytes total
ACCG.other.sub.client_req_bodybytes                             0         0.00 Client request body bytes total
ACCG.private.oci.client_req_count                         27416         0.02 Total number of client requests processed
ACCG.private.oci.client_req_hdrbytes                       5816967         3.51 Client request header bytes total
ACCG.private.oci.client_req_bodybytes                             0         0.00 Client request body bytes total
--- 15:34:35 ---
MAIN.client_req_400                             0         0.00 Client requests received, subject to 400 errors
MAIN.client_req_417                             0         0.00 Client requests received, subject to 417 errors
MAIN.client_req                         27416         0.02 Good client requests received
MAIN.cache_hit                         20448         0.01 Cache hits
MAIN.cache_hit_grace                             0         0.00 Cache grace hits
MAIN.cache_hitpass                             0         0.00 Cache hits for pass.
MAIN.cache_hitmiss                           394         0.00 Cache hits for miss.
MAIN.cache_miss                          6968         0.00 Cache misses
MAIN.threads_limited                             0         0.00 Threads hit max
MAIN.thread_queue_len                             0          .   Length of session queue
MAIN.busy_sleep                           703         0.00 Number of requests sent to sleep on busy objhdr
MAIN.sess_queued                           869         0.00 Sessions queued for thread
MAIN.sess_dropped                             0         0.00 Sessions dropped for thread
MAIN.n_object                          6042          .   object structs made
MAIN.n_object_hitmiss                          5976          .   object structs made that are hit-for-miss
MAIN.n_object_hitpass                             0          .   object structs made that are hit-for-pass
MAIN.n_objectcore                          6176          .   objectcore structs made
MAIN.n_objecthead                          1153          .   objecthead structs made
MAIN.goto_dns_cache_hits                             0         0.00 Cache hits within vmod_goto's DNS
SLICER.slice_cache_hit                             0         0.00 Count of slicer subrequest cache hits
SLICER.slice_cache_miss                             0         0.00 Count of slicer subrequest cache misses
SLICER.meta_cache_hit                             0         0.00 Count of cache hits for slicer top-level requests
SLICER.meta_cache_miss                             0         0.00 Count of cache misses for slicer top-level requests
MSE4_MEM.c_memcache_hit                             0         0.00 Stored objects memory cache hits
MSE4_MEM.c_memcache_miss                             0         0.00 Stored objects memory cache misses
ACCG.std.total.client_req_count                         27416         0.02 Total number of client requests processed
ACCG.std.total.client_req_hdrbytes                       5816967         3.51 Client request header bytes total
ACCG.std.total.client_req_bodybytes                             0         0.00 Client request body bytes total
ACCG.std.sub.client_req_count                             0         0.00 Total number of client requests processed
ACCG.std.sub.client_req_hdrbytes                             0         0.00 Client request header bytes total
ACCG.std.sub.client_req_bodybytes                             0         0.00 Client request body bytes total
ACCG.private.total.client_req_count                         27416         0.02 Total number of client requests processed
ACCG.private.total.client_req_hdrbytes                       5816967         3.51 Client request header bytes total
ACCG.private.total.client_req_bodybytes                             0         0.00 Client request body bytes total
ACCG.private.sub.client_req_count                             0         0.00 Total number of client requests processed
ACCG.private.sub.client_req_hdrbytes                             0         0.00 Client request header bytes total
ACCG.private.sub.client_req_bodybytes                             0         0.00 Client request body bytes total
ACCG.other.total.client_req_count                             0         0.00 Total number of client requests processed
ACCG.other.total.client_req_hdrbytes                             0         0.00 Client request header bytes total
ACCG.other.total.client_req_bodybytes                             0         0.00 Client request body bytes total
ACCG.other.sub.client_req_count                             0         0.00 Total number of client requests processed
ACCG.other.sub.client_req_hdrbytes                             0         0.00 Client request header bytes total
ACCG.other.sub.client_req_bodybytes                             0         0.00 Client request body bytes total
ACCG.private.oci.client_req_count                         27416         0.02 Total number of client requests processed
ACCG.private.oci.client_req_hdrbytes                       5816967         3.51 Client request header bytes total
ACCG.private.oci.client_req_bodybytes                             0         0.00 Client request body bytes total
--- 15:34:36 ---
MAIN.client_req_400                             0         0.00 Client requests received, subject to 400 errors
MAIN.client_req_417                             0         0.00 Client requests received, subject to 417 errors
MAIN.client_req                         27416         0.02 Good client requests received
MAIN.cache_hit                         20448         0.01 Cache hits
MAIN.cache_hit_grace                             0         0.00 Cache grace hits
MAIN.cache_hitpass                             0         0.00 Cache hits for pass.
MAIN.cache_hitmiss                           394         0.00 Cache hits for miss.
MAIN.cache_miss                          6968         0.00 Cache misses
MAIN.threads_limited                             0         0.00 Threads hit max
MAIN.thread_queue_len                             0          .   Length of session queue
MAIN.busy_sleep                           703         0.00 Number of requests sent to sleep on busy objhdr
MAIN.sess_queued                           869         0.00 Sessions queued for thread
MAIN.sess_dropped                             0         0.00 Sessions dropped for thread
MAIN.n_object                          6042          .   object structs made
MAIN.n_object_hitmiss                          5976          .   object structs made that are hit-for-miss
MAIN.n_object_hitpass                             0          .   object structs made that are hit-for-pass
MAIN.n_objectcore                          6176          .   objectcore structs made
MAIN.n_objecthead                          1153          .   objecthead structs made
MAIN.goto_dns_cache_hits                             0         0.00 Cache hits within vmod_goto's DNS
SLICER.slice_cache_hit                             0         0.00 Count of slicer subrequest cache hits
SLICER.slice_cache_miss                             0         0.00 Count of slicer subrequest cache misses
SLICER.meta_cache_hit                             0         0.00 Count of cache hits for slicer top-level requests
SLICER.meta_cache_miss                             0         0.00 Count of cache misses for slicer top-level requests
MSE4_MEM.c_memcache_hit                             0         0.00 Stored objects memory cache hits
MSE4_MEM.c_memcache_miss                             0         0.00 Stored objects memory cache misses
ACCG.std.total.client_req_count                         27416         0.02 Total number of client requests processed
ACCG.std.total.client_req_hdrbytes                       5816967         3.51 Client request header bytes total
ACCG.std.total.client_req_bodybytes                             0         0.00 Client request body bytes total
ACCG.std.sub.client_req_count                             0         0.00 Total number of client requests processed
ACCG.std.sub.client_req_hdrbytes                             0         0.00 Client request header bytes total
ACCG.std.sub.client_req_bodybytes                             0         0.00 Client request body bytes total
ACCG.private.total.client_req_count                         27416         0.02 Total number of client requests processed
ACCG.private.total.client_req_hdrbytes                       5816967         3.51 Client request header bytes total
ACCG.private.total.client_req_bodybytes                             0         0.00 Client request body bytes total
ACCG.private.sub.client_req_count                             0         0.00 Total number of client requests processed
ACCG.private.sub.client_req_hdrbytes                             0         0.00 Client request header bytes total
ACCG.private.sub.client_req_bodybytes                             0         0.00 Client request body bytes total
ACCG.other.total.client_req_count                             0         0.00 Total number of client requests processed
ACCG.other.total.client_req_hdrbytes                             0         0.00 Client request header bytes total
ACCG.other.total.client_req_bodybytes                             0         0.00 Client request body bytes total
ACCG.other.sub.client_req_count                             0         0.00 Total number of client requests processed
ACCG.other.sub.client_req_hdrbytes                             0         0.00 Client request header bytes total
ACCG.other.sub.client_req_bodybytes                             0         0.00 Client request body bytes total
ACCG.private.oci.client_req_count                         27416         0.02 Total number of client requests processed
ACCG.private.oci.client_req_hdrbytes                       5816967         3.51 Client request header bytes total
ACCG.private.oci.client_req_bodybytes                             0         0.00 Client request body bytes total
--- 15:34:37 ---
MAIN.client_req_400                             0         0.00 Client requests received, subject to 400 errors
MAIN.client_req_417                             0         0.00 Client requests received, subject to 417 errors
MAIN.client_req                         27416         0.02 Good client requests received
MAIN.cache_hit                         20448         0.01 Cache hits
MAIN.cache_hit_grace                             0         0.00 Cache grace hits
MAIN.cache_hitpass                             0         0.00 Cache hits for pass.
MAIN.cache_hitmiss                           394         0.00 Cache hits for miss.
MAIN.cache_miss                          6968         0.00 Cache misses
MAIN.threads_limited                             0         0.00 Threads hit max
MAIN.thread_queue_len                             0          .   Length of session queue
MAIN.busy_sleep                           703         0.00 Number of requests sent to sleep on busy objhdr
MAIN.sess_queued                           869         0.00 Sessions queued for thread
MAIN.sess_dropped                             0         0.00 Sessions dropped for thread
MAIN.n_object                          6042          .   object structs made
MAIN.n_object_hitmiss                          5976          .   object structs made that are hit-for-miss
MAIN.n_object_hitpass                             0          .   object structs made that are hit-for-pass
MAIN.n_objectcore                          6176          .   objectcore structs made
MAIN.n_objecthead                          1153          .   objecthead structs made
MAIN.goto_dns_cache_hits                             0         0.00 Cache hits within vmod_goto's DNS
SLICER.slice_cache_hit                             0         0.00 Count of slicer subrequest cache hits
SLICER.slice_cache_miss                             0         0.00 Count of slicer subrequest cache misses
SLICER.meta_cache_hit                             0         0.00 Count of cache hits for slicer top-level requests
SLICER.meta_cache_miss                             0         0.00 Count of cache misses for slicer top-level requests
MSE4_MEM.c_memcache_hit                             0         0.00 Stored objects memory cache hits
MSE4_MEM.c_memcache_miss                             0         0.00 Stored objects memory cache misses
ACCG.std.total.client_req_count                         27416         0.02 Total number of client requests processed
ACCG.std.total.client_req_hdrbytes                       5816967         3.51 Client request header bytes total
ACCG.std.total.client_req_bodybytes                             0         0.00 Client request body bytes total
ACCG.std.sub.client_req_count                             0         0.00 Total number of client requests processed
ACCG.std.sub.client_req_hdrbytes                             0         0.00 Client request header bytes total
ACCG.std.sub.client_req_bodybytes                             0         0.00 Client request body bytes total
ACCG.private.total.client_req_count                         27416         0.02 Total number of client requests processed
ACCG.private.total.client_req_hdrbytes                       5816967         3.51 Client request header bytes total
ACCG.private.total.client_req_bodybytes                             0         0.00 Client request body bytes total
ACCG.private.sub.client_req_count                             0         0.00 Total number of client requests processed
ACCG.private.sub.client_req_hdrbytes                             0         0.00 Client request header bytes total
ACCG.private.sub.client_req_bodybytes                             0         0.00 Client request body bytes total
ACCG.other.total.client_req_count                             0         0.00 Total number of client requests processed
ACCG.other.total.client_req_hdrbytes                             0         0.00 Client request header bytes total
ACCG.other.total.client_req_bodybytes                             0         0.00 Client request body bytes total
ACCG.other.sub.client_req_count                             0         0.00 Total number of client requests processed
ACCG.other.sub.client_req_hdrbytes                             0         0.00 Client request header bytes total
ACCG.other.sub.client_req_bodybytes                             0         0.00 Client request body bytes total
ACCG.private.oci.client_req_count                         27416         0.02 Total number of client requests processed
ACCG.private.oci.client_req_hdrbytes                       5816967         3.51 Client request header bytes total
ACCG.private.oci.client_req_bodybytes                             0         0.00 Client request body bytes total
--- 15:34:38 ---
MAIN.client_req_400                             0         0.00 Client requests received, subject to 400 errors
MAIN.client_req_417                             0         0.00 Client requests received, subject to 417 errors
MAIN.client_req                         27416         0.02 Good client requests received
MAIN.cache_hit                         20448         0.01 Cache hits
MAIN.cache_hit_grace                             0         0.00 Cache grace hits
MAIN.cache_hitpass                             0         0.00 Cache hits for pass.
MAIN.cache_hitmiss                           394         0.00 Cache hits for miss.
MAIN.cache_miss                          6968         0.00 Cache misses
MAIN.threads_limited                             0         0.00 Threads hit max
MAIN.thread_queue_len                             0          .   Length of session queue
MAIN.busy_sleep                           703         0.00 Number of requests sent to sleep on busy objhdr
MAIN.sess_queued                           869         0.00 Sessions queued for thread
MAIN.sess_dropped                             0         0.00 Sessions dropped for thread
MAIN.n_object                          6042          .   object structs made
MAIN.n_object_hitmiss                          5976          .   object structs made that are hit-for-miss
MAIN.n_object_hitpass                             0          .   object structs made that are hit-for-pass
MAIN.n_objectcore                          6176          .   objectcore structs made
MAIN.n_objecthead                          1153          .   objecthead structs made
MAIN.goto_dns_cache_hits                             0         0.00 Cache hits within vmod_goto's DNS
SLICER.slice_cache_hit                             0         0.00 Count of slicer subrequest cache hits
SLICER.slice_cache_miss                             0         0.00 Count of slicer subrequest cache misses
SLICER.meta_cache_hit                             0         0.00 Count of cache hits for slicer top-level requests
SLICER.meta_cache_miss                             0         0.00 Count of cache misses for slicer top-level requests
MSE4_MEM.c_memcache_hit                             0         0.00 Stored objects memory cache hits
MSE4_MEM.c_memcache_miss                             0         0.00 Stored objects memory cache misses
ACCG.std.total.client_req_count                         27416         0.02 Total number of client requests processed
ACCG.std.total.client_req_hdrbytes                       5816967         3.51 Client request header bytes total
ACCG.std.total.client_req_bodybytes                             0         0.00 Client request body bytes total
ACCG.std.sub.client_req_count                             0         0.00 Total number of client requests processed
ACCG.std.sub.client_req_hdrbytes                             0         0.00 Client request header bytes total
ACCG.std.sub.client_req_bodybytes                             0         0.00 Client request body bytes total
ACCG.private.total.client_req_count                         27416         0.02 Total number of client requests processed
ACCG.private.total.client_req_hdrbytes                       5816967         3.51 Client request header bytes total
ACCG.private.total.client_req_bodybytes                             0         0.00 Client request body bytes total
ACCG.private.sub.client_req_count                             0         0.00 Total number of client requests processed
ACCG.private.sub.client_req_hdrbytes                             0         0.00 Client request header bytes total
ACCG.private.sub.client_req_bodybytes                             0         0.00 Client request body bytes total
ACCG.other.total.client_req_count                             0         0.00 Total number of client requests processed
ACCG.other.total.client_req_hdrbytes                             0         0.00 Client request header bytes total
ACCG.other.total.client_req_bodybytes                             0         0.00 Client request body bytes total
ACCG.other.sub.client_req_count                             0         0.00 Total number of client requests processed
ACCG.other.sub.client_req_hdrbytes                             0         0.00 Client request header bytes total
ACCG.other.sub.client_req_bodybytes                             0         0.00 Client request body bytes total
ACCG.private.oci.client_req_count                         27416         0.02 Total number of client requests processed
ACCG.private.oci.client_req_hdrbytes                       5816967         3.51 Client request header bytes total
ACCG.private.oci.client_req_bodybytes                             0         0.00 Client request body bytes total
--- 15:34:39 ---
MAIN.client_req_400                             0         0.00 Client requests received, subject to 400 errors
MAIN.client_req_417                             0         0.00 Client requests received, subject to 417 errors
MAIN.client_req                         27416         0.02 Good client requests received
MAIN.cache_hit                         20448         0.01 Cache hits
MAIN.cache_hit_grace                             0         0.00 Cache grace hits
MAIN.cache_hitpass                             0         0.00 Cache hits for pass.
MAIN.cache_hitmiss                           394         0.00 Cache hits for miss.
MAIN.cache_miss                          6968         0.00 Cache misses
MAIN.threads_limited                             0         0.00 Threads hit max
MAIN.thread_queue_len                             0          .   Length of session queue
MAIN.busy_sleep                           703         0.00 Number of requests sent to sleep on busy objhdr
MAIN.sess_queued                           869         0.00 Sessions queued for thread
MAIN.sess_dropped                             0         0.00 Sessions dropped for thread
MAIN.n_object                          6042          .   object structs made
MAIN.n_object_hitmiss                          5976          .   object structs made that are hit-for-miss
MAIN.n_object_hitpass                             0          .   object structs made that are hit-for-pass
MAIN.n_objectcore                          6176          .   objectcore structs made
MAIN.n_objecthead                          1153          .   objecthead structs made
MAIN.goto_dns_cache_hits                             0         0.00 Cache hits within vmod_goto's DNS
SLICER.slice_cache_hit                             0         0.00 Count of slicer subrequest cache hits
SLICER.slice_cache_miss                             0         0.00 Count of slicer subrequest cache misses
SLICER.meta_cache_hit                             0         0.00 Count of cache hits for slicer top-level requests
SLICER.meta_cache_miss                             0         0.00 Count of cache misses for slicer top-level requests
MSE4_MEM.c_memcache_hit                             0         0.00 Stored objects memory cache hits
MSE4_MEM.c_memcache_miss                             0         0.00 Stored objects memory cache misses
ACCG.std.total.client_req_count                         27416         0.02 Total number of client requests processed
ACCG.std.total.client_req_hdrbytes                       5816967         3.51 Client request header bytes total
ACCG.std.total.client_req_bodybytes                             0         0.00 Client request body bytes total
ACCG.std.sub.client_req_count                             0         0.00 Total number of client requests processed
ACCG.std.sub.client_req_hdrbytes                             0         0.00 Client request header bytes total
ACCG.std.sub.client_req_bodybytes                             0         0.00 Client request body bytes total
ACCG.private.total.client_req_count                         27416         0.02 Total number of client requests processed
ACCG.private.total.client_req_hdrbytes                       5816967         3.51 Client request header bytes total
ACCG.private.total.client_req_bodybytes                             0         0.00 Client request body bytes total
ACCG.private.sub.client_req_count                             0         0.00 Total number of client requests processed
ACCG.private.sub.client_req_hdrbytes                             0         0.00 Client request header bytes total
ACCG.private.sub.client_req_bodybytes                             0         0.00 Client request body bytes total
ACCG.other.total.client_req_count                             0         0.00 Total number of client requests processed
ACCG.other.total.client_req_hdrbytes                             0         0.00 Client request header bytes total
ACCG.other.total.client_req_bodybytes                             0         0.00 Client request body bytes total
ACCG.other.sub.client_req_count                             0         0.00 Total number of client requests processed
ACCG.other.sub.client_req_hdrbytes                             0         0.00 Client request header bytes total
ACCG.other.sub.client_req_bodybytes                             0         0.00 Client request body bytes total
ACCG.private.oci.client_req_count                         27416         0.02 Total number of client requests processed
ACCG.private.oci.client_req_hdrbytes                       5816967         3.51 Client request header bytes total
ACCG.private.oci.client_req_bodybytes                             0         0.00 Client request body bytes total
--- 15:34:40 ---
MAIN.client_req_400                             0         0.00 Client requests received, subject to 400 errors
MAIN.client_req_417                             0         0.00 Client requests received, subject to 417 errors
MAIN.client_req                         27416         0.02 Good client requests received
MAIN.cache_hit                         20448         0.01 Cache hits
MAIN.cache_hit_grace                             0         0.00 Cache grace hits
MAIN.cache_hitpass                             0         0.00 Cache hits for pass.
MAIN.cache_hitmiss                           394         0.00 Cache hits for miss.
MAIN.cache_miss                          6968         0.00 Cache misses
MAIN.threads_limited                             0         0.00 Threads hit max
MAIN.thread_queue_len                             0          .   Length of session queue
MAIN.busy_sleep                           703         0.00 Number of requests sent to sleep on busy objhdr
MAIN.sess_queued                           869         0.00 Sessions queued for thread
MAIN.sess_dropped                             0         0.00 Sessions dropped for thread
MAIN.n_object                          6042          .   object structs made
MAIN.n_object_hitmiss                          5976          .   object structs made that are hit-for-miss
MAIN.n_object_hitpass                             0          .   object structs made that are hit-for-pass
MAIN.n_objectcore                          6176          .   objectcore structs made
MAIN.n_objecthead                          1153          .   objecthead structs made
MAIN.goto_dns_cache_hits                             0         0.00 Cache hits within vmod_goto's DNS
SLICER.slice_cache_hit                             0         0.00 Count of slicer subrequest cache hits
SLICER.slice_cache_miss                             0         0.00 Count of slicer subrequest cache misses
SLICER.meta_cache_hit                             0         0.00 Count of cache hits for slicer top-level requests
SLICER.meta_cache_miss                             0         0.00 Count of cache misses for slicer top-level requests
MSE4_MEM.c_memcache_hit                             0         0.00 Stored objects memory cache hits
MSE4_MEM.c_memcache_miss                             0         0.00 Stored objects memory cache misses
ACCG.std.total.client_req_count                         27416         0.02 Total number of client requests processed
ACCG.std.total.client_req_hdrbytes                       5816967         3.51 Client request header bytes total
ACCG.std.total.client_req_bodybytes                             0         0.00 Client request body bytes total
ACCG.std.sub.client_req_count                             0         0.00 Total number of client requests processed
ACCG.std.sub.client_req_hdrbytes                             0         0.00 Client request header bytes total
ACCG.std.sub.client_req_bodybytes                             0         0.00 Client request body bytes total
ACCG.private.total.client_req_count                         27416         0.02 Total number of client requests processed
ACCG.private.total.client_req_hdrbytes                       5816967         3.51 Client request header bytes total
ACCG.private.total.client_req_bodybytes                             0         0.00 Client request body bytes total
ACCG.private.sub.client_req_count                             0         0.00 Total number of client requests processed
ACCG.private.sub.client_req_hdrbytes                             0         0.00 Client request header bytes total
ACCG.private.sub.client_req_bodybytes                             0         0.00 Client request body bytes total
ACCG.other.total.client_req_count                             0         0.00 Total number of client requests processed
ACCG.other.total.client_req_hdrbytes                             0         0.00 Client request header bytes total
ACCG.other.total.client_req_bodybytes                             0         0.00 Client request body bytes total
ACCG.other.sub.client_req_count                             0         0.00 Total number of client requests processed
ACCG.other.sub.client_req_hdrbytes                             0         0.00 Client request header bytes total
ACCG.other.sub.client_req_bodybytes                             0         0.00 Client request body bytes total
ACCG.private.oci.client_req_count                         27416         0.02 Total number of client requests processed
ACCG.private.oci.client_req_hdrbytes                       5816967         3.51 Client request header bytes total
ACCG.private.oci.client_req_bodybytes                             0         0.00 Client request body bytes total
--- 15:34:41 ---
MAIN.client_req_400                             0         0.00 Client requests received, subject to 400 errors
MAIN.client_req_417                             0         0.00 Client requests received, subject to 417 errors
MAIN.client_req                         27416         0.02 Good client requests received
MAIN.cache_hit                         20448         0.01 Cache hits
MAIN.cache_hit_grace                             0         0.00 Cache grace hits
MAIN.cache_hitpass                             0         0.00 Cache hits for pass.
MAIN.cache_hitmiss                           394         0.00 Cache hits for miss.
MAIN.cache_miss                          6968         0.00 Cache misses
MAIN.threads_limited                             0         0.00 Threads hit max
MAIN.thread_queue_len                             0          .   Length of session queue
MAIN.busy_sleep                           703         0.00 Number of requests sent to sleep on busy objhdr
MAIN.sess_queued                           869         0.00 Sessions queued for thread
MAIN.sess_dropped                             0         0.00 Sessions dropped for thread
MAIN.n_object                          6042          .   object structs made
MAIN.n_object_hitmiss                          5976          .   object structs made that are hit-for-miss
MAIN.n_object_hitpass                             0          .   object structs made that are hit-for-pass
MAIN.n_objectcore                          6176          .   objectcore structs made
MAIN.n_objecthead                          1153          .   objecthead structs made
MAIN.goto_dns_cache_hits                             0         0.00 Cache hits within vmod_goto's DNS
SLICER.slice_cache_hit                             0         0.00 Count of slicer subrequest cache hits
SLICER.slice_cache_miss                             0         0.00 Count of slicer subrequest cache misses
SLICER.meta_cache_hit                             0         0.00 Count of cache hits for slicer top-level requests
SLICER.meta_cache_miss                             0         0.00 Count of cache misses for slicer top-level requests
MSE4_MEM.c_memcache_hit                             0         0.00 Stored objects memory cache hits
MSE4_MEM.c_memcache_miss                             0         0.00 Stored objects memory cache misses
ACCG.std.total.client_req_count                         27416         0.02 Total number of client requests processed
ACCG.std.total.client_req_hdrbytes                       5816967         3.51 Client request header bytes total
ACCG.std.total.client_req_bodybytes                             0         0.00 Client request body bytes total
ACCG.std.sub.client_req_count                             0         0.00 Total number of client requests processed
ACCG.std.sub.client_req_hdrbytes                             0         0.00 Client request header bytes total
ACCG.std.sub.client_req_bodybytes                             0         0.00 Client request body bytes total
ACCG.private.total.client_req_count                         27416         0.02 Total number of client requests processed
ACCG.private.total.client_req_hdrbytes                       5816967         3.51 Client request header bytes total
ACCG.private.total.client_req_bodybytes                             0         0.00 Client request body bytes total
ACCG.private.sub.client_req_count                             0         0.00 Total number of client requests processed
ACCG.private.sub.client_req_hdrbytes                             0         0.00 Client request header bytes total
ACCG.private.sub.client_req_bodybytes                             0         0.00 Client request body bytes total
ACCG.other.total.client_req_count                             0         0.00 Total number of client requests processed
ACCG.other.total.client_req_hdrbytes                             0         0.00 Client request header bytes total
ACCG.other.total.client_req_bodybytes                             0         0.00 Client request body bytes total
ACCG.other.sub.client_req_count                             0         0.00 Total number of client requests processed
ACCG.other.sub.client_req_hdrbytes                             0         0.00 Client request header bytes total
ACCG.other.sub.client_req_bodybytes                             0         0.00 Client request body bytes total
ACCG.private.oci.client_req_count                         27416         0.02 Total number of client requests processed
ACCG.private.oci.client_req_hdrbytes                       5816967         3.51 Client request header bytes total
ACCG.private.oci.client_req_bodybytes                             0         0.00 Client request body bytes total
--- 15:34:42 ---
MAIN.client_req_400                             0         0.00 Client requests received, subject to 400 errors
MAIN.client_req_417                             0         0.00 Client requests received, subject to 417 errors
MAIN.client_req                         27416         0.02 Good client requests received
MAIN.cache_hit                         20448         0.01 Cache hits
MAIN.cache_hit_grace                             0         0.00 Cache grace hits
MAIN.cache_hitpass                             0         0.00 Cache hits for pass.
MAIN.cache_hitmiss                           394         0.00 Cache hits for miss.
MAIN.cache_miss                          6968         0.00 Cache misses
MAIN.threads_limited                             0         0.00 Threads hit max
MAIN.thread_queue_len                             0          .   Length of session queue
MAIN.busy_sleep                           703         0.00 Number of requests sent to sleep on busy objhdr
MAIN.sess_queued                           869         0.00 Sessions queued for thread
MAIN.sess_dropped                             0         0.00 Sessions dropped for thread
MAIN.n_object                          6042          .   object structs made
MAIN.n_object_hitmiss                          5976          .   object structs made that are hit-for-miss
MAIN.n_object_hitpass                             0          .   object structs made that are hit-for-pass
MAIN.n_objectcore                          6176          .   objectcore structs made
MAIN.n_objecthead                          1153          .   objecthead structs made
MAIN.goto_dns_cache_hits                             0         0.00 Cache hits within vmod_goto's DNS
SLICER.slice_cache_hit                             0         0.00 Count of slicer subrequest cache hits
SLICER.slice_cache_miss                             0         0.00 Count of slicer subrequest cache misses
SLICER.meta_cache_hit                             0         0.00 Count of cache hits for slicer top-level requests
SLICER.meta_cache_miss                             0         0.00 Count of cache misses for slicer top-level requests
MSE4_MEM.c_memcache_hit                             0         0.00 Stored objects memory cache hits
MSE4_MEM.c_memcache_miss                             0         0.00 Stored objects memory cache misses
ACCG.std.total.client_req_count                         27416         0.02 Total number of client requests processed
ACCG.std.total.client_req_hdrbytes                       5816967         3.51 Client request header bytes total
ACCG.std.total.client_req_bodybytes                             0         0.00 Client request body bytes total
ACCG.std.sub.client_req_count                             0         0.00 Total number of client requests processed
ACCG.std.sub.client_req_hdrbytes                             0         0.00 Client request header bytes total
ACCG.std.sub.client_req_bodybytes                             0         0.00 Client request body bytes total
ACCG.private.total.client_req_count                         27416         0.02 Total number of client requests processed
ACCG.private.total.client_req_hdrbytes                       5816967         3.51 Client request header bytes total
ACCG.private.total.client_req_bodybytes                             0         0.00 Client request body bytes total
ACCG.private.sub.client_req_count                             0         0.00 Total number of client requests processed
ACCG.private.sub.client_req_hdrbytes                             0         0.00 Client request header bytes total
ACCG.private.sub.client_req_bodybytes                             0         0.00 Client request body bytes total
ACCG.other.total.client_req_count                             0         0.00 Total number of client requests processed
ACCG.other.total.client_req_hdrbytes                             0         0.00 Client request header bytes total
ACCG.other.total.client_req_bodybytes                             0         0.00 Client request body bytes total
ACCG.other.sub.client_req_count                             0         0.00 Total number of client requests processed
ACCG.other.sub.client_req_hdrbytes                             0         0.00 Client request header bytes total
ACCG.other.sub.client_req_bodybytes                             0         0.00 Client request body bytes total
ACCG.private.oci.client_req_count                         27416         0.02 Total number of client requests processed
ACCG.private.oci.client_req_hdrbytes                       5816967         3.51 Client request header bytes total
ACCG.private.oci.client_req_bodybytes                             0         0.00 Client request body bytes total
--- 15:34:44 ---
MAIN.client_req_400                             0         0.00 Client requests received, subject to 400 errors
MAIN.client_req_417                             0         0.00 Client requests received, subject to 417 errors
MAIN.client_req                         27416         0.02 Good client requests received
MAIN.cache_hit                         20448         0.01 Cache hits
MAIN.cache_hit_grace                             0         0.00 Cache grace hits
MAIN.cache_hitpass                             0         0.00 Cache hits for pass.
MAIN.cache_hitmiss                           394         0.00 Cache hits for miss.
MAIN.cache_miss                          6968         0.00 Cache misses
MAIN.threads_limited                             0         0.00 Threads hit max
MAIN.thread_queue_len                             0          .   Length of session queue
MAIN.busy_sleep                           703         0.00 Number of requests sent to sleep on busy objhdr
MAIN.sess_queued                           869         0.00 Sessions queued for thread
MAIN.sess_dropped                             0         0.00 Sessions dropped for thread
MAIN.n_object                          6042          .   object structs made
MAIN.n_object_hitmiss                          5976          .   object structs made that are hit-for-miss
MAIN.n_object_hitpass                             0          .   object structs made that are hit-for-pass
MAIN.n_objectcore                          6176          .   objectcore structs made
MAIN.n_objecthead                          1153          .   objecthead structs made
MAIN.goto_dns_cache_hits                             0         0.00 Cache hits within vmod_goto's DNS
SLICER.slice_cache_hit                             0         0.00 Count of slicer subrequest cache hits
SLICER.slice_cache_miss                             0         0.00 Count of slicer subrequest cache misses
SLICER.meta_cache_hit                             0         0.00 Count of cache hits for slicer top-level requests
SLICER.meta_cache_miss                             0         0.00 Count of cache misses for slicer top-level requests
MSE4_MEM.c_memcache_hit                             0         0.00 Stored objects memory cache hits
MSE4_MEM.c_memcache_miss                             0         0.00 Stored objects memory cache misses
ACCG.std.total.client_req_count                         27416         0.02 Total number of client requests processed
ACCG.std.total.client_req_hdrbytes                       5816967         3.51 Client request header bytes total
ACCG.std.total.client_req_bodybytes                             0         0.00 Client request body bytes total
ACCG.std.sub.client_req_count                             0         0.00 Total number of client requests processed
ACCG.std.sub.client_req_hdrbytes                             0         0.00 Client request header bytes total
ACCG.std.sub.client_req_bodybytes                             0         0.00 Client request body bytes total
ACCG.private.total.client_req_count                         27416         0.02 Total number of client requests processed
ACCG.private.total.client_req_hdrbytes                       5816967         3.51 Client request header bytes total
ACCG.private.total.client_req_bodybytes                             0         0.00 Client request body bytes total
ACCG.private.sub.client_req_count                             0         0.00 Total number of client requests processed
ACCG.private.sub.client_req_hdrbytes                             0         0.00 Client request header bytes total
ACCG.private.sub.client_req_bodybytes                             0         0.00 Client request body bytes total
ACCG.other.total.client_req_count                             0         0.00 Total number of client requests processed
ACCG.other.total.client_req_hdrbytes                             0         0.00 Client request header bytes total
ACCG.other.total.client_req_bodybytes                             0         0.00 Client request body bytes total
ACCG.other.sub.client_req_count                             0         0.00 Total number of client requests processed
ACCG.other.sub.client_req_hdrbytes                             0         0.00 Client request header bytes total
ACCG.other.sub.client_req_bodybytes                             0         0.00 Client request body bytes total
ACCG.private.oci.client_req_count                         27416         0.02 Total number of client requests processed
ACCG.private.oci.client_req_hdrbytes                       5816967         3.51 Client request header bytes total
ACCG.private.oci.client_req_bodybytes                             0         0.00 Client request body bytes total
--- 15:34:45 ---
MAIN.client_req_400                             0         0.00 Client requests received, subject to 400 errors
MAIN.client_req_417                             0         0.00 Client requests received, subject to 417 errors
MAIN.client_req                         27416         0.02 Good client requests received
MAIN.cache_hit                         20448         0.01 Cache hits
MAIN.cache_hit_grace                             0         0.00 Cache grace hits
MAIN.cache_hitpass                             0         0.00 Cache hits for pass.
MAIN.cache_hitmiss                           394         0.00 Cache hits for miss.
MAIN.cache_miss                          6968         0.00 Cache misses
MAIN.threads_limited                             0         0.00 Threads hit max
MAIN.thread_queue_len                             0          .   Length of session queue
MAIN.busy_sleep                           703         0.00 Number of requests sent to sleep on busy objhdr
MAIN.sess_queued                           869         0.00 Sessions queued for thread
MAIN.sess_dropped                             0         0.00 Sessions dropped for thread
MAIN.n_object                          6042          .   object structs made
MAIN.n_object_hitmiss                          5976          .   object structs made that are hit-for-miss
MAIN.n_object_hitpass                             0          .   object structs made that are hit-for-pass
MAIN.n_objectcore                          6176          .   objectcore structs made
MAIN.n_objecthead                          1153          .   objecthead structs made
MAIN.goto_dns_cache_hits                             0         0.00 Cache hits within vmod_goto's DNS
SLICER.slice_cache_hit                             0         0.00 Count of slicer subrequest cache hits
SLICER.slice_cache_miss                             0         0.00 Count of slicer subrequest cache misses
SLICER.meta_cache_hit                             0         0.00 Count of cache hits for slicer top-level requests
SLICER.meta_cache_miss                             0         0.00 Count of cache misses for slicer top-level requests
MSE4_MEM.c_memcache_hit                             0         0.00 Stored objects memory cache hits
MSE4_MEM.c_memcache_miss                             0         0.00 Stored objects memory cache misses
ACCG.std.total.client_req_count                         27416         0.02 Total number of client requests processed
ACCG.std.total.client_req_hdrbytes                       5816967         3.51 Client request header bytes total
ACCG.std.total.client_req_bodybytes                             0         0.00 Client request body bytes total
ACCG.std.sub.client_req_count                             0         0.00 Total number of client requests processed
ACCG.std.sub.client_req_hdrbytes                             0         0.00 Client request header bytes total
ACCG.std.sub.client_req_bodybytes                             0         0.00 Client request body bytes total
ACCG.private.total.client_req_count                         27416         0.02 Total number of client requests processed
ACCG.private.total.client_req_hdrbytes                       5816967         3.51 Client request header bytes total
ACCG.private.total.client_req_bodybytes                             0         0.00 Client request body bytes total
ACCG.private.sub.client_req_count                             0         0.00 Total number of client requests processed
ACCG.private.sub.client_req_hdrbytes                             0         0.00 Client request header bytes total
ACCG.private.sub.client_req_bodybytes                             0         0.00 Client request body bytes total
ACCG.other.total.client_req_count                             0         0.00 Total number of client requests processed
ACCG.other.total.client_req_hdrbytes                             0         0.00 Client request header bytes total
ACCG.other.total.client_req_bodybytes                             0         0.00 Client request body bytes total
ACCG.other.sub.client_req_count                             0         0.00 Total number of client requests processed
ACCG.other.sub.client_req_hdrbytes                             0         0.00 Client request header bytes total
ACCG.other.sub.client_req_bodybytes                             0         0.00 Client request body bytes total
ACCG.private.oci.client_req_count                         27416         0.02 Total number of client requests processed
ACCG.private.oci.client_req_hdrbytes                       5816967         3.51 Client request header bytes total
ACCG.private.oci.client_req_bodybytes                             0         0.00 Client request body bytes total
--- 15:34:46 ---
MAIN.client_req_400                             0         0.00 Client requests received, subject to 400 errors
MAIN.client_req_417                             0         0.00 Client requests received, subject to 417 errors
MAIN.client_req                         27416         0.02 Good client requests received
MAIN.cache_hit                         20448         0.01 Cache hits
MAIN.cache_hit_grace                             0         0.00 Cache grace hits
MAIN.cache_hitpass                             0         0.00 Cache hits for pass.
MAIN.cache_hitmiss                           394         0.00 Cache hits for miss.
MAIN.cache_miss                          6968         0.00 Cache misses
MAIN.threads_limited                             0         0.00 Threads hit max
MAIN.thread_queue_len                             0          .   Length of session queue
MAIN.busy_sleep                           703         0.00 Number of requests sent to sleep on busy objhdr
MAIN.sess_queued                           869         0.00 Sessions queued for thread
MAIN.sess_dropped                             0         0.00 Sessions dropped for thread
MAIN.n_object                          6042          .   object structs made
MAIN.n_object_hitmiss                          5976          .   object structs made that are hit-for-miss
MAIN.n_object_hitpass                             0          .   object structs made that are hit-for-pass
MAIN.n_objectcore                          6176          .   objectcore structs made
MAIN.n_objecthead                          1153          .   objecthead structs made
MAIN.goto_dns_cache_hits                             0         0.00 Cache hits within vmod_goto's DNS
SLICER.slice_cache_hit                             0         0.00 Count of slicer subrequest cache hits
SLICER.slice_cache_miss                             0         0.00 Count of slicer subrequest cache misses
SLICER.meta_cache_hit                             0         0.00 Count of cache hits for slicer top-level requests
SLICER.meta_cache_miss                             0         0.00 Count of cache misses for slicer top-level requests
MSE4_MEM.c_memcache_hit                             0         0.00 Stored objects memory cache hits
MSE4_MEM.c_memcache_miss                             0         0.00 Stored objects memory cache misses
ACCG.std.total.client_req_count                         27416         0.02 Total number of client requests processed
ACCG.std.total.client_req_hdrbytes                       5816967         3.51 Client request header bytes total
ACCG.std.total.client_req_bodybytes                             0         0.00 Client request body bytes total
ACCG.std.sub.client_req_count                             0         0.00 Total number of client requests processed
ACCG.std.sub.client_req_hdrbytes                             0         0.00 Client request header bytes total
ACCG.std.sub.client_req_bodybytes                             0         0.00 Client request body bytes total
ACCG.private.total.client_req_count                         27416         0.02 Total number of client requests processed
ACCG.private.total.client_req_hdrbytes                       5816967         3.51 Client request header bytes total
ACCG.private.total.client_req_bodybytes                             0         0.00 Client request body bytes total
ACCG.private.sub.client_req_count                             0         0.00 Total number of client requests processed
ACCG.private.sub.client_req_hdrbytes                             0         0.00 Client request header bytes total
ACCG.private.sub.client_req_bodybytes                             0         0.00 Client request body bytes total
ACCG.other.total.client_req_count                             0         0.00 Total number of client requests processed
ACCG.other.total.client_req_hdrbytes                             0         0.00 Client request header bytes total
ACCG.other.total.client_req_bodybytes                             0         0.00 Client request body bytes total
ACCG.other.sub.client_req_count                             0         0.00 Total number of client requests processed
ACCG.other.sub.client_req_hdrbytes                             0         0.00 Client request header bytes total
ACCG.other.sub.client_req_bodybytes                             0         0.00 Client request body bytes total
ACCG.private.oci.client_req_count                         27416         0.02 Total number of client requests processed
ACCG.private.oci.client_req_hdrbytes                       5816967         3.51 Client request header bytes total
ACCG.private.oci.client_req_bodybytes                             0         0.00 Client request body bytes total
--- 15:34:47 ---
MAIN.client_req_400                             0         0.00 Client requests received, subject to 400 errors
MAIN.client_req_417                             0         0.00 Client requests received, subject to 417 errors
MAIN.client_req                         27416         0.02 Good client requests received
MAIN.cache_hit                         20448         0.01 Cache hits
MAIN.cache_hit_grace                             0         0.00 Cache grace hits
MAIN.cache_hitpass                             0         0.00 Cache hits for pass.
MAIN.cache_hitmiss                           394         0.00 Cache hits for miss.
MAIN.cache_miss                          6968         0.00 Cache misses
MAIN.threads_limited                             0         0.00 Threads hit max
MAIN.thread_queue_len                             0          .   Length of session queue
MAIN.busy_sleep                           703         0.00 Number of requests sent to sleep on busy objhdr
MAIN.sess_queued                           869         0.00 Sessions queued for thread
MAIN.sess_dropped                             0         0.00 Sessions dropped for thread
MAIN.n_object                          6042          .   object structs made
MAIN.n_object_hitmiss                          5976          .   object structs made that are hit-for-miss
MAIN.n_object_hitpass                             0          .   object structs made that are hit-for-pass
MAIN.n_objectcore                          6176          .   objectcore structs made
MAIN.n_objecthead                          1153          .   objecthead structs made
MAIN.goto_dns_cache_hits                             0         0.00 Cache hits within vmod_goto's DNS
SLICER.slice_cache_hit                             0         0.00 Count of slicer subrequest cache hits
SLICER.slice_cache_miss                             0         0.00 Count of slicer subrequest cache misses
SLICER.meta_cache_hit                             0         0.00 Count of cache hits for slicer top-level requests
SLICER.meta_cache_miss                             0         0.00 Count of cache misses for slicer top-level requests
MSE4_MEM.c_memcache_hit                             0         0.00 Stored objects memory cache hits
MSE4_MEM.c_memcache_miss                             0         0.00 Stored objects memory cache misses
ACCG.std.total.client_req_count                         27416         0.02 Total number of client requests processed
ACCG.std.total.client_req_hdrbytes                       5816967         3.51 Client request header bytes total
ACCG.std.total.client_req_bodybytes                             0         0.00 Client request body bytes total
ACCG.std.sub.client_req_count                             0         0.00 Total number of client requests processed
ACCG.std.sub.client_req_hdrbytes                             0         0.00 Client request header bytes total
ACCG.std.sub.client_req_bodybytes                             0         0.00 Client request body bytes total
ACCG.private.total.client_req_count                         27416         0.02 Total number of client requests processed
ACCG.private.total.client_req_hdrbytes                       5816967         3.51 Client request header bytes total
ACCG.private.total.client_req_bodybytes                             0         0.00 Client request body bytes total
ACCG.private.sub.client_req_count                             0         0.00 Total number of client requests processed
ACCG.private.sub.client_req_hdrbytes                             0         0.00 Client request header bytes total
ACCG.private.sub.client_req_bodybytes                             0         0.00 Client request body bytes total
ACCG.other.total.client_req_count                             0         0.00 Total number of client requests processed
ACCG.other.total.client_req_hdrbytes                             0         0.00 Client request header bytes total
ACCG.other.total.client_req_bodybytes                             0         0.00 Client request body bytes total
ACCG.other.sub.client_req_count                             0         0.00 Total number of client requests processed
ACCG.other.sub.client_req_hdrbytes                             0         0.00 Client request header bytes total
ACCG.other.sub.client_req_bodybytes                             0         0.00 Client request body bytes total
ACCG.private.oci.client_req_count                         27416         0.02 Total number of client requests processed
ACCG.private.oci.client_req_hdrbytes                       5816967         3.51 Client request header bytes total
ACCG.private.oci.client_req_bodybytes                             0         0.00 Client request body bytes total
--- 15:34:48 ---
MAIN.client_req_400                             0         0.00 Client requests received, subject to 400 errors
MAIN.client_req_417                             0         0.00 Client requests received, subject to 417 errors
MAIN.client_req                         27416         0.02 Good client requests received
MAIN.cache_hit                         20448         0.01 Cache hits
MAIN.cache_hit_grace                             0         0.00 Cache grace hits
MAIN.cache_hitpass                             0         0.00 Cache hits for pass.
MAIN.cache_hitmiss                           394         0.00 Cache hits for miss.
MAIN.cache_miss                          6968         0.00 Cache misses
MAIN.threads_limited                             0         0.00 Threads hit max
MAIN.thread_queue_len                             0          .   Length of session queue
MAIN.busy_sleep                           703         0.00 Number of requests sent to sleep on busy objhdr
MAIN.sess_queued                           869         0.00 Sessions queued for thread
MAIN.sess_dropped                             0         0.00 Sessions dropped for thread
MAIN.n_object                          6042          .   object structs made
MAIN.n_object_hitmiss                          5976          .   object structs made that are hit-for-miss
MAIN.n_object_hitpass                             0          .   object structs made that are hit-for-pass
MAIN.n_objectcore                          6176          .   objectcore structs made
MAIN.n_objecthead                          1153          .   objecthead structs made
MAIN.goto_dns_cache_hits                             0         0.00 Cache hits within vmod_goto's DNS
SLICER.slice_cache_hit                             0         0.00 Count of slicer subrequest cache hits
SLICER.slice_cache_miss                             0         0.00 Count of slicer subrequest cache misses
SLICER.meta_cache_hit                             0         0.00 Count of cache hits for slicer top-level requests
SLICER.meta_cache_miss                             0         0.00 Count of cache misses for slicer top-level requests
MSE4_MEM.c_memcache_hit                             0         0.00 Stored objects memory cache hits
MSE4_MEM.c_memcache_miss                             0         0.00 Stored objects memory cache misses
ACCG.std.total.client_req_count                         27416         0.02 Total number of client requests processed
ACCG.std.total.client_req_hdrbytes                       5816967         3.51 Client request header bytes total
ACCG.std.total.client_req_bodybytes                             0         0.00 Client request body bytes total
ACCG.std.sub.client_req_count                             0         0.00 Total number of client requests processed
ACCG.std.sub.client_req_hdrbytes                             0         0.00 Client request header bytes total
ACCG.std.sub.client_req_bodybytes                             0         0.00 Client request body bytes total
ACCG.private.total.client_req_count                         27416         0.02 Total number of client requests processed
ACCG.private.total.client_req_hdrbytes                       5816967         3.51 Client request header bytes total
ACCG.private.total.client_req_bodybytes                             0         0.00 Client request body bytes total
ACCG.private.sub.client_req_count                             0         0.00 Total number of client requests processed
ACCG.private.sub.client_req_hdrbytes                             0         0.00 Client request header bytes total
ACCG.private.sub.client_req_bodybytes                             0         0.00 Client request body bytes total
ACCG.other.total.client_req_count                             0         0.00 Total number of client requests processed
ACCG.other.total.client_req_hdrbytes                             0         0.00 Client request header bytes total
ACCG.other.total.client_req_bodybytes                             0         0.00 Client request body bytes total
ACCG.other.sub.client_req_count                             0         0.00 Total number of client requests processed
ACCG.other.sub.client_req_hdrbytes                             0         0.00 Client request header bytes total
ACCG.other.sub.client_req_bodybytes                             0         0.00 Client request body bytes total
ACCG.private.oci.client_req_count                         27416         0.02 Total number of client requests processed
ACCG.private.oci.client_req_hdrbytes                       5816967         3.51 Client request header bytes total
ACCG.private.oci.client_req_bodybytes                             0         0.00 Client request body bytes total
--- 15:34:49 ---
MAIN.client_req_400                             0         0.00 Client requests received, subject to 400 errors
MAIN.client_req_417                             0         0.00 Client requests received, subject to 417 errors
MAIN.client_req                         27416         0.02 Good client requests received
MAIN.cache_hit                         20448         0.01 Cache hits
MAIN.cache_hit_grace                             0         0.00 Cache grace hits
MAIN.cache_hitpass                             0         0.00 Cache hits for pass.
MAIN.cache_hitmiss                           394         0.00 Cache hits for miss.
MAIN.cache_miss                          6968         0.00 Cache misses
MAIN.threads_limited                             0         0.00 Threads hit max
MAIN.thread_queue_len                             0          .   Length of session queue
MAIN.busy_sleep                           703         0.00 Number of requests sent to sleep on busy objhdr
MAIN.sess_queued                           869         0.00 Sessions queued for thread
MAIN.sess_dropped                             0         0.00 Sessions dropped for thread
MAIN.n_object                          6042          .   object structs made
MAIN.n_object_hitmiss                          5976          .   object structs made that are hit-for-miss
MAIN.n_object_hitpass                             0          .   object structs made that are hit-for-pass
MAIN.n_objectcore                          6176          .   objectcore structs made
MAIN.n_objecthead                          1153          .   objecthead structs made
MAIN.goto_dns_cache_hits                             0         0.00 Cache hits within vmod_goto's DNS
SLICER.slice_cache_hit                             0         0.00 Count of slicer subrequest cache hits
SLICER.slice_cache_miss                             0         0.00 Count of slicer subrequest cache misses
SLICER.meta_cache_hit                             0         0.00 Count of cache hits for slicer top-level requests
SLICER.meta_cache_miss                             0         0.00 Count of cache misses for slicer top-level requests
MSE4_MEM.c_memcache_hit                             0         0.00 Stored objects memory cache hits
MSE4_MEM.c_memcache_miss                             0         0.00 Stored objects memory cache misses
ACCG.std.total.client_req_count                         27416         0.02 Total number of client requests processed
ACCG.std.total.client_req_hdrbytes                       5816967         3.51 Client request header bytes total
ACCG.std.total.client_req_bodybytes                             0         0.00 Client request body bytes total
ACCG.std.sub.client_req_count                             0         0.00 Total number of client requests processed
ACCG.std.sub.client_req_hdrbytes                             0         0.00 Client request header bytes total
ACCG.std.sub.client_req_bodybytes                             0         0.00 Client request body bytes total
ACCG.private.total.client_req_count                         27416         0.02 Total number of client requests processed
ACCG.private.total.client_req_hdrbytes                       5816967         3.51 Client request header bytes total
ACCG.private.total.client_req_bodybytes                             0         0.00 Client request body bytes total
ACCG.private.sub.client_req_count                             0         0.00 Total number of client requests processed
ACCG.private.sub.client_req_hdrbytes                             0         0.00 Client request header bytes total
ACCG.private.sub.client_req_bodybytes                             0         0.00 Client request body bytes total
ACCG.other.total.client_req_count                             0         0.00 Total number of client requests processed
ACCG.other.total.client_req_hdrbytes                             0         0.00 Client request header bytes total
ACCG.other.total.client_req_bodybytes                             0         0.00 Client request body bytes total
ACCG.other.sub.client_req_count                             0         0.00 Total number of client requests processed
ACCG.other.sub.client_req_hdrbytes                             0         0.00 Client request header bytes total
ACCG.other.sub.client_req_bodybytes                             0         0.00 Client request body bytes total
ACCG.private.oci.client_req_count                         27416         0.02 Total number of client requests processed
ACCG.private.oci.client_req_hdrbytes                       5816967         3.51 Client request header bytes total
ACCG.private.oci.client_req_bodybytes                             0         0.00 Client request body bytes total
--- 15:34:50 ---
MAIN.client_req_400                             0         0.00 Client requests received, subject to 400 errors
MAIN.client_req_417                             0         0.00 Client requests received, subject to 417 errors
MAIN.client_req                         27416         0.02 Good client requests received
MAIN.cache_hit                         20448         0.01 Cache hits
MAIN.cache_hit_grace                             0         0.00 Cache grace hits
MAIN.cache_hitpass                             0         0.00 Cache hits for pass.
MAIN.cache_hitmiss                           394         0.00 Cache hits for miss.
MAIN.cache_miss                          6968         0.00 Cache misses
MAIN.threads_limited                             0         0.00 Threads hit max
MAIN.thread_queue_len                             0          .   Length of session queue
MAIN.busy_sleep                           703         0.00 Number of requests sent to sleep on busy objhdr
MAIN.sess_queued                           869         0.00 Sessions queued for thread
MAIN.sess_dropped                             0         0.00 Sessions dropped for thread
MAIN.n_object                          6042          .   object structs made
MAIN.n_object_hitmiss                          5976          .   object structs made that are hit-for-miss
MAIN.n_object_hitpass                             0          .   object structs made that are hit-for-pass
MAIN.n_objectcore                          6176          .   objectcore structs made
MAIN.n_objecthead                          1153          .   objecthead structs made
MAIN.goto_dns_cache_hits                             0         0.00 Cache hits within vmod_goto's DNS
SLICER.slice_cache_hit                             0         0.00 Count of slicer subrequest cache hits
SLICER.slice_cache_miss                             0         0.00 Count of slicer subrequest cache misses
SLICER.meta_cache_hit                             0         0.00 Count of cache hits for slicer top-level requests
SLICER.meta_cache_miss                             0         0.00 Count of cache misses for slicer top-level requests
MSE4_MEM.c_memcache_hit                             0         0.00 Stored objects memory cache hits
MSE4_MEM.c_memcache_miss                             0         0.00 Stored objects memory cache misses
ACCG.std.total.client_req_count                         27416         0.02 Total number of client requests processed
ACCG.std.total.client_req_hdrbytes                       5816967         3.51 Client request header bytes total
ACCG.std.total.client_req_bodybytes                             0         0.00 Client request body bytes total
ACCG.std.sub.client_req_count                             0         0.00 Total number of client requests processed
ACCG.std.sub.client_req_hdrbytes                             0         0.00 Client request header bytes total
ACCG.std.sub.client_req_bodybytes                             0         0.00 Client request body bytes total
ACCG.private.total.client_req_count                         27416         0.02 Total number of client requests processed
ACCG.private.total.client_req_hdrbytes                       5816967         3.51 Client request header bytes total
ACCG.private.total.client_req_bodybytes                             0         0.00 Client request body bytes total
ACCG.private.sub.client_req_count                             0         0.00 Total number of client requests processed
ACCG.private.sub.client_req_hdrbytes                             0         0.00 Client request header bytes total
ACCG.private.sub.client_req_bodybytes                             0         0.00 Client request body bytes total
ACCG.other.total.client_req_count                             0         0.00 Total number of client requests processed
ACCG.other.total.client_req_hdrbytes                             0         0.00 Client request header bytes total
ACCG.other.total.client_req_bodybytes                             0         0.00 Client request body bytes total
ACCG.other.sub.client_req_count                             0         0.00 Total number of client requests processed
ACCG.other.sub.client_req_hdrbytes                             0         0.00 Client request header bytes total
ACCG.other.sub.client_req_bodybytes                             0         0.00 Client request body bytes total
ACCG.private.oci.client_req_count                         27416         0.02 Total number of client requests processed
ACCG.private.oci.client_req_hdrbytes                       5816967         3.51 Client request header bytes total
ACCG.private.oci.client_req_bodybytes                             0         0.00 Client request body bytes total
--- 15:34:51 ---
MAIN.client_req_400                             0         0.00 Client requests received, subject to 400 errors
MAIN.client_req_417                             0         0.00 Client requests received, subject to 417 errors
MAIN.client_req                         27416         0.02 Good client requests received
MAIN.cache_hit                         20448         0.01 Cache hits
MAIN.cache_hit_grace                             0         0.00 Cache grace hits
MAIN.cache_hitpass                             0         0.00 Cache hits for pass.
MAIN.cache_hitmiss                           394         0.00 Cache hits for miss.
MAIN.cache_miss                          6968         0.00 Cache misses
MAIN.threads_limited                             0         0.00 Threads hit max
MAIN.thread_queue_len                             0          .   Length of session queue
MAIN.busy_sleep                           703         0.00 Number of requests sent to sleep on busy objhdr
MAIN.sess_queued                           869         0.00 Sessions queued for thread
MAIN.sess_dropped                             0         0.00 Sessions dropped for thread
MAIN.n_object                          6042          .   object structs made
MAIN.n_object_hitmiss                          5976          .   object structs made that are hit-for-miss
MAIN.n_object_hitpass                             0          .   object structs made that are hit-for-pass
MAIN.n_objectcore                          6176          .   objectcore structs made
MAIN.n_objecthead                          1153          .   objecthead structs made
MAIN.goto_dns_cache_hits                             0         0.00 Cache hits within vmod_goto's DNS
SLICER.slice_cache_hit                             0         0.00 Count of slicer subrequest cache hits
SLICER.slice_cache_miss                             0         0.00 Count of slicer subrequest cache misses
SLICER.meta_cache_hit                             0         0.00 Count of cache hits for slicer top-level requests
SLICER.meta_cache_miss                             0         0.00 Count of cache misses for slicer top-level requests
MSE4_MEM.c_memcache_hit                             0         0.00 Stored objects memory cache hits
MSE4_MEM.c_memcache_miss                             0         0.00 Stored objects memory cache misses
ACCG.std.total.client_req_count                         27416         0.02 Total number of client requests processed
ACCG.std.total.client_req_hdrbytes                       5816967         3.51 Client request header bytes total
ACCG.std.total.client_req_bodybytes                             0         0.00 Client request body bytes total
ACCG.std.sub.client_req_count                             0         0.00 Total number of client requests processed
ACCG.std.sub.client_req_hdrbytes                             0         0.00 Client request header bytes total
ACCG.std.sub.client_req_bodybytes                             0         0.00 Client request body bytes total
ACCG.private.total.client_req_count                         27416         0.02 Total number of client requests processed
ACCG.private.total.client_req_hdrbytes                       5816967         3.51 Client request header bytes total
ACCG.private.total.client_req_bodybytes                             0         0.00 Client request body bytes total
ACCG.private.sub.client_req_count                             0         0.00 Total number of client requests processed
ACCG.private.sub.client_req_hdrbytes                             0         0.00 Client request header bytes total
ACCG.private.sub.client_req_bodybytes                             0         0.00 Client request body bytes total
ACCG.other.total.client_req_count                             0         0.00 Total number of client requests processed
ACCG.other.total.client_req_hdrbytes                             0         0.00 Client request header bytes total
ACCG.other.total.client_req_bodybytes                             0         0.00 Client request body bytes total
ACCG.other.sub.client_req_count                             0         0.00 Total number of client requests processed
ACCG.other.sub.client_req_hdrbytes                             0         0.00 Client request header bytes total
ACCG.other.sub.client_req_bodybytes                             0         0.00 Client request body bytes total
ACCG.private.oci.client_req_count                         27416         0.02 Total number of client requests processed
ACCG.private.oci.client_req_hdrbytes                       5816967         3.51 Client request header bytes total
ACCG.private.oci.client_req_bodybytes                             0         0.00 Client request body bytes total
--- 15:34:52 ---
MAIN.client_req_400                             0         0.00 Client requests received, subject to 400 errors
MAIN.client_req_417                             0         0.00 Client requests received, subject to 417 errors
MAIN.client_req                         27416         0.02 Good client requests received
MAIN.cache_hit                         20448         0.01 Cache hits
MAIN.cache_hit_grace                             0         0.00 Cache grace hits
MAIN.cache_hitpass                             0         0.00 Cache hits for pass.
MAIN.cache_hitmiss                           394         0.00 Cache hits for miss.
MAIN.cache_miss                          6968         0.00 Cache misses
MAIN.threads_limited                             0         0.00 Threads hit max
MAIN.thread_queue_len                             0          .   Length of session queue
MAIN.busy_sleep                           703         0.00 Number of requests sent to sleep on busy objhdr
MAIN.sess_queued                           869         0.00 Sessions queued for thread
MAIN.sess_dropped                             0         0.00 Sessions dropped for thread
MAIN.n_object                          6042          .   object structs made
MAIN.n_object_hitmiss                          5976          .   object structs made that are hit-for-miss
MAIN.n_object_hitpass                             0          .   object structs made that are hit-for-pass
MAIN.n_objectcore                          6176          .   objectcore structs made
MAIN.n_objecthead                          1153          .   objecthead structs made
MAIN.goto_dns_cache_hits                             0         0.00 Cache hits within vmod_goto's DNS
SLICER.slice_cache_hit                             0         0.00 Count of slicer subrequest cache hits
SLICER.slice_cache_miss                             0         0.00 Count of slicer subrequest cache misses
SLICER.meta_cache_hit                             0         0.00 Count of cache hits for slicer top-level requests
SLICER.meta_cache_miss                             0         0.00 Count of cache misses for slicer top-level requests
MSE4_MEM.c_memcache_hit                             0         0.00 Stored objects memory cache hits
MSE4_MEM.c_memcache_miss                             0         0.00 Stored objects memory cache misses
ACCG.std.total.client_req_count                         27416         0.02 Total number of client requests processed
ACCG.std.total.client_req_hdrbytes                       5816967         3.51 Client request header bytes total
ACCG.std.total.client_req_bodybytes                             0         0.00 Client request body bytes total
ACCG.std.sub.client_req_count                             0         0.00 Total number of client requests processed
ACCG.std.sub.client_req_hdrbytes                             0         0.00 Client request header bytes total
ACCG.std.sub.client_req_bodybytes                             0         0.00 Client request body bytes total
ACCG.private.total.client_req_count                         27416         0.02 Total number of client requests processed
ACCG.private.total.client_req_hdrbytes                       5816967         3.51 Client request header bytes total
ACCG.private.total.client_req_bodybytes                             0         0.00 Client request body bytes total
ACCG.private.sub.client_req_count                             0         0.00 Total number of client requests processed
ACCG.private.sub.client_req_hdrbytes                             0         0.00 Client request header bytes total
ACCG.private.sub.client_req_bodybytes                             0         0.00 Client request body bytes total
ACCG.other.total.client_req_count                             0         0.00 Total number of client requests processed
ACCG.other.total.client_req_hdrbytes                             0         0.00 Client request header bytes total
ACCG.other.total.client_req_bodybytes                             0         0.00 Client request body bytes total
ACCG.other.sub.client_req_count                             0         0.00 Total number of client requests processed
ACCG.other.sub.client_req_hdrbytes                             0         0.00 Client request header bytes total
ACCG.other.sub.client_req_bodybytes                             0         0.00 Client request body bytes total
ACCG.private.oci.client_req_count                         27416         0.02 Total number of client requests processed
ACCG.private.oci.client_req_hdrbytes                       5816967         3.51 Client request header bytes total
ACCG.private.oci.client_req_bodybytes                             0         0.00 Client request body bytes total
--- 15:34:54 ---
MAIN.client_req_400                             0         0.00 Client requests received, subject to 400 errors
MAIN.client_req_417                             0         0.00 Client requests received, subject to 417 errors
MAIN.client_req                         27416         0.02 Good client requests received
MAIN.cache_hit                         20448         0.01 Cache hits
MAIN.cache_hit_grace                             0         0.00 Cache grace hits
MAIN.cache_hitpass                             0         0.00 Cache hits for pass.
MAIN.cache_hitmiss                           394         0.00 Cache hits for miss.
MAIN.cache_miss                          6968         0.00 Cache misses
MAIN.threads_limited                             0         0.00 Threads hit max
MAIN.thread_queue_len                             0          .   Length of session queue
MAIN.busy_sleep                           703         0.00 Number of requests sent to sleep on busy objhdr
MAIN.sess_queued                           869         0.00 Sessions queued for thread
MAIN.sess_dropped                             0         0.00 Sessions dropped for thread
MAIN.n_object                          6042          .   object structs made
MAIN.n_object_hitmiss                          5976          .   object structs made that are hit-for-miss
MAIN.n_object_hitpass                             0          .   object structs made that are hit-for-pass
MAIN.n_objectcore                          6176          .   objectcore structs made
MAIN.n_objecthead                          1153          .   objecthead structs made
MAIN.goto_dns_cache_hits                             0         0.00 Cache hits within vmod_goto's DNS
SLICER.slice_cache_hit                             0         0.00 Count of slicer subrequest cache hits
SLICER.slice_cache_miss                             0         0.00 Count of slicer subrequest cache misses
SLICER.meta_cache_hit                             0         0.00 Count of cache hits for slicer top-level requests
SLICER.meta_cache_miss                             0         0.00 Count of cache misses for slicer top-level requests
MSE4_MEM.c_memcache_hit                             0         0.00 Stored objects memory cache hits
MSE4_MEM.c_memcache_miss                             0         0.00 Stored objects memory cache misses
ACCG.std.total.client_req_count                         27416         0.02 Total number of client requests processed
ACCG.std.total.client_req_hdrbytes                       5816967         3.51 Client request header bytes total
ACCG.std.total.client_req_bodybytes                             0         0.00 Client request body bytes total
ACCG.std.sub.client_req_count                             0         0.00 Total number of client requests processed
ACCG.std.sub.client_req_hdrbytes                             0         0.00 Client request header bytes total
ACCG.std.sub.client_req_bodybytes                             0         0.00 Client request body bytes total
ACCG.private.total.client_req_count                         27416         0.02 Total number of client requests processed
ACCG.private.total.client_req_hdrbytes                       5816967         3.51 Client request header bytes total
ACCG.private.total.client_req_bodybytes                             0         0.00 Client request body bytes total
ACCG.private.sub.client_req_count                             0         0.00 Total number of client requests processed
ACCG.private.sub.client_req_hdrbytes                             0         0.00 Client request header bytes total
ACCG.private.sub.client_req_bodybytes                             0         0.00 Client request body bytes total
ACCG.other.total.client_req_count                             0         0.00 Total number of client requests processed
ACCG.other.total.client_req_hdrbytes                             0         0.00 Client request header bytes total
ACCG.other.total.client_req_bodybytes                             0         0.00 Client request body bytes total
ACCG.other.sub.client_req_count                             0         0.00 Total number of client requests processed
ACCG.other.sub.client_req_hdrbytes                             0         0.00 Client request header bytes total
ACCG.other.sub.client_req_bodybytes                             0         0.00 Client request body bytes total
ACCG.private.oci.client_req_count                         27416         0.02 Total number of client requests processed
ACCG.private.oci.client_req_hdrbytes                       5816967         3.51 Client request header bytes total
ACCG.private.oci.client_req_bodybytes                             0         0.00 Client request body bytes total
--- 15:34:55 ---
MAIN.client_req_400                             0         0.00 Client requests received, subject to 400 errors
MAIN.client_req_417                             0         0.00 Client requests received, subject to 417 errors
MAIN.client_req                         27416         0.02 Good client requests received
MAIN.cache_hit                         20448         0.01 Cache hits
MAIN.cache_hit_grace                             0         0.00 Cache grace hits
MAIN.cache_hitpass                             0         0.00 Cache hits for pass.
MAIN.cache_hitmiss                           394         0.00 Cache hits for miss.
MAIN.cache_miss                          6968         0.00 Cache misses
MAIN.threads_limited                             0         0.00 Threads hit max
MAIN.thread_queue_len                             0          .   Length of session queue
MAIN.busy_sleep                           703         0.00 Number of requests sent to sleep on busy objhdr
MAIN.sess_queued                           869         0.00 Sessions queued for thread
MAIN.sess_dropped                             0         0.00 Sessions dropped for thread
MAIN.n_object                          6042          .   object structs made
MAIN.n_object_hitmiss                          5976          .   object structs made that are hit-for-miss
MAIN.n_object_hitpass                             0          .   object structs made that are hit-for-pass
MAIN.n_objectcore                          6176          .   objectcore structs made
MAIN.n_objecthead                          1153          .   objecthead structs made
MAIN.goto_dns_cache_hits                             0         0.00 Cache hits within vmod_goto's DNS
SLICER.slice_cache_hit                             0         0.00 Count of slicer subrequest cache hits
SLICER.slice_cache_miss                             0         0.00 Count of slicer subrequest cache misses
SLICER.meta_cache_hit                             0         0.00 Count of cache hits for slicer top-level requests
SLICER.meta_cache_miss                             0         0.00 Count of cache misses for slicer top-level requests
MSE4_MEM.c_memcache_hit                             0         0.00 Stored objects memory cache hits
MSE4_MEM.c_memcache_miss                             0         0.00 Stored objects memory cache misses
ACCG.std.total.client_req_count                         27416         0.02 Total number of client requests processed
ACCG.std.total.client_req_hdrbytes                       5816967         3.51 Client request header bytes total
ACCG.std.total.client_req_bodybytes                             0         0.00 Client request body bytes total
ACCG.std.sub.client_req_count                             0         0.00 Total number of client requests processed
ACCG.std.sub.client_req_hdrbytes                             0         0.00 Client request header bytes total
ACCG.std.sub.client_req_bodybytes                             0         0.00 Client request body bytes total
ACCG.private.total.client_req_count                         27416         0.02 Total number of client requests processed
ACCG.private.total.client_req_hdrbytes                       5816967         3.51 Client request header bytes total
ACCG.private.total.client_req_bodybytes                             0         0.00 Client request body bytes total
ACCG.private.sub.client_req_count                             0         0.00 Total number of client requests processed
ACCG.private.sub.client_req_hdrbytes                             0         0.00 Client request header bytes total
ACCG.private.sub.client_req_bodybytes                             0         0.00 Client request body bytes total
ACCG.other.total.client_req_count                             0         0.00 Total number of client requests processed
ACCG.other.total.client_req_hdrbytes                             0         0.00 Client request header bytes total
ACCG.other.total.client_req_bodybytes                             0         0.00 Client request body bytes total
ACCG.other.sub.client_req_count                             0         0.00 Total number of client requests processed
ACCG.other.sub.client_req_hdrbytes                             0         0.00 Client request header bytes total
ACCG.other.sub.client_req_bodybytes                             0         0.00 Client request body bytes total
ACCG.private.oci.client_req_count                         27416         0.02 Total number of client requests processed
ACCG.private.oci.client_req_hdrbytes                       5816967         3.51 Client request header bytes total
ACCG.private.oci.client_req_bodybytes                             0         0.00 Client request body bytes total
--- 15:34:56 ---
MAIN.client_req_400                             0         0.00 Client requests received, subject to 400 errors
MAIN.client_req_417                             0         0.00 Client requests received, subject to 417 errors
MAIN.client_req                         27416         0.02 Good client requests received
MAIN.cache_hit                         20448         0.01 Cache hits
MAIN.cache_hit_grace                             0         0.00 Cache grace hits
MAIN.cache_hitpass                             0         0.00 Cache hits for pass.
MAIN.cache_hitmiss                           394         0.00 Cache hits for miss.
MAIN.cache_miss                          6968         0.00 Cache misses
MAIN.threads_limited                             0         0.00 Threads hit max
MAIN.thread_queue_len                             0          .   Length of session queue
MAIN.busy_sleep                           703         0.00 Number of requests sent to sleep on busy objhdr
MAIN.sess_queued                           869         0.00 Sessions queued for thread
MAIN.sess_dropped                             0         0.00 Sessions dropped for thread
MAIN.n_object                          6042          .   object structs made
MAIN.n_object_hitmiss                          5976          .   object structs made that are hit-for-miss
MAIN.n_object_hitpass                             0          .   object structs made that are hit-for-pass
MAIN.n_objectcore                          6176          .   objectcore structs made
MAIN.n_objecthead                          1153          .   objecthead structs made
MAIN.goto_dns_cache_hits                             0         0.00 Cache hits within vmod_goto's DNS
SLICER.slice_cache_hit                             0         0.00 Count of slicer subrequest cache hits
SLICER.slice_cache_miss                             0         0.00 Count of slicer subrequest cache misses
SLICER.meta_cache_hit                             0         0.00 Count of cache hits for slicer top-level requests
SLICER.meta_cache_miss                             0         0.00 Count of cache misses for slicer top-level requests
MSE4_MEM.c_memcache_hit                             0         0.00 Stored objects memory cache hits
MSE4_MEM.c_memcache_miss                             0         0.00 Stored objects memory cache misses
ACCG.std.total.client_req_count                         27416         0.02 Total number of client requests processed
ACCG.std.total.client_req_hdrbytes                       5816967         3.51 Client request header bytes total
ACCG.std.total.client_req_bodybytes                             0         0.00 Client request body bytes total
ACCG.std.sub.client_req_count                             0         0.00 Total number of client requests processed
ACCG.std.sub.client_req_hdrbytes                             0         0.00 Client request header bytes total
ACCG.std.sub.client_req_bodybytes                             0         0.00 Client request body bytes total
ACCG.private.total.client_req_count                         27416         0.02 Total number of client requests processed
ACCG.private.total.client_req_hdrbytes                       5816967         3.51 Client request header bytes total
ACCG.private.total.client_req_bodybytes                             0         0.00 Client request body bytes total
ACCG.private.sub.client_req_count                             0         0.00 Total number of client requests processed
ACCG.private.sub.client_req_hdrbytes                             0         0.00 Client request header bytes total
ACCG.private.sub.client_req_bodybytes                             0         0.00 Client request body bytes total
ACCG.other.total.client_req_count                             0         0.00 Total number of client requests processed
ACCG.other.total.client_req_hdrbytes                             0         0.00 Client request header bytes total
ACCG.other.total.client_req_bodybytes                             0         0.00 Client request body bytes total
ACCG.other.sub.client_req_count                             0         0.00 Total number of client requests processed
ACCG.other.sub.client_req_hdrbytes                             0         0.00 Client request header bytes total
ACCG.other.sub.client_req_bodybytes                             0         0.00 Client request body bytes total
ACCG.private.oci.client_req_count                         27416         0.02 Total number of client requests processed
ACCG.private.oci.client_req_hdrbytes                       5816967         3.51 Client request header bytes total
ACCG.private.oci.client_req_bodybytes                             0         0.00 Client request body bytes total
--- 15:34:57 ---
MAIN.client_req_400                             0         0.00 Client requests received, subject to 400 errors
MAIN.client_req_417                             0         0.00 Client requests received, subject to 417 errors
MAIN.client_req                         27416         0.02 Good client requests received
MAIN.cache_hit                         20448         0.01 Cache hits
MAIN.cache_hit_grace                             0         0.00 Cache grace hits
MAIN.cache_hitpass                             0         0.00 Cache hits for pass.
MAIN.cache_hitmiss                           394         0.00 Cache hits for miss.
MAIN.cache_miss                          6968         0.00 Cache misses
MAIN.threads_limited                             0         0.00 Threads hit max
MAIN.thread_queue_len                             0          .   Length of session queue
MAIN.busy_sleep                           703         0.00 Number of requests sent to sleep on busy objhdr
MAIN.sess_queued                           869         0.00 Sessions queued for thread
MAIN.sess_dropped                             0         0.00 Sessions dropped for thread
MAIN.n_object                          6042          .   object structs made
MAIN.n_object_hitmiss                          5976          .   object structs made that are hit-for-miss
MAIN.n_object_hitpass                             0          .   object structs made that are hit-for-pass
MAIN.n_objectcore                          6176          .   objectcore structs made
MAIN.n_objecthead                          1153          .   objecthead structs made
MAIN.goto_dns_cache_hits                             0         0.00 Cache hits within vmod_goto's DNS
SLICER.slice_cache_hit                             0         0.00 Count of slicer subrequest cache hits
SLICER.slice_cache_miss                             0         0.00 Count of slicer subrequest cache misses
SLICER.meta_cache_hit                             0         0.00 Count of cache hits for slicer top-level requests
SLICER.meta_cache_miss                             0         0.00 Count of cache misses for slicer top-level requests
MSE4_MEM.c_memcache_hit                             0         0.00 Stored objects memory cache hits
MSE4_MEM.c_memcache_miss                             0         0.00 Stored objects memory cache misses
ACCG.std.total.client_req_count                         27416         0.02 Total number of client requests processed
ACCG.std.total.client_req_hdrbytes                       5816967         3.51 Client request header bytes total
ACCG.std.total.client_req_bodybytes                             0         0.00 Client request body bytes total
ACCG.std.sub.client_req_count                             0         0.00 Total number of client requests processed
ACCG.std.sub.client_req_hdrbytes                             0         0.00 Client request header bytes total
ACCG.std.sub.client_req_bodybytes                             0         0.00 Client request body bytes total
ACCG.private.total.client_req_count                         27416         0.02 Total number of client requests processed
ACCG.private.total.client_req_hdrbytes                       5816967         3.51 Client request header bytes total
ACCG.private.total.client_req_bodybytes                             0         0.00 Client request body bytes total
ACCG.private.sub.client_req_count                             0         0.00 Total number of client requests processed
ACCG.private.sub.client_req_hdrbytes                             0         0.00 Client request header bytes total
ACCG.private.sub.client_req_bodybytes                             0         0.00 Client request body bytes total
ACCG.other.total.client_req_count                             0         0.00 Total number of client requests processed
ACCG.other.total.client_req_hdrbytes                             0         0.00 Client request header bytes total
ACCG.other.total.client_req_bodybytes                             0         0.00 Client request body bytes total
ACCG.other.sub.client_req_count                             0         0.00 Total number of client requests processed
ACCG.other.sub.client_req_hdrbytes                             0         0.00 Client request header bytes total
ACCG.other.sub.client_req_bodybytes                             0         0.00 Client request body bytes total
ACCG.private.oci.client_req_count                         27416         0.02 Total number of client requests processed
ACCG.private.oci.client_req_hdrbytes                       5816967         3.51 Client request header bytes total
ACCG.private.oci.client_req_bodybytes                             0         0.00 Client request body bytes total
--- 15:34:58 ---
MAIN.client_req_400                             0         0.00 Client requests received, subject to 400 errors
MAIN.client_req_417                             0         0.00 Client requests received, subject to 417 errors
MAIN.client_req                         27416         0.02 Good client requests received
MAIN.cache_hit                         20448         0.01 Cache hits
MAIN.cache_hit_grace                             0         0.00 Cache grace hits
MAIN.cache_hitpass                             0         0.00 Cache hits for pass.
MAIN.cache_hitmiss                           394         0.00 Cache hits for miss.
MAIN.cache_miss                          6968         0.00 Cache misses
MAIN.threads_limited                             0         0.00 Threads hit max
MAIN.thread_queue_len                             0          .   Length of session queue
MAIN.busy_sleep                           703         0.00 Number of requests sent to sleep on busy objhdr
MAIN.sess_queued                           869         0.00 Sessions queued for thread
MAIN.sess_dropped                             0         0.00 Sessions dropped for thread
MAIN.n_object                          6042          .   object structs made
MAIN.n_object_hitmiss                          5976          .   object structs made that are hit-for-miss
MAIN.n_object_hitpass                             0          .   object structs made that are hit-for-pass
MAIN.n_objectcore                          6176          .   objectcore structs made
MAIN.n_objecthead                          1153          .   objecthead structs made
MAIN.goto_dns_cache_hits                             0         0.00 Cache hits within vmod_goto's DNS
SLICER.slice_cache_hit                             0         0.00 Count of slicer subrequest cache hits
SLICER.slice_cache_miss                             0         0.00 Count of slicer subrequest cache misses
SLICER.meta_cache_hit                             0         0.00 Count of cache hits for slicer top-level requests
SLICER.meta_cache_miss                             0         0.00 Count of cache misses for slicer top-level requests
MSE4_MEM.c_memcache_hit                             0         0.00 Stored objects memory cache hits
MSE4_MEM.c_memcache_miss                             0         0.00 Stored objects memory cache misses
ACCG.std.total.client_req_count                         27416         0.02 Total number of client requests processed
ACCG.std.total.client_req_hdrbytes                       5816967         3.51 Client request header bytes total
ACCG.std.total.client_req_bodybytes                             0         0.00 Client request body bytes total
ACCG.std.sub.client_req_count                             0         0.00 Total number of client requests processed
ACCG.std.sub.client_req_hdrbytes                             0         0.00 Client request header bytes total
ACCG.std.sub.client_req_bodybytes                             0         0.00 Client request body bytes total
ACCG.private.total.client_req_count                         27416         0.02 Total number of client requests processed
ACCG.private.total.client_req_hdrbytes                       5816967         3.51 Client request header bytes total
ACCG.private.total.client_req_bodybytes                             0         0.00 Client request body bytes total
ACCG.private.sub.client_req_count                             0         0.00 Total number of client requests processed
ACCG.private.sub.client_req_hdrbytes                             0         0.00 Client request header bytes total
ACCG.private.sub.client_req_bodybytes                             0         0.00 Client request body bytes total
ACCG.other.total.client_req_count                             0         0.00 Total number of client requests processed
ACCG.other.total.client_req_hdrbytes                             0         0.00 Client request header bytes total
ACCG.other.total.client_req_bodybytes                             0         0.00 Client request body bytes total
ACCG.other.sub.client_req_count                             0         0.00 Total number of client requests processed
ACCG.other.sub.client_req_hdrbytes                             0         0.00 Client request header bytes total
ACCG.other.sub.client_req_bodybytes                             0         0.00 Client request body bytes total
ACCG.private.oci.client_req_count                         27416         0.02 Total number of client requests processed
ACCG.private.oci.client_req_hdrbytes                       5816967         3.51 Client request header bytes total
ACCG.private.oci.client_req_bodybytes                             0         0.00 Client request body bytes total
--- 15:34:59 ---
MAIN.client_req_400                             0         0.00 Client requests received, subject to 400 errors
MAIN.client_req_417                             0         0.00 Client requests received, subject to 417 errors
MAIN.client_req                         27416         0.02 Good client requests received
MAIN.cache_hit                         20448         0.01 Cache hits
MAIN.cache_hit_grace                             0         0.00 Cache grace hits
MAIN.cache_hitpass                             0         0.00 Cache hits for pass.
MAIN.cache_hitmiss                           394         0.00 Cache hits for miss.
MAIN.cache_miss                          6968         0.00 Cache misses
MAIN.threads_limited                             0         0.00 Threads hit max
MAIN.thread_queue_len                             0          .   Length of session queue
MAIN.busy_sleep                           703         0.00 Number of requests sent to sleep on busy objhdr
MAIN.sess_queued                           869         0.00 Sessions queued for thread
MAIN.sess_dropped                             0         0.00 Sessions dropped for thread
MAIN.n_object                          6042          .   object structs made
MAIN.n_object_hitmiss                          5976          .   object structs made that are hit-for-miss
MAIN.n_object_hitpass                             0          .   object structs made that are hit-for-pass
MAIN.n_objectcore                          6176          .   objectcore structs made
MAIN.n_objecthead                          1153          .   objecthead structs made
MAIN.goto_dns_cache_hits                             0         0.00 Cache hits within vmod_goto's DNS
SLICER.slice_cache_hit                             0         0.00 Count of slicer subrequest cache hits
SLICER.slice_cache_miss                             0         0.00 Count of slicer subrequest cache misses
SLICER.meta_cache_hit                             0         0.00 Count of cache hits for slicer top-level requests
SLICER.meta_cache_miss                             0         0.00 Count of cache misses for slicer top-level requests
MSE4_MEM.c_memcache_hit                             0         0.00 Stored objects memory cache hits
MSE4_MEM.c_memcache_miss                             0         0.00 Stored objects memory cache misses
ACCG.std.total.client_req_count                         27416         0.02 Total number of client requests processed
ACCG.std.total.client_req_hdrbytes                       5816967         3.51 Client request header bytes total
ACCG.std.total.client_req_bodybytes                             0         0.00 Client request body bytes total
ACCG.std.sub.client_req_count                             0         0.00 Total number of client requests processed
ACCG.std.sub.client_req_hdrbytes                             0         0.00 Client request header bytes total
ACCG.std.sub.client_req_bodybytes                             0         0.00 Client request body bytes total
ACCG.private.total.client_req_count                         27416         0.02 Total number of client requests processed
ACCG.private.total.client_req_hdrbytes                       5816967         3.51 Client request header bytes total
ACCG.private.total.client_req_bodybytes                             0         0.00 Client request body bytes total
ACCG.private.sub.client_req_count                             0         0.00 Total number of client requests processed
ACCG.private.sub.client_req_hdrbytes                             0         0.00 Client request header bytes total
ACCG.private.sub.client_req_bodybytes                             0         0.00 Client request body bytes total
ACCG.other.total.client_req_count                             0         0.00 Total number of client requests processed
ACCG.other.total.client_req_hdrbytes                             0         0.00 Client request header bytes total
ACCG.other.total.client_req_bodybytes                             0         0.00 Client request body bytes total
ACCG.other.sub.client_req_count                             0         0.00 Total number of client requests processed
ACCG.other.sub.client_req_hdrbytes                             0         0.00 Client request header bytes total
ACCG.other.sub.client_req_bodybytes                             0         0.00 Client request body bytes total
ACCG.private.oci.client_req_count                         27416         0.02 Total number of client requests processed
ACCG.private.oci.client_req_hdrbytes                       5816967         3.51 Client request header bytes total
ACCG.private.oci.client_req_bodybytes                             0         0.00 Client request body bytes total
--- 15:35:00 ---
MAIN.client_req_400                             0         0.00 Client requests received, subject to 400 errors
MAIN.client_req_417                             0         0.00 Client requests received, subject to 417 errors
MAIN.client_req                         27416         0.02 Good client requests received
MAIN.cache_hit                         20448         0.01 Cache hits
MAIN.cache_hit_grace                             0         0.00 Cache grace hits
MAIN.cache_hitpass                             0         0.00 Cache hits for pass.
MAIN.cache_hitmiss                           394         0.00 Cache hits for miss.
MAIN.cache_miss                          6968         0.00 Cache misses
MAIN.threads_limited                             0         0.00 Threads hit max
MAIN.thread_queue_len                             0          .   Length of session queue
MAIN.busy_sleep                           703         0.00 Number of requests sent to sleep on busy objhdr
MAIN.sess_queued                           869         0.00 Sessions queued for thread
MAIN.sess_dropped                             0         0.00 Sessions dropped for thread
MAIN.n_object                          6042          .   object structs made
MAIN.n_object_hitmiss                          5976          .   object structs made that are hit-for-miss
MAIN.n_object_hitpass                             0          .   object structs made that are hit-for-pass
MAIN.n_objectcore                          6176          .   objectcore structs made
MAIN.n_objecthead                          1153          .   objecthead structs made
MAIN.goto_dns_cache_hits                             0         0.00 Cache hits within vmod_goto's DNS
SLICER.slice_cache_hit                             0         0.00 Count of slicer subrequest cache hits
SLICER.slice_cache_miss                             0         0.00 Count of slicer subrequest cache misses
SLICER.meta_cache_hit                             0         0.00 Count of cache hits for slicer top-level requests
SLICER.meta_cache_miss                             0         0.00 Count of cache misses for slicer top-level requests
MSE4_MEM.c_memcache_hit                             0         0.00 Stored objects memory cache hits
MSE4_MEM.c_memcache_miss                             0         0.00 Stored objects memory cache misses
ACCG.std.total.client_req_count                         27416         0.02 Total number of client requests processed
ACCG.std.total.client_req_hdrbytes                       5816967         3.51 Client request header bytes total
ACCG.std.total.client_req_bodybytes                             0         0.00 Client request body bytes total
ACCG.std.sub.client_req_count                             0         0.00 Total number of client requests processed
ACCG.std.sub.client_req_hdrbytes                             0         0.00 Client request header bytes total
ACCG.std.sub.client_req_bodybytes                             0         0.00 Client request body bytes total
ACCG.private.total.client_req_count                         27416         0.02 Total number of client requests processed
ACCG.private.total.client_req_hdrbytes                       5816967         3.51 Client request header bytes total
ACCG.private.total.client_req_bodybytes                             0         0.00 Client request body bytes total
ACCG.private.sub.client_req_count                             0         0.00 Total number of client requests processed
ACCG.private.sub.client_req_hdrbytes                             0         0.00 Client request header bytes total
ACCG.private.sub.client_req_bodybytes                             0         0.00 Client request body bytes total
ACCG.other.total.client_req_count                             0         0.00 Total number of client requests processed
ACCG.other.total.client_req_hdrbytes                             0         0.00 Client request header bytes total
ACCG.other.total.client_req_bodybytes                             0         0.00 Client request body bytes total
ACCG.other.sub.client_req_count                             0         0.00 Total number of client requests processed
ACCG.other.sub.client_req_hdrbytes                             0         0.00 Client request header bytes total
ACCG.other.sub.client_req_bodybytes                             0         0.00 Client request body bytes total
ACCG.private.oci.client_req_count                         27416         0.02 Total number of client requests processed
ACCG.private.oci.client_req_hdrbytes                       5816967         3.51 Client request header bytes total
ACCG.private.oci.client_req_bodybytes                             0         0.00 Client request body bytes total
--- 15:35:01 ---
MAIN.client_req_400                             0         0.00 Client requests received, subject to 400 errors
MAIN.client_req_417                             0         0.00 Client requests received, subject to 417 errors
MAIN.client_req                         27416         0.02 Good client requests received
MAIN.cache_hit                         20448         0.01 Cache hits
MAIN.cache_hit_grace                             0         0.00 Cache grace hits
MAIN.cache_hitpass                             0         0.00 Cache hits for pass.
MAIN.cache_hitmiss                           394         0.00 Cache hits for miss.
MAIN.cache_miss                          6968         0.00 Cache misses
MAIN.threads_limited                             0         0.00 Threads hit max
MAIN.thread_queue_len                             0          .   Length of session queue
MAIN.busy_sleep                           703         0.00 Number of requests sent to sleep on busy objhdr
MAIN.sess_queued                           869         0.00 Sessions queued for thread
MAIN.sess_dropped                             0         0.00 Sessions dropped for thread
MAIN.n_object                          6042          .   object structs made
MAIN.n_object_hitmiss                          5976          .   object structs made that are hit-for-miss
MAIN.n_object_hitpass                             0          .   object structs made that are hit-for-pass
MAIN.n_objectcore                          6176          .   objectcore structs made
MAIN.n_objecthead                          1153          .   objecthead structs made
MAIN.goto_dns_cache_hits                             0         0.00 Cache hits within vmod_goto's DNS
SLICER.slice_cache_hit                             0         0.00 Count of slicer subrequest cache hits
SLICER.slice_cache_miss                             0         0.00 Count of slicer subrequest cache misses
SLICER.meta_cache_hit                             0         0.00 Count of cache hits for slicer top-level requests
SLICER.meta_cache_miss                             0         0.00 Count of cache misses for slicer top-level requests
MSE4_MEM.c_memcache_hit                             0         0.00 Stored objects memory cache hits
MSE4_MEM.c_memcache_miss                             0         0.00 Stored objects memory cache misses
ACCG.std.total.client_req_count                         27416         0.02 Total number of client requests processed
ACCG.std.total.client_req_hdrbytes                       5816967         3.51 Client request header bytes total
ACCG.std.total.client_req_bodybytes                             0         0.00 Client request body bytes total
ACCG.std.sub.client_req_count                             0         0.00 Total number of client requests processed
ACCG.std.sub.client_req_hdrbytes                             0         0.00 Client request header bytes total
ACCG.std.sub.client_req_bodybytes                             0         0.00 Client request body bytes total
ACCG.private.total.client_req_count                         27416         0.02 Total number of client requests processed
ACCG.private.total.client_req_hdrbytes                       5816967         3.51 Client request header bytes total
ACCG.private.total.client_req_bodybytes                             0         0.00 Client request body bytes total
ACCG.private.sub.client_req_count                             0         0.00 Total number of client requests processed
ACCG.private.sub.client_req_hdrbytes                             0         0.00 Client request header bytes total
ACCG.private.sub.client_req_bodybytes                             0         0.00 Client request body bytes total
ACCG.other.total.client_req_count                             0         0.00 Total number of client requests processed
ACCG.other.total.client_req_hdrbytes                             0         0.00 Client request header bytes total
ACCG.other.total.client_req_bodybytes                             0         0.00 Client request body bytes total
ACCG.other.sub.client_req_count                             0         0.00 Total number of client requests processed
ACCG.other.sub.client_req_hdrbytes                             0         0.00 Client request header bytes total
ACCG.other.sub.client_req_bodybytes                             0         0.00 Client request body bytes total
ACCG.private.oci.client_req_count                         27416         0.02 Total number of client requests processed
ACCG.private.oci.client_req_hdrbytes                       5816967         3.51 Client request header bytes total
ACCG.private.oci.client_req_bodybytes                             0         0.00 Client request body bytes total
--- 15:35:02 ---
MAIN.client_req_400                             0         0.00 Client requests received, subject to 400 errors
MAIN.client_req_417                             0         0.00 Client requests received, subject to 417 errors
MAIN.client_req                         27416         0.02 Good client requests received
MAIN.cache_hit                         20448         0.01 Cache hits
MAIN.cache_hit_grace                             0         0.00 Cache grace hits
MAIN.cache_hitpass                             0         0.00 Cache hits for pass.
MAIN.cache_hitmiss                           394         0.00 Cache hits for miss.
MAIN.cache_miss                          6968         0.00 Cache misses
MAIN.threads_limited                             0         0.00 Threads hit max
MAIN.thread_queue_len                             0          .   Length of session queue
MAIN.busy_sleep                           703         0.00 Number of requests sent to sleep on busy objhdr
MAIN.sess_queued                           869         0.00 Sessions queued for thread
MAIN.sess_dropped                             0         0.00 Sessions dropped for thread
MAIN.n_object                          6042          .   object structs made
MAIN.n_object_hitmiss                          5976          .   object structs made that are hit-for-miss
MAIN.n_object_hitpass                             0          .   object structs made that are hit-for-pass
MAIN.n_objectcore                          6176          .   objectcore structs made
MAIN.n_objecthead                          1153          .   objecthead structs made
MAIN.goto_dns_cache_hits                             0         0.00 Cache hits within vmod_goto's DNS
SLICER.slice_cache_hit                             0         0.00 Count of slicer subrequest cache hits
SLICER.slice_cache_miss                             0         0.00 Count of slicer subrequest cache misses
SLICER.meta_cache_hit                             0         0.00 Count of cache hits for slicer top-level requests
SLICER.meta_cache_miss                             0         0.00 Count of cache misses for slicer top-level requests
MSE4_MEM.c_memcache_hit                             0         0.00 Stored objects memory cache hits
MSE4_MEM.c_memcache_miss                             0         0.00 Stored objects memory cache misses
ACCG.std.total.client_req_count                         27416         0.02 Total number of client requests processed
ACCG.std.total.client_req_hdrbytes                       5816967         3.51 Client request header bytes total
ACCG.std.total.client_req_bodybytes                             0         0.00 Client request body bytes total
ACCG.std.sub.client_req_count                             0         0.00 Total number of client requests processed
ACCG.std.sub.client_req_hdrbytes                             0         0.00 Client request header bytes total
ACCG.std.sub.client_req_bodybytes                             0         0.00 Client request body bytes total
ACCG.private.total.client_req_count                         27416         0.02 Total number of client requests processed
ACCG.private.total.client_req_hdrbytes                       5816967         3.51 Client request header bytes total
ACCG.private.total.client_req_bodybytes                             0         0.00 Client request body bytes total
ACCG.private.sub.client_req_count                             0         0.00 Total number of client requests processed
ACCG.private.sub.client_req_hdrbytes                             0         0.00 Client request header bytes total
ACCG.private.sub.client_req_bodybytes                             0         0.00 Client request body bytes total
ACCG.other.total.client_req_count                             0         0.00 Total number of client requests processed
ACCG.other.total.client_req_hdrbytes                             0         0.00 Client request header bytes total
ACCG.other.total.client_req_bodybytes                             0         0.00 Client request body bytes total
ACCG.other.sub.client_req_count                             0         0.00 Total number of client requests processed
ACCG.other.sub.client_req_hdrbytes                             0         0.00 Client request header bytes total
ACCG.other.sub.client_req_bodybytes                             0         0.00 Client request body bytes total
ACCG.private.oci.client_req_count                         27416         0.02 Total number of client requests processed
ACCG.private.oci.client_req_hdrbytes                       5816967         3.51 Client request header bytes total
ACCG.private.oci.client_req_bodybytes                             0         0.00 Client request body bytes total
--- 15:35:04 ---
MAIN.client_req_400                             0         0.00 Client requests received, subject to 400 errors
MAIN.client_req_417                             0         0.00 Client requests received, subject to 417 errors
MAIN.client_req                         27416         0.02 Good client requests received
MAIN.cache_hit                         20448         0.01 Cache hits
MAIN.cache_hit_grace                             0         0.00 Cache grace hits
MAIN.cache_hitpass                             0         0.00 Cache hits for pass.
MAIN.cache_hitmiss                           394         0.00 Cache hits for miss.
MAIN.cache_miss                          6968         0.00 Cache misses
MAIN.threads_limited                             0         0.00 Threads hit max
MAIN.thread_queue_len                             0          .   Length of session queue
MAIN.busy_sleep                           703         0.00 Number of requests sent to sleep on busy objhdr
MAIN.sess_queued                           869         0.00 Sessions queued for thread
MAIN.sess_dropped                             0         0.00 Sessions dropped for thread
MAIN.n_object                          6042          .   object structs made
MAIN.n_object_hitmiss                          5976          .   object structs made that are hit-for-miss
MAIN.n_object_hitpass                             0          .   object structs made that are hit-for-pass
MAIN.n_objectcore                          6176          .   objectcore structs made
MAIN.n_objecthead                          1153          .   objecthead structs made
MAIN.goto_dns_cache_hits                             0         0.00 Cache hits within vmod_goto's DNS
SLICER.slice_cache_hit                             0         0.00 Count of slicer subrequest cache hits
SLICER.slice_cache_miss                             0         0.00 Count of slicer subrequest cache misses
SLICER.meta_cache_hit                             0         0.00 Count of cache hits for slicer top-level requests
SLICER.meta_cache_miss                             0         0.00 Count of cache misses for slicer top-level requests
MSE4_MEM.c_memcache_hit                             0         0.00 Stored objects memory cache hits
MSE4_MEM.c_memcache_miss                             0         0.00 Stored objects memory cache misses
ACCG.std.total.client_req_count                         27416         0.02 Total number of client requests processed
ACCG.std.total.client_req_hdrbytes                       5816967         3.51 Client request header bytes total
ACCG.std.total.client_req_bodybytes                             0         0.00 Client request body bytes total
ACCG.std.sub.client_req_count                             0         0.00 Total number of client requests processed
ACCG.std.sub.client_req_hdrbytes                             0         0.00 Client request header bytes total
ACCG.std.sub.client_req_bodybytes                             0         0.00 Client request body bytes total
ACCG.private.total.client_req_count                         27416         0.02 Total number of client requests processed
ACCG.private.total.client_req_hdrbytes                       5816967         3.51 Client request header bytes total
ACCG.private.total.client_req_bodybytes                             0         0.00 Client request body bytes total
ACCG.private.sub.client_req_count                             0         0.00 Total number of client requests processed
ACCG.private.sub.client_req_hdrbytes                             0         0.00 Client request header bytes total
ACCG.private.sub.client_req_bodybytes                             0         0.00 Client request body bytes total
ACCG.other.total.client_req_count                             0         0.00 Total number of client requests processed
ACCG.other.total.client_req_hdrbytes                             0         0.00 Client request header bytes total
ACCG.other.total.client_req_bodybytes                             0         0.00 Client request body bytes total
ACCG.other.sub.client_req_count                             0         0.00 Total number of client requests processed
ACCG.other.sub.client_req_hdrbytes                             0         0.00 Client request header bytes total
ACCG.other.sub.client_req_bodybytes                             0         0.00 Client request body bytes total
ACCG.private.oci.client_req_count                         27416         0.02 Total number of client requests processed
ACCG.private.oci.client_req_hdrbytes                       5816967         3.51 Client request header bytes total
ACCG.private.oci.client_req_bodybytes                             0         0.00 Client request body bytes total
--- 15:35:05 ---
MAIN.client_req_400                             0         0.00 Client requests received, subject to 400 errors
MAIN.client_req_417                             0         0.00 Client requests received, subject to 417 errors
MAIN.client_req                         27416         0.02 Good client requests received
MAIN.cache_hit                         20448         0.01 Cache hits
MAIN.cache_hit_grace                             0         0.00 Cache grace hits
MAIN.cache_hitpass                             0         0.00 Cache hits for pass.
MAIN.cache_hitmiss                           394         0.00 Cache hits for miss.
MAIN.cache_miss                          6968         0.00 Cache misses
MAIN.threads_limited                             0         0.00 Threads hit max
MAIN.thread_queue_len                             0          .   Length of session queue
MAIN.busy_sleep                           703         0.00 Number of requests sent to sleep on busy objhdr
MAIN.sess_queued                           869         0.00 Sessions queued for thread
MAIN.sess_dropped                             0         0.00 Sessions dropped for thread
MAIN.n_object                          6042          .   object structs made
MAIN.n_object_hitmiss                          5976          .   object structs made that are hit-for-miss
MAIN.n_object_hitpass                             0          .   object structs made that are hit-for-pass
MAIN.n_objectcore                          6176          .   objectcore structs made
MAIN.n_objecthead                          1153          .   objecthead structs made
MAIN.goto_dns_cache_hits                             0         0.00 Cache hits within vmod_goto's DNS
SLICER.slice_cache_hit                             0         0.00 Count of slicer subrequest cache hits
SLICER.slice_cache_miss                             0         0.00 Count of slicer subrequest cache misses
SLICER.meta_cache_hit                             0         0.00 Count of cache hits for slicer top-level requests
SLICER.meta_cache_miss                             0         0.00 Count of cache misses for slicer top-level requests
MSE4_MEM.c_memcache_hit                             0         0.00 Stored objects memory cache hits
MSE4_MEM.c_memcache_miss                             0         0.00 Stored objects memory cache misses
ACCG.std.total.client_req_count                         27416         0.02 Total number of client requests processed
ACCG.std.total.client_req_hdrbytes                       5816967         3.51 Client request header bytes total
ACCG.std.total.client_req_bodybytes                             0         0.00 Client request body bytes total
ACCG.std.sub.client_req_count                             0         0.00 Total number of client requests processed
ACCG.std.sub.client_req_hdrbytes                             0         0.00 Client request header bytes total
ACCG.std.sub.client_req_bodybytes                             0         0.00 Client request body bytes total
ACCG.private.total.client_req_count                         27416         0.02 Total number of client requests processed
ACCG.private.total.client_req_hdrbytes                       5816967         3.51 Client request header bytes total
ACCG.private.total.client_req_bodybytes                             0         0.00 Client request body bytes total
ACCG.private.sub.client_req_count                             0         0.00 Total number of client requests processed
ACCG.private.sub.client_req_hdrbytes                             0         0.00 Client request header bytes total
ACCG.private.sub.client_req_bodybytes                             0         0.00 Client request body bytes total
ACCG.other.total.client_req_count                             0         0.00 Total number of client requests processed
ACCG.other.total.client_req_hdrbytes                             0         0.00 Client request header bytes total
ACCG.other.total.client_req_bodybytes                             0         0.00 Client request body bytes total
ACCG.other.sub.client_req_count                             0         0.00 Total number of client requests processed
ACCG.other.sub.client_req_hdrbytes                             0         0.00 Client request header bytes total
ACCG.other.sub.client_req_bodybytes                             0         0.00 Client request body bytes total
ACCG.private.oci.client_req_count                         27416         0.02 Total number of client requests processed
ACCG.private.oci.client_req_hdrbytes                       5816967         3.51 Client request header bytes total
ACCG.private.oci.client_req_bodybytes                             0         0.00 Client request body bytes total
--- 15:35:06 ---
MAIN.client_req_400                             0         0.00 Client requests received, subject to 400 errors
MAIN.client_req_417                             0         0.00 Client requests received, subject to 417 errors
MAIN.client_req                         27416         0.02 Good client requests received
MAIN.cache_hit                         20448         0.01 Cache hits
MAIN.cache_hit_grace                             0         0.00 Cache grace hits
MAIN.cache_hitpass                             0         0.00 Cache hits for pass.
MAIN.cache_hitmiss                           394         0.00 Cache hits for miss.
MAIN.cache_miss                          6968         0.00 Cache misses
MAIN.threads_limited                             0         0.00 Threads hit max
MAIN.thread_queue_len                             0          .   Length of session queue
MAIN.busy_sleep                           703         0.00 Number of requests sent to sleep on busy objhdr
MAIN.sess_queued                           869         0.00 Sessions queued for thread
MAIN.sess_dropped                             0         0.00 Sessions dropped for thread
MAIN.n_object                          6042          .   object structs made
MAIN.n_object_hitmiss                          5976          .   object structs made that are hit-for-miss
MAIN.n_object_hitpass                             0          .   object structs made that are hit-for-pass
MAIN.n_objectcore                          6176          .   objectcore structs made
MAIN.n_objecthead                          1153          .   objecthead structs made
MAIN.goto_dns_cache_hits                             0         0.00 Cache hits within vmod_goto's DNS
SLICER.slice_cache_hit                             0         0.00 Count of slicer subrequest cache hits
SLICER.slice_cache_miss                             0         0.00 Count of slicer subrequest cache misses
SLICER.meta_cache_hit                             0         0.00 Count of cache hits for slicer top-level requests
SLICER.meta_cache_miss                             0         0.00 Count of cache misses for slicer top-level requests
MSE4_MEM.c_memcache_hit                             0         0.00 Stored objects memory cache hits
MSE4_MEM.c_memcache_miss                             0         0.00 Stored objects memory cache misses
ACCG.std.total.client_req_count                         27416         0.02 Total number of client requests processed
ACCG.std.total.client_req_hdrbytes                       5816967         3.51 Client request header bytes total
ACCG.std.total.client_req_bodybytes                             0         0.00 Client request body bytes total
ACCG.std.sub.client_req_count                             0         0.00 Total number of client requests processed
ACCG.std.sub.client_req_hdrbytes                             0         0.00 Client request header bytes total
ACCG.std.sub.client_req_bodybytes                             0         0.00 Client request body bytes total
ACCG.private.total.client_req_count                         27416         0.02 Total number of client requests processed
ACCG.private.total.client_req_hdrbytes                       5816967         3.51 Client request header bytes total
ACCG.private.total.client_req_bodybytes                             0         0.00 Client request body bytes total
ACCG.private.sub.client_req_count                             0         0.00 Total number of client requests processed
ACCG.private.sub.client_req_hdrbytes                             0         0.00 Client request header bytes total
ACCG.private.sub.client_req_bodybytes                             0         0.00 Client request body bytes total
ACCG.other.total.client_req_count                             0         0.00 Total number of client requests processed
ACCG.other.total.client_req_hdrbytes                             0         0.00 Client request header bytes total
ACCG.other.total.client_req_bodybytes                             0         0.00 Client request body bytes total
ACCG.other.sub.client_req_count                             0         0.00 Total number of client requests processed
ACCG.other.sub.client_req_hdrbytes                             0         0.00 Client request header bytes total
ACCG.other.sub.client_req_bodybytes                             0         0.00 Client request body bytes total
ACCG.private.oci.client_req_count                         27416         0.02 Total number of client requests processed
ACCG.private.oci.client_req_hdrbytes                       5816967         3.51 Client request header bytes total
ACCG.private.oci.client_req_bodybytes                             0         0.00 Client request body bytes total
--- 15:35:07 ---
MAIN.client_req_400                             0         0.00 Client requests received, subject to 400 errors
MAIN.client_req_417                             0         0.00 Client requests received, subject to 417 errors
MAIN.client_req                         27416         0.02 Good client requests received
MAIN.cache_hit                         20448         0.01 Cache hits
MAIN.cache_hit_grace                             0         0.00 Cache grace hits
MAIN.cache_hitpass                             0         0.00 Cache hits for pass.
MAIN.cache_hitmiss                           394         0.00 Cache hits for miss.
MAIN.cache_miss                          6968         0.00 Cache misses
MAIN.threads_limited                             0         0.00 Threads hit max
MAIN.thread_queue_len                             0          .   Length of session queue
MAIN.busy_sleep                           703         0.00 Number of requests sent to sleep on busy objhdr
MAIN.sess_queued                           869         0.00 Sessions queued for thread
MAIN.sess_dropped                             0         0.00 Sessions dropped for thread
MAIN.n_object                          6042          .   object structs made
MAIN.n_object_hitmiss                          5976          .   object structs made that are hit-for-miss
MAIN.n_object_hitpass                             0          .   object structs made that are hit-for-pass
MAIN.n_objectcore                          6176          .   objectcore structs made
MAIN.n_objecthead                          1153          .   objecthead structs made
MAIN.goto_dns_cache_hits                             0         0.00 Cache hits within vmod_goto's DNS
SLICER.slice_cache_hit                             0         0.00 Count of slicer subrequest cache hits
SLICER.slice_cache_miss                             0         0.00 Count of slicer subrequest cache misses
SLICER.meta_cache_hit                             0         0.00 Count of cache hits for slicer top-level requests
SLICER.meta_cache_miss                             0         0.00 Count of cache misses for slicer top-level requests
MSE4_MEM.c_memcache_hit                             0         0.00 Stored objects memory cache hits
MSE4_MEM.c_memcache_miss                             0         0.00 Stored objects memory cache misses
ACCG.std.total.client_req_count                         27416         0.02 Total number of client requests processed
ACCG.std.total.client_req_hdrbytes                       5816967         3.51 Client request header bytes total
ACCG.std.total.client_req_bodybytes                             0         0.00 Client request body bytes total
ACCG.std.sub.client_req_count                             0         0.00 Total number of client requests processed
ACCG.std.sub.client_req_hdrbytes                             0         0.00 Client request header bytes total
ACCG.std.sub.client_req_bodybytes                             0         0.00 Client request body bytes total
ACCG.private.total.client_req_count                         27416         0.02 Total number of client requests processed
ACCG.private.total.client_req_hdrbytes                       5816967         3.51 Client request header bytes total
ACCG.private.total.client_req_bodybytes                             0         0.00 Client request body bytes total
ACCG.private.sub.client_req_count                             0         0.00 Total number of client requests processed
ACCG.private.sub.client_req_hdrbytes                             0         0.00 Client request header bytes total
ACCG.private.sub.client_req_bodybytes                             0         0.00 Client request body bytes total
ACCG.other.total.client_req_count                             0         0.00 Total number of client requests processed
ACCG.other.total.client_req_hdrbytes                             0         0.00 Client request header bytes total
ACCG.other.total.client_req_bodybytes                             0         0.00 Client request body bytes total
ACCG.other.sub.client_req_count                             0         0.00 Total number of client requests processed
ACCG.other.sub.client_req_hdrbytes                             0         0.00 Client request header bytes total
ACCG.other.sub.client_req_bodybytes                             0         0.00 Client request body bytes total
ACCG.private.oci.client_req_count                         27416         0.02 Total number of client requests processed
ACCG.private.oci.client_req_hdrbytes                       5816967         3.51 Client request header bytes total
ACCG.private.oci.client_req_bodybytes                             0         0.00 Client request body bytes total
--- 15:35:08 ---
MAIN.client_req_400                             0         0.00 Client requests received, subject to 400 errors
MAIN.client_req_417                             0         0.00 Client requests received, subject to 417 errors
MAIN.client_req                         27416         0.02 Good client requests received
MAIN.cache_hit                         20448         0.01 Cache hits
MAIN.cache_hit_grace                             0         0.00 Cache grace hits
MAIN.cache_hitpass                             0         0.00 Cache hits for pass.
MAIN.cache_hitmiss                           394         0.00 Cache hits for miss.
MAIN.cache_miss                          6968         0.00 Cache misses
MAIN.threads_limited                             0         0.00 Threads hit max
MAIN.thread_queue_len                             0          .   Length of session queue
MAIN.busy_sleep                           703         0.00 Number of requests sent to sleep on busy objhdr
MAIN.sess_queued                           869         0.00 Sessions queued for thread
MAIN.sess_dropped                             0         0.00 Sessions dropped for thread
MAIN.n_object                          5675          .   object structs made
MAIN.n_object_hitmiss                          5609          .   object structs made that are hit-for-miss
MAIN.n_object_hitpass                             0          .   object structs made that are hit-for-pass
MAIN.n_objectcore                          5809          .   objectcore structs made
MAIN.n_objecthead                          1153          .   objecthead structs made
MAIN.goto_dns_cache_hits                             0         0.00 Cache hits within vmod_goto's DNS
SLICER.slice_cache_hit                             0         0.00 Count of slicer subrequest cache hits
SLICER.slice_cache_miss                             0         0.00 Count of slicer subrequest cache misses
SLICER.meta_cache_hit                             0         0.00 Count of cache hits for slicer top-level requests
SLICER.meta_cache_miss                             0         0.00 Count of cache misses for slicer top-level requests
MSE4_MEM.c_memcache_hit                             0         0.00 Stored objects memory cache hits
MSE4_MEM.c_memcache_miss                             0         0.00 Stored objects memory cache misses
ACCG.std.total.client_req_count                         27416         0.02 Total number of client requests processed
ACCG.std.total.client_req_hdrbytes                       5816967         3.51 Client request header bytes total
ACCG.std.total.client_req_bodybytes                             0         0.00 Client request body bytes total
ACCG.std.sub.client_req_count                             0         0.00 Total number of client requests processed
ACCG.std.sub.client_req_hdrbytes                             0         0.00 Client request header bytes total
ACCG.std.sub.client_req_bodybytes                             0         0.00 Client request body bytes total
ACCG.private.total.client_req_count                         27416         0.02 Total number of client requests processed
ACCG.private.total.client_req_hdrbytes                       5816967         3.51 Client request header bytes total
ACCG.private.total.client_req_bodybytes                             0         0.00 Client request body bytes total
ACCG.private.sub.client_req_count                             0         0.00 Total number of client requests processed
ACCG.private.sub.client_req_hdrbytes                             0         0.00 Client request header bytes total
ACCG.private.sub.client_req_bodybytes                             0         0.00 Client request body bytes total
ACCG.other.total.client_req_count                             0         0.00 Total number of client requests processed
ACCG.other.total.client_req_hdrbytes                             0         0.00 Client request header bytes total
ACCG.other.total.client_req_bodybytes                             0         0.00 Client request body bytes total
ACCG.other.sub.client_req_count                             0         0.00 Total number of client requests processed
ACCG.other.sub.client_req_hdrbytes                             0         0.00 Client request header bytes total
ACCG.other.sub.client_req_bodybytes                             0         0.00 Client request body bytes total
ACCG.private.oci.client_req_count                         27416         0.02 Total number of client requests processed
ACCG.private.oci.client_req_hdrbytes                       5816967         3.51 Client request header bytes total
ACCG.private.oci.client_req_bodybytes                             0         0.00 Client request body bytes total
--- 15:35:09 ---
MAIN.client_req_400                             0         0.00 Client requests received, subject to 400 errors
MAIN.client_req_417                             0         0.00 Client requests received, subject to 417 errors
MAIN.client_req                         27416         0.02 Good client requests received
MAIN.cache_hit                         20448         0.01 Cache hits
MAIN.cache_hit_grace                             0         0.00 Cache grace hits
MAIN.cache_hitpass                             0         0.00 Cache hits for pass.
MAIN.cache_hitmiss                           394         0.00 Cache hits for miss.
MAIN.cache_miss                          6968         0.00 Cache misses
MAIN.threads_limited                             0         0.00 Threads hit max
MAIN.thread_queue_len                             0          .   Length of session queue
MAIN.busy_sleep                           703         0.00 Number of requests sent to sleep on busy objhdr
MAIN.sess_queued                           869         0.00 Sessions queued for thread
MAIN.sess_dropped                             0         0.00 Sessions dropped for thread
MAIN.n_object                          5675          .   object structs made
MAIN.n_object_hitmiss                          5609          .   object structs made that are hit-for-miss
MAIN.n_object_hitpass                             0          .   object structs made that are hit-for-pass
MAIN.n_objectcore                          5809          .   objectcore structs made
MAIN.n_objecthead                          1153          .   objecthead structs made
MAIN.goto_dns_cache_hits                             0         0.00 Cache hits within vmod_goto's DNS
SLICER.slice_cache_hit                             0         0.00 Count of slicer subrequest cache hits
SLICER.slice_cache_miss                             0         0.00 Count of slicer subrequest cache misses
SLICER.meta_cache_hit                             0         0.00 Count of cache hits for slicer top-level requests
SLICER.meta_cache_miss                             0         0.00 Count of cache misses for slicer top-level requests
MSE4_MEM.c_memcache_hit                             0         0.00 Stored objects memory cache hits
MSE4_MEM.c_memcache_miss                             0         0.00 Stored objects memory cache misses
ACCG.std.total.client_req_count                         27416         0.02 Total number of client requests processed
ACCG.std.total.client_req_hdrbytes                       5816967         3.51 Client request header bytes total
ACCG.std.total.client_req_bodybytes                             0         0.00 Client request body bytes total
ACCG.std.sub.client_req_count                             0         0.00 Total number of client requests processed
ACCG.std.sub.client_req_hdrbytes                             0         0.00 Client request header bytes total
ACCG.std.sub.client_req_bodybytes                             0         0.00 Client request body bytes total
ACCG.private.total.client_req_count                         27416         0.02 Total number of client requests processed
ACCG.private.total.client_req_hdrbytes                       5816967         3.51 Client request header bytes total
ACCG.private.total.client_req_bodybytes                             0         0.00 Client request body bytes total
ACCG.private.sub.client_req_count                             0         0.00 Total number of client requests processed
ACCG.private.sub.client_req_hdrbytes                             0         0.00 Client request header bytes total
ACCG.private.sub.client_req_bodybytes                             0         0.00 Client request body bytes total
ACCG.other.total.client_req_count                             0         0.00 Total number of client requests processed
ACCG.other.total.client_req_hdrbytes                             0         0.00 Client request header bytes total
ACCG.other.total.client_req_bodybytes                             0         0.00 Client request body bytes total
ACCG.other.sub.client_req_count                             0         0.00 Total number of client requests processed
ACCG.other.sub.client_req_hdrbytes                             0         0.00 Client request header bytes total
ACCG.other.sub.client_req_bodybytes                             0         0.00 Client request body bytes total
ACCG.private.oci.client_req_count                         27416         0.02 Total number of client requests processed
ACCG.private.oci.client_req_hdrbytes                       5816967         3.51 Client request header bytes total
ACCG.private.oci.client_req_bodybytes                             0         0.00 Client request body bytes total
--- 15:35:10 ---
MAIN.client_req_400                             0         0.00 Client requests received, subject to 400 errors
MAIN.client_req_417                             0         0.00 Client requests received, subject to 417 errors
MAIN.client_req                         27416         0.02 Good client requests received
MAIN.cache_hit                         20448         0.01 Cache hits
MAIN.cache_hit_grace                             0         0.00 Cache grace hits
MAIN.cache_hitpass                             0         0.00 Cache hits for pass.
MAIN.cache_hitmiss                           394         0.00 Cache hits for miss.
MAIN.cache_miss                          6968         0.00 Cache misses
MAIN.threads_limited                             0         0.00 Threads hit max
MAIN.thread_queue_len                             0          .   Length of session queue
MAIN.busy_sleep                           703         0.00 Number of requests sent to sleep on busy objhdr
MAIN.sess_queued                           869         0.00 Sessions queued for thread
MAIN.sess_dropped                             0         0.00 Sessions dropped for thread
MAIN.n_object                          5675          .   object structs made
MAIN.n_object_hitmiss                          5609          .   object structs made that are hit-for-miss
MAIN.n_object_hitpass                             0          .   object structs made that are hit-for-pass
MAIN.n_objectcore                          5809          .   objectcore structs made
MAIN.n_objecthead                          1153          .   objecthead structs made
MAIN.goto_dns_cache_hits                             0         0.00 Cache hits within vmod_goto's DNS
SLICER.slice_cache_hit                             0         0.00 Count of slicer subrequest cache hits
SLICER.slice_cache_miss                             0         0.00 Count of slicer subrequest cache misses
SLICER.meta_cache_hit                             0         0.00 Count of cache hits for slicer top-level requests
SLICER.meta_cache_miss                             0         0.00 Count of cache misses for slicer top-level requests
MSE4_MEM.c_memcache_hit                             0         0.00 Stored objects memory cache hits
MSE4_MEM.c_memcache_miss                             0         0.00 Stored objects memory cache misses
ACCG.std.total.client_req_count                         27416         0.02 Total number of client requests processed
ACCG.std.total.client_req_hdrbytes                       5816967         3.51 Client request header bytes total
ACCG.std.total.client_req_bodybytes                             0         0.00 Client request body bytes total
ACCG.std.sub.client_req_count                             0         0.00 Total number of client requests processed
ACCG.std.sub.client_req_hdrbytes                             0         0.00 Client request header bytes total
ACCG.std.sub.client_req_bodybytes                             0         0.00 Client request body bytes total
ACCG.private.total.client_req_count                         27416         0.02 Total number of client requests processed
ACCG.private.total.client_req_hdrbytes                       5816967         3.51 Client request header bytes total
ACCG.private.total.client_req_bodybytes                             0         0.00 Client request body bytes total
ACCG.private.sub.client_req_count                             0         0.00 Total number of client requests processed
ACCG.private.sub.client_req_hdrbytes                             0         0.00 Client request header bytes total
ACCG.private.sub.client_req_bodybytes                             0         0.00 Client request body bytes total
ACCG.other.total.client_req_count                             0         0.00 Total number of client requests processed
ACCG.other.total.client_req_hdrbytes                             0         0.00 Client request header bytes total
ACCG.other.total.client_req_bodybytes                             0         0.00 Client request body bytes total
ACCG.other.sub.client_req_count                             0         0.00 Total number of client requests processed
ACCG.other.sub.client_req_hdrbytes                             0         0.00 Client request header bytes total
ACCG.other.sub.client_req_bodybytes                             0         0.00 Client request body bytes total
ACCG.private.oci.client_req_count                         27416         0.02 Total number of client requests processed
ACCG.private.oci.client_req_hdrbytes                       5816967         3.51 Client request header bytes total
ACCG.private.oci.client_req_bodybytes                             0         0.00 Client request body bytes total
--- 15:35:11 ---
MAIN.client_req_400                             0         0.00 Client requests received, subject to 400 errors
MAIN.client_req_417                             0         0.00 Client requests received, subject to 417 errors
MAIN.client_req                         27416         0.02 Good client requests received
MAIN.cache_hit                         20448         0.01 Cache hits
MAIN.cache_hit_grace                             0         0.00 Cache grace hits
MAIN.cache_hitpass                             0         0.00 Cache hits for pass.
MAIN.cache_hitmiss                           394         0.00 Cache hits for miss.
MAIN.cache_miss                          6968         0.00 Cache misses
MAIN.threads_limited                             0         0.00 Threads hit max
MAIN.thread_queue_len                             0          .   Length of session queue
MAIN.busy_sleep                           703         0.00 Number of requests sent to sleep on busy objhdr
MAIN.sess_queued                           869         0.00 Sessions queued for thread
MAIN.sess_dropped                             0         0.00 Sessions dropped for thread
MAIN.n_object                          5675          .   object structs made
MAIN.n_object_hitmiss                          5609          .   object structs made that are hit-for-miss
MAIN.n_object_hitpass                             0          .   object structs made that are hit-for-pass
MAIN.n_objectcore                          5809          .   objectcore structs made
MAIN.n_objecthead                          1153          .   objecthead structs made
MAIN.goto_dns_cache_hits                             0         0.00 Cache hits within vmod_goto's DNS
SLICER.slice_cache_hit                             0         0.00 Count of slicer subrequest cache hits
SLICER.slice_cache_miss                             0         0.00 Count of slicer subrequest cache misses
SLICER.meta_cache_hit                             0         0.00 Count of cache hits for slicer top-level requests
SLICER.meta_cache_miss                             0         0.00 Count of cache misses for slicer top-level requests
MSE4_MEM.c_memcache_hit                             0         0.00 Stored objects memory cache hits
MSE4_MEM.c_memcache_miss                             0         0.00 Stored objects memory cache misses
ACCG.std.total.client_req_count                         27416         0.02 Total number of client requests processed
ACCG.std.total.client_req_hdrbytes                       5816967         3.51 Client request header bytes total
ACCG.std.total.client_req_bodybytes                             0         0.00 Client request body bytes total
ACCG.std.sub.client_req_count                             0         0.00 Total number of client requests processed
ACCG.std.sub.client_req_hdrbytes                             0         0.00 Client request header bytes total
ACCG.std.sub.client_req_bodybytes                             0         0.00 Client request body bytes total
ACCG.private.total.client_req_count                         27416         0.02 Total number of client requests processed
ACCG.private.total.client_req_hdrbytes                       5816967         3.51 Client request header bytes total
ACCG.private.total.client_req_bodybytes                             0         0.00 Client request body bytes total
ACCG.private.sub.client_req_count                             0         0.00 Total number of client requests processed
ACCG.private.sub.client_req_hdrbytes                             0         0.00 Client request header bytes total
ACCG.private.sub.client_req_bodybytes                             0         0.00 Client request body bytes total
ACCG.other.total.client_req_count                             0         0.00 Total number of client requests processed
ACCG.other.total.client_req_hdrbytes                             0         0.00 Client request header bytes total
ACCG.other.total.client_req_bodybytes                             0         0.00 Client request body bytes total
ACCG.other.sub.client_req_count                             0         0.00 Total number of client requests processed
ACCG.other.sub.client_req_hdrbytes                             0         0.00 Client request header bytes total
ACCG.other.sub.client_req_bodybytes                             0         0.00 Client request body bytes total
ACCG.private.oci.client_req_count                         27416         0.02 Total number of client requests processed
ACCG.private.oci.client_req_hdrbytes                       5816967         3.51 Client request header bytes total
ACCG.private.oci.client_req_bodybytes                             0         0.00 Client request body bytes total
--- 15:35:13 ---
MAIN.client_req_400                             0         0.00 Client requests received, subject to 400 errors
MAIN.client_req_417                             0         0.00 Client requests received, subject to 417 errors
MAIN.client_req                         27416         0.02 Good client requests received
MAIN.cache_hit                         20448         0.01 Cache hits
MAIN.cache_hit_grace                             0         0.00 Cache grace hits
MAIN.cache_hitpass                             0         0.00 Cache hits for pass.
MAIN.cache_hitmiss                           394         0.00 Cache hits for miss.
MAIN.cache_miss                          6968         0.00 Cache misses
MAIN.threads_limited                             0         0.00 Threads hit max
MAIN.thread_queue_len                             0          .   Length of session queue
MAIN.busy_sleep                           703         0.00 Number of requests sent to sleep on busy objhdr
MAIN.sess_queued                           869         0.00 Sessions queued for thread
MAIN.sess_dropped                             0         0.00 Sessions dropped for thread
MAIN.n_object                          5675          .   object structs made
MAIN.n_object_hitmiss                          5609          .   object structs made that are hit-for-miss
MAIN.n_object_hitpass                             0          .   object structs made that are hit-for-pass
MAIN.n_objectcore                          5809          .   objectcore structs made
MAIN.n_objecthead                          1153          .   objecthead structs made
MAIN.goto_dns_cache_hits                             0         0.00 Cache hits within vmod_goto's DNS
SLICER.slice_cache_hit                             0         0.00 Count of slicer subrequest cache hits
SLICER.slice_cache_miss                             0         0.00 Count of slicer subrequest cache misses
SLICER.meta_cache_hit                             0         0.00 Count of cache hits for slicer top-level requests
SLICER.meta_cache_miss                             0         0.00 Count of cache misses for slicer top-level requests
MSE4_MEM.c_memcache_hit                             0         0.00 Stored objects memory cache hits
MSE4_MEM.c_memcache_miss                             0         0.00 Stored objects memory cache misses
ACCG.std.total.client_req_count                         27416         0.02 Total number of client requests processed
ACCG.std.total.client_req_hdrbytes                       5816967         3.51 Client request header bytes total
ACCG.std.total.client_req_bodybytes                             0         0.00 Client request body bytes total
ACCG.std.sub.client_req_count                             0         0.00 Total number of client requests processed
ACCG.std.sub.client_req_hdrbytes                             0         0.00 Client request header bytes total
ACCG.std.sub.client_req_bodybytes                             0         0.00 Client request body bytes total
ACCG.private.total.client_req_count                         27416         0.02 Total number of client requests processed
ACCG.private.total.client_req_hdrbytes                       5816967         3.51 Client request header bytes total
ACCG.private.total.client_req_bodybytes                             0         0.00 Client request body bytes total
ACCG.private.sub.client_req_count                             0         0.00 Total number of client requests processed
ACCG.private.sub.client_req_hdrbytes                             0         0.00 Client request header bytes total
ACCG.private.sub.client_req_bodybytes                             0         0.00 Client request body bytes total
ACCG.other.total.client_req_count                             0         0.00 Total number of client requests processed
ACCG.other.total.client_req_hdrbytes                             0         0.00 Client request header bytes total
ACCG.other.total.client_req_bodybytes                             0         0.00 Client request body bytes total
ACCG.other.sub.client_req_count                             0         0.00 Total number of client requests processed
ACCG.other.sub.client_req_hdrbytes                             0         0.00 Client request header bytes total
ACCG.other.sub.client_req_bodybytes                             0         0.00 Client request body bytes total
ACCG.private.oci.client_req_count                         27416         0.02 Total number of client requests processed
ACCG.private.oci.client_req_hdrbytes                       5816967         3.51 Client request header bytes total
ACCG.private.oci.client_req_bodybytes                             0         0.00 Client request body bytes total
--- 15:35:14 ---
MAIN.client_req_400                             0         0.00 Client requests received, subject to 400 errors
MAIN.client_req_417                             0         0.00 Client requests received, subject to 417 errors
MAIN.client_req                         27416         0.02 Good client requests received
MAIN.cache_hit                         20448         0.01 Cache hits
MAIN.cache_hit_grace                             0         0.00 Cache grace hits
MAIN.cache_hitpass                             0         0.00 Cache hits for pass.
MAIN.cache_hitmiss                           394         0.00 Cache hits for miss.
MAIN.cache_miss                          6968         0.00 Cache misses
MAIN.threads_limited                             0         0.00 Threads hit max
MAIN.thread_queue_len                             0          .   Length of session queue
MAIN.busy_sleep                           703         0.00 Number of requests sent to sleep on busy objhdr
MAIN.sess_queued                           869         0.00 Sessions queued for thread
MAIN.sess_dropped                             0         0.00 Sessions dropped for thread
MAIN.n_object                          5515          .   object structs made
MAIN.n_object_hitmiss                          5449          .   object structs made that are hit-for-miss
MAIN.n_object_hitpass                             0          .   object structs made that are hit-for-pass
MAIN.n_objectcore                          5649          .   objectcore structs made
MAIN.n_objecthead                          1153          .   objecthead structs made
MAIN.goto_dns_cache_hits                             0         0.00 Cache hits within vmod_goto's DNS
SLICER.slice_cache_hit                             0         0.00 Count of slicer subrequest cache hits
SLICER.slice_cache_miss                             0         0.00 Count of slicer subrequest cache misses
SLICER.meta_cache_hit                             0         0.00 Count of cache hits for slicer top-level requests
SLICER.meta_cache_miss                             0         0.00 Count of cache misses for slicer top-level requests
MSE4_MEM.c_memcache_hit                             0         0.00 Stored objects memory cache hits
MSE4_MEM.c_memcache_miss                             0         0.00 Stored objects memory cache misses
ACCG.std.total.client_req_count                         27416         0.02 Total number of client requests processed
ACCG.std.total.client_req_hdrbytes                       5816967         3.51 Client request header bytes total
ACCG.std.total.client_req_bodybytes                             0         0.00 Client request body bytes total
ACCG.std.sub.client_req_count                             0         0.00 Total number of client requests processed
ACCG.std.sub.client_req_hdrbytes                             0         0.00 Client request header bytes total
ACCG.std.sub.client_req_bodybytes                             0         0.00 Client request body bytes total
ACCG.private.total.client_req_count                         27416         0.02 Total number of client requests processed
ACCG.private.total.client_req_hdrbytes                       5816967         3.51 Client request header bytes total
ACCG.private.total.client_req_bodybytes                             0         0.00 Client request body bytes total
ACCG.private.sub.client_req_count                             0         0.00 Total number of client requests processed
ACCG.private.sub.client_req_hdrbytes                             0         0.00 Client request header bytes total
ACCG.private.sub.client_req_bodybytes                             0         0.00 Client request body bytes total
ACCG.other.total.client_req_count                             0         0.00 Total number of client requests processed
ACCG.other.total.client_req_hdrbytes                             0         0.00 Client request header bytes total
ACCG.other.total.client_req_bodybytes                             0         0.00 Client request body bytes total
ACCG.other.sub.client_req_count                             0         0.00 Total number of client requests processed
ACCG.other.sub.client_req_hdrbytes                             0         0.00 Client request header bytes total
ACCG.other.sub.client_req_bodybytes                             0         0.00 Client request body bytes total
ACCG.private.oci.client_req_count                         27416         0.02 Total number of client requests processed
ACCG.private.oci.client_req_hdrbytes                       5816967         3.51 Client request header bytes total
ACCG.private.oci.client_req_bodybytes                             0         0.00 Client request body bytes total
--- 15:35:15 ---
MAIN.client_req_400                             0         0.00 Client requests received, subject to 400 errors
MAIN.client_req_417                             0         0.00 Client requests received, subject to 417 errors
MAIN.client_req                         27416         0.02 Good client requests received
MAIN.cache_hit                         20448         0.01 Cache hits
MAIN.cache_hit_grace                             0         0.00 Cache grace hits
MAIN.cache_hitpass                             0         0.00 Cache hits for pass.
MAIN.cache_hitmiss                           394         0.00 Cache hits for miss.
MAIN.cache_miss                          6968         0.00 Cache misses
MAIN.threads_limited                             0         0.00 Threads hit max
MAIN.thread_queue_len                             0          .   Length of session queue
MAIN.busy_sleep                           703         0.00 Number of requests sent to sleep on busy objhdr
MAIN.sess_queued                           869         0.00 Sessions queued for thread
MAIN.sess_dropped                             0         0.00 Sessions dropped for thread
MAIN.n_object                          5283          .   object structs made
MAIN.n_object_hitmiss                          5217          .   object structs made that are hit-for-miss
MAIN.n_object_hitpass                             0          .   object structs made that are hit-for-pass
MAIN.n_objectcore                          5417          .   objectcore structs made
MAIN.n_objecthead                          1153          .   objecthead structs made
MAIN.goto_dns_cache_hits                             0         0.00 Cache hits within vmod_goto's DNS
SLICER.slice_cache_hit                             0         0.00 Count of slicer subrequest cache hits
SLICER.slice_cache_miss                             0         0.00 Count of slicer subrequest cache misses
SLICER.meta_cache_hit                             0         0.00 Count of cache hits for slicer top-level requests
SLICER.meta_cache_miss                             0         0.00 Count of cache misses for slicer top-level requests
MSE4_MEM.c_memcache_hit                             0         0.00 Stored objects memory cache hits
MSE4_MEM.c_memcache_miss                             0         0.00 Stored objects memory cache misses
ACCG.std.total.client_req_count                         27416         0.02 Total number of client requests processed
ACCG.std.total.client_req_hdrbytes                       5816967         3.51 Client request header bytes total
ACCG.std.total.client_req_bodybytes                             0         0.00 Client request body bytes total
ACCG.std.sub.client_req_count                             0         0.00 Total number of client requests processed
ACCG.std.sub.client_req_hdrbytes                             0         0.00 Client request header bytes total
ACCG.std.sub.client_req_bodybytes                             0         0.00 Client request body bytes total
ACCG.private.total.client_req_count                         27416         0.02 Total number of client requests processed
ACCG.private.total.client_req_hdrbytes                       5816967         3.51 Client request header bytes total
ACCG.private.total.client_req_bodybytes                             0         0.00 Client request body bytes total
ACCG.private.sub.client_req_count                             0         0.00 Total number of client requests processed
ACCG.private.sub.client_req_hdrbytes                             0         0.00 Client request header bytes total
ACCG.private.sub.client_req_bodybytes                             0         0.00 Client request body bytes total
ACCG.other.total.client_req_count                             0         0.00 Total number of client requests processed
ACCG.other.total.client_req_hdrbytes                             0         0.00 Client request header bytes total
ACCG.other.total.client_req_bodybytes                             0         0.00 Client request body bytes total
ACCG.other.sub.client_req_count                             0         0.00 Total number of client requests processed
ACCG.other.sub.client_req_hdrbytes                             0         0.00 Client request header bytes total
ACCG.other.sub.client_req_bodybytes                             0         0.00 Client request body bytes total
ACCG.private.oci.client_req_count                         27416         0.02 Total number of client requests processed
ACCG.private.oci.client_req_hdrbytes                       5816967         3.51 Client request header bytes total
ACCG.private.oci.client_req_bodybytes                             0         0.00 Client request body bytes total
--- 15:35:16 ---
MAIN.client_req_400                             0         0.00 Client requests received, subject to 400 errors
MAIN.client_req_417                             0         0.00 Client requests received, subject to 417 errors
MAIN.client_req                         27416         0.02 Good client requests received
MAIN.cache_hit                         20448         0.01 Cache hits
MAIN.cache_hit_grace                             0         0.00 Cache grace hits
MAIN.cache_hitpass                             0         0.00 Cache hits for pass.
MAIN.cache_hitmiss                           394         0.00 Cache hits for miss.
MAIN.cache_miss                          6968         0.00 Cache misses
MAIN.threads_limited                             0         0.00 Threads hit max
MAIN.thread_queue_len                             0          .   Length of session queue
MAIN.busy_sleep                           703         0.00 Number of requests sent to sleep on busy objhdr
MAIN.sess_queued                           869         0.00 Sessions queued for thread
MAIN.sess_dropped                             0         0.00 Sessions dropped for thread
MAIN.n_object                          5258          .   object structs made
MAIN.n_object_hitmiss                          5192          .   object structs made that are hit-for-miss
MAIN.n_object_hitpass                             0          .   object structs made that are hit-for-pass
MAIN.n_objectcore                          5392          .   objectcore structs made
MAIN.n_objecthead                          1153          .   objecthead structs made
MAIN.goto_dns_cache_hits                             0         0.00 Cache hits within vmod_goto's DNS
SLICER.slice_cache_hit                             0         0.00 Count of slicer subrequest cache hits
SLICER.slice_cache_miss                             0         0.00 Count of slicer subrequest cache misses
SLICER.meta_cache_hit                             0         0.00 Count of cache hits for slicer top-level requests
SLICER.meta_cache_miss                             0         0.00 Count of cache misses for slicer top-level requests
MSE4_MEM.c_memcache_hit                             0         0.00 Stored objects memory cache hits
MSE4_MEM.c_memcache_miss                             0         0.00 Stored objects memory cache misses
ACCG.std.total.client_req_count                         27416         0.02 Total number of client requests processed
ACCG.std.total.client_req_hdrbytes                       5816967         3.51 Client request header bytes total
ACCG.std.total.client_req_bodybytes                             0         0.00 Client request body bytes total
ACCG.std.sub.client_req_count                             0         0.00 Total number of client requests processed
ACCG.std.sub.client_req_hdrbytes                             0         0.00 Client request header bytes total
ACCG.std.sub.client_req_bodybytes                             0         0.00 Client request body bytes total
ACCG.private.total.client_req_count                         27416         0.02 Total number of client requests processed
ACCG.private.total.client_req_hdrbytes                       5816967         3.51 Client request header bytes total
ACCG.private.total.client_req_bodybytes                             0         0.00 Client request body bytes total
ACCG.private.sub.client_req_count                             0         0.00 Total number of client requests processed
ACCG.private.sub.client_req_hdrbytes                             0         0.00 Client request header bytes total
ACCG.private.sub.client_req_bodybytes                             0         0.00 Client request body bytes total
ACCG.other.total.client_req_count                             0         0.00 Total number of client requests processed
ACCG.other.total.client_req_hdrbytes                             0         0.00 Client request header bytes total
ACCG.other.total.client_req_bodybytes                             0         0.00 Client request body bytes total
ACCG.other.sub.client_req_count                             0         0.00 Total number of client requests processed
ACCG.other.sub.client_req_hdrbytes                             0         0.00 Client request header bytes total
ACCG.other.sub.client_req_bodybytes                             0         0.00 Client request body bytes total
ACCG.private.oci.client_req_count                         27416         0.02 Total number of client requests processed
ACCG.private.oci.client_req_hdrbytes                       5816967         3.51 Client request header bytes total
ACCG.private.oci.client_req_bodybytes                             0         0.00 Client request body bytes total
--- 15:35:17 ---
MAIN.client_req_400                             0         0.00 Client requests received, subject to 400 errors
MAIN.client_req_417                             0         0.00 Client requests received, subject to 417 errors
MAIN.client_req                         27416         0.02 Good client requests received
MAIN.cache_hit                         20448         0.01 Cache hits
MAIN.cache_hit_grace                             0         0.00 Cache grace hits
MAIN.cache_hitpass                             0         0.00 Cache hits for pass.
MAIN.cache_hitmiss                           394         0.00 Cache hits for miss.
MAIN.cache_miss                          6968         0.00 Cache misses
MAIN.threads_limited                             0         0.00 Threads hit max
MAIN.thread_queue_len                             0          .   Length of session queue
MAIN.busy_sleep                           703         0.00 Number of requests sent to sleep on busy objhdr
MAIN.sess_queued                           869         0.00 Sessions queued for thread
MAIN.sess_dropped                             0         0.00 Sessions dropped for thread
MAIN.n_object                          5258          .   object structs made
MAIN.n_object_hitmiss                          5192          .   object structs made that are hit-for-miss
MAIN.n_object_hitpass                             0          .   object structs made that are hit-for-pass
MAIN.n_objectcore                          5392          .   objectcore structs made
MAIN.n_objecthead                          1153          .   objecthead structs made
MAIN.goto_dns_cache_hits                             0         0.00 Cache hits within vmod_goto's DNS
SLICER.slice_cache_hit                             0         0.00 Count of slicer subrequest cache hits
SLICER.slice_cache_miss                             0         0.00 Count of slicer subrequest cache misses
SLICER.meta_cache_hit                             0         0.00 Count of cache hits for slicer top-level requests
SLICER.meta_cache_miss                             0         0.00 Count of cache misses for slicer top-level requests
MSE4_MEM.c_memcache_hit                             0         0.00 Stored objects memory cache hits
MSE4_MEM.c_memcache_miss                             0         0.00 Stored objects memory cache misses
ACCG.std.total.client_req_count                         27416         0.02 Total number of client requests processed
ACCG.std.total.client_req_hdrbytes                       5816967         3.51 Client request header bytes total
ACCG.std.total.client_req_bodybytes                             0         0.00 Client request body bytes total
ACCG.std.sub.client_req_count                             0         0.00 Total number of client requests processed
ACCG.std.sub.client_req_hdrbytes                             0         0.00 Client request header bytes total
ACCG.std.sub.client_req_bodybytes                             0         0.00 Client request body bytes total
ACCG.private.total.client_req_count                         27416         0.02 Total number of client requests processed
ACCG.private.total.client_req_hdrbytes                       5816967         3.51 Client request header bytes total
ACCG.private.total.client_req_bodybytes                             0         0.00 Client request body bytes total
ACCG.private.sub.client_req_count                             0         0.00 Total number of client requests processed
ACCG.private.sub.client_req_hdrbytes                             0         0.00 Client request header bytes total
ACCG.private.sub.client_req_bodybytes                             0         0.00 Client request body bytes total
ACCG.other.total.client_req_count                             0         0.00 Total number of client requests processed
ACCG.other.total.client_req_hdrbytes                             0         0.00 Client request header bytes total
ACCG.other.total.client_req_bodybytes                             0         0.00 Client request body bytes total
ACCG.other.sub.client_req_count                             0         0.00 Total number of client requests processed
ACCG.other.sub.client_req_hdrbytes                             0         0.00 Client request header bytes total
ACCG.other.sub.client_req_bodybytes                             0         0.00 Client request body bytes total
ACCG.private.oci.client_req_count                         27416         0.02 Total number of client requests processed
ACCG.private.oci.client_req_hdrbytes                       5816967         3.51 Client request header bytes total
ACCG.private.oci.client_req_bodybytes                             0         0.00 Client request body bytes total
--- 15:35:18 ---
MAIN.client_req_400                             0         0.00 Client requests received, subject to 400 errors
MAIN.client_req_417                             0         0.00 Client requests received, subject to 417 errors
MAIN.client_req                         27416         0.02 Good client requests received
MAIN.cache_hit                         20448         0.01 Cache hits
MAIN.cache_hit_grace                             0         0.00 Cache grace hits
MAIN.cache_hitpass                             0         0.00 Cache hits for pass.
MAIN.cache_hitmiss                           394         0.00 Cache hits for miss.
MAIN.cache_miss                          6968         0.00 Cache misses
MAIN.threads_limited                             0         0.00 Threads hit max
MAIN.thread_queue_len                             0          .   Length of session queue
MAIN.busy_sleep                           703         0.00 Number of requests sent to sleep on busy objhdr
MAIN.sess_queued                           869         0.00 Sessions queued for thread
MAIN.sess_dropped                             0         0.00 Sessions dropped for thread
MAIN.n_object                          5068          .   object structs made
MAIN.n_object_hitmiss                          5002          .   object structs made that are hit-for-miss
MAIN.n_object_hitpass                             0          .   object structs made that are hit-for-pass
MAIN.n_objectcore                          5202          .   objectcore structs made
MAIN.n_objecthead                          1153          .   objecthead structs made
MAIN.goto_dns_cache_hits                             0         0.00 Cache hits within vmod_goto's DNS
SLICER.slice_cache_hit                             0         0.00 Count of slicer subrequest cache hits
SLICER.slice_cache_miss                             0         0.00 Count of slicer subrequest cache misses
SLICER.meta_cache_hit                             0         0.00 Count of cache hits for slicer top-level requests
SLICER.meta_cache_miss                             0         0.00 Count of cache misses for slicer top-level requests
MSE4_MEM.c_memcache_hit                             0         0.00 Stored objects memory cache hits
MSE4_MEM.c_memcache_miss                             0         0.00 Stored objects memory cache misses
ACCG.std.total.client_req_count                         27416         0.02 Total number of client requests processed
ACCG.std.total.client_req_hdrbytes                       5816967         3.51 Client request header bytes total
ACCG.std.total.client_req_bodybytes                             0         0.00 Client request body bytes total
ACCG.std.sub.client_req_count                             0         0.00 Total number of client requests processed
ACCG.std.sub.client_req_hdrbytes                             0         0.00 Client request header bytes total
ACCG.std.sub.client_req_bodybytes                             0         0.00 Client request body bytes total
ACCG.private.total.client_req_count                         27416         0.02 Total number of client requests processed
ACCG.private.total.client_req_hdrbytes                       5816967         3.51 Client request header bytes total
ACCG.private.total.client_req_bodybytes                             0         0.00 Client request body bytes total
ACCG.private.sub.client_req_count                             0         0.00 Total number of client requests processed
ACCG.private.sub.client_req_hdrbytes                             0         0.00 Client request header bytes total
ACCG.private.sub.client_req_bodybytes                             0         0.00 Client request body bytes total
ACCG.other.total.client_req_count                             0         0.00 Total number of client requests processed
ACCG.other.total.client_req_hdrbytes                             0         0.00 Client request header bytes total
ACCG.other.total.client_req_bodybytes                             0         0.00 Client request body bytes total
ACCG.other.sub.client_req_count                             0         0.00 Total number of client requests processed
ACCG.other.sub.client_req_hdrbytes                             0         0.00 Client request header bytes total
ACCG.other.sub.client_req_bodybytes                             0         0.00 Client request body bytes total
ACCG.private.oci.client_req_count                         27416         0.02 Total number of client requests processed
ACCG.private.oci.client_req_hdrbytes                       5816967         3.51 Client request header bytes total
ACCG.private.oci.client_req_bodybytes                             0         0.00 Client request body bytes total
--- 15:35:19 ---
MAIN.client_req_400                             0         0.00 Client requests received, subject to 400 errors
MAIN.client_req_417                             0         0.00 Client requests received, subject to 417 errors
MAIN.client_req                         27416         0.02 Good client requests received
MAIN.cache_hit                         20448         0.01 Cache hits
MAIN.cache_hit_grace                             0         0.00 Cache grace hits
MAIN.cache_hitpass                             0         0.00 Cache hits for pass.
MAIN.cache_hitmiss                           394         0.00 Cache hits for miss.
MAIN.cache_miss                          6968         0.00 Cache misses
MAIN.threads_limited                             0         0.00 Threads hit max
MAIN.thread_queue_len                             0          .   Length of session queue
MAIN.busy_sleep                           703         0.00 Number of requests sent to sleep on busy objhdr
MAIN.sess_queued                           869         0.00 Sessions queued for thread
MAIN.sess_dropped                             0         0.00 Sessions dropped for thread
MAIN.n_object                          4798          .   object structs made
MAIN.n_object_hitmiss                          4732          .   object structs made that are hit-for-miss
MAIN.n_object_hitpass                             0          .   object structs made that are hit-for-pass
MAIN.n_objectcore                          4932          .   objectcore structs made
MAIN.n_objecthead                          1153          .   objecthead structs made
MAIN.goto_dns_cache_hits                             0         0.00 Cache hits within vmod_goto's DNS
SLICER.slice_cache_hit                             0         0.00 Count of slicer subrequest cache hits
SLICER.slice_cache_miss                             0         0.00 Count of slicer subrequest cache misses
SLICER.meta_cache_hit                             0         0.00 Count of cache hits for slicer top-level requests
SLICER.meta_cache_miss                             0         0.00 Count of cache misses for slicer top-level requests
MSE4_MEM.c_memcache_hit                             0         0.00 Stored objects memory cache hits
MSE4_MEM.c_memcache_miss                             0         0.00 Stored objects memory cache misses
ACCG.std.total.client_req_count                         27416         0.02 Total number of client requests processed
ACCG.std.total.client_req_hdrbytes                       5816967         3.51 Client request header bytes total
ACCG.std.total.client_req_bodybytes                             0         0.00 Client request body bytes total
ACCG.std.sub.client_req_count                             0         0.00 Total number of client requests processed
ACCG.std.sub.client_req_hdrbytes                             0         0.00 Client request header bytes total
ACCG.std.sub.client_req_bodybytes                             0         0.00 Client request body bytes total
ACCG.private.total.client_req_count                         27416         0.02 Total number of client requests processed
ACCG.private.total.client_req_hdrbytes                       5816967         3.51 Client request header bytes total
ACCG.private.total.client_req_bodybytes                             0         0.00 Client request body bytes total
ACCG.private.sub.client_req_count                             0         0.00 Total number of client requests processed
ACCG.private.sub.client_req_hdrbytes                             0         0.00 Client request header bytes total
ACCG.private.sub.client_req_bodybytes                             0         0.00 Client request body bytes total
ACCG.other.total.client_req_count                             0         0.00 Total number of client requests processed
ACCG.other.total.client_req_hdrbytes                             0         0.00 Client request header bytes total
ACCG.other.total.client_req_bodybytes                             0         0.00 Client request body bytes total
ACCG.other.sub.client_req_count                             0         0.00 Total number of client requests processed
ACCG.other.sub.client_req_hdrbytes                             0         0.00 Client request header bytes total
ACCG.other.sub.client_req_bodybytes                             0         0.00 Client request body bytes total
ACCG.private.oci.client_req_count                         27416         0.02 Total number of client requests processed
ACCG.private.oci.client_req_hdrbytes                       5816967         3.51 Client request header bytes total
ACCG.private.oci.client_req_bodybytes                             0         0.00 Client request body bytes total
--- 15:35:20 ---
MAIN.client_req_400                             0         0.00 Client requests received, subject to 400 errors
MAIN.client_req_417                             0         0.00 Client requests received, subject to 417 errors
MAIN.client_req                         27416         0.02 Good client requests received
MAIN.cache_hit                         20448         0.01 Cache hits
MAIN.cache_hit_grace                             0         0.00 Cache grace hits
MAIN.cache_hitpass                             0         0.00 Cache hits for pass.
MAIN.cache_hitmiss                           394         0.00 Cache hits for miss.
MAIN.cache_miss                          6968         0.00 Cache misses
MAIN.threads_limited                             0         0.00 Threads hit max
MAIN.thread_queue_len                             0          .   Length of session queue
MAIN.busy_sleep                           703         0.00 Number of requests sent to sleep on busy objhdr
MAIN.sess_queued                           869         0.00 Sessions queued for thread
MAIN.sess_dropped                             0         0.00 Sessions dropped for thread
MAIN.n_object                          4798          .   object structs made
MAIN.n_object_hitmiss                          4732          .   object structs made that are hit-for-miss
MAIN.n_object_hitpass                             0          .   object structs made that are hit-for-pass
MAIN.n_objectcore                          4932          .   objectcore structs made
MAIN.n_objecthead                          1153          .   objecthead structs made
MAIN.goto_dns_cache_hits                             0         0.00 Cache hits within vmod_goto's DNS
SLICER.slice_cache_hit                             0         0.00 Count of slicer subrequest cache hits
SLICER.slice_cache_miss                             0         0.00 Count of slicer subrequest cache misses
SLICER.meta_cache_hit                             0         0.00 Count of cache hits for slicer top-level requests
SLICER.meta_cache_miss                             0         0.00 Count of cache misses for slicer top-level requests
MSE4_MEM.c_memcache_hit                             0         0.00 Stored objects memory cache hits
MSE4_MEM.c_memcache_miss                             0         0.00 Stored objects memory cache misses
ACCG.std.total.client_req_count                         27416         0.02 Total number of client requests processed
ACCG.std.total.client_req_hdrbytes                       5816967         3.51 Client request header bytes total
ACCG.std.total.client_req_bodybytes                             0         0.00 Client request body bytes total
ACCG.std.sub.client_req_count                             0         0.00 Total number of client requests processed
ACCG.std.sub.client_req_hdrbytes                             0         0.00 Client request header bytes total
ACCG.std.sub.client_req_bodybytes                             0         0.00 Client request body bytes total
ACCG.private.total.client_req_count                         27416         0.02 Total number of client requests processed
ACCG.private.total.client_req_hdrbytes                       5816967         3.51 Client request header bytes total
ACCG.private.total.client_req_bodybytes                             0         0.00 Client request body bytes total
ACCG.private.sub.client_req_count                             0         0.00 Total number of client requests processed
ACCG.private.sub.client_req_hdrbytes                             0         0.00 Client request header bytes total
ACCG.private.sub.client_req_bodybytes                             0         0.00 Client request body bytes total
ACCG.other.total.client_req_count                             0         0.00 Total number of client requests processed
ACCG.other.total.client_req_hdrbytes                             0         0.00 Client request header bytes total
ACCG.other.total.client_req_bodybytes                             0         0.00 Client request body bytes total
ACCG.other.sub.client_req_count                             0         0.00 Total number of client requests processed
ACCG.other.sub.client_req_hdrbytes                             0         0.00 Client request header bytes total
ACCG.other.sub.client_req_bodybytes                             0         0.00 Client request body bytes total
ACCG.private.oci.client_req_count                         27416         0.02 Total number of client requests processed
ACCG.private.oci.client_req_hdrbytes                       5816967         3.51 Client request header bytes total
ACCG.private.oci.client_req_bodybytes                             0         0.00 Client request body bytes total
--- 15:35:21 ---
MAIN.client_req_400                             0         0.00 Client requests received, subject to 400 errors
MAIN.client_req_417                             0         0.00 Client requests received, subject to 417 errors
MAIN.client_req                         27416         0.02 Good client requests received
MAIN.cache_hit                         20448         0.01 Cache hits
MAIN.cache_hit_grace                             0         0.00 Cache grace hits
MAIN.cache_hitpass                             0         0.00 Cache hits for pass.
MAIN.cache_hitmiss                           394         0.00 Cache hits for miss.
MAIN.cache_miss                          6968         0.00 Cache misses
MAIN.threads_limited                             0         0.00 Threads hit max
MAIN.thread_queue_len                             0          .   Length of session queue
MAIN.busy_sleep                           703         0.00 Number of requests sent to sleep on busy objhdr
MAIN.sess_queued                           869         0.00 Sessions queued for thread
MAIN.sess_dropped                             0         0.00 Sessions dropped for thread
MAIN.n_object                          4798          .   object structs made
MAIN.n_object_hitmiss                          4732          .   object structs made that are hit-for-miss
MAIN.n_object_hitpass                             0          .   object structs made that are hit-for-pass
MAIN.n_objectcore                          4932          .   objectcore structs made
MAIN.n_objecthead                          1153          .   objecthead structs made
MAIN.goto_dns_cache_hits                             0         0.00 Cache hits within vmod_goto's DNS
SLICER.slice_cache_hit                             0         0.00 Count of slicer subrequest cache hits
SLICER.slice_cache_miss                             0         0.00 Count of slicer subrequest cache misses
SLICER.meta_cache_hit                             0         0.00 Count of cache hits for slicer top-level requests
SLICER.meta_cache_miss                             0         0.00 Count of cache misses for slicer top-level requests
MSE4_MEM.c_memcache_hit                             0         0.00 Stored objects memory cache hits
MSE4_MEM.c_memcache_miss                             0         0.00 Stored objects memory cache misses
ACCG.std.total.client_req_count                         27416         0.02 Total number of client requests processed
ACCG.std.total.client_req_hdrbytes                       5816967         3.51 Client request header bytes total
ACCG.std.total.client_req_bodybytes                             0         0.00 Client request body bytes total
ACCG.std.sub.client_req_count                             0         0.00 Total number of client requests processed
ACCG.std.sub.client_req_hdrbytes                             0         0.00 Client request header bytes total
ACCG.std.sub.client_req_bodybytes                             0         0.00 Client request body bytes total
ACCG.private.total.client_req_count                         27416         0.02 Total number of client requests processed
ACCG.private.total.client_req_hdrbytes                       5816967         3.51 Client request header bytes total
ACCG.private.total.client_req_bodybytes                             0         0.00 Client request body bytes total
ACCG.private.sub.client_req_count                             0         0.00 Total number of client requests processed
ACCG.private.sub.client_req_hdrbytes                             0         0.00 Client request header bytes total
ACCG.private.sub.client_req_bodybytes                             0         0.00 Client request body bytes total
ACCG.other.total.client_req_count                             0         0.00 Total number of client requests processed
ACCG.other.total.client_req_hdrbytes                             0         0.00 Client request header bytes total
ACCG.other.total.client_req_bodybytes                             0         0.00 Client request body bytes total
ACCG.other.sub.client_req_count                             0         0.00 Total number of client requests processed
ACCG.other.sub.client_req_hdrbytes                             0         0.00 Client request header bytes total
ACCG.other.sub.client_req_bodybytes                             0         0.00 Client request body bytes total
ACCG.private.oci.client_req_count                         27416         0.02 Total number of client requests processed
ACCG.private.oci.client_req_hdrbytes                       5816967         3.51 Client request header bytes total
ACCG.private.oci.client_req_bodybytes                             0         0.00 Client request body bytes total
--- 15:35:23 ---
MAIN.client_req_400                             0         0.00 Client requests received, subject to 400 errors
MAIN.client_req_417                             0         0.00 Client requests received, subject to 417 errors
MAIN.client_req                         27416         0.02 Good client requests received
MAIN.cache_hit                         20448         0.01 Cache hits
MAIN.cache_hit_grace                             0         0.00 Cache grace hits
MAIN.cache_hitpass                             0         0.00 Cache hits for pass.
MAIN.cache_hitmiss                           394         0.00 Cache hits for miss.
MAIN.cache_miss                          6968         0.00 Cache misses
MAIN.threads_limited                             0         0.00 Threads hit max
MAIN.thread_queue_len                             0          .   Length of session queue
MAIN.busy_sleep                           703         0.00 Number of requests sent to sleep on busy objhdr
MAIN.sess_queued                           869         0.00 Sessions queued for thread
MAIN.sess_dropped                             0         0.00 Sessions dropped for thread
MAIN.n_object                          4084          .   object structs made
MAIN.n_object_hitmiss                          4018          .   object structs made that are hit-for-miss
MAIN.n_object_hitpass                             0          .   object structs made that are hit-for-pass
MAIN.n_objectcore                          4218          .   objectcore structs made
MAIN.n_objecthead                          1153          .   objecthead structs made
MAIN.goto_dns_cache_hits                             0         0.00 Cache hits within vmod_goto's DNS
SLICER.slice_cache_hit                             0         0.00 Count of slicer subrequest cache hits
SLICER.slice_cache_miss                             0         0.00 Count of slicer subrequest cache misses
SLICER.meta_cache_hit                             0         0.00 Count of cache hits for slicer top-level requests
SLICER.meta_cache_miss                             0         0.00 Count of cache misses for slicer top-level requests
MSE4_MEM.c_memcache_hit                             0         0.00 Stored objects memory cache hits
MSE4_MEM.c_memcache_miss                             0         0.00 Stored objects memory cache misses
ACCG.std.total.client_req_count                         27416         0.02 Total number of client requests processed
ACCG.std.total.client_req_hdrbytes                       5816967         3.51 Client request header bytes total
ACCG.std.total.client_req_bodybytes                             0         0.00 Client request body bytes total
ACCG.std.sub.client_req_count                             0         0.00 Total number of client requests processed
ACCG.std.sub.client_req_hdrbytes                             0         0.00 Client request header bytes total
ACCG.std.sub.client_req_bodybytes                             0         0.00 Client request body bytes total
ACCG.private.total.client_req_count                         27416         0.02 Total number of client requests processed
ACCG.private.total.client_req_hdrbytes                       5816967         3.51 Client request header bytes total
ACCG.private.total.client_req_bodybytes                             0         0.00 Client request body bytes total
ACCG.private.sub.client_req_count                             0         0.00 Total number of client requests processed
ACCG.private.sub.client_req_hdrbytes                             0         0.00 Client request header bytes total
ACCG.private.sub.client_req_bodybytes                             0         0.00 Client request body bytes total
ACCG.other.total.client_req_count                             0         0.00 Total number of client requests processed
ACCG.other.total.client_req_hdrbytes                             0         0.00 Client request header bytes total
ACCG.other.total.client_req_bodybytes                             0         0.00 Client request body bytes total
ACCG.other.sub.client_req_count                             0         0.00 Total number of client requests processed
ACCG.other.sub.client_req_hdrbytes                             0         0.00 Client request header bytes total
ACCG.other.sub.client_req_bodybytes                             0         0.00 Client request body bytes total
ACCG.private.oci.client_req_count                         27416         0.02 Total number of client requests processed
ACCG.private.oci.client_req_hdrbytes                       5816967         3.51 Client request header bytes total
ACCG.private.oci.client_req_bodybytes                             0         0.00 Client request body bytes total
--- 15:35:24 ---
MAIN.client_req_400                             0         0.00 Client requests received, subject to 400 errors
MAIN.client_req_417                             0         0.00 Client requests received, subject to 417 errors
MAIN.client_req                         27416         0.02 Good client requests received
MAIN.cache_hit                         20448         0.01 Cache hits
MAIN.cache_hit_grace                             0         0.00 Cache grace hits
MAIN.cache_hitpass                             0         0.00 Cache hits for pass.
MAIN.cache_hitmiss                           394         0.00 Cache hits for miss.
MAIN.cache_miss                          6968         0.00 Cache misses
MAIN.threads_limited                             0         0.00 Threads hit max
MAIN.thread_queue_len                             0          .   Length of session queue
MAIN.busy_sleep                           703         0.00 Number of requests sent to sleep on busy objhdr
MAIN.sess_queued                           869         0.00 Sessions queued for thread
MAIN.sess_dropped                             0         0.00 Sessions dropped for thread
MAIN.n_object                          3859          .   object structs made
MAIN.n_object_hitmiss                          3793          .   object structs made that are hit-for-miss
MAIN.n_object_hitpass                             0          .   object structs made that are hit-for-pass
MAIN.n_objectcore                          3993          .   objectcore structs made
MAIN.n_objecthead                          1153          .   objecthead structs made
MAIN.goto_dns_cache_hits                             0         0.00 Cache hits within vmod_goto's DNS
SLICER.slice_cache_hit                             0         0.00 Count of slicer subrequest cache hits
SLICER.slice_cache_miss                             0         0.00 Count of slicer subrequest cache misses
SLICER.meta_cache_hit                             0         0.00 Count of cache hits for slicer top-level requests
SLICER.meta_cache_miss                             0         0.00 Count of cache misses for slicer top-level requests
MSE4_MEM.c_memcache_hit                             0         0.00 Stored objects memory cache hits
MSE4_MEM.c_memcache_miss                             0         0.00 Stored objects memory cache misses
ACCG.std.total.client_req_count                         27416         0.02 Total number of client requests processed
ACCG.std.total.client_req_hdrbytes                       5816967         3.51 Client request header bytes total
ACCG.std.total.client_req_bodybytes                             0         0.00 Client request body bytes total
ACCG.std.sub.client_req_count                             0         0.00 Total number of client requests processed
ACCG.std.sub.client_req_hdrbytes                             0         0.00 Client request header bytes total
ACCG.std.sub.client_req_bodybytes                             0         0.00 Client request body bytes total
ACCG.private.total.client_req_count                         27416         0.02 Total number of client requests processed
ACCG.private.total.client_req_hdrbytes                       5816967         3.51 Client request header bytes total
ACCG.private.total.client_req_bodybytes                             0         0.00 Client request body bytes total
ACCG.private.sub.client_req_count                             0         0.00 Total number of client requests processed
ACCG.private.sub.client_req_hdrbytes                             0         0.00 Client request header bytes total
ACCG.private.sub.client_req_bodybytes                             0         0.00 Client request body bytes total
ACCG.other.total.client_req_count                             0         0.00 Total number of client requests processed
ACCG.other.total.client_req_hdrbytes                             0         0.00 Client request header bytes total
ACCG.other.total.client_req_bodybytes                             0         0.00 Client request body bytes total
ACCG.other.sub.client_req_count                             0         0.00 Total number of client requests processed
ACCG.other.sub.client_req_hdrbytes                             0         0.00 Client request header bytes total
ACCG.other.sub.client_req_bodybytes                             0         0.00 Client request body bytes total
ACCG.private.oci.client_req_count                         27416         0.02 Total number of client requests processed
ACCG.private.oci.client_req_hdrbytes                       5816967         3.51 Client request header bytes total
ACCG.private.oci.client_req_bodybytes                             0         0.00 Client request body bytes total
--- 15:35:25 ---
MAIN.client_req_400                             0         0.00 Client requests received, subject to 400 errors
MAIN.client_req_417                             0         0.00 Client requests received, subject to 417 errors
MAIN.client_req                         27416         0.02 Good client requests received
MAIN.cache_hit                         20448         0.01 Cache hits
MAIN.cache_hit_grace                             0         0.00 Cache grace hits
MAIN.cache_hitpass                             0         0.00 Cache hits for pass.
MAIN.cache_hitmiss                           394         0.00 Cache hits for miss.
MAIN.cache_miss                          6968         0.00 Cache misses
MAIN.threads_limited                             0         0.00 Threads hit max
MAIN.thread_queue_len                             0          .   Length of session queue
MAIN.busy_sleep                           703         0.00 Number of requests sent to sleep on busy objhdr
MAIN.sess_queued                           869         0.00 Sessions queued for thread
MAIN.sess_dropped                             0         0.00 Sessions dropped for thread
MAIN.n_object                          3612          .   object structs made
MAIN.n_object_hitmiss                          3546          .   object structs made that are hit-for-miss
MAIN.n_object_hitpass                             0          .   object structs made that are hit-for-pass
MAIN.n_objectcore                          3746          .   objectcore structs made
MAIN.n_objecthead                          1153          .   objecthead structs made
MAIN.goto_dns_cache_hits                             0         0.00 Cache hits within vmod_goto's DNS
SLICER.slice_cache_hit                             0         0.00 Count of slicer subrequest cache hits
SLICER.slice_cache_miss                             0         0.00 Count of slicer subrequest cache misses
SLICER.meta_cache_hit                             0         0.00 Count of cache hits for slicer top-level requests
SLICER.meta_cache_miss                             0         0.00 Count of cache misses for slicer top-level requests
MSE4_MEM.c_memcache_hit                             0         0.00 Stored objects memory cache hits
MSE4_MEM.c_memcache_miss                             0         0.00 Stored objects memory cache misses
ACCG.std.total.client_req_count                         27416         0.02 Total number of client requests processed
ACCG.std.total.client_req_hdrbytes                       5816967         3.51 Client request header bytes total
ACCG.std.total.client_req_bodybytes                             0         0.00 Client request body bytes total
ACCG.std.sub.client_req_count                             0         0.00 Total number of client requests processed
ACCG.std.sub.client_req_hdrbytes                             0         0.00 Client request header bytes total
ACCG.std.sub.client_req_bodybytes                             0         0.00 Client request body bytes total
ACCG.private.total.client_req_count                         27416         0.02 Total number of client requests processed
ACCG.private.total.client_req_hdrbytes                       5816967         3.51 Client request header bytes total
ACCG.private.total.client_req_bodybytes                             0         0.00 Client request body bytes total
ACCG.private.sub.client_req_count                             0         0.00 Total number of client requests processed
ACCG.private.sub.client_req_hdrbytes                             0         0.00 Client request header bytes total
ACCG.private.sub.client_req_bodybytes                             0         0.00 Client request body bytes total
ACCG.other.total.client_req_count                             0         0.00 Total number of client requests processed
ACCG.other.total.client_req_hdrbytes                             0         0.00 Client request header bytes total
ACCG.other.total.client_req_bodybytes                             0         0.00 Client request body bytes total
ACCG.other.sub.client_req_count                             0         0.00 Total number of client requests processed
ACCG.other.sub.client_req_hdrbytes                             0         0.00 Client request header bytes total
ACCG.other.sub.client_req_bodybytes                             0         0.00 Client request body bytes total
ACCG.private.oci.client_req_count                         27416         0.02 Total number of client requests processed
ACCG.private.oci.client_req_hdrbytes                       5816967         3.51 Client request header bytes total
ACCG.private.oci.client_req_bodybytes                             0         0.00 Client request body bytes total
--- 15:35:26 ---
MAIN.client_req_400                             0         0.00 Client requests received, subject to 400 errors
MAIN.client_req_417                             0         0.00 Client requests received, subject to 417 errors
MAIN.client_req                         27416         0.02 Good client requests received
MAIN.cache_hit                         20448         0.01 Cache hits
MAIN.cache_hit_grace                             0         0.00 Cache grace hits
MAIN.cache_hitpass                             0         0.00 Cache hits for pass.
MAIN.cache_hitmiss                           394         0.00 Cache hits for miss.
MAIN.cache_miss                          6968         0.00 Cache misses
MAIN.threads_limited                             0         0.00 Threads hit max
MAIN.thread_queue_len                             0          .   Length of session queue
MAIN.busy_sleep                           703         0.00 Number of requests sent to sleep on busy objhdr
MAIN.sess_queued                           869         0.00 Sessions queued for thread
MAIN.sess_dropped                             0         0.00 Sessions dropped for thread
MAIN.n_object                          2850          .   object structs made
MAIN.n_object_hitmiss                          2784          .   object structs made that are hit-for-miss
MAIN.n_object_hitpass                             0          .   object structs made that are hit-for-pass
MAIN.n_objectcore                          2984          .   objectcore structs made
MAIN.n_objecthead                          1153          .   objecthead structs made
MAIN.goto_dns_cache_hits                             0         0.00 Cache hits within vmod_goto's DNS
SLICER.slice_cache_hit                             0         0.00 Count of slicer subrequest cache hits
SLICER.slice_cache_miss                             0         0.00 Count of slicer subrequest cache misses
SLICER.meta_cache_hit                             0         0.00 Count of cache hits for slicer top-level requests
SLICER.meta_cache_miss                             0         0.00 Count of cache misses for slicer top-level requests
MSE4_MEM.c_memcache_hit                             0         0.00 Stored objects memory cache hits
MSE4_MEM.c_memcache_miss                             0         0.00 Stored objects memory cache misses
ACCG.std.total.client_req_count                         27416         0.02 Total number of client requests processed
ACCG.std.total.client_req_hdrbytes                       5816967         3.51 Client request header bytes total
ACCG.std.total.client_req_bodybytes                             0         0.00 Client request body bytes total
ACCG.std.sub.client_req_count                             0         0.00 Total number of client requests processed
ACCG.std.sub.client_req_hdrbytes                             0         0.00 Client request header bytes total
ACCG.std.sub.client_req_bodybytes                             0         0.00 Client request body bytes total
ACCG.private.total.client_req_count                         27416         0.02 Total number of client requests processed
ACCG.private.total.client_req_hdrbytes                       5816967         3.51 Client request header bytes total
ACCG.private.total.client_req_bodybytes                             0         0.00 Client request body bytes total
ACCG.private.sub.client_req_count                             0         0.00 Total number of client requests processed
ACCG.private.sub.client_req_hdrbytes                             0         0.00 Client request header bytes total
ACCG.private.sub.client_req_bodybytes                             0         0.00 Client request body bytes total
ACCG.other.total.client_req_count                             0         0.00 Total number of client requests processed
ACCG.other.total.client_req_hdrbytes                             0         0.00 Client request header bytes total
ACCG.other.total.client_req_bodybytes                             0         0.00 Client request body bytes total
ACCG.other.sub.client_req_count                             0         0.00 Total number of client requests processed
ACCG.other.sub.client_req_hdrbytes                             0         0.00 Client request header bytes total
ACCG.other.sub.client_req_bodybytes                             0         0.00 Client request body bytes total
ACCG.private.oci.client_req_count                         27416         0.02 Total number of client requests processed
ACCG.private.oci.client_req_hdrbytes                       5816967         3.51 Client request header bytes total
ACCG.private.oci.client_req_bodybytes                             0         0.00 Client request body bytes total
--- 15:35:27 ---
MAIN.client_req_400                             0         0.00 Client requests received, subject to 400 errors
MAIN.client_req_417                             0         0.00 Client requests received, subject to 417 errors
MAIN.client_req                         27416         0.02 Good client requests received
MAIN.cache_hit                         20448         0.01 Cache hits
MAIN.cache_hit_grace                             0         0.00 Cache grace hits
MAIN.cache_hitpass                             0         0.00 Cache hits for pass.
MAIN.cache_hitmiss                           394         0.00 Cache hits for miss.
MAIN.cache_miss                          6968         0.00 Cache misses
MAIN.threads_limited                             0         0.00 Threads hit max
MAIN.thread_queue_len                             0          .   Length of session queue
MAIN.busy_sleep                           703         0.00 Number of requests sent to sleep on busy objhdr
MAIN.sess_queued                           869         0.00 Sessions queued for thread
MAIN.sess_dropped                             0         0.00 Sessions dropped for thread
MAIN.n_object                          2850          .   object structs made
MAIN.n_object_hitmiss                          2784          .   object structs made that are hit-for-miss
MAIN.n_object_hitpass                             0          .   object structs made that are hit-for-pass
MAIN.n_objectcore                          2984          .   objectcore structs made
MAIN.n_objecthead                          1153          .   objecthead structs made
MAIN.goto_dns_cache_hits                             0         0.00 Cache hits within vmod_goto's DNS
SLICER.slice_cache_hit                             0         0.00 Count of slicer subrequest cache hits
SLICER.slice_cache_miss                             0         0.00 Count of slicer subrequest cache misses
SLICER.meta_cache_hit                             0         0.00 Count of cache hits for slicer top-level requests
SLICER.meta_cache_miss                             0         0.00 Count of cache misses for slicer top-level requests
MSE4_MEM.c_memcache_hit                             0         0.00 Stored objects memory cache hits
MSE4_MEM.c_memcache_miss                             0         0.00 Stored objects memory cache misses
ACCG.std.total.client_req_count                         27416         0.02 Total number of client requests processed
ACCG.std.total.client_req_hdrbytes                       5816967         3.51 Client request header bytes total
ACCG.std.total.client_req_bodybytes                             0         0.00 Client request body bytes total
ACCG.std.sub.client_req_count                             0         0.00 Total number of client requests processed
ACCG.std.sub.client_req_hdrbytes                             0         0.00 Client request header bytes total
ACCG.std.sub.client_req_bodybytes                             0         0.00 Client request body bytes total
ACCG.private.total.client_req_count                         27416         0.02 Total number of client requests processed
ACCG.private.total.client_req_hdrbytes                       5816967         3.51 Client request header bytes total
ACCG.private.total.client_req_bodybytes                             0         0.00 Client request body bytes total
ACCG.private.sub.client_req_count                             0         0.00 Total number of client requests processed
ACCG.private.sub.client_req_hdrbytes                             0         0.00 Client request header bytes total
ACCG.private.sub.client_req_bodybytes                             0         0.00 Client request body bytes total
ACCG.other.total.client_req_count                             0         0.00 Total number of client requests processed
ACCG.other.total.client_req_hdrbytes                             0         0.00 Client request header bytes total
ACCG.other.total.client_req_bodybytes                             0         0.00 Client request body bytes total
ACCG.other.sub.client_req_count                             0         0.00 Total number of client requests processed
ACCG.other.sub.client_req_hdrbytes                             0         0.00 Client request header bytes total
ACCG.other.sub.client_req_bodybytes                             0         0.00 Client request body bytes total
ACCG.private.oci.client_req_count                         27416         0.02 Total number of client requests processed
ACCG.private.oci.client_req_hdrbytes                       5816967         3.51 Client request header bytes total
ACCG.private.oci.client_req_bodybytes                             0         0.00 Client request body bytes total
--- 15:35:28 ---
MAIN.client_req_400                             0         0.00 Client requests received, subject to 400 errors
MAIN.client_req_417                             0         0.00 Client requests received, subject to 417 errors
MAIN.client_req                         27416         0.02 Good client requests received
MAIN.cache_hit                         20448         0.01 Cache hits
MAIN.cache_hit_grace                             0         0.00 Cache grace hits
MAIN.cache_hitpass                             0         0.00 Cache hits for pass.
MAIN.cache_hitmiss                           394         0.00 Cache hits for miss.
MAIN.cache_miss                          6968         0.00 Cache misses
MAIN.threads_limited                             0         0.00 Threads hit max
MAIN.thread_queue_len                             0          .   Length of session queue
MAIN.busy_sleep                           703         0.00 Number of requests sent to sleep on busy objhdr
MAIN.sess_queued                           869         0.00 Sessions queued for thread
MAIN.sess_dropped                             0         0.00 Sessions dropped for thread
MAIN.n_object                          2809          .   object structs made
MAIN.n_object_hitmiss                          2743          .   object structs made that are hit-for-miss
MAIN.n_object_hitpass                             0          .   object structs made that are hit-for-pass
MAIN.n_objectcore                          2943          .   objectcore structs made
MAIN.n_objecthead                          1153          .   objecthead structs made
MAIN.goto_dns_cache_hits                             0         0.00 Cache hits within vmod_goto's DNS
SLICER.slice_cache_hit                             0         0.00 Count of slicer subrequest cache hits
SLICER.slice_cache_miss                             0         0.00 Count of slicer subrequest cache misses
SLICER.meta_cache_hit                             0         0.00 Count of cache hits for slicer top-level requests
SLICER.meta_cache_miss                             0         0.00 Count of cache misses for slicer top-level requests
MSE4_MEM.c_memcache_hit                             0         0.00 Stored objects memory cache hits
MSE4_MEM.c_memcache_miss                             0         0.00 Stored objects memory cache misses
ACCG.std.total.client_req_count                         27416         0.02 Total number of client requests processed
ACCG.std.total.client_req_hdrbytes                       5816967         3.51 Client request header bytes total
ACCG.std.total.client_req_bodybytes                             0         0.00 Client request body bytes total
ACCG.std.sub.client_req_count                             0         0.00 Total number of client requests processed
ACCG.std.sub.client_req_hdrbytes                             0         0.00 Client request header bytes total
ACCG.std.sub.client_req_bodybytes                             0         0.00 Client request body bytes total
ACCG.private.total.client_req_count                         27416         0.02 Total number of client requests processed
ACCG.private.total.client_req_hdrbytes                       5816967         3.51 Client request header bytes total
ACCG.private.total.client_req_bodybytes                             0         0.00 Client request body bytes total
ACCG.private.sub.client_req_count                             0         0.00 Total number of client requests processed
ACCG.private.sub.client_req_hdrbytes                             0         0.00 Client request header bytes total
ACCG.private.sub.client_req_bodybytes                             0         0.00 Client request body bytes total
ACCG.other.total.client_req_count                             0         0.00 Total number of client requests processed
ACCG.other.total.client_req_hdrbytes                             0         0.00 Client request header bytes total
ACCG.other.total.client_req_bodybytes                             0         0.00 Client request body bytes total
ACCG.other.sub.client_req_count                             0         0.00 Total number of client requests processed
ACCG.other.sub.client_req_hdrbytes                             0         0.00 Client request header bytes total
ACCG.other.sub.client_req_bodybytes                             0         0.00 Client request body bytes total
ACCG.private.oci.client_req_count                         27416         0.02 Total number of client requests processed
ACCG.private.oci.client_req_hdrbytes                       5816967         3.51 Client request header bytes total
ACCG.private.oci.client_req_bodybytes                             0         0.00 Client request body bytes total
--- 15:35:29 ---
MAIN.client_req_400                             0         0.00 Client requests received, subject to 400 errors
MAIN.client_req_417                             0         0.00 Client requests received, subject to 417 errors
MAIN.client_req                         27416         0.02 Good client requests received
MAIN.cache_hit                         20448         0.01 Cache hits
MAIN.cache_hit_grace                             0         0.00 Cache grace hits
MAIN.cache_hitpass                             0         0.00 Cache hits for pass.
MAIN.cache_hitmiss                           394         0.00 Cache hits for miss.
MAIN.cache_miss                          6968         0.00 Cache misses
MAIN.threads_limited                             0         0.00 Threads hit max
MAIN.thread_queue_len                             0          .   Length of session queue
MAIN.busy_sleep                           703         0.00 Number of requests sent to sleep on busy objhdr
MAIN.sess_queued                           869         0.00 Sessions queued for thread
MAIN.sess_dropped                             0         0.00 Sessions dropped for thread
MAIN.n_object                          1564          .   object structs made
MAIN.n_object_hitmiss                          1498          .   object structs made that are hit-for-miss
MAIN.n_object_hitpass                             0          .   object structs made that are hit-for-pass
MAIN.n_objectcore                          1698          .   objectcore structs made
MAIN.n_objecthead                          1153          .   objecthead structs made
MAIN.goto_dns_cache_hits                             0         0.00 Cache hits within vmod_goto's DNS
SLICER.slice_cache_hit                             0         0.00 Count of slicer subrequest cache hits
SLICER.slice_cache_miss                             0         0.00 Count of slicer subrequest cache misses
SLICER.meta_cache_hit                             0         0.00 Count of cache hits for slicer top-level requests
SLICER.meta_cache_miss                             0         0.00 Count of cache misses for slicer top-level requests
MSE4_MEM.c_memcache_hit                             0         0.00 Stored objects memory cache hits
MSE4_MEM.c_memcache_miss                             0         0.00 Stored objects memory cache misses
ACCG.std.total.client_req_count                         27416         0.02 Total number of client requests processed
ACCG.std.total.client_req_hdrbytes                       5816967         3.51 Client request header bytes total
ACCG.std.total.client_req_bodybytes                             0         0.00 Client request body bytes total
ACCG.std.sub.client_req_count                             0         0.00 Total number of client requests processed
ACCG.std.sub.client_req_hdrbytes                             0         0.00 Client request header bytes total
ACCG.std.sub.client_req_bodybytes                             0         0.00 Client request body bytes total
ACCG.private.total.client_req_count                         27416         0.02 Total number of client requests processed
ACCG.private.total.client_req_hdrbytes                       5816967         3.51 Client request header bytes total
ACCG.private.total.client_req_bodybytes                             0         0.00 Client request body bytes total
ACCG.private.sub.client_req_count                             0         0.00 Total number of client requests processed
ACCG.private.sub.client_req_hdrbytes                             0         0.00 Client request header bytes total
ACCG.private.sub.client_req_bodybytes                             0         0.00 Client request body bytes total
ACCG.other.total.client_req_count                             0         0.00 Total number of client requests processed
ACCG.other.total.client_req_hdrbytes                             0         0.00 Client request header bytes total
ACCG.other.total.client_req_bodybytes                             0         0.00 Client request body bytes total
ACCG.other.sub.client_req_count                             0         0.00 Total number of client requests processed
ACCG.other.sub.client_req_hdrbytes                             0         0.00 Client request header bytes total
ACCG.other.sub.client_req_bodybytes                             0         0.00 Client request body bytes total
ACCG.private.oci.client_req_count                         27416         0.02 Total number of client requests processed
ACCG.private.oci.client_req_hdrbytes                       5816967         3.51 Client request header bytes total
ACCG.private.oci.client_req_bodybytes                             0         0.00 Client request body bytes total
--- 15:35:30 ---
MAIN.client_req_400                             0         0.00 Client requests received, subject to 400 errors
MAIN.client_req_417                             0         0.00 Client requests received, subject to 417 errors
MAIN.client_req                         27416         0.02 Good client requests received
MAIN.cache_hit                         20448         0.01 Cache hits
MAIN.cache_hit_grace                             0         0.00 Cache grace hits
MAIN.cache_hitpass                             0         0.00 Cache hits for pass.
MAIN.cache_hitmiss                           394         0.00 Cache hits for miss.
MAIN.cache_miss                          6968         0.00 Cache misses
MAIN.threads_limited                             0         0.00 Threads hit max
MAIN.thread_queue_len                             0          .   Length of session queue
MAIN.busy_sleep                           703         0.00 Number of requests sent to sleep on busy objhdr
MAIN.sess_queued                           869         0.00 Sessions queued for thread
MAIN.sess_dropped                             0         0.00 Sessions dropped for thread
MAIN.n_object                          1564          .   object structs made
MAIN.n_object_hitmiss                          1498          .   object structs made that are hit-for-miss
MAIN.n_object_hitpass                             0          .   object structs made that are hit-for-pass
MAIN.n_objectcore                          1698          .   objectcore structs made
MAIN.n_objecthead                          1153          .   objecthead structs made
MAIN.goto_dns_cache_hits                             0         0.00 Cache hits within vmod_goto's DNS
SLICER.slice_cache_hit                             0         0.00 Count of slicer subrequest cache hits
SLICER.slice_cache_miss                             0         0.00 Count of slicer subrequest cache misses
SLICER.meta_cache_hit                             0         0.00 Count of cache hits for slicer top-level requests
SLICER.meta_cache_miss                             0         0.00 Count of cache misses for slicer top-level requests
MSE4_MEM.c_memcache_hit                             0         0.00 Stored objects memory cache hits
MSE4_MEM.c_memcache_miss                             0         0.00 Stored objects memory cache misses
ACCG.std.total.client_req_count                         27416         0.02 Total number of client requests processed
ACCG.std.total.client_req_hdrbytes                       5816967         3.51 Client request header bytes total
ACCG.std.total.client_req_bodybytes                             0         0.00 Client request body bytes total
ACCG.std.sub.client_req_count                             0         0.00 Total number of client requests processed
ACCG.std.sub.client_req_hdrbytes                             0         0.00 Client request header bytes total
ACCG.std.sub.client_req_bodybytes                             0         0.00 Client request body bytes total
ACCG.private.total.client_req_count                         27416         0.02 Total number of client requests processed
ACCG.private.total.client_req_hdrbytes                       5816967         3.51 Client request header bytes total
ACCG.private.total.client_req_bodybytes                             0         0.00 Client request body bytes total
ACCG.private.sub.client_req_count                             0         0.00 Total number of client requests processed
ACCG.private.sub.client_req_hdrbytes                             0         0.00 Client request header bytes total
ACCG.private.sub.client_req_bodybytes                             0         0.00 Client request body bytes total
ACCG.other.total.client_req_count                             0         0.00 Total number of client requests processed
ACCG.other.total.client_req_hdrbytes                             0         0.00 Client request header bytes total
ACCG.other.total.client_req_bodybytes                             0         0.00 Client request body bytes total
ACCG.other.sub.client_req_count                             0         0.00 Total number of client requests processed
ACCG.other.sub.client_req_hdrbytes                             0         0.00 Client request header bytes total
ACCG.other.sub.client_req_bodybytes                             0         0.00 Client request body bytes total
ACCG.private.oci.client_req_count                         27416         0.02 Total number of client requests processed
ACCG.private.oci.client_req_hdrbytes                       5816967         3.51 Client request header bytes total
ACCG.private.oci.client_req_bodybytes                             0         0.00 Client request body bytes total
--- 15:35:31 ---
MAIN.client_req_400                             0         0.00 Client requests received, subject to 400 errors
MAIN.client_req_417                             0         0.00 Client requests received, subject to 417 errors
MAIN.client_req                         27416         0.02 Good client requests received
MAIN.cache_hit                         20448         0.01 Cache hits
MAIN.cache_hit_grace                             0         0.00 Cache grace hits
MAIN.cache_hitpass                             0         0.00 Cache hits for pass.
MAIN.cache_hitmiss                           394         0.00 Cache hits for miss.
MAIN.cache_miss                          6968         0.00 Cache misses
MAIN.threads_limited                             0         0.00 Threads hit max
MAIN.thread_queue_len                             0          .   Length of session queue
MAIN.busy_sleep                           703         0.00 Number of requests sent to sleep on busy objhdr
MAIN.sess_queued                           869         0.00 Sessions queued for thread
MAIN.sess_dropped                             0         0.00 Sessions dropped for thread
MAIN.n_object                          1564          .   object structs made
MAIN.n_object_hitmiss                          1498          .   object structs made that are hit-for-miss
MAIN.n_object_hitpass                             0          .   object structs made that are hit-for-pass
MAIN.n_objectcore                          1698          .   objectcore structs made
MAIN.n_objecthead                          1153          .   objecthead structs made
MAIN.goto_dns_cache_hits                             0         0.00 Cache hits within vmod_goto's DNS
SLICER.slice_cache_hit                             0         0.00 Count of slicer subrequest cache hits
SLICER.slice_cache_miss                             0         0.00 Count of slicer subrequest cache misses
SLICER.meta_cache_hit                             0         0.00 Count of cache hits for slicer top-level requests
SLICER.meta_cache_miss                             0         0.00 Count of cache misses for slicer top-level requests
MSE4_MEM.c_memcache_hit                             0         0.00 Stored objects memory cache hits
MSE4_MEM.c_memcache_miss                             0         0.00 Stored objects memory cache misses
ACCG.std.total.client_req_count                         27416         0.02 Total number of client requests processed
ACCG.std.total.client_req_hdrbytes                       5816967         3.51 Client request header bytes total
ACCG.std.total.client_req_bodybytes                             0         0.00 Client request body bytes total
ACCG.std.sub.client_req_count                             0         0.00 Total number of client requests processed
ACCG.std.sub.client_req_hdrbytes                             0         0.00 Client request header bytes total
ACCG.std.sub.client_req_bodybytes                             0         0.00 Client request body bytes total
ACCG.private.total.client_req_count                         27416         0.02 Total number of client requests processed
ACCG.private.total.client_req_hdrbytes                       5816967         3.51 Client request header bytes total
ACCG.private.total.client_req_bodybytes                             0         0.00 Client request body bytes total
ACCG.private.sub.client_req_count                             0         0.00 Total number of client requests processed
ACCG.private.sub.client_req_hdrbytes                             0         0.00 Client request header bytes total
ACCG.private.sub.client_req_bodybytes                             0         0.00 Client request body bytes total
ACCG.other.total.client_req_count                             0         0.00 Total number of client requests processed
ACCG.other.total.client_req_hdrbytes                             0         0.00 Client request header bytes total
ACCG.other.total.client_req_bodybytes                             0         0.00 Client request body bytes total
ACCG.other.sub.client_req_count                             0         0.00 Total number of client requests processed
ACCG.other.sub.client_req_hdrbytes                             0         0.00 Client request header bytes total
ACCG.other.sub.client_req_bodybytes                             0         0.00 Client request body bytes total
ACCG.private.oci.client_req_count                         27416         0.02 Total number of client requests processed
ACCG.private.oci.client_req_hdrbytes                       5816967         3.51 Client request header bytes total
ACCG.private.oci.client_req_bodybytes                             0         0.00 Client request body bytes total
--- 15:35:33 ---
MAIN.client_req_400                             0         0.00 Client requests received, subject to 400 errors
MAIN.client_req_417                             0         0.00 Client requests received, subject to 417 errors
MAIN.client_req                         27416         0.02 Good client requests received
MAIN.cache_hit                         20448         0.01 Cache hits
MAIN.cache_hit_grace                             0         0.00 Cache grace hits
MAIN.cache_hitpass                             0         0.00 Cache hits for pass.
MAIN.cache_hitmiss                           394         0.00 Cache hits for miss.
MAIN.cache_miss                          6968         0.00 Cache misses
MAIN.threads_limited                             0         0.00 Threads hit max
MAIN.thread_queue_len                             0          .   Length of session queue
MAIN.busy_sleep                           703         0.00 Number of requests sent to sleep on busy objhdr
MAIN.sess_queued                           869         0.00 Sessions queued for thread
MAIN.sess_dropped                             0         0.00 Sessions dropped for thread
MAIN.n_object                           713          .   object structs made
MAIN.n_object_hitmiss                           647          .   object structs made that are hit-for-miss
MAIN.n_object_hitpass                             0          .   object structs made that are hit-for-pass
MAIN.n_objectcore                           847          .   objectcore structs made
MAIN.n_objecthead                          1153          .   objecthead structs made
MAIN.goto_dns_cache_hits                             0         0.00 Cache hits within vmod_goto's DNS
SLICER.slice_cache_hit                             0         0.00 Count of slicer subrequest cache hits
SLICER.slice_cache_miss                             0         0.00 Count of slicer subrequest cache misses
SLICER.meta_cache_hit                             0         0.00 Count of cache hits for slicer top-level requests
SLICER.meta_cache_miss                             0         0.00 Count of cache misses for slicer top-level requests
MSE4_MEM.c_memcache_hit                             0         0.00 Stored objects memory cache hits
MSE4_MEM.c_memcache_miss                             0         0.00 Stored objects memory cache misses
ACCG.std.total.client_req_count                         27416         0.02 Total number of client requests processed
ACCG.std.total.client_req_hdrbytes                       5816967         3.51 Client request header bytes total
ACCG.std.total.client_req_bodybytes                             0         0.00 Client request body bytes total
ACCG.std.sub.client_req_count                             0         0.00 Total number of client requests processed
ACCG.std.sub.client_req_hdrbytes                             0         0.00 Client request header bytes total
ACCG.std.sub.client_req_bodybytes                             0         0.00 Client request body bytes total
ACCG.private.total.client_req_count                         27416         0.02 Total number of client requests processed
ACCG.private.total.client_req_hdrbytes                       5816967         3.51 Client request header bytes total
ACCG.private.total.client_req_bodybytes                             0         0.00 Client request body bytes total
ACCG.private.sub.client_req_count                             0         0.00 Total number of client requests processed
ACCG.private.sub.client_req_hdrbytes                             0         0.00 Client request header bytes total
ACCG.private.sub.client_req_bodybytes                             0         0.00 Client request body bytes total
ACCG.other.total.client_req_count                             0         0.00 Total number of client requests processed
ACCG.other.total.client_req_hdrbytes                             0         0.00 Client request header bytes total
ACCG.other.total.client_req_bodybytes                             0         0.00 Client request body bytes total
ACCG.other.sub.client_req_count                             0         0.00 Total number of client requests processed
ACCG.other.sub.client_req_hdrbytes                             0         0.00 Client request header bytes total
ACCG.other.sub.client_req_bodybytes                             0         0.00 Client request body bytes total
ACCG.private.oci.client_req_count                         27416         0.02 Total number of client requests processed
ACCG.private.oci.client_req_hdrbytes                       5816967         3.51 Client request header bytes total
ACCG.private.oci.client_req_bodybytes                             0         0.00 Client request body bytes total
--- 15:35:34 ---
MAIN.client_req_400                             0         0.00 Client requests received, subject to 400 errors
MAIN.client_req_417                             0         0.00 Client requests received, subject to 417 errors
MAIN.client_req                         27416         0.02 Good client requests received
MAIN.cache_hit                         20448         0.01 Cache hits
MAIN.cache_hit_grace                             0         0.00 Cache grace hits
MAIN.cache_hitpass                             0         0.00 Cache hits for pass.
MAIN.cache_hitmiss                           394         0.00 Cache hits for miss.
MAIN.cache_miss                          6968         0.00 Cache misses
MAIN.threads_limited                             0         0.00 Threads hit max
MAIN.thread_queue_len                             0          .   Length of session queue
MAIN.busy_sleep                           703         0.00 Number of requests sent to sleep on busy objhdr
MAIN.sess_queued                           869         0.00 Sessions queued for thread
MAIN.sess_dropped                             0         0.00 Sessions dropped for thread
MAIN.n_object                           713          .   object structs made
MAIN.n_object_hitmiss                           647          .   object structs made that are hit-for-miss
MAIN.n_object_hitpass                             0          .   object structs made that are hit-for-pass
MAIN.n_objectcore                           847          .   objectcore structs made
MAIN.n_objecthead                          1153          .   objecthead structs made
MAIN.goto_dns_cache_hits                             0         0.00 Cache hits within vmod_goto's DNS
SLICER.slice_cache_hit                             0         0.00 Count of slicer subrequest cache hits
SLICER.slice_cache_miss                             0         0.00 Count of slicer subrequest cache misses
SLICER.meta_cache_hit                             0         0.00 Count of cache hits for slicer top-level requests
SLICER.meta_cache_miss                             0         0.00 Count of cache misses for slicer top-level requests
MSE4_MEM.c_memcache_hit                             0         0.00 Stored objects memory cache hits
MSE4_MEM.c_memcache_miss                             0         0.00 Stored objects memory cache misses
ACCG.std.total.client_req_count                         27416         0.02 Total number of client requests processed
ACCG.std.total.client_req_hdrbytes                       5816967         3.51 Client request header bytes total
ACCG.std.total.client_req_bodybytes                             0         0.00 Client request body bytes total
ACCG.std.sub.client_req_count                             0         0.00 Total number of client requests processed
ACCG.std.sub.client_req_hdrbytes                             0         0.00 Client request header bytes total
ACCG.std.sub.client_req_bodybytes                             0         0.00 Client request body bytes total
ACCG.private.total.client_req_count                         27416         0.02 Total number of client requests processed
ACCG.private.total.client_req_hdrbytes                       5816967         3.51 Client request header bytes total
ACCG.private.total.client_req_bodybytes                             0         0.00 Client request body bytes total
ACCG.private.sub.client_req_count                             0         0.00 Total number of client requests processed
ACCG.private.sub.client_req_hdrbytes                             0         0.00 Client request header bytes total
ACCG.private.sub.client_req_bodybytes                             0         0.00 Client request body bytes total
ACCG.other.total.client_req_count                             0         0.00 Total number of client requests processed
ACCG.other.total.client_req_hdrbytes                             0         0.00 Client request header bytes total
ACCG.other.total.client_req_bodybytes                             0         0.00 Client request body bytes total
ACCG.other.sub.client_req_count                             0         0.00 Total number of client requests processed
ACCG.other.sub.client_req_hdrbytes                             0         0.00 Client request header bytes total
ACCG.other.sub.client_req_bodybytes                             0         0.00 Client request body bytes total
ACCG.private.oci.client_req_count                         27416         0.02 Total number of client requests processed
ACCG.private.oci.client_req_hdrbytes                       5816967         3.51 Client request header bytes total
ACCG.private.oci.client_req_bodybytes                             0         0.00 Client request body bytes total
--- 15:35:35 ---
MAIN.client_req_400                             0         0.00 Client requests received, subject to 400 errors
MAIN.client_req_417                             0         0.00 Client requests received, subject to 417 errors
MAIN.client_req                         27416         0.02 Good client requests received
MAIN.cache_hit                         20448         0.01 Cache hits
MAIN.cache_hit_grace                             0         0.00 Cache grace hits
MAIN.cache_hitpass                             0         0.00 Cache hits for pass.
MAIN.cache_hitmiss                           394         0.00 Cache hits for miss.
MAIN.cache_miss                          6968         0.00 Cache misses
MAIN.threads_limited                             0         0.00 Threads hit max
MAIN.thread_queue_len                             0          .   Length of session queue
MAIN.busy_sleep                           703         0.00 Number of requests sent to sleep on busy objhdr
MAIN.sess_queued                           869         0.00 Sessions queued for thread
MAIN.sess_dropped                             0         0.00 Sessions dropped for thread
MAIN.n_object                           713          .   object structs made
MAIN.n_object_hitmiss                           647          .   object structs made that are hit-for-miss
MAIN.n_object_hitpass                             0          .   object structs made that are hit-for-pass
MAIN.n_objectcore                           847          .   objectcore structs made
MAIN.n_objecthead                          1153          .   objecthead structs made
MAIN.goto_dns_cache_hits                             0         0.00 Cache hits within vmod_goto's DNS
SLICER.slice_cache_hit                             0         0.00 Count of slicer subrequest cache hits
SLICER.slice_cache_miss                             0         0.00 Count of slicer subrequest cache misses
SLICER.meta_cache_hit                             0         0.00 Count of cache hits for slicer top-level requests
SLICER.meta_cache_miss                             0         0.00 Count of cache misses for slicer top-level requests
MSE4_MEM.c_memcache_hit                             0         0.00 Stored objects memory cache hits
MSE4_MEM.c_memcache_miss                             0         0.00 Stored objects memory cache misses
ACCG.std.total.client_req_count                         27416         0.02 Total number of client requests processed
ACCG.std.total.client_req_hdrbytes                       5816967         3.51 Client request header bytes total
ACCG.std.total.client_req_bodybytes                             0         0.00 Client request body bytes total
ACCG.std.sub.client_req_count                             0         0.00 Total number of client requests processed
ACCG.std.sub.client_req_hdrbytes                             0         0.00 Client request header bytes total
ACCG.std.sub.client_req_bodybytes                             0         0.00 Client request body bytes total
ACCG.private.total.client_req_count                         27416         0.02 Total number of client requests processed
ACCG.private.total.client_req_hdrbytes                       5816967         3.51 Client request header bytes total
ACCG.private.total.client_req_bodybytes                             0         0.00 Client request body bytes total
ACCG.private.sub.client_req_count                             0         0.00 Total number of client requests processed
ACCG.private.sub.client_req_hdrbytes                             0         0.00 Client request header bytes total
ACCG.private.sub.client_req_bodybytes                             0         0.00 Client request body bytes total
ACCG.other.total.client_req_count                             0         0.00 Total number of client requests processed
ACCG.other.total.client_req_hdrbytes                             0         0.00 Client request header bytes total
ACCG.other.total.client_req_bodybytes                             0         0.00 Client request body bytes total
ACCG.other.sub.client_req_count                             0         0.00 Total number of client requests processed
ACCG.other.sub.client_req_hdrbytes                             0         0.00 Client request header bytes total
ACCG.other.sub.client_req_bodybytes                             0         0.00 Client request body bytes total
ACCG.private.oci.client_req_count                         27416         0.02 Total number of client requests processed
ACCG.private.oci.client_req_hdrbytes                       5816967         3.51 Client request header bytes total
ACCG.private.oci.client_req_bodybytes                             0         0.00 Client request body bytes total
--- 15:35:36 ---
MAIN.client_req_400                             0         0.00 Client requests received, subject to 400 errors
MAIN.client_req_417                             0         0.00 Client requests received, subject to 417 errors
MAIN.client_req                         27416         0.02 Good client requests received
MAIN.cache_hit                         20448         0.01 Cache hits
MAIN.cache_hit_grace                             0         0.00 Cache grace hits
MAIN.cache_hitpass                             0         0.00 Cache hits for pass.
MAIN.cache_hitmiss                           394         0.00 Cache hits for miss.
MAIN.cache_miss                          6968         0.00 Cache misses
MAIN.threads_limited                             0         0.00 Threads hit max
MAIN.thread_queue_len                             0          .   Length of session queue
MAIN.busy_sleep                           703         0.00 Number of requests sent to sleep on busy objhdr
MAIN.sess_queued                           869         0.00 Sessions queued for thread
MAIN.sess_dropped                             0         0.00 Sessions dropped for thread
MAIN.n_object                           408          .   object structs made
MAIN.n_object_hitmiss                           342          .   object structs made that are hit-for-miss
MAIN.n_object_hitpass                             0          .   object structs made that are hit-for-pass
MAIN.n_objectcore                           542          .   objectcore structs made
MAIN.n_objecthead                          1153          .   objecthead structs made
MAIN.goto_dns_cache_hits                             0         0.00 Cache hits within vmod_goto's DNS
SLICER.slice_cache_hit                             0         0.00 Count of slicer subrequest cache hits
SLICER.slice_cache_miss                             0         0.00 Count of slicer subrequest cache misses
SLICER.meta_cache_hit                             0         0.00 Count of cache hits for slicer top-level requests
SLICER.meta_cache_miss                             0         0.00 Count of cache misses for slicer top-level requests
MSE4_MEM.c_memcache_hit                             0         0.00 Stored objects memory cache hits
MSE4_MEM.c_memcache_miss                             0         0.00 Stored objects memory cache misses
ACCG.std.total.client_req_count                         27416         0.02 Total number of client requests processed
ACCG.std.total.client_req_hdrbytes                       5816967         3.51 Client request header bytes total
ACCG.std.total.client_req_bodybytes                             0         0.00 Client request body bytes total
ACCG.std.sub.client_req_count                             0         0.00 Total number of client requests processed
ACCG.std.sub.client_req_hdrbytes                             0         0.00 Client request header bytes total
ACCG.std.sub.client_req_bodybytes                             0         0.00 Client request body bytes total
ACCG.private.total.client_req_count                         27416         0.02 Total number of client requests processed
ACCG.private.total.client_req_hdrbytes                       5816967         3.51 Client request header bytes total
ACCG.private.total.client_req_bodybytes                             0         0.00 Client request body bytes total
ACCG.private.sub.client_req_count                             0         0.00 Total number of client requests processed
ACCG.private.sub.client_req_hdrbytes                             0         0.00 Client request header bytes total
ACCG.private.sub.client_req_bodybytes                             0         0.00 Client request body bytes total
ACCG.other.total.client_req_count                             0         0.00 Total number of client requests processed
ACCG.other.total.client_req_hdrbytes                             0         0.00 Client request header bytes total
ACCG.other.total.client_req_bodybytes                             0         0.00 Client request body bytes total
ACCG.other.sub.client_req_count                             0         0.00 Total number of client requests processed
ACCG.other.sub.client_req_hdrbytes                             0         0.00 Client request header bytes total
ACCG.other.sub.client_req_bodybytes                             0         0.00 Client request body bytes total
ACCG.private.oci.client_req_count                         27416         0.02 Total number of client requests processed
ACCG.private.oci.client_req_hdrbytes                       5816967         3.51 Client request header bytes total
ACCG.private.oci.client_req_bodybytes                             0         0.00 Client request body bytes total
--- 15:35:37 ---
MAIN.client_req_400                             0         0.00 Client requests received, subject to 400 errors
MAIN.client_req_417                             0         0.00 Client requests received, subject to 417 errors
MAIN.client_req                         27416         0.02 Good client requests received
MAIN.cache_hit                         20448         0.01 Cache hits
MAIN.cache_hit_grace                             0         0.00 Cache grace hits
MAIN.cache_hitpass                             0         0.00 Cache hits for pass.
MAIN.cache_hitmiss                           394         0.00 Cache hits for miss.
MAIN.cache_miss                          6968         0.00 Cache misses
MAIN.threads_limited                             0         0.00 Threads hit max
MAIN.thread_queue_len                             0          .   Length of session queue
MAIN.busy_sleep                           703         0.00 Number of requests sent to sleep on busy objhdr
MAIN.sess_queued                           869         0.00 Sessions queued for thread
MAIN.sess_dropped                             0         0.00 Sessions dropped for thread
MAIN.n_object                           408          .   object structs made
MAIN.n_object_hitmiss                           342          .   object structs made that are hit-for-miss
MAIN.n_object_hitpass                             0          .   object structs made that are hit-for-pass
MAIN.n_objectcore                           542          .   objectcore structs made
MAIN.n_objecthead                          1153          .   objecthead structs made
MAIN.goto_dns_cache_hits                             0         0.00 Cache hits within vmod_goto's DNS
SLICER.slice_cache_hit                             0         0.00 Count of slicer subrequest cache hits
SLICER.slice_cache_miss                             0         0.00 Count of slicer subrequest cache misses
SLICER.meta_cache_hit                             0         0.00 Count of cache hits for slicer top-level requests
SLICER.meta_cache_miss                             0         0.00 Count of cache misses for slicer top-level requests
MSE4_MEM.c_memcache_hit                             0         0.00 Stored objects memory cache hits
MSE4_MEM.c_memcache_miss                             0         0.00 Stored objects memory cache misses
ACCG.std.total.client_req_count                         27416         0.02 Total number of client requests processed
ACCG.std.total.client_req_hdrbytes                       5816967         3.51 Client request header bytes total
ACCG.std.total.client_req_bodybytes                             0         0.00 Client request body bytes total
ACCG.std.sub.client_req_count                             0         0.00 Total number of client requests processed
ACCG.std.sub.client_req_hdrbytes                             0         0.00 Client request header bytes total
ACCG.std.sub.client_req_bodybytes                             0         0.00 Client request body bytes total
ACCG.private.total.client_req_count                         27416         0.02 Total number of client requests processed
ACCG.private.total.client_req_hdrbytes                       5816967         3.51 Client request header bytes total
ACCG.private.total.client_req_bodybytes                             0         0.00 Client request body bytes total
ACCG.private.sub.client_req_count                             0         0.00 Total number of client requests processed
ACCG.private.sub.client_req_hdrbytes                             0         0.00 Client request header bytes total
ACCG.private.sub.client_req_bodybytes                             0         0.00 Client request body bytes total
ACCG.other.total.client_req_count                             0         0.00 Total number of client requests processed
ACCG.other.total.client_req_hdrbytes                             0         0.00 Client request header bytes total
ACCG.other.total.client_req_bodybytes                             0         0.00 Client request body bytes total
ACCG.other.sub.client_req_count                             0         0.00 Total number of client requests processed
ACCG.other.sub.client_req_hdrbytes                             0         0.00 Client request header bytes total
ACCG.other.sub.client_req_bodybytes                             0         0.00 Client request body bytes total
ACCG.private.oci.client_req_count                         27416         0.02 Total number of client requests processed
ACCG.private.oci.client_req_hdrbytes                       5816967         3.51 Client request header bytes total
ACCG.private.oci.client_req_bodybytes                             0         0.00 Client request body bytes total
--- 15:35:38 ---
MAIN.client_req_400                             0         0.00 Client requests received, subject to 400 errors
MAIN.client_req_417                             0         0.00 Client requests received, subject to 417 errors
MAIN.client_req                         27416         0.02 Good client requests received
MAIN.cache_hit                         20448         0.01 Cache hits
MAIN.cache_hit_grace                             0         0.00 Cache grace hits
MAIN.cache_hitpass                             0         0.00 Cache hits for pass.
MAIN.cache_hitmiss                           394         0.00 Cache hits for miss.
MAIN.cache_miss                          6968         0.00 Cache misses
MAIN.threads_limited                             0         0.00 Threads hit max
MAIN.thread_queue_len                             0          .   Length of session queue
MAIN.busy_sleep                           703         0.00 Number of requests sent to sleep on busy objhdr
MAIN.sess_queued                           869         0.00 Sessions queued for thread
MAIN.sess_dropped                             0         0.00 Sessions dropped for thread
MAIN.n_object                           408          .   object structs made
MAIN.n_object_hitmiss                           342          .   object structs made that are hit-for-miss
MAIN.n_object_hitpass                             0          .   object structs made that are hit-for-pass
MAIN.n_objectcore                           542          .   objectcore structs made
MAIN.n_objecthead                          1153          .   objecthead structs made
MAIN.goto_dns_cache_hits                             0         0.00 Cache hits within vmod_goto's DNS
SLICER.slice_cache_hit                             0         0.00 Count of slicer subrequest cache hits
SLICER.slice_cache_miss                             0         0.00 Count of slicer subrequest cache misses
SLICER.meta_cache_hit                             0         0.00 Count of cache hits for slicer top-level requests
SLICER.meta_cache_miss                             0         0.00 Count of cache misses for slicer top-level requests
MSE4_MEM.c_memcache_hit                             0         0.00 Stored objects memory cache hits
MSE4_MEM.c_memcache_miss                             0         0.00 Stored objects memory cache misses
ACCG.std.total.client_req_count                         27416         0.02 Total number of client requests processed
ACCG.std.total.client_req_hdrbytes                       5816967         3.51 Client request header bytes total
ACCG.std.total.client_req_bodybytes                             0         0.00 Client request body bytes total
ACCG.std.sub.client_req_count                             0         0.00 Total number of client requests processed
ACCG.std.sub.client_req_hdrbytes                             0         0.00 Client request header bytes total
ACCG.std.sub.client_req_bodybytes                             0         0.00 Client request body bytes total
ACCG.private.total.client_req_count                         27416         0.02 Total number of client requests processed
ACCG.private.total.client_req_hdrbytes                       5816967         3.51 Client request header bytes total
ACCG.private.total.client_req_bodybytes                             0         0.00 Client request body bytes total
ACCG.private.sub.client_req_count                             0         0.00 Total number of client requests processed
ACCG.private.sub.client_req_hdrbytes                             0         0.00 Client request header bytes total
ACCG.private.sub.client_req_bodybytes                             0         0.00 Client request body bytes total
ACCG.other.total.client_req_count                             0         0.00 Total number of client requests processed
ACCG.other.total.client_req_hdrbytes                             0         0.00 Client request header bytes total
ACCG.other.total.client_req_bodybytes                             0         0.00 Client request body bytes total
ACCG.other.sub.client_req_count                             0         0.00 Total number of client requests processed
ACCG.other.sub.client_req_hdrbytes                             0         0.00 Client request header bytes total
ACCG.other.sub.client_req_bodybytes                             0         0.00 Client request body bytes total
ACCG.private.oci.client_req_count                         27416         0.02 Total number of client requests processed
ACCG.private.oci.client_req_hdrbytes                       5816967         3.51 Client request header bytes total
ACCG.private.oci.client_req_bodybytes                             0         0.00 Client request body bytes total
--- 15:35:39 ---
MAIN.client_req_400                             0         0.00 Client requests received, subject to 400 errors
MAIN.client_req_417                             0         0.00 Client requests received, subject to 417 errors
MAIN.client_req                         27416         0.02 Good client requests received
MAIN.cache_hit                         20448         0.01 Cache hits
MAIN.cache_hit_grace                             0         0.00 Cache grace hits
MAIN.cache_hitpass                             0         0.00 Cache hits for pass.
MAIN.cache_hitmiss                           394         0.00 Cache hits for miss.
MAIN.cache_miss                          6968         0.00 Cache misses
MAIN.threads_limited                             0         0.00 Threads hit max
MAIN.thread_queue_len                             0          .   Length of session queue
MAIN.busy_sleep                           703         0.00 Number of requests sent to sleep on busy objhdr
MAIN.sess_queued                           869         0.00 Sessions queued for thread
MAIN.sess_dropped                             0         0.00 Sessions dropped for thread
MAIN.n_object                           148          .   object structs made
MAIN.n_object_hitmiss                            82          .   object structs made that are hit-for-miss
MAIN.n_object_hitpass                             0          .   object structs made that are hit-for-pass
MAIN.n_objectcore                           282          .   objectcore structs made
MAIN.n_objecthead                          1153          .   objecthead structs made
MAIN.goto_dns_cache_hits                             0         0.00 Cache hits within vmod_goto's DNS
SLICER.slice_cache_hit                             0         0.00 Count of slicer subrequest cache hits
SLICER.slice_cache_miss                             0         0.00 Count of slicer subrequest cache misses
SLICER.meta_cache_hit                             0         0.00 Count of cache hits for slicer top-level requests
SLICER.meta_cache_miss                             0         0.00 Count of cache misses for slicer top-level requests
MSE4_MEM.c_memcache_hit                             0         0.00 Stored objects memory cache hits
MSE4_MEM.c_memcache_miss                             0         0.00 Stored objects memory cache misses
ACCG.std.total.client_req_count                         27416         0.02 Total number of client requests processed
ACCG.std.total.client_req_hdrbytes                       5816967         3.51 Client request header bytes total
ACCG.std.total.client_req_bodybytes                             0         0.00 Client request body bytes total
ACCG.std.sub.client_req_count                             0         0.00 Total number of client requests processed
ACCG.std.sub.client_req_hdrbytes                             0         0.00 Client request header bytes total
ACCG.std.sub.client_req_bodybytes                             0         0.00 Client request body bytes total
ACCG.private.total.client_req_count                         27416         0.02 Total number of client requests processed
ACCG.private.total.client_req_hdrbytes                       5816967         3.51 Client request header bytes total
ACCG.private.total.client_req_bodybytes                             0         0.00 Client request body bytes total
ACCG.private.sub.client_req_count                             0         0.00 Total number of client requests processed
ACCG.private.sub.client_req_hdrbytes                             0         0.00 Client request header bytes total
ACCG.private.sub.client_req_bodybytes                             0         0.00 Client request body bytes total
ACCG.other.total.client_req_count                             0         0.00 Total number of client requests processed
ACCG.other.total.client_req_hdrbytes                             0         0.00 Client request header bytes total
ACCG.other.total.client_req_bodybytes                             0         0.00 Client request body bytes total
ACCG.other.sub.client_req_count                             0         0.00 Total number of client requests processed
ACCG.other.sub.client_req_hdrbytes                             0         0.00 Client request header bytes total
ACCG.other.sub.client_req_bodybytes                             0         0.00 Client request body bytes total
ACCG.private.oci.client_req_count                         27416         0.02 Total number of client requests processed
ACCG.private.oci.client_req_hdrbytes                       5816967         3.51 Client request header bytes total
ACCG.private.oci.client_req_bodybytes                             0         0.00 Client request body bytes total
--- 15:35:40 ---
MAIN.client_req_400                             0         0.00 Client requests received, subject to 400 errors
MAIN.client_req_417                             0         0.00 Client requests received, subject to 417 errors
MAIN.client_req                         27416         0.02 Good client requests received
MAIN.cache_hit                         20448         0.01 Cache hits
MAIN.cache_hit_grace                             0         0.00 Cache grace hits
MAIN.cache_hitpass                             0         0.00 Cache hits for pass.
MAIN.cache_hitmiss                           394         0.00 Cache hits for miss.
MAIN.cache_miss                          6968         0.00 Cache misses
MAIN.threads_limited                             0         0.00 Threads hit max
MAIN.thread_queue_len                             0          .   Length of session queue
MAIN.busy_sleep                           703         0.00 Number of requests sent to sleep on busy objhdr
MAIN.sess_queued                           869         0.00 Sessions queued for thread
MAIN.sess_dropped                             0         0.00 Sessions dropped for thread
MAIN.n_object                           148          .   object structs made
MAIN.n_object_hitmiss                            82          .   object structs made that are hit-for-miss
MAIN.n_object_hitpass                             0          .   object structs made that are hit-for-pass
MAIN.n_objectcore                           282          .   objectcore structs made
MAIN.n_objecthead                          1153          .   objecthead structs made
MAIN.goto_dns_cache_hits                             0         0.00 Cache hits within vmod_goto's DNS
SLICER.slice_cache_hit                             0         0.00 Count of slicer subrequest cache hits
SLICER.slice_cache_miss                             0         0.00 Count of slicer subrequest cache misses
SLICER.meta_cache_hit                             0         0.00 Count of cache hits for slicer top-level requests
SLICER.meta_cache_miss                             0         0.00 Count of cache misses for slicer top-level requests
MSE4_MEM.c_memcache_hit                             0         0.00 Stored objects memory cache hits
MSE4_MEM.c_memcache_miss                             0         0.00 Stored objects memory cache misses
ACCG.std.total.client_req_count                         27416         0.02 Total number of client requests processed
ACCG.std.total.client_req_hdrbytes                       5816967         3.51 Client request header bytes total
ACCG.std.total.client_req_bodybytes                             0         0.00 Client request body bytes total
ACCG.std.sub.client_req_count                             0         0.00 Total number of client requests processed
ACCG.std.sub.client_req_hdrbytes                             0         0.00 Client request header bytes total
ACCG.std.sub.client_req_bodybytes                             0         0.00 Client request body bytes total
ACCG.private.total.client_req_count                         27416         0.02 Total number of client requests processed
ACCG.private.total.client_req_hdrbytes                       5816967         3.51 Client request header bytes total
ACCG.private.total.client_req_bodybytes                             0         0.00 Client request body bytes total
ACCG.private.sub.client_req_count                             0         0.00 Total number of client requests processed
ACCG.private.sub.client_req_hdrbytes                             0         0.00 Client request header bytes total
ACCG.private.sub.client_req_bodybytes                             0         0.00 Client request body bytes total
ACCG.other.total.client_req_count                             0         0.00 Total number of client requests processed
ACCG.other.total.client_req_hdrbytes                             0         0.00 Client request header bytes total
ACCG.other.total.client_req_bodybytes                             0         0.00 Client request body bytes total
ACCG.other.sub.client_req_count                             0         0.00 Total number of client requests processed
ACCG.other.sub.client_req_hdrbytes                             0         0.00 Client request header bytes total
ACCG.other.sub.client_req_bodybytes                             0         0.00 Client request body bytes total
ACCG.private.oci.client_req_count                         27416         0.02 Total number of client requests processed
ACCG.private.oci.client_req_hdrbytes                       5816967         3.51 Client request header bytes total
ACCG.private.oci.client_req_bodybytes                             0         0.00 Client request body bytes total
--- 15:35:42 ---
MAIN.client_req_400                             0         0.00 Client requests received, subject to 400 errors
MAIN.client_req_417                             0         0.00 Client requests received, subject to 417 errors
MAIN.client_req                         27416         0.02 Good client requests received
MAIN.cache_hit                         20448         0.01 Cache hits
MAIN.cache_hit_grace                             0         0.00 Cache grace hits
MAIN.cache_hitpass                             0         0.00 Cache hits for pass.
MAIN.cache_hitmiss                           394         0.00 Cache hits for miss.
MAIN.cache_miss                          6968         0.00 Cache misses
MAIN.threads_limited                             0         0.00 Threads hit max
MAIN.thread_queue_len                             0          .   Length of session queue
MAIN.busy_sleep                           703         0.00 Number of requests sent to sleep on busy objhdr
MAIN.sess_queued                           869         0.00 Sessions queued for thread
MAIN.sess_dropped                             0         0.00 Sessions dropped for thread
MAIN.n_object                           148          .   object structs made
MAIN.n_object_hitmiss                            82          .   object structs made that are hit-for-miss
MAIN.n_object_hitpass                             0          .   object structs made that are hit-for-pass
MAIN.n_objectcore                           282          .   objectcore structs made
MAIN.n_objecthead                          1153          .   objecthead structs made
MAIN.goto_dns_cache_hits                             0         0.00 Cache hits within vmod_goto's DNS
SLICER.slice_cache_hit                             0         0.00 Count of slicer subrequest cache hits
SLICER.slice_cache_miss                             0         0.00 Count of slicer subrequest cache misses
SLICER.meta_cache_hit                             0         0.00 Count of cache hits for slicer top-level requests
SLICER.meta_cache_miss                             0         0.00 Count of cache misses for slicer top-level requests
MSE4_MEM.c_memcache_hit                             0         0.00 Stored objects memory cache hits
MSE4_MEM.c_memcache_miss                             0         0.00 Stored objects memory cache misses
ACCG.std.total.client_req_count                         27416         0.02 Total number of client requests processed
ACCG.std.total.client_req_hdrbytes                       5816967         3.51 Client request header bytes total
ACCG.std.total.client_req_bodybytes                             0         0.00 Client request body bytes total
ACCG.std.sub.client_req_count                             0         0.00 Total number of client requests processed
ACCG.std.sub.client_req_hdrbytes                             0         0.00 Client request header bytes total
ACCG.std.sub.client_req_bodybytes                             0         0.00 Client request body bytes total
ACCG.private.total.client_req_count                         27416         0.02 Total number of client requests processed
ACCG.private.total.client_req_hdrbytes                       5816967         3.51 Client request header bytes total
ACCG.private.total.client_req_bodybytes                             0         0.00 Client request body bytes total
ACCG.private.sub.client_req_count                             0         0.00 Total number of client requests processed
ACCG.private.sub.client_req_hdrbytes                             0         0.00 Client request header bytes total
ACCG.private.sub.client_req_bodybytes                             0         0.00 Client request body bytes total
ACCG.other.total.client_req_count                             0         0.00 Total number of client requests processed
ACCG.other.total.client_req_hdrbytes                             0         0.00 Client request header bytes total
ACCG.other.total.client_req_bodybytes                             0         0.00 Client request body bytes total
ACCG.other.sub.client_req_count                             0         0.00 Total number of client requests processed
ACCG.other.sub.client_req_hdrbytes                             0         0.00 Client request header bytes total
ACCG.other.sub.client_req_bodybytes                             0         0.00 Client request body bytes total
ACCG.private.oci.client_req_count                         27416         0.02 Total number of client requests processed
ACCG.private.oci.client_req_hdrbytes                       5816967         3.51 Client request header bytes total
ACCG.private.oci.client_req_bodybytes                             0         0.00 Client request body bytes total
--- 15:35:43 ---
MAIN.client_req_400                             0         0.00 Client requests received, subject to 400 errors
MAIN.client_req_417                             0         0.00 Client requests received, subject to 417 errors
MAIN.client_req                         27416         0.02 Good client requests received
MAIN.cache_hit                         20448         0.01 Cache hits
MAIN.cache_hit_grace                             0         0.00 Cache grace hits
MAIN.cache_hitpass                             0         0.00 Cache hits for pass.
MAIN.cache_hitmiss                           394         0.00 Cache hits for miss.
MAIN.cache_miss                          6968         0.00 Cache misses
MAIN.threads_limited                             0         0.00 Threads hit max
MAIN.thread_queue_len                             0          .   Length of session queue
MAIN.busy_sleep                           703         0.00 Number of requests sent to sleep on busy objhdr
MAIN.sess_queued                           869         0.00 Sessions queued for thread
MAIN.sess_dropped                             0         0.00 Sessions dropped for thread
MAIN.n_object                            66          .   object structs made
MAIN.n_object_hitmiss                             0          .   object structs made that are hit-for-miss
MAIN.n_object_hitpass                             0          .   object structs made that are hit-for-pass
MAIN.n_objectcore                           200          .   objectcore structs made
MAIN.n_objecthead                          1153          .   objecthead structs made
MAIN.goto_dns_cache_hits                             0         0.00 Cache hits within vmod_goto's DNS
SLICER.slice_cache_hit                             0         0.00 Count of slicer subrequest cache hits
SLICER.slice_cache_miss                             0         0.00 Count of slicer subrequest cache misses
SLICER.meta_cache_hit                             0         0.00 Count of cache hits for slicer top-level requests
SLICER.meta_cache_miss                             0         0.00 Count of cache misses for slicer top-level requests
MSE4_MEM.c_memcache_hit                             0         0.00 Stored objects memory cache hits
MSE4_MEM.c_memcache_miss                             0         0.00 Stored objects memory cache misses
ACCG.std.total.client_req_count                         27416         0.02 Total number of client requests processed
ACCG.std.total.client_req_hdrbytes                       5816967         3.51 Client request header bytes total
ACCG.std.total.client_req_bodybytes                             0         0.00 Client request body bytes total
ACCG.std.sub.client_req_count                             0         0.00 Total number of client requests processed
ACCG.std.sub.client_req_hdrbytes                             0         0.00 Client request header bytes total
ACCG.std.sub.client_req_bodybytes                             0         0.00 Client request body bytes total
ACCG.private.total.client_req_count                         27416         0.02 Total number of client requests processed
ACCG.private.total.client_req_hdrbytes                       5816967         3.51 Client request header bytes total
ACCG.private.total.client_req_bodybytes                             0         0.00 Client request body bytes total
ACCG.private.sub.client_req_count                             0         0.00 Total number of client requests processed
ACCG.private.sub.client_req_hdrbytes                             0         0.00 Client request header bytes total
ACCG.private.sub.client_req_bodybytes                             0         0.00 Client request body bytes total
ACCG.other.total.client_req_count                             0         0.00 Total number of client requests processed
ACCG.other.total.client_req_hdrbytes                             0         0.00 Client request header bytes total
ACCG.other.total.client_req_bodybytes                             0         0.00 Client request body bytes total
ACCG.other.sub.client_req_count                             0         0.00 Total number of client requests processed
ACCG.other.sub.client_req_hdrbytes                             0         0.00 Client request header bytes total
ACCG.other.sub.client_req_bodybytes                             0         0.00 Client request body bytes total
ACCG.private.oci.client_req_count                         27416         0.02 Total number of client requests processed
ACCG.private.oci.client_req_hdrbytes                       5816967         3.51 Client request header bytes total
ACCG.private.oci.client_req_bodybytes                             0         0.00 Client request body bytes total
--- 15:35:44 ---
MAIN.client_req_400                             0         0.00 Client requests received, subject to 400 errors
MAIN.client_req_417                             0         0.00 Client requests received, subject to 417 errors
MAIN.client_req                         27416         0.02 Good client requests received
MAIN.cache_hit                         20448         0.01 Cache hits
MAIN.cache_hit_grace                             0         0.00 Cache grace hits
MAIN.cache_hitpass                             0         0.00 Cache hits for pass.
MAIN.cache_hitmiss                           394         0.00 Cache hits for miss.
MAIN.cache_miss                          6968         0.00 Cache misses
MAIN.threads_limited                             0         0.00 Threads hit max
MAIN.thread_queue_len                             0          .   Length of session queue
MAIN.busy_sleep                           703         0.00 Number of requests sent to sleep on busy objhdr
MAIN.sess_queued                           869         0.00 Sessions queued for thread
MAIN.sess_dropped                             0         0.00 Sessions dropped for thread
MAIN.n_object                            66          .   object structs made
MAIN.n_object_hitmiss                             0          .   object structs made that are hit-for-miss
MAIN.n_object_hitpass                             0          .   object structs made that are hit-for-pass
MAIN.n_objectcore                           200          .   objectcore structs made
MAIN.n_objecthead                          1153          .   objecthead structs made
MAIN.goto_dns_cache_hits                             0         0.00 Cache hits within vmod_goto's DNS
SLICER.slice_cache_hit                             0         0.00 Count of slicer subrequest cache hits
SLICER.slice_cache_miss                             0         0.00 Count of slicer subrequest cache misses
SLICER.meta_cache_hit                             0         0.00 Count of cache hits for slicer top-level requests
SLICER.meta_cache_miss                             0         0.00 Count of cache misses for slicer top-level requests
MSE4_MEM.c_memcache_hit                             0         0.00 Stored objects memory cache hits
MSE4_MEM.c_memcache_miss                             0         0.00 Stored objects memory cache misses
ACCG.std.total.client_req_count                         27416         0.02 Total number of client requests processed
ACCG.std.total.client_req_hdrbytes                       5816967         3.51 Client request header bytes total
ACCG.std.total.client_req_bodybytes                             0         0.00 Client request body bytes total
ACCG.std.sub.client_req_count                             0         0.00 Total number of client requests processed
ACCG.std.sub.client_req_hdrbytes                             0         0.00 Client request header bytes total
ACCG.std.sub.client_req_bodybytes                             0         0.00 Client request body bytes total
ACCG.private.total.client_req_count                         27416         0.02 Total number of client requests processed
ACCG.private.total.client_req_hdrbytes                       5816967         3.51 Client request header bytes total
ACCG.private.total.client_req_bodybytes                             0         0.00 Client request body bytes total
ACCG.private.sub.client_req_count                             0         0.00 Total number of client requests processed
ACCG.private.sub.client_req_hdrbytes                             0         0.00 Client request header bytes total
ACCG.private.sub.client_req_bodybytes                             0         0.00 Client request body bytes total
ACCG.other.total.client_req_count                             0         0.00 Total number of client requests processed
ACCG.other.total.client_req_hdrbytes                             0         0.00 Client request header bytes total
ACCG.other.total.client_req_bodybytes                             0         0.00 Client request body bytes total
ACCG.other.sub.client_req_count                             0         0.00 Total number of client requests processed
ACCG.other.sub.client_req_hdrbytes                             0         0.00 Client request header bytes total
ACCG.other.sub.client_req_bodybytes                             0         0.00 Client request body bytes total
ACCG.private.oci.client_req_count                         27416         0.02 Total number of client requests processed
ACCG.private.oci.client_req_hdrbytes                       5816967         3.51 Client request header bytes total
ACCG.private.oci.client_req_bodybytes                             0         0.00 Client request body bytes total
--- 15:35:45 ---
MAIN.client_req_400                             0         0.00 Client requests received, subject to 400 errors
MAIN.client_req_417                             0         0.00 Client requests received, subject to 417 errors
MAIN.client_req                         27416         0.02 Good client requests received
MAIN.cache_hit                         20448         0.01 Cache hits
MAIN.cache_hit_grace                             0         0.00 Cache grace hits
MAIN.cache_hitpass                             0         0.00 Cache hits for pass.
MAIN.cache_hitmiss                           394         0.00 Cache hits for miss.
MAIN.cache_miss                          6968         0.00 Cache misses
MAIN.threads_limited                             0         0.00 Threads hit max
MAIN.thread_queue_len                             0          .   Length of session queue
MAIN.busy_sleep                           703         0.00 Number of requests sent to sleep on busy objhdr
MAIN.sess_queued                           869         0.00 Sessions queued for thread
MAIN.sess_dropped                             0         0.00 Sessions dropped for thread
MAIN.n_object                            66          .   object structs made
MAIN.n_object_hitmiss                             0          .   object structs made that are hit-for-miss
MAIN.n_object_hitpass                             0          .   object structs made that are hit-for-pass
MAIN.n_objectcore                           200          .   objectcore structs made
MAIN.n_objecthead                          1153          .   objecthead structs made
MAIN.goto_dns_cache_hits                             0         0.00 Cache hits within vmod_goto's DNS
SLICER.slice_cache_hit                             0         0.00 Count of slicer subrequest cache hits
SLICER.slice_cache_miss                             0         0.00 Count of slicer subrequest cache misses
SLICER.meta_cache_hit                             0         0.00 Count of cache hits for slicer top-level requests
SLICER.meta_cache_miss                             0         0.00 Count of cache misses for slicer top-level requests
MSE4_MEM.c_memcache_hit                             0         0.00 Stored objects memory cache hits
MSE4_MEM.c_memcache_miss                             0         0.00 Stored objects memory cache misses
ACCG.std.total.client_req_count                         27416         0.02 Total number of client requests processed
ACCG.std.total.client_req_hdrbytes                       5816967         3.51 Client request header bytes total
ACCG.std.total.client_req_bodybytes                             0         0.00 Client request body bytes total
ACCG.std.sub.client_req_count                             0         0.00 Total number of client requests processed
ACCG.std.sub.client_req_hdrbytes                             0         0.00 Client request header bytes total
ACCG.std.sub.client_req_bodybytes                             0         0.00 Client request body bytes total
ACCG.private.total.client_req_count                         27416         0.02 Total number of client requests processed
ACCG.private.total.client_req_hdrbytes                       5816967         3.51 Client request header bytes total
ACCG.private.total.client_req_bodybytes                             0         0.00 Client request body bytes total
ACCG.private.sub.client_req_count                             0         0.00 Total number of client requests processed
ACCG.private.sub.client_req_hdrbytes                             0         0.00 Client request header bytes total
ACCG.private.sub.client_req_bodybytes                             0         0.00 Client request body bytes total
ACCG.other.total.client_req_count                             0         0.00 Total number of client requests processed
ACCG.other.total.client_req_hdrbytes                             0         0.00 Client request header bytes total
ACCG.other.total.client_req_bodybytes                             0         0.00 Client request body bytes total
ACCG.other.sub.client_req_count                             0         0.00 Total number of client requests processed
ACCG.other.sub.client_req_hdrbytes                             0         0.00 Client request header bytes total
ACCG.other.sub.client_req_bodybytes                             0         0.00 Client request body bytes total
ACCG.private.oci.client_req_count                         27416         0.02 Total number of client requests processed
ACCG.private.oci.client_req_hdrbytes                       5816967         3.51 Client request header bytes total
ACCG.private.oci.client_req_bodybytes                             0         0.00 Client request body bytes total
--- 15:35:46 ---
MAIN.client_req_400                             0         0.00 Client requests received, subject to 400 errors
MAIN.client_req_417                             0         0.00 Client requests received, subject to 417 errors
MAIN.client_req                         27416         0.02 Good client requests received
MAIN.cache_hit                         20448         0.01 Cache hits
MAIN.cache_hit_grace                             0         0.00 Cache grace hits
MAIN.cache_hitpass                             0         0.00 Cache hits for pass.
MAIN.cache_hitmiss                           394         0.00 Cache hits for miss.
MAIN.cache_miss                          6968         0.00 Cache misses
MAIN.threads_limited                             0         0.00 Threads hit max
MAIN.thread_queue_len                             0          .   Length of session queue
MAIN.busy_sleep                           703         0.00 Number of requests sent to sleep on busy objhdr
MAIN.sess_queued                           869         0.00 Sessions queued for thread
MAIN.sess_dropped                             0         0.00 Sessions dropped for thread
MAIN.n_object                            66          .   object structs made
MAIN.n_object_hitmiss                             0          .   object structs made that are hit-for-miss
MAIN.n_object_hitpass                             0          .   object structs made that are hit-for-pass
MAIN.n_objectcore                           200          .   objectcore structs made
MAIN.n_objecthead                          1153          .   objecthead structs made
MAIN.goto_dns_cache_hits                             0         0.00 Cache hits within vmod_goto's DNS
SLICER.slice_cache_hit                             0         0.00 Count of slicer subrequest cache hits
SLICER.slice_cache_miss                             0         0.00 Count of slicer subrequest cache misses
SLICER.meta_cache_hit                             0         0.00 Count of cache hits for slicer top-level requests
SLICER.meta_cache_miss                             0         0.00 Count of cache misses for slicer top-level requests
MSE4_MEM.c_memcache_hit                             0         0.00 Stored objects memory cache hits
MSE4_MEM.c_memcache_miss                             0         0.00 Stored objects memory cache misses
ACCG.std.total.client_req_count                         27416         0.02 Total number of client requests processed
ACCG.std.total.client_req_hdrbytes                       5816967         3.51 Client request header bytes total
ACCG.std.total.client_req_bodybytes                             0         0.00 Client request body bytes total
ACCG.std.sub.client_req_count                             0         0.00 Total number of client requests processed
ACCG.std.sub.client_req_hdrbytes                             0         0.00 Client request header bytes total
ACCG.std.sub.client_req_bodybytes                             0         0.00 Client request body bytes total
ACCG.private.total.client_req_count                         27416         0.02 Total number of client requests processed
ACCG.private.total.client_req_hdrbytes                       5816967         3.51 Client request header bytes total
ACCG.private.total.client_req_bodybytes                             0         0.00 Client request body bytes total
ACCG.private.sub.client_req_count                             0         0.00 Total number of client requests processed
ACCG.private.sub.client_req_hdrbytes                             0         0.00 Client request header bytes total
ACCG.private.sub.client_req_bodybytes                             0         0.00 Client request body bytes total
ACCG.other.total.client_req_count                             0         0.00 Total number of client requests processed
ACCG.other.total.client_req_hdrbytes                             0         0.00 Client request header bytes total
ACCG.other.total.client_req_bodybytes                             0         0.00 Client request body bytes total
ACCG.other.sub.client_req_count                             0         0.00 Total number of client requests processed
ACCG.other.sub.client_req_hdrbytes                             0         0.00 Client request header bytes total
ACCG.other.sub.client_req_bodybytes                             0         0.00 Client request body bytes total
ACCG.private.oci.client_req_count                         27416         0.02 Total number of client requests processed
ACCG.private.oci.client_req_hdrbytes                       5816967         3.51 Client request header bytes total
ACCG.private.oci.client_req_bodybytes                             0         0.00 Client request body bytes total
